service,metric,namespace,pod,timestamp,timestamp_unix,value,unit,cpu_cores,cpu_percent_of_one_core,memory_bytes,memory_mib
pbx-web,cpu_usage,pbx-web,lab-rebuild-relay-79957dbd4-xsqhl,2026-07-30T18:40:56.296000Z,1785436856.296,0.00024341517089609502,cores,0.00024341517089609502,0.0243415170896095,,
pbx-web,cpu_usage,pbx-web,lab-rebuild-relay-79957dbd4-xsqhl,2026-07-30T19:40:56.296000Z,1785440456.296,0.0003977874894729038,cores,0.0003977874894729038,0.03977874894729038,,
pbx-web,cpu_usage,pbx-web,lab-rebuild-relay-79957dbd4-xsqhl,2026-07-30T20:40:56.296000Z,1785444056.296,0.00038625017673716113,cores,0.00038625017673716113,0.038625017673716115,,
pbx-web,cpu_usage,pbx-web,lab-rebuild-relay-79957dbd4-xsqhl,2026-07-30T21:40:56.296000Z,1785447656.296,0.00038763327449883297,cores,0.00038763327449883297,0.0387633274498833,,
pbx-web,cpu_usage,pbx-web,lab-rebuild-relay-79957dbd4-xsqhl,2026-07-30T22:40:56.296000Z,1785451256.296,0.00040498312985036314,cores,0.00040498312985036314,0.04049831298503631,,
pbx-web,cpu_usage,pbx-web,lab-rebuild-relay-79957dbd4-xsqhl,2026-07-30T23:40:56.296000Z,1785454856.296,0.00039149235027614333,cores,0.00039149235027614333,0.03914923502761433,,
pbx-web,cpu_usage,pbx-web,lab-rebuild-relay-79957dbd4-xsqhl,2026-07-31T00:40:56.296000Z,1785458456.296,0.00040258989675091004,cores,0.00040258989675091004,0.040258989675091006,,
pbx-web,cpu_usage,pbx-web,lab-rebuild-relay-79957dbd4-xsqhl,2026-07-31T01:40:56.296000Z,1785462056.296,0.00040804744955198107,cores,0.00040804744955198107,0.040804744955198105,,
pbx-web,cpu_usage,pbx-web,lab-rebuild-relay-79957dbd4-xsqhl,2026-07-31T02:40:56.296000Z,1785465656.296,0.00038021964146039695,cores,0.00038021964146039695,0.03802196414603969,,
pbx-web,cpu_usage,pbx-web,lab-rebuild-relay-79957dbd4-xsqhl,2026-07-31T03:40:56.296000Z,1785469256.296,0.0004065720939205479,cores,0.0004065720939205479,0.04065720939205479,,
pbx-web,cpu_usage,pbx-web,lab-rebuild-relay-79957dbd4-xsqhl,2026-07-31T04:40:56.296000Z,1785472856.296,0.00040193431144059006,cores,0.00040193431144059006,0.04019343114405901,,
pbx-web,cpu_usage,pbx-web,lab-rebuild-relay-79957dbd4-xsqhl,2026-07-31T05:40:56.296000Z,1785476456.296,0.0003583921697788798,cores,0.0003583921697788798,0.03583921697788798,,
pbx-web,cpu_usage,pbx-web,lab-rebuild-relay-79957dbd4-xsqhl,2026-07-31T06:40:56.296000Z,1785480056.296,0.0004223427709444892,cores,0.0004223427709444892,0.04223427709444892,,
pbx-web,cpu_usage,pbx-web,lab-rebuild-relay-79957dbd4-xsqhl,2026-07-31T07:40:56.296000Z,1785483656.296,0.0003892329885534033,cores,0.0003892329885534033,0.03892329885534033,,
pbx-web,cpu_usage,pbx-web,lab-rebuild-relay-79957dbd4-xsqhl,2026-07-31T08:40:56.296000Z,1785487256.296,0.00040830369843525245,cores,0.00040830369843525245,0.04083036984352525,,
pbx-web,cpu_usage,pbx-web,lab-rebuild-relay-79957dbd4-xsqhl,2026-07-31T09:40:56.296000Z,1785490856.296,0.00040241742427382687,cores,0.00040241742427382687,0.04024174242738269,,
pbx-web,cpu_usage,pbx-web,lab-rebuild-relay-79957dbd4-xsqhl,2026-07-31T10:40:56.296000Z,1785494456.296,0.00036870419348099834,cores,0.00036870419348099834,0.036870419348099835,,
pbx-web,cpu_usage,pbx-web,lab-rebuild-relay-79957dbd4-xsqhl,2026-07-31T11:40:56.296000Z,1785498056.296,0.00042935902573057764,cores,0.00042935902573057764,0.042935902573057766,,
pbx-web,cpu_usage,pbx-web,lab-rebuild-relay-79957dbd4-xsqhl,2026-07-31T12:40:56.296000Z,1785501656.296,0.00041411895497501735,cores,0.00041411895497501735,0.04141189549750174,,
pbx-web,cpu_usage,pbx-web,lab-rebuild-relay-79957dbd4-xsqhl,2026-07-31T13:40:56.296000Z,1785505256.296,0.00040357129586156634,cores,0.00040357129586156634,0.040357129586156636,,
pbx-web,cpu_usage,pbx-web,lab-rebuild-relay-79957dbd4-xsqhl,2026-07-31T14:40:56.296000Z,1785508856.296,0.00040279383632193524,cores,0.00040279383632193524,0.04027938363219352,,
pbx-web,cpu_usage,pbx-web,lab-rebuild-relay-79957dbd4-xsqhl,2026-07-31T15:40:56.296000Z,1785512456.296,0.00041232862913738477,cores,0.00041232862913738477,0.041232862913738476,,
pbx-web,cpu_usage,pbx-web,lab-rebuild-relay-79957dbd4-xsqhl,2026-07-31T16:40:56.296000Z,1785516056.296,0.00034929513288888594,cores,0.00034929513288888594,0.034929513288888596,,
pbx-web,cpu_usage,pbx-web,lab-rebuild-relay-79957dbd4-xsqhl,2026-07-31T17:40:56.296000Z,1785519656.296,0.0004376044214786148,cores,0.0004376044214786148,0.04376044214786148,,
pbx-web,cpu_usage,pbx-web,lab-rebuild-relay-79957dbd4-xsqhl,2026-07-31T18:40:56.296000Z,1785523256.296,0.0004080496346860879,cores,0.0004080496346860879,0.04080496346860879,,
pbx-web,cpu_usage,pbx-web,lab-rebuild-relay-79957dbd4-xsqhl,2026-07-31T19:40:56.296000Z,1785526856.296,0.00039176964185585946,cores,0.00039176964185585946,0.039176964185585944,,
pbx-web,cpu_usage,pbx-web,lab-rebuild-relay-79957dbd4-xsqhl,2026-07-31T20:40:56.296000Z,1785530456.296,0.00040128905892594083,cores,0.00040128905892594083,0.04012890589259408,,
pbx-web,cpu_usage,pbx-web,lab-rebuild-relay-79957dbd4-xsqhl,2026-07-31T21:40:56.296000Z,1785534056.296,0.00040710757697833753,cores,0.00040710757697833753,0.040710757697833756,,
pbx-web,cpu_usage,pbx-web,lab-rebuild-relay-79957dbd4-xsqhl,2026-07-31T22:40:56.296000Z,1785537656.296,0.00041585393204974017,cores,0.00041585393204974017,0.041585393204974015,,
pbx-web,cpu_usage,pbx-web,lab-rebuild-relay-79957dbd4-xsqhl,2026-07-31T23:40:56.296000Z,1785541256.296,0.0004072972737247499,cores,0.0004072972737247499,0.04072972737247499,,
pbx-web,cpu_usage,pbx-web,lab-rebuild-relay-79957dbd4-xsqhl,2026-08-01T00:40:56.296000Z,1785544856.296,0.0004146223020325537,cores,0.0004146223020325537,0.041462230203255374,,
pbx-web,cpu_usage,pbx-web,lab-rebuild-relay-79957dbd4-xsqhl,2026-08-01T01:40:56.296000Z,1785548456.296,0.0004060387229239925,cores,0.0004060387229239925,0.04060387229239925,,
pbx-web,cpu_usage,pbx-web,lab-rebuild-relay-79957dbd4-xsqhl,2026-08-01T02:40:56.296000Z,1785552056.296,0.00040897684210521176,cores,0.00040897684210521176,0.040897684210521174,,
pbx-web,cpu_usage,pbx-web,lab-rebuild-relay-79957dbd4-xsqhl,2026-08-01T03:40:56.296000Z,1785555656.296,0.0003914356656446833,cores,0.0003914356656446833,0.03914356656446833,,
pbx-web,cpu_usage,pbx-web,lab-rebuild-relay-79957dbd4-xsqhl,2026-08-01T04:40:56.296000Z,1785559256.296,0.0004214681623711523,cores,0.0004214681623711523,0.042146816237115234,,
pbx-web,cpu_usage,pbx-web,lab-rebuild-relay-79957dbd4-xsqhl,2026-08-01T05:40:56.296000Z,1785562856.296,0.0004072642837134557,cores,0.0004072642837134557,0.04072642837134557,,
pbx-web,cpu_usage,pbx-web,lab-rebuild-relay-79957dbd4-xsqhl,2026-08-01T06:40:56.296000Z,1785566456.296,0.00040165663772048603,cores,0.00040165663772048603,0.0401656637720486,,
pbx-web,cpu_usage,pbx-web,lab-rebuild-relay-79957dbd4-xsqhl,2026-08-01T07:40:56.296000Z,1785570056.296,0.0003874960418399029,cores,0.0003874960418399029,0.03874960418399029,,
pbx-web,cpu_usage,pbx-web,lab-rebuild-relay-79957dbd4-xsqhl,2026-08-01T08:40:56.296000Z,1785573656.296,0.00044202440445708567,cores,0.00044202440445708567,0.04420244044570857,,
pbx-web,cpu_usage,pbx-web,lab-rebuild-relay-79957dbd4-xsqhl,2026-08-01T09:40:56.296000Z,1785577256.296,0.0003780568776689602,cores,0.0003780568776689602,0.037805687766896016,,
pbx-web,cpu_usage,pbx-web,lab-rebuild-relay-79957dbd4-xsqhl,2026-08-01T10:40:56.296000Z,1785580856.296,0.0004104537345426303,cores,0.0004104537345426303,0.04104537345426303,,
pbx-web,cpu_usage,pbx-web,lab-rebuild-relay-79957dbd4-xsqhl,2026-08-01T11:40:56.296000Z,1785584456.296,0.0004064173283288767,cores,0.0004064173283288767,0.04064173283288767,,
pbx-web,cpu_usage,pbx-web,lab-rebuild-relay-79957dbd4-xsqhl,2026-08-01T12:40:56.296000Z,1785588056.296,0.00039437278713937363,cores,0.00039437278713937363,0.03943727871393736,,
pbx-web,cpu_usage,pbx-web,lab-rebuild-relay-79957dbd4-xsqhl,2026-08-01T13:40:56.296000Z,1785591656.296,0.0004095843819432118,cores,0.0004095843819432118,0.040958438194321184,,
pbx-web,cpu_usage,pbx-web,lab-rebuild-relay-79957dbd4-xsqhl,2026-08-01T14:40:56.296000Z,1785595256.296,0.0003984777672963993,cores,0.0003984777672963993,0.03984777672963993,,
pbx-web,cpu_usage,pbx-web,lab-rebuild-relay-79957dbd4-xsqhl,2026-08-01T15:40:56.296000Z,1785598856.296,0.00039655817977590383,cores,0.00039655817977590383,0.03965581797759039,,
pbx-web,cpu_usage,pbx-web,lab-rebuild-relay-79957dbd4-xsqhl,2026-08-01T16:40:56.296000Z,1785602456.296,0.00040169918164936595,cores,0.00040169918164936595,0.0401699181649366,,
pbx-web,cpu_usage,pbx-web,lab-rebuild-relay-79957dbd4-xsqhl,2026-08-01T17:40:56.296000Z,1785606056.296,0.000402807906988055,cores,0.000402807906988055,0.0402807906988055,,
pbx-web,cpu_usage,pbx-web,lab-rebuild-relay-79957dbd4-xsqhl,2026-08-01T18:40:56.296000Z,1785609656.296,0.0004188019990245064,cores,0.0004188019990245064,0.04188019990245064,,
pbx-web,cpu_usage,pbx-web,lab-rebuild-relay-79957dbd4-xsqhl,2026-08-01T19:40:56.296000Z,1785613256.296,0.0003658866650818256,cores,0.0003658866650818256,0.03658866650818256,,
pbx-web,cpu_usage,pbx-web,lab-rebuild-relay-79957dbd4-xsqhl,2026-08-01T20:40:56.296000Z,1785616856.296,0.0004034910821447359,cores,0.0004034910821447359,0.04034910821447359,,
pbx-web,cpu_usage,pbx-web,lab-rebuild-relay-79957dbd4-xsqhl,2026-08-01T21:40:56.296000Z,1785620456.296,0.00039342710679392766,cores,0.00039342710679392766,0.03934271067939277,,
pbx-web,cpu_usage,pbx-web,lab-rebuild-relay-79957dbd4-xsqhl,2026-08-01T22:40:56.296000Z,1785624056.296,0.00038378523749104624,cores,0.00038378523749104624,0.03837852374910462,,
pbx-web,cpu_usage,pbx-web,lab-rebuild-relay-79957dbd4-xsqhl,2026-08-01T23:40:56.296000Z,1785627656.296,0.0003988510160160445,cores,0.0003988510160160445,0.039885101601604446,,
pbx-web,cpu_usage,pbx-web,lab-rebuild-relay-79957dbd4-xsqhl,2026-08-02T00:40:56.296000Z,1785631256.296,0.0003940850394588696,cores,0.0003940850394588696,0.039408503945886963,,
pbx-web,cpu_usage,pbx-web,lab-rebuild-relay-79957dbd4-xsqhl,2026-08-02T01:40:56.296000Z,1785634856.296,0.00040913177721864293,cores,0.00040913177721864293,0.04091317772186429,,
pbx-web,cpu_usage,pbx-web,lab-rebuild-relay-79957dbd4-xsqhl,2026-08-02T02:40:56.296000Z,1785638456.296,0.0003779728455114206,cores,0.0003779728455114206,0.03779728455114206,,
pbx-web,cpu_usage,pbx-web,lab-rebuild-relay-79957dbd4-xsqhl,2026-08-02T03:40:56.296000Z,1785642056.296,0.0003751530830125045,cores,0.0003751530830125045,0.03751530830125045,,
pbx-web,cpu_usage,pbx-web,lab-rebuild-relay-79957dbd4-xsqhl,2026-08-02T04:40:56.296000Z,1785645656.296,0.00041334420811800894,cores,0.00041334420811800894,0.041334420811800894,,
pbx-web,cpu_usage,pbx-web,lab-rebuild-relay-79957dbd4-xsqhl,2026-08-02T05:40:56.296000Z,1785649256.296,0.0004158884655351781,cores,0.0004158884655351781,0.041588846553517814,,
pbx-web,cpu_usage,pbx-web,lab-rebuild-relay-79957dbd4-xsqhl,2026-08-02T06:40:56.296000Z,1785652856.296,0.0004021179932765924,cores,0.0004021179932765924,0.04021179932765924,,
pbx-web,cpu_usage,pbx-web,lab-rebuild-relay-79957dbd4-xsqhl,2026-08-02T07:40:56.296000Z,1785656456.296,0.0004165433460690027,cores,0.0004165433460690027,0.04165433460690027,,
pbx-web,cpu_usage,pbx-web,lab-rebuild-relay-79957dbd4-xsqhl,2026-08-02T08:40:56.296000Z,1785660056.296,0.00040172639491018147,cores,0.00040172639491018147,0.040172639491018146,,
pbx-web,cpu_usage,pbx-web,lab-rebuild-relay-79957dbd4-xsqhl,2026-08-02T09:40:56.296000Z,1785663656.296,0.00038910443554426616,cores,0.00038910443554426616,0.03891044355442662,,
pbx-web,cpu_usage,pbx-web,lab-rebuild-relay-79957dbd4-xsqhl,2026-08-02T10:40:56.296000Z,1785667256.296,0.0004036591718789782,cores,0.0004036591718789782,0.040365917187897817,,
pbx-web,cpu_usage,pbx-web,lab-rebuild-relay-79957dbd4-xsqhl,2026-08-02T11:40:56.296000Z,1785670856.296,0.0003828705839904397,cores,0.0003828705839904397,0.03828705839904397,,
pbx-web,cpu_usage,pbx-web,lab-rebuild-relay-79957dbd4-xsqhl,2026-08-02T12:40:56.296000Z,1785674456.296,0.0003901409010826303,cores,0.0003901409010826303,0.03901409010826303,,
pbx-web,cpu_usage,pbx-web,lab-rebuild-relay-79957dbd4-xsqhl,2026-08-02T13:40:56.296000Z,1785678056.296,0.0003927451224229625,cores,0.0003927451224229625,0.03927451224229625,,
pbx-web,cpu_usage,pbx-web,lab-rebuild-relay-79957dbd4-xsqhl,2026-08-02T14:40:56.296000Z,1785681656.296,0.0004001352868570326,cores,0.0004001352868570326,0.040013528685703265,,
pbx-web,cpu_usage,pbx-web,lab-rebuild-relay-79957dbd4-xsqhl,2026-08-02T15:40:56.296000Z,1785685256.296,0.0004171538109212808,cores,0.0004171538109212808,0.04171538109212808,,
pbx-web,cpu_usage,pbx-web,lab-rebuild-relay-79957dbd4-xsqhl,2026-08-02T16:40:56.296000Z,1785688856.296,0.00039915635156626987,cores,0.00039915635156626987,0.03991563515662699,,
pbx-web,cpu_usage,pbx-web,lab-rebuild-relay-79957dbd4-xsqhl,2026-08-02T17:40:56.296000Z,1785692456.296,0.00038491158682641313,cores,0.00038491158682641313,0.038491158682641316,,
pbx-web,cpu_usage,pbx-web,lab-rebuild-relay-79957dbd4-xsqhl,2026-08-02T18:40:56.296000Z,1785696056.296,0.0003972273521603267,cores,0.0003972273521603267,0.03972273521603267,,
pbx-web,cpu_usage,pbx-web,lab-rebuild-relay-79957dbd4-xsqhl,2026-08-02T19:40:56.296000Z,1785699656.296,0.0003760098574555955,cores,0.0003760098574555955,0.037600985745559555,,
pbx-web,cpu_usage,pbx-web,lab-rebuild-relay-79957dbd4-xsqhl,2026-08-02T20:40:56.296000Z,1785703256.296,0.0004048484676342434,cores,0.0004048484676342434,0.04048484676342434,,
pbx-web,cpu_usage,pbx-web,lab-rebuild-relay-79957dbd4-xsqhl,2026-08-02T21:40:56.296000Z,1785706856.296,0.00042104251638941647,cores,0.00042104251638941647,0.042104251638941645,,
pbx-web,cpu_usage,pbx-web,lab-rebuild-relay-79957dbd4-xsqhl,2026-08-02T22:40:56.296000Z,1785710456.296,0.00038238905208354826,cores,0.00038238905208354826,0.03823890520835482,,
pbx-web,cpu_usage,pbx-web,lab-rebuild-relay-79957dbd4-xsqhl,2026-08-02T23:40:56.296000Z,1785714056.296,0.0003875271622627448,cores,0.0003875271622627448,0.03875271622627448,,
pbx-web,cpu_usage,pbx-web,lab-rebuild-relay-79957dbd4-xsqhl,2026-08-03T00:40:56.296000Z,1785717656.296,0.000406592586538361,cores,0.000406592586538361,0.0406592586538361,,
pbx-web,cpu_usage,pbx-web,lab-rebuild-relay-79957dbd4-xsqhl,2026-08-03T01:40:56.296000Z,1785721256.296,0.00036534182390497656,cores,0.00036534182390497656,0.03653418239049765,,
pbx-web,cpu_usage,pbx-web,lab-rebuild-relay-79957dbd4-xsqhl,2026-08-03T02:40:56.296000Z,1785724856.296,0.00038851439674971437,cores,0.00038851439674971437,0.038851439674971434,,
pbx-web,cpu_usage,pbx-web,lab-rebuild-relay-79957dbd4-xsqhl,2026-08-03T03:40:56.296000Z,1785728456.296,0.0003898305084745691,cores,0.0003898305084745691,0.03898305084745691,,
pbx-web,cpu_usage,pbx-web,lab-rebuild-relay-79957dbd4-xsqhl,2026-08-03T04:40:56.296000Z,1785732056.296,0.00038442742110087125,cores,0.00038442742110087125,0.03844274211008712,,
pbx-web,cpu_usage,pbx-web,lab-rebuild-relay-79957dbd4-xsqhl,2026-08-03T05:40:56.296000Z,1785735656.296,0.00040685361661703406,cores,0.00040685361661703406,0.040685361661703404,,
pbx-web,cpu_usage,pbx-web,lab-rebuild-relay-79957dbd4-xsqhl,2026-08-03T06:40:56.296000Z,1785739256.296,0.0004048523235990881,cores,0.0004048523235990881,0.04048523235990881,,
pbx-web,cpu_usage,pbx-web,lab-rebuild-relay-79957dbd4-xsqhl,2026-08-03T07:40:56.296000Z,1785742856.296,0.00038426367127284377,cores,0.00038426367127284377,0.038426367127284373,,
pbx-web,cpu_usage,pbx-web,lab-rebuild-relay-79957dbd4-xsqhl,2026-08-03T08:40:56.296000Z,1785746456.296,0.0003738552645492887,cores,0.0003738552645492887,0.03738552645492887,,
pbx-web,cpu_usage,pbx-web,lab-rebuild-relay-79957dbd4-xsqhl,2026-08-03T09:40:56.296000Z,1785750056.296,0.00039812475244814044,cores,0.00039812475244814044,0.039812475244814044,,
pbx-web,cpu_usage,pbx-web,lab-rebuild-relay-79957dbd4-xsqhl,2026-08-03T10:40:56.296000Z,1785753656.296,0.00038889561335431286,cores,0.00038889561335431286,0.03888956133543128,,
pbx-web,cpu_usage,pbx-web,lab-rebuild-relay-79957dbd4-xsqhl,2026-08-03T11:40:56.296000Z,1785757256.296,0.00039018387602909123,cores,0.00039018387602909123,0.03901838760290912,,
pbx-web,cpu_usage,pbx-web,lab-rebuild-relay-79957dbd4-xsqhl,2026-08-03T12:40:56.296000Z,1785760856.296,0.0004130718498098792,cores,0.0004130718498098792,0.04130718498098792,,
pbx-web,cpu_usage,pbx-web,lab-rebuild-relay-79957dbd4-xsqhl,2026-08-03T13:40:56.296000Z,1785764456.296,0.0004154281503514931,cores,0.0004154281503514931,0.04154281503514931,,
pbx-web,cpu_usage,pbx-web,lab-rebuild-relay-79957dbd4-xsqhl,2026-08-03T14:40:56.296000Z,1785768056.296,0.0003940280927825945,cores,0.0003940280927825945,0.03940280927825945,,
pbx-web,cpu_usage,pbx-web,lab-rebuild-relay-79957dbd4-xsqhl,2026-08-03T15:40:56.296000Z,1785771656.296,0.0003987322710558338,cores,0.0003987322710558338,0.03987322710558338,,
pbx-web,cpu_usage,pbx-web,lab-rebuild-relay-79957dbd4-xsqhl,2026-08-03T16:40:56.296000Z,1785775256.296,0.00040190437046165383,cores,0.00040190437046165383,0.040190437046165386,,
pbx-web,cpu_usage,pbx-web,lab-rebuild-relay-79957dbd4-xsqhl,2026-08-03T17:40:56.296000Z,1785778856.296,0.0003846876237398183,cores,0.0003846876237398183,0.03846876237398183,,
pbx-web,cpu_usage,pbx-web,lab-rebuild-relay-79957dbd4-xsqhl,2026-08-03T18:40:56.296000Z,1785782456.296,0.00043505911270366195,cores,0.00043505911270366195,0.043505911270366196,,
pbx-web,cpu_usage,pbx-web,lab-rebuild-relay-79957dbd4-xsqhl,2026-08-03T19:40:56.296000Z,1785786056.296,0.00040152027979922225,cores,0.00040152027979922225,0.04015202797992223,,
pbx-web,cpu_usage,pbx-web,lab-rebuild-relay-79957dbd4-xsqhl,2026-08-03T20:40:56.296000Z,1785789656.296,0.0004021856991002564,cores,0.0004021856991002564,0.04021856991002564,,
pbx-web,cpu_usage,pbx-web,lab-rebuild-relay-79957dbd4-xsqhl,2026-08-03T21:40:56.296000Z,1785793256.296,0.00041413242718864855,cores,0.00041413242718864855,0.04141324271886485,,
pbx-web,cpu_usage,pbx-web,lab-rebuild-relay-79957dbd4-xsqhl,2026-08-03T22:40:56.296000Z,1785796856.296,0.00040079640786866867,cores,0.00040079640786866867,0.04007964078686686,,
pbx-web,cpu_usage,pbx-web,lab-rebuild-relay-79957dbd4-xsqhl,2026-08-03T23:40:56.296000Z,1785800456.296,0.0004059181019247877,cores,0.0004059181019247877,0.04059181019247877,,
pbx-web,cpu_usage,pbx-web,lab-rebuild-relay-79957dbd4-xsqhl,2026-08-04T00:40:56.296000Z,1785804056.296,0.0003847023689684779,cores,0.0003847023689684779,0.03847023689684779,,
pbx-web,cpu_usage,pbx-web,lab-rebuild-relay-79957dbd4-xsqhl,2026-08-04T01:40:56.296000Z,1785807656.296,0.0004191118782361177,cores,0.0004191118782361177,0.041911187823611765,,
pbx-web,cpu_usage,pbx-web,lab-rebuild-relay-79957dbd4-xsqhl,2026-08-04T02:40:56.296000Z,1785811256.296,0.0004230981074710171,cores,0.0004230981074710171,0.04230981074710171,,
pbx-web,cpu_usage,pbx-web,lab-rebuild-relay-79957dbd4-xsqhl,2026-08-04T03:40:56.296000Z,1785814856.296,0.0003870182070315145,cores,0.0003870182070315145,0.038701820703151445,,
pbx-web,cpu_usage,pbx-web,lab-rebuild-relay-79957dbd4-xsqhl,2026-08-04T04:40:56.296000Z,1785818456.296,0.0004023686138038239,cores,0.0004023686138038239,0.04023686138038239,,
pbx-web,cpu_usage,pbx-web,lab-rebuild-relay-79957dbd4-xsqhl,2026-08-04T05:40:56.296000Z,1785822056.296,0.0003718299856199491,cores,0.0003718299856199491,0.03718299856199491,,
pbx-web,cpu_usage,pbx-web,lab-rebuild-relay-79957dbd4-xsqhl,2026-08-04T06:40:56.296000Z,1785825656.296,0.0003907206205669207,cores,0.0003907206205669207,0.03907206205669207,,
pbx-web,cpu_usage,pbx-web,lab-rebuild-relay-79957dbd4-xsqhl,2026-08-04T07:40:56.296000Z,1785829256.296,0.00038380807550399766,cores,0.00038380807550399766,0.03838080755039976,,
pbx-web,cpu_usage,pbx-web,lab-rebuild-relay-79957dbd4-xsqhl,2026-08-04T08:40:56.296000Z,1785832856.296,0.0004085192656368517,cores,0.0004085192656368517,0.04085192656368517,,
pbx-web,cpu_usage,pbx-web,lab-rebuild-relay-79957dbd4-xsqhl,2026-08-04T09:40:56.296000Z,1785836456.296,0.0003871419546971213,cores,0.0003871419546971213,0.03871419546971213,,
pbx-web,cpu_usage,pbx-web,lab-rebuild-relay-79957dbd4-xsqhl,2026-08-04T10:40:56.296000Z,1785840056.296,0.00036656717063560275,cores,0.00036656717063560275,0.036656717063560273,,
pbx-web,cpu_usage,pbx-web,lab-rebuild-relay-79957dbd4-xsqhl,2026-08-04T11:40:56.296000Z,1785843656.296,0.0004010809810008824,cores,0.0004010809810008824,0.040108098100088245,,
pbx-web,cpu_usage,pbx-web,lab-rebuild-relay-79957dbd4-xsqhl,2026-08-04T12:40:56.296000Z,1785847256.296,0.00039815539503850725,cores,0.00039815539503850725,0.03981553950385072,,
pbx-web,cpu_usage,pbx-web,lab-rebuild-relay-79957dbd4-xsqhl,2026-08-04T13:40:56.296000Z,1785850856.296,0.000395032130499197,cores,0.000395032130499197,0.039503213049919696,,
pbx-web,cpu_usage,pbx-web,lab-rebuild-relay-79957dbd4-xsqhl,2026-08-04T14:40:56.296000Z,1785854456.296,0.00036580920366931355,cores,0.00036580920366931355,0.036580920366931356,,
pbx-web,cpu_usage,pbx-web,lab-rebuild-relay-79957dbd4-xsqhl,2026-08-04T15:40:56.296000Z,1785858056.296,0.00040243468802957273,cores,0.00040243468802957273,0.040243468802957275,,
pbx-web,cpu_usage,pbx-web,lab-rebuild-relay-79957dbd4-xsqhl,2026-08-04T16:40:56.296000Z,1785861656.296,0.0004128205214794271,cores,0.0004128205214794271,0.04128205214794271,,
pbx-web,cpu_usage,pbx-web,lab-rebuild-relay-79957dbd4-xsqhl,2026-08-04T17:40:56.296000Z,1785865256.296,0.00023832484058305896,cores,0.00023832484058305896,0.023832484058305896,,
pbx-web,cpu_usage,pbx-web,lab-rebuild-relay-79957dbd4-xsqhl,2026-08-04T18:40:56.296000Z,1785868856.296,0.000391444161951867,cores,0.000391444161951867,0.0391444161951867,,
pbx-web,cpu_usage,pbx-web,lab-rebuild-relay-79957dbd4-xsqhl,2026-08-04T19:40:56.296000Z,1785872456.296,0.00039308408812171325,cores,0.00039308408812171325,0.039308408812171326,,
pbx-web,cpu_usage,pbx-web,lab-rebuild-relay-79957dbd4-xsqhl,2026-08-04T20:40:56.296000Z,1785876056.296,0.0004018368157174444,cores,0.0004018368157174444,0.04018368157174444,,
pbx-web,cpu_usage,pbx-web,lab-rebuild-relay-79957dbd4-xsqhl,2026-08-04T21:40:56.296000Z,1785879656.296,0.00040863887353122225,cores,0.00040863887353122225,0.04086388735312223,,
pbx-web,cpu_usage,pbx-web,lab-rebuild-relay-79957dbd4-xsqhl,2026-08-04T22:40:56.296000Z,1785883256.296,0.0004085162453622348,cores,0.0004085162453622348,0.04085162453622348,,
pbx-web,cpu_usage,pbx-web,lab-rebuild-relay-79957dbd4-xsqhl,2026-08-04T23:40:56.296000Z,1785886856.296,0.0003857816847512105,cores,0.0003857816847512105,0.03857816847512105,,
pbx-web,cpu_usage,pbx-web,lab-rebuild-relay-79957dbd4-xsqhl,2026-08-05T00:40:56.296000Z,1785890456.296,0.0004111014044282637,cores,0.0004111014044282637,0.04111014044282637,,
pbx-web,cpu_usage,pbx-web,lab-rebuild-relay-79957dbd4-xsqhl,2026-08-05T01:40:56.296000Z,1785894056.296,0.00039344534616105547,cores,0.00039344534616105547,0.03934453461610555,,
pbx-web,cpu_usage,pbx-web,lab-rebuild-relay-79957dbd4-xsqhl,2026-08-05T02:40:56.296000Z,1785897656.296,0.0003853531899609526,cores,0.0003853531899609526,0.03853531899609526,,
pbx-web,cpu_usage,pbx-web,lab-rebuild-relay-79957dbd4-xsqhl,2026-08-05T03:40:56.296000Z,1785901256.296,0.00042105880096331556,cores,0.00042105880096331556,0.04210588009633156,,
pbx-web,cpu_usage,pbx-web,lab-rebuild-relay-79957dbd4-xsqhl,2026-08-05T04:40:56.296000Z,1785904856.296,0.00038742497938833425,cores,0.00038742497938833425,0.03874249793883343,,
pbx-web,cpu_usage,pbx-web,lab-rebuild-relay-79957dbd4-xsqhl,2026-08-05T05:40:56.296000Z,1785908456.296,0.00041675848943199426,cores,0.00041675848943199426,0.04167584894319943,,
pbx-web,cpu_usage,pbx-web,lab-rebuild-relay-79957dbd4-xsqhl,2026-08-05T06:40:56.296000Z,1785912056.296,0.00039316119777669265,cores,0.00039316119777669265,0.039316119777669266,,
pbx-web,cpu_usage,pbx-web,lab-rebuild-relay-79957dbd4-xsqhl,2026-08-05T07:40:56.296000Z,1785915656.296,0.00039345270735777774,cores,0.00039345270735777774,0.039345270735777774,,
pbx-web,cpu_usage,pbx-web,lab-rebuild-relay-79957dbd4-xsqhl,2026-08-05T08:40:56.296000Z,1785919256.296,0.0004144163270420616,cores,0.0004144163270420616,0.04144163270420616,,
pbx-web,cpu_usage,pbx-web,lab-rebuild-relay-79957dbd4-xsqhl,2026-08-05T09:40:56.296000Z,1785922856.296,0.0004070725216469972,cores,0.0004070725216469972,0.04070725216469972,,
pbx-web,cpu_usage,pbx-web,lab-rebuild-relay-79957dbd4-xsqhl,2026-08-05T10:40:56.296000Z,1785926456.296,0.00039959288988838,cores,0.00039959288988838,0.039959288988838,,
pbx-web,cpu_usage,pbx-web,lab-rebuild-relay-79957dbd4-xsqhl,2026-08-05T11:40:56.296000Z,1785930056.296,0.00039234920486729534,cores,0.00039234920486729534,0.03923492048672953,,
pbx-web,cpu_usage,pbx-web,lab-rebuild-relay-79957dbd4-xsqhl,2026-08-05T12:40:56.296000Z,1785933656.296,0.0004108252884592648,cores,0.0004108252884592648,0.04108252884592648,,
pbx-web,cpu_usage,pbx-web,lab-rebuild-relay-79957dbd4-xsqhl,2026-08-05T13:40:56.296000Z,1785937256.296,0.00037486974186971296,cores,0.00037486974186971296,0.0374869741869713,,
pbx-web,cpu_usage,pbx-web,lab-rebuild-relay-79957dbd4-xsqhl,2026-08-05T14:40:56.296000Z,1785940856.296,0.0003925666953159991,cores,0.0003925666953159991,0.03925666953159991,,
pbx-web,cpu_usage,pbx-web,lab-rebuild-relay-79957dbd4-xsqhl,2026-08-05T15:40:56.296000Z,1785944456.296,0.0003932534044839235,cores,0.0003932534044839235,0.03932534044839235,,
pbx-web,cpu_usage,pbx-web,lab-rebuild-relay-79957dbd4-xsqhl,2026-08-05T16:40:56.296000Z,1785948056.296,0.0003981608870184859,cores,0.0003981608870184859,0.03981608870184859,,
pbx-web,cpu_usage,pbx-web,lab-rebuild-relay-79957dbd4-xsqhl,2026-08-05T17:40:56.296000Z,1785951656.296,0.00044186423603450974,cores,0.00044186423603450974,0.04418642360345097,,
pbx-web,cpu_usage,pbx-web,lab-rebuild-relay-79957dbd4-xsqhl,2026-08-05T18:40:56.296000Z,1785955256.296,0.00036705762149036097,cores,0.00036705762149036097,0.0367057621490361,,
pbx-web,cpu_usage,pbx-web,lab-rebuild-relay-79957dbd4-xsqhl,2026-08-05T19:40:56.296000Z,1785958856.296,0.0004026504177098916,cores,0.0004026504177098916,0.040265041770989156,,
pbx-web,cpu_usage,pbx-web,lab-rebuild-relay-79957dbd4-xsqhl,2026-08-05T20:40:56.296000Z,1785962456.296,0.0004103896103896223,cores,0.0004103896103896223,0.04103896103896223,,
pbx-web,cpu_usage,pbx-web,lab-rebuild-relay-79957dbd4-xsqhl,2026-08-05T21:40:56.296000Z,1785966056.296,0.00040336635369097495,cores,0.00040336635369097495,0.04033663536909749,,
pbx-web,cpu_usage,pbx-web,lab-rebuild-relay-79957dbd4-xsqhl,2026-08-05T22:40:56.296000Z,1785969656.296,0.0004026596739615315,cores,0.0004026596739615315,0.040265967396153145,,
pbx-web,cpu_usage,pbx-web,lab-rebuild-relay-79957dbd4-xsqhl,2026-08-05T23:40:56.296000Z,1785973256.296,0.0003963360942427962,cores,0.0003963360942427962,0.03963360942427962,,
pbx-web,cpu_usage,pbx-web,lab-rebuild-relay-79957dbd4-xsqhl,2026-08-06T00:40:56.296000Z,1785976856.296,0.00040164879818017327,cores,0.00040164879818017327,0.04016487981801733,,
pbx-web,cpu_usage,pbx-web,lab-rebuild-relay-79957dbd4-xsqhl,2026-08-06T01:40:56.296000Z,1785980456.296,0.00023125024812699764,cores,0.00023125024812699764,0.023125024812699763,,
pbx-web,cpu_usage,pbx-web,lab-rebuild-relay-79957dbd4-xsqhl,2026-08-06T02:40:56.296000Z,1785984056.296,0.00042775743361353523,cores,0.00042775743361353523,0.04277574336135352,,
pbx-web,cpu_usage,pbx-web,lab-rebuild-relay-79957dbd4-xsqhl,2026-08-06T03:40:56.296000Z,1785987656.296,0.00042129657369843895,cores,0.00042129657369843895,0.04212965736984389,,
pbx-web,cpu_usage,pbx-web,lab-rebuild-relay-79957dbd4-xsqhl,2026-08-06T04:40:56.296000Z,1785991256.296,0.0004320648241933805,cores,0.0004320648241933805,0.04320648241933805,,
pbx-web,cpu_usage,pbx-web,lab-rebuild-relay-79957dbd4-xsqhl,2026-08-06T05:40:56.296000Z,1785994856.296,0.0004224162298513929,cores,0.0004224162298513929,0.04224162298513929,,
pbx-web,cpu_usage,pbx-web,lab-rebuild-relay-79957dbd4-xsqhl,2026-08-06T06:40:56.296000Z,1785998456.296,0.00043422337440873716,cores,0.00043422337440873716,0.04342233744087372,,
pbx-web,cpu_usage,pbx-web,lab-rebuild-relay-79957dbd4-xsqhl,2026-08-06T07:40:56.296000Z,1786002056.296,0.00040926626018388673,cores,0.00040926626018388673,0.04092662601838867,,
pbx-web,cpu_usage,pbx-web,lab-rebuild-relay-79957dbd4-xsqhl,2026-08-06T08:40:56.296000Z,1786005656.296,0.00041501302189739307,cores,0.00041501302189739307,0.041501302189739304,,
pbx-web,cpu_usage,pbx-web,lab-rebuild-relay-79957dbd4-xsqhl,2026-08-06T09:40:56.296000Z,1786009256.296,0.00042073602781642956,cores,0.00042073602781642956,0.04207360278164295,,
pbx-web,cpu_usage,pbx-web,lab-rebuild-relay-79957dbd4-xsqhl,2026-08-06T10:40:56.296000Z,1786012856.296,0.0004154403946752056,cores,0.0004154403946752056,0.04154403946752056,,
pbx-web,cpu_usage,pbx-web,lab-rebuild-relay-79957dbd4-xsqhl,2026-08-06T11:40:56.296000Z,1786016456.296,0.0004069612740579268,cores,0.0004069612740579268,0.04069612740579268,,
pbx-web,cpu_usage,pbx-web,lab-rebuild-relay-79957dbd4-xsqhl,2026-08-06T12:40:56.296000Z,1786020056.296,0.00041705491376328334,cores,0.00041705491376328334,0.041705491376328334,,
pbx-web,cpu_usage,pbx-web,lab-rebuild-relay-79957dbd4-xsqhl,2026-08-06T13:40:56.296000Z,1786023656.296,0.00040941479684663385,cores,0.00040941479684663385,0.040941479684663384,,
pbx-web,cpu_usage,pbx-web,lab-rebuild-relay-79957dbd4-xsqhl,2026-08-06T14:40:56.296000Z,1786027256.296,0.00042884843913430575,cores,0.00042884843913430575,0.04288484391343057,,
pbx-web,cpu_usage,pbx-web,lab-rebuild-relay-79957dbd4-xsqhl,2026-08-06T15:40:56.296000Z,1786030856.296,0.00042840638993697154,cores,0.00042840638993697154,0.04284063899369715,,
pbx-web,cpu_usage,pbx-web,lab-rebuild-relay-79957dbd4-xsqhl,2026-08-06T16:40:56.296000Z,1786034456.296,0.0004266452748593857,cores,0.0004266452748593857,0.04266452748593857,,
pbx-web,cpu_usage,pbx-web,lab-rebuild-relay-79957dbd4-xsqhl,2026-08-06T17:40:56.296000Z,1786038056.296,0.0004328374600991723,cores,0.0004328374600991723,0.04328374600991723,,
pbx-web,cpu_usage,pbx-web,lab-rebuild-relay-79957dbd4-xsqhl,2026-08-06T18:40:56.296000Z,1786041656.296,0.0004364332318399987,cores,0.0004364332318399987,0.04364332318399987,,
pbx-web,cpu_usage,pbx-web,lab-rebuild-relay-79957dbd4-xsqhl,2026-08-06T19:40:56.296000Z,1786045256.296,0.00043747709987698713,cores,0.00043747709987698713,0.04374770998769871,,
pbx-web,cpu_usage,pbx-web,lab-rebuild-relay-79957dbd4-xsqhl,2026-08-06T20:40:56.296000Z,1786048856.296,0.0004102803408387309,cores,0.0004102803408387309,0.04102803408387309,,
pbx-web,cpu_usage,pbx-web,lab-rebuild-relay-79957dbd4-xsqhl,2026-08-06T21:40:56.296000Z,1786052456.296,0.0004360719741979265,cores,0.0004360719741979265,0.04360719741979265,,
pbx-web,cpu_usage,pbx-web,lab-rebuild-relay-79957dbd4-xsqhl,2026-08-06T22:40:56.296000Z,1786056056.296,0.000428390264580277,cores,0.000428390264580277,0.0428390264580277,,
pbx-web,cpu_usage,pbx-web,lab-rebuild-relay-79957dbd4-xsqhl,2026-08-06T23:40:56.296000Z,1786059656.296,0.00042930788337625824,cores,0.00042930788337625824,0.04293078833762582,,
pbx-web,cpu_usage,pbx-web,lab-rebuild-relay-79957dbd4-xsqhl,2026-08-07T00:40:56.296000Z,1786063256.296,0.00039755477367129575,cores,0.00039755477367129575,0.039755477367129574,,
pbx-web,cpu_usage,pbx-web,lab-rebuild-relay-79957dbd4-xsqhl,2026-08-07T01:40:56.296000Z,1786066856.296,0.00046285165201707815,cores,0.00046285165201707815,0.04628516520170781,,
pbx-web,cpu_usage,pbx-web,lab-rebuild-relay-79957dbd4-xsqhl,2026-08-07T02:40:56.296000Z,1786070456.296,0.000433099531055049,cores,0.000433099531055049,0.0433099531055049,,
pbx-web,cpu_usage,pbx-web,lab-rebuild-relay-79957dbd4-xsqhl,2026-08-07T03:40:56.296000Z,1786074056.296,0.00038569848766724585,cores,0.00038569848766724585,0.03856984876672458,,
pbx-web,cpu_usage,pbx-web,lab-rebuild-relay-79957dbd4-xsqhl,2026-08-07T04:40:56.296000Z,1786077656.296,0.0004278152633138611,cores,0.0004278152633138611,0.04278152633138611,,
pbx-web,cpu_usage,pbx-web,lab-rebuild-relay-79957dbd4-xsqhl,2026-08-07T05:40:56.296000Z,1786081256.296,0.00042999631365527757,cores,0.00042999631365527757,0.04299963136552776,,
pbx-web,cpu_usage,pbx-web,lab-rebuild-relay-79957dbd4-xsqhl,2026-08-07T06:40:56.296000Z,1786084856.296,0.00042899656862043325,cores,0.00042899656862043325,0.04289965686204333,,
pbx-web,cpu_usage,pbx-web,lab-rebuild-relay-79957dbd4-xsqhl,2026-08-07T07:40:56.296000Z,1786088456.296,0.0004386482147170539,cores,0.0004386482147170539,0.04386482147170539,,
pbx-web,cpu_usage,pbx-web,lab-rebuild-relay-79957dbd4-xsqhl,2026-08-07T08:40:56.296000Z,1786092056.296,0.0004174996936327819,cores,0.0004174996936327819,0.04174996936327819,,
pbx-web,cpu_usage,pbx-web,lab-rebuild-relay-79957dbd4-xsqhl,2026-08-07T09:40:56.296000Z,1786095656.296,0.0004421934011654,cores,0.0004421934011654,0.04421934011654,,
pbx-web,cpu_usage,pbx-web,lab-rebuild-relay-79957dbd4-xsqhl,2026-08-07T10:40:56.296000Z,1786099256.296,0.00043125798987879676,cores,0.00043125798987879676,0.043125798987879674,,
pbx-web,cpu_usage,pbx-web,lab-rebuild-relay-79957dbd4-xsqhl,2026-08-07T11:40:56.296000Z,1786102856.296,0.00042009213575802364,cores,0.00042009213575802364,0.04200921357580236,,
pbx-web,cpu_usage,pbx-web,lab-rebuild-relay-79957dbd4-xsqhl,2026-08-07T12:40:56.296000Z,1786106456.296,0.00041786316828506235,cores,0.00041786316828506235,0.04178631682850623,,
pbx-web,cpu_usage,pbx-web,lab-rebuild-relay-79957dbd4-xsqhl,2026-08-07T13:40:56.296000Z,1786110056.296,0.00042120719008312203,cores,0.00042120719008312203,0.042120719008312206,,
pbx-web,cpu_usage,pbx-web,lab-rebuild-relay-79957dbd4-xsqhl,2026-08-07T14:40:56.296000Z,1786113656.296,0.00043216605478686677,cores,0.00043216605478686677,0.04321660547868668,,
pbx-web,cpu_usage,pbx-web,lab-rebuild-relay-79957dbd4-xsqhl,2026-08-07T15:40:56.296000Z,1786117256.296,0.0004623213901689194,cores,0.0004623213901689194,0.04623213901689194,,
pbx-web,cpu_usage,pbx-web,lab-rebuild-relay-79957dbd4-xsqhl,2026-08-07T16:40:56.296000Z,1786120856.296,0.00040271446369337914,cores,0.00040271446369337914,0.04027144636933792,,
pbx-web,cpu_usage,pbx-web,lab-rebuild-relay-79957dbd4-xsqhl,2026-08-07T17:40:56.296000Z,1786124456.296,0.0003362873720342049,cores,0.0003362873720342049,0.03362873720342049,,
pbx-web,cpu_usage,pbx-web,lab-rebuild-relay-79957dbd4-xsqhl,2026-08-07T18:40:56.296000Z,1786128056.296,0.00034555296648158134,cores,0.00034555296648158134,0.03455529664815814,,
pbx-web,cpu_usage,pbx-web,lab-rebuild-relay-79957dbd4-xsqhl,2026-08-07T19:40:56.296000Z,1786131656.296,0.0002993331618142926,cores,0.0002993331618142926,0.02993331618142926,,
pbx-web,cpu_usage,pbx-web,lab-rebuild-relay-79957dbd4-xsqhl,2026-08-07T20:40:56.296000Z,1786135256.296,0.00040424832303049635,cores,0.00040424832303049635,0.040424832303049635,,
pbx-web,cpu_usage,pbx-web,lab-rebuild-relay-79957dbd4-xsqhl,2026-08-07T21:40:56.296000Z,1786138856.296,0.00044515769514680975,cores,0.00044515769514680975,0.044515769514680975,,
pbx-web,cpu_usage,pbx-web,lab-rebuild-relay-79957dbd4-xsqhl,2026-08-07T22:40:56.296000Z,1786142456.296,0.00039492043397171804,cores,0.00039492043397171804,0.03949204339717181,,
pbx-web,cpu_usage,pbx-web,lab-rebuild-relay-79957dbd4-xsqhl,2026-08-07T23:40:56.296000Z,1786146056.296,0.00042308354750134324,cores,0.00042308354750134324,0.04230835475013432,,
pbx-web,cpu_usage,pbx-web,lab-rebuild-relay-79957dbd4-xsqhl,2026-08-08T00:40:56.296000Z,1786149656.296,0.0003975515729580108,cores,0.0003975515729580108,0.03975515729580108,,
pbx-web,cpu_usage,pbx-web,lab-rebuild-relay-79957dbd4-xsqhl,2026-08-08T01:40:56.296000Z,1786153256.296,0.00040547900919607265,cores,0.00040547900919607265,0.04054790091960726,,
pbx-web,cpu_usage,pbx-web,lab-rebuild-relay-79957dbd4-xsqhl,2026-08-08T02:40:56.296000Z,1786156856.296,0.0004146474541801761,cores,0.0004146474541801761,0.04146474541801761,,
pbx-web,cpu_usage,pbx-web,lab-rebuild-relay-79957dbd4-xsqhl,2026-08-08T03:40:56.296000Z,1786160456.296,0.00038267637077446715,cores,0.00038267637077446715,0.038267637077446716,,
pbx-web,cpu_usage,pbx-web,lab-rebuild-relay-79957dbd4-xsqhl,2026-08-08T04:40:56.296000Z,1786164056.296,0.0004047324303620173,cores,0.0004047324303620173,0.04047324303620173,,
pbx-web,cpu_usage,pbx-web,lab-rebuild-relay-79957dbd4-xsqhl,2026-08-08T05:40:56.296000Z,1786167656.296,0.0004163908399543978,cores,0.0004163908399543978,0.04163908399543978,,
pbx-web,cpu_usage,pbx-web,lab-rebuild-relay-79957dbd4-xsqhl,2026-08-08T06:40:56.296000Z,1786171256.296,0.00039536361949659305,cores,0.00039536361949659305,0.0395363619496593,,
pbx-web,cpu_usage,pbx-web,lab-rebuild-relay-79957dbd4-xsqhl,2026-08-08T07:40:56.296000Z,1786174856.296,0.0004049346332435748,cores,0.0004049346332435748,0.04049346332435748,,
pbx-web,cpu_usage,pbx-web,lab-rebuild-relay-79957dbd4-xsqhl,2026-08-08T08:40:56.296000Z,1786178456.296,0.0004045395227772553,cores,0.0004045395227772553,0.040453952277725524,,
pbx-web,cpu_usage,pbx-web,lab-rebuild-relay-79957dbd4-xsqhl,2026-08-08T09:40:56.296000Z,1786182056.296,0.0003976877526081609,cores,0.0003976877526081609,0.03976877526081609,,
pbx-web,cpu_usage,pbx-web,lab-rebuild-relay-79957dbd4-xsqhl,2026-08-08T10:40:56.296000Z,1786185656.296,0.00039876421965790836,cores,0.00039876421965790836,0.03987642196579084,,
pbx-web,cpu_usage,pbx-web,lab-rebuild-relay-79957dbd4-xsqhl,2026-08-08T11:40:56.296000Z,1786189256.296,0.00038907471629973187,cores,0.00038907471629973187,0.038907471629973184,,
pbx-web,cpu_usage,pbx-web,lab-rebuild-relay-79957dbd4-xsqhl,2026-08-08T12:40:56.296000Z,1786192856.296,0.0004002605913527126,cores,0.0004002605913527126,0.04002605913527126,,
pbx-web,cpu_usage,pbx-web,lab-rebuild-relay-79957dbd4-xsqhl,2026-08-08T13:40:56.296000Z,1786196456.296,0.0003720485246083486,cores,0.0003720485246083486,0.03720485246083486,,
pbx-web,cpu_usage,pbx-web,lab-rebuild-relay-79957dbd4-xsqhl,2026-08-08T14:40:56.296000Z,1786200056.296,0.000404938314031279,cores,0.000404938314031279,0.0404938314031279,,
pbx-web,cpu_usage,pbx-web,lab-rebuild-relay-79957dbd4-xsqhl,2026-08-08T15:40:56.296000Z,1786203656.296,0.00040974478280013523,cores,0.00040974478280013523,0.04097447828001352,,
pbx-web,cpu_usage,pbx-web,lab-rebuild-relay-79957dbd4-xsqhl,2026-08-08T16:40:56.296000Z,1786207256.296,0.0003936577656599803,cores,0.0003936577656599803,0.03936577656599803,,
pbx-web,cpu_usage,pbx-web,lab-rebuild-relay-79957dbd4-xsqhl,2026-08-08T17:40:56.296000Z,1786210856.296,0.0003953264030869106,cores,0.0003953264030869106,0.03953264030869106,,
pbx-web,cpu_usage,pbx-web,lab-rebuild-relay-79957dbd4-xsqhl,2026-08-08T18:40:56.296000Z,1786214456.296,0.0003289073804797785,cores,0.0003289073804797785,0.032890738047977854,,
pbx-web,cpu_usage,pbx-web,lab-rebuild-relay-79957dbd4-xsqhl,2026-08-08T19:40:56.296000Z,1786218056.296,0.00038049582728258923,cores,0.00038049582728258923,0.038049582728258924,,
pbx-web,cpu_usage,pbx-web,lab-rebuild-relay-79957dbd4-xsqhl,2026-08-08T20:40:56.296000Z,1786221656.296,0.00026171924179899553,cores,0.00026171924179899553,0.026171924179899553,,
pbx-web,cpu_usage,pbx-web,lab-rebuild-relay-79957dbd4-xsqhl,2026-08-08T21:40:56.296000Z,1786225256.296,0.000265192389359617,cores,0.000265192389359617,0.0265192389359617,,
pbx-web,cpu_usage,pbx-web,lab-rebuild-relay-79957dbd4-xsqhl,2026-08-08T22:40:56.296000Z,1786228856.296,0.0002680054184289562,cores,0.0002680054184289562,0.02680054184289562,,
pbx-web,cpu_usage,pbx-web,lab-rebuild-relay-79957dbd4-xsqhl,2026-08-08T23:40:56.296000Z,1786232456.296,0.000272258541656412,cores,0.000272258541656412,0.0272258541656412,,
pbx-web,cpu_usage,pbx-web,lab-rebuild-relay-79957dbd4-xsqhl,2026-08-09T00:40:56.296000Z,1786236056.296,0.0002693302155375075,cores,0.0002693302155375075,0.02693302155375075,,
pbx-web,cpu_usage,pbx-web,lab-rebuild-relay-79957dbd4-xsqhl,2026-08-09T01:40:56.296000Z,1786239656.296,0.0002658835996263018,cores,0.0002658835996263018,0.02658835996263018,,
pbx-web,cpu_usage,pbx-web,lab-rebuild-relay-79957dbd4-xsqhl,2026-08-09T02:40:56.296000Z,1786243256.296,0.00027972424921813297,cores,0.00027972424921813297,0.027972424921813295,,
pbx-web,cpu_usage,pbx-web,lab-rebuild-relay-79957dbd4-xsqhl,2026-08-09T03:40:56.296000Z,1786246856.296,0.00028943960688581656,cores,0.00028943960688581656,0.028943960688581655,,
pbx-web,cpu_usage,pbx-web,lab-rebuild-relay-79957dbd4-xsqhl,2026-08-09T04:40:56.296000Z,1786250456.296,0.00026525995245518243,cores,0.00026525995245518243,0.026525995245518245,,
pbx-web,cpu_usage,pbx-web,lab-rebuild-relay-79957dbd4-xsqhl,2026-08-09T05:40:56.296000Z,1786254056.296,0.00025521006442308505,cores,0.00025521006442308505,0.025521006442308505,,
pbx-web,cpu_usage,pbx-web,lab-rebuild-relay-79957dbd4-xsqhl,2026-08-09T06:40:56.296000Z,1786257656.296,0.00026929198258127796,cores,0.00026929198258127796,0.026929198258127795,,
pbx-web,cpu_usage,pbx-web,lab-rebuild-relay-79957dbd4-xsqhl,2026-08-09T07:40:56.296000Z,1786261256.296,0.0002708910470732329,cores,0.0002708910470732329,0.02708910470732329,,
pbx-web,cpu_usage,pbx-web,lab-rebuild-relay-79957dbd4-xsqhl,2026-08-09T08:40:56.296000Z,1786264856.296,0.0002735006245192801,cores,0.0002735006245192801,0.027350062451928007,,
pbx-web,cpu_usage,pbx-web,lab-rebuild-relay-79957dbd4-xsqhl,2026-08-09T09:40:56.296000Z,1786268456.296,0.00027030861650862445,cores,0.00027030861650862445,0.027030861650862444,,
pbx-web,cpu_usage,pbx-web,lab-rebuild-relay-79957dbd4-xsqhl,2026-08-09T10:40:56.296000Z,1786272056.296,0.0002667564326273574,cores,0.0002667564326273574,0.02667564326273574,,
pbx-web,cpu_usage,pbx-web,lab-rebuild-relay-79957dbd4-xsqhl,2026-08-09T11:40:56.296000Z,1786275656.296,0.00026764914892897127,cores,0.00026764914892897127,0.02676491489289713,,
pbx-web,cpu_usage,pbx-web,lab-rebuild-relay-79957dbd4-xsqhl,2026-08-09T12:40:56.296000Z,1786279256.296,0.00024664542775517864,cores,0.00024664542775517864,0.024664542775517863,,
pbx-web,cpu_usage,pbx-web,lab-rebuild-relay-79957dbd4-xsqhl,2026-08-09T13:40:56.296000Z,1786282856.296,0.0002794725223011241,cores,0.0002794725223011241,0.027947252230112407,,
pbx-web,cpu_usage,pbx-web,lab-rebuild-relay-79957dbd4-xsqhl,2026-08-09T14:40:56.296000Z,1786286456.296,0.0002682680929108784,cores,0.0002682680929108784,0.02682680929108784,,
pbx-web,cpu_usage,pbx-web,lab-rebuild-relay-79957dbd4-xsqhl,2026-08-09T15:40:56.296000Z,1786290056.296,0.0002774886083887503,cores,0.0002774886083887503,0.02774886083887503,,
pbx-web,cpu_usage,pbx-web,lab-rebuild-relay-79957dbd4-xsqhl,2026-08-09T16:40:56.296000Z,1786293656.296,0.00028063195746142074,cores,0.00028063195746142074,0.028063195746142074,,
pbx-web,cpu_usage,pbx-web,lab-rebuild-relay-79957dbd4-xsqhl,2026-08-09T17:40:56.296000Z,1786297256.296,0.0002643843078335551,cores,0.0002643843078335551,0.026438430783355508,,
pbx-web,cpu_usage,pbx-web,lab-rebuild-relay-79957dbd4-xsqhl,2026-08-09T18:40:56.296000Z,1786300856.296,0.00026318777285003057,cores,0.00026318777285003057,0.026318777285003057,,
pbx-web,cpu_usage,pbx-web,lab-rebuild-relay-79957dbd4-xsqhl,2026-08-09T19:40:56.296000Z,1786304456.296,0.0002659862677726119,cores,0.0002659862677726119,0.026598626777261186,,
pbx-web,cpu_usage,pbx-web,lab-rebuild-relay-79957dbd4-xsqhl,2026-08-09T20:40:56.296000Z,1786308056.296,0.00027187683846174193,cores,0.00027187683846174193,0.027187683846174194,,
pbx-web,cpu_usage,pbx-web,lab-rebuild-relay-79957dbd4-xsqhl,2026-08-09T21:40:56.296000Z,1786311656.296,0.0002693561790473768,cores,0.0002693561790473768,0.02693561790473768,,
pbx-web,cpu_usage,pbx-web,lab-rebuild-relay-79957dbd4-xsqhl,2026-08-09T22:40:56.296000Z,1786315256.296,0.00025645922680501347,cores,0.00025645922680501347,0.025645922680501348,,
pbx-web,cpu_usage,pbx-web,lab-rebuild-relay-79957dbd4-xsqhl,2026-08-09T23:40:56.296000Z,1786318856.296,0.0002811992591182908,cores,0.0002811992591182908,0.028119925911829078,,
pbx-web,cpu_usage,pbx-web,lab-rebuild-relay-79957dbd4-xsqhl,2026-08-10T00:40:56.296000Z,1786322456.296,0.0002722560096953651,cores,0.0002722560096953651,0.02722560096953651,,
pbx-web,cpu_usage,pbx-web,lab-rebuild-relay-79957dbd4-xsqhl,2026-08-10T01:40:56.296000Z,1786326056.296,0.0002774142424456663,cores,0.0002774142424456663,0.02774142424456663,,
pbx-web,cpu_usage,pbx-web,lab-rebuild-relay-79957dbd4-xsqhl,2026-08-10T02:40:56.296000Z,1786329656.296,0.0002788974367820514,cores,0.0002788974367820514,0.02788974367820514,,
pbx-web,cpu_usage,pbx-web,lab-rebuild-relay-79957dbd4-xsqhl,2026-08-10T03:40:56.296000Z,1786333256.296,0.0002786862503066626,cores,0.0002786862503066626,0.02786862503066626,,
pbx-web,cpu_usage,pbx-web,lab-rebuild-relay-79957dbd4-xsqhl,2026-08-10T04:40:56.296000Z,1786336856.296,0.0002726548669488592,cores,0.0002726548669488592,0.02726548669488592,,
pbx-web,cpu_usage,pbx-web,lab-rebuild-relay-79957dbd4-xsqhl,2026-08-10T05:40:56.296000Z,1786340456.296,0.00027428413980209424,cores,0.00027428413980209424,0.027428413980209423,,
pbx-web,cpu_usage,pbx-web,lab-rebuild-relay-79957dbd4-xsqhl,2026-08-10T06:40:56.296000Z,1786344056.296,0.0002617754767016852,cores,0.0002617754767016852,0.02617754767016852,,
pbx-web,cpu_usage,pbx-web,lab-rebuild-relay-79957dbd4-xsqhl,2026-08-10T07:40:56.296000Z,1786347656.296,0.0002678795704386233,cores,0.0002678795704386233,0.02678795704386233,,
pbx-web,cpu_usage,pbx-web,lab-rebuild-relay-79957dbd4-xsqhl,2026-08-10T08:40:56.296000Z,1786351256.296,0.00026846377037510803,cores,0.00026846377037510803,0.026846377037510805,,
pbx-web,cpu_usage,pbx-web,lab-rebuild-relay-79957dbd4-xsqhl,2026-08-10T09:40:56.296000Z,1786354856.296,0.0002732911451470789,cores,0.0002732911451470789,0.027329114514707892,,
pbx-web,cpu_usage,pbx-web,lab-rebuild-relay-79957dbd4-xsqhl,2026-08-10T10:40:56.296000Z,1786358456.296,0.0002770834711692951,cores,0.0002770834711692951,0.027708347116929512,,
pbx-web,cpu_usage,pbx-web,pbx-rebuild-relay-588d79c5b9-vmmlz,2026-07-30T18:40:56.296000Z,1785436856.296,0.00022522478481746663,cores,0.00022522478481746663,0.022522478481746662,,
pbx-web,cpu_usage,pbx-web,pbx-rebuild-relay-588d79c5b9-vmmlz,2026-07-30T19:40:56.296000Z,1785440456.296,0.0004294292726226105,cores,0.0004294292726226105,0.04294292726226105,,
pbx-web,cpu_usage,pbx-web,pbx-rebuild-relay-588d79c5b9-vmmlz,2026-07-30T20:40:56.296000Z,1785444056.296,0.0004005393211766901,cores,0.0004005393211766901,0.040053932117669014,,
pbx-web,cpu_usage,pbx-web,pbx-rebuild-relay-588d79c5b9-vmmlz,2026-07-30T21:40:56.296000Z,1785447656.296,0.000407714119657103,cores,0.000407714119657103,0.040771411965710304,,
pbx-web,cpu_usage,pbx-web,pbx-rebuild-relay-588d79c5b9-vmmlz,2026-07-30T22:40:56.296000Z,1785451256.296,0.00043656359301869237,cores,0.00043656359301869237,0.04365635930186924,,
pbx-web,cpu_usage,pbx-web,pbx-rebuild-relay-588d79c5b9-vmmlz,2026-07-30T23:40:56.296000Z,1785454856.296,0.00044201320012953154,cores,0.00044201320012953154,0.044201320012953155,,
pbx-web,cpu_usage,pbx-web,pbx-rebuild-relay-588d79c5b9-vmmlz,2026-07-31T00:40:56.296000Z,1785458456.296,0.0004259305158203998,cores,0.0004259305158203998,0.04259305158203998,,
pbx-web,cpu_usage,pbx-web,pbx-rebuild-relay-588d79c5b9-vmmlz,2026-07-31T01:40:56.296000Z,1785462056.296,0.000422517152732251,cores,0.000422517152732251,0.042251715273225104,,
pbx-web,cpu_usage,pbx-web,pbx-rebuild-relay-588d79c5b9-vmmlz,2026-07-31T02:40:56.296000Z,1785465656.296,0.00041592353600943845,cores,0.00041592353600943845,0.04159235360094384,,
pbx-web,cpu_usage,pbx-web,pbx-rebuild-relay-588d79c5b9-vmmlz,2026-07-31T03:40:56.296000Z,1785469256.296,0.00042344181163254073,cores,0.00042344181163254073,0.04234418116325407,,
pbx-web,cpu_usage,pbx-web,pbx-rebuild-relay-588d79c5b9-vmmlz,2026-07-31T04:40:56.296000Z,1785472856.296,0.0004154624729218641,cores,0.0004154624729218641,0.04154624729218641,,
pbx-web,cpu_usage,pbx-web,pbx-rebuild-relay-588d79c5b9-vmmlz,2026-07-31T05:40:56.296000Z,1785476456.296,0.00042015243417204475,cores,0.00042015243417204475,0.04201524341720447,,
pbx-web,cpu_usage,pbx-web,pbx-rebuild-relay-588d79c5b9-vmmlz,2026-07-31T06:40:56.296000Z,1785480056.296,0.0004464890170493216,cores,0.0004464890170493216,0.04464890170493216,,
pbx-web,cpu_usage,pbx-web,pbx-rebuild-relay-588d79c5b9-vmmlz,2026-07-31T07:40:56.296000Z,1785483656.296,0.000436742201032199,cores,0.000436742201032199,0.043674220103219905,,
pbx-web,cpu_usage,pbx-web,pbx-rebuild-relay-588d79c5b9-vmmlz,2026-07-31T08:40:56.296000Z,1785487256.296,0.00043250216175181515,cores,0.00043250216175181515,0.043250216175181516,,
pbx-web,cpu_usage,pbx-web,pbx-rebuild-relay-588d79c5b9-vmmlz,2026-07-31T09:40:56.296000Z,1785490856.296,0.0004487684593344089,cores,0.0004487684593344089,0.044876845933440886,,
pbx-web,cpu_usage,pbx-web,pbx-rebuild-relay-588d79c5b9-vmmlz,2026-07-31T10:40:56.296000Z,1785494456.296,0.00040624726296863335,cores,0.00040624726296863335,0.04062472629686333,,
pbx-web,cpu_usage,pbx-web,pbx-rebuild-relay-588d79c5b9-vmmlz,2026-07-31T11:40:56.296000Z,1785498056.296,0.0004436911152986731,cores,0.0004436911152986731,0.044369111529867306,,
pbx-web,cpu_usage,pbx-web,pbx-rebuild-relay-588d79c5b9-vmmlz,2026-07-31T12:40:56.296000Z,1785501656.296,0.00043324285350740383,cores,0.00043324285350740383,0.043324285350740385,,
pbx-web,cpu_usage,pbx-web,pbx-rebuild-relay-588d79c5b9-vmmlz,2026-07-31T13:40:56.296000Z,1785505256.296,0.0004298757863052783,cores,0.0004298757863052783,0.04298757863052783,,
pbx-web,cpu_usage,pbx-web,pbx-rebuild-relay-588d79c5b9-vmmlz,2026-07-31T14:40:56.296000Z,1785508856.296,0.00042599383253988843,cores,0.00042599383253988843,0.04259938325398884,,
pbx-web,cpu_usage,pbx-web,pbx-rebuild-relay-588d79c5b9-vmmlz,2026-07-31T15:40:56.296000Z,1785512456.296,0.00044332819180617337,cores,0.00044332819180617337,0.044332819180617336,,
pbx-web,cpu_usage,pbx-web,pbx-rebuild-relay-588d79c5b9-vmmlz,2026-07-31T16:40:56.296000Z,1785516056.296,0.00040596129396813324,cores,0.00040596129396813324,0.04059612939681333,,
pbx-web,cpu_usage,pbx-web,pbx-rebuild-relay-588d79c5b9-vmmlz,2026-07-31T17:40:56.296000Z,1785519656.296,0.00042207937677947064,cores,0.00042207937677947064,0.04220793767794707,,
pbx-web,cpu_usage,pbx-web,pbx-rebuild-relay-588d79c5b9-vmmlz,2026-07-31T18:40:56.296000Z,1785523256.296,0.0004281221638279353,cores,0.0004281221638279353,0.042812216382793526,,
pbx-web,cpu_usage,pbx-web,pbx-rebuild-relay-588d79c5b9-vmmlz,2026-07-31T19:40:56.296000Z,1785526856.296,0.0004231929974713485,cores,0.0004231929974713485,0.04231929974713485,,
pbx-web,cpu_usage,pbx-web,pbx-rebuild-relay-588d79c5b9-vmmlz,2026-07-31T20:40:56.296000Z,1785530456.296,0.00044160113606089835,cores,0.00044160113606089835,0.04416011360608983,,
pbx-web,cpu_usage,pbx-web,pbx-rebuild-relay-588d79c5b9-vmmlz,2026-07-31T21:40:56.296000Z,1785534056.296,0.0004227730345011736,cores,0.0004227730345011736,0.04227730345011736,,
pbx-web,cpu_usage,pbx-web,pbx-rebuild-relay-588d79c5b9-vmmlz,2026-07-31T22:40:56.296000Z,1785537656.296,0.0004177695903237465,cores,0.0004177695903237465,0.04177695903237465,,
pbx-web,cpu_usage,pbx-web,pbx-rebuild-relay-588d79c5b9-vmmlz,2026-07-31T23:40:56.296000Z,1785541256.296,0.0004161849916715924,cores,0.0004161849916715924,0.04161849916715924,,
pbx-web,cpu_usage,pbx-web,pbx-rebuild-relay-588d79c5b9-vmmlz,2026-08-01T00:40:56.296000Z,1785544856.296,0.0004196358691227417,cores,0.0004196358691227417,0.04196358691227417,,
pbx-web,cpu_usage,pbx-web,pbx-rebuild-relay-588d79c5b9-vmmlz,2026-08-01T01:40:56.296000Z,1785548456.296,0.00043317841221685786,cores,0.00043317841221685786,0.043317841221685784,,
pbx-web,cpu_usage,pbx-web,pbx-rebuild-relay-588d79c5b9-vmmlz,2026-08-01T02:40:56.296000Z,1785552056.296,0.00041379893702532175,cores,0.00041379893702532175,0.04137989370253217,,
pbx-web,cpu_usage,pbx-web,pbx-rebuild-relay-588d79c5b9-vmmlz,2026-08-01T03:40:56.296000Z,1785555656.296,0.0004304309286786349,cores,0.0004304309286786349,0.04304309286786349,,
pbx-web,cpu_usage,pbx-web,pbx-rebuild-relay-588d79c5b9-vmmlz,2026-08-01T04:40:56.296000Z,1785559256.296,0.00042279645407676894,cores,0.00042279645407676894,0.0422796454076769,,
pbx-web,cpu_usage,pbx-web,pbx-rebuild-relay-588d79c5b9-vmmlz,2026-08-01T05:40:56.296000Z,1785562856.296,0.0004360727447468533,cores,0.0004360727447468533,0.04360727447468533,,
pbx-web,cpu_usage,pbx-web,pbx-rebuild-relay-588d79c5b9-vmmlz,2026-08-01T06:40:56.296000Z,1785566456.296,0.00045005517241398943,cores,0.00045005517241398943,0.045005517241398944,,
pbx-web,cpu_usage,pbx-web,pbx-rebuild-relay-588d79c5b9-vmmlz,2026-08-01T07:40:56.296000Z,1785570056.296,0.00042652006151638303,cores,0.00042652006151638303,0.042652006151638305,,
pbx-web,cpu_usage,pbx-web,pbx-rebuild-relay-588d79c5b9-vmmlz,2026-08-01T08:40:56.296000Z,1785573656.296,0.000426018679623452,cores,0.000426018679623452,0.0426018679623452,,
pbx-web,cpu_usage,pbx-web,pbx-rebuild-relay-588d79c5b9-vmmlz,2026-08-01T09:40:56.296000Z,1785577256.296,0.000411322321992378,cores,0.000411322321992378,0.0411322321992378,,
pbx-web,cpu_usage,pbx-web,pbx-rebuild-relay-588d79c5b9-vmmlz,2026-08-01T10:40:56.296000Z,1785580856.296,0.00043277667909151203,cores,0.00043277667909151203,0.043277667909151205,,
pbx-web,cpu_usage,pbx-web,pbx-rebuild-relay-588d79c5b9-vmmlz,2026-08-01T11:40:56.296000Z,1785584456.296,0.0004270785280863623,cores,0.0004270785280863623,0.04270785280863623,,
pbx-web,cpu_usage,pbx-web,pbx-rebuild-relay-588d79c5b9-vmmlz,2026-08-01T12:40:56.296000Z,1785588056.296,0.0004274701064199131,cores,0.0004274701064199131,0.04274701064199131,,
pbx-web,cpu_usage,pbx-web,pbx-rebuild-relay-588d79c5b9-vmmlz,2026-08-01T13:40:56.296000Z,1785591656.296,0.000406628305397718,cores,0.000406628305397718,0.0406628305397718,,
pbx-web,cpu_usage,pbx-web,pbx-rebuild-relay-588d79c5b9-vmmlz,2026-08-01T14:40:56.296000Z,1785595256.296,0.0004203587498523782,cores,0.0004203587498523782,0.042035874985237816,,
pbx-web,cpu_usage,pbx-web,pbx-rebuild-relay-588d79c5b9-vmmlz,2026-08-01T15:40:56.296000Z,1785598856.296,0.0004298436697816806,cores,0.0004298436697816806,0.042984366978168057,,
pbx-web,cpu_usage,pbx-web,pbx-rebuild-relay-588d79c5b9-vmmlz,2026-08-01T16:40:56.296000Z,1785602456.296,0.00042157514774551893,cores,0.00042157514774551893,0.042157514774551895,,
pbx-web,cpu_usage,pbx-web,pbx-rebuild-relay-588d79c5b9-vmmlz,2026-08-01T17:40:56.296000Z,1785606056.296,0.0004350302360840665,cores,0.0004350302360840665,0.04350302360840665,,
pbx-web,cpu_usage,pbx-web,pbx-rebuild-relay-588d79c5b9-vmmlz,2026-08-01T18:40:56.296000Z,1785609656.296,0.0004180868666700187,cores,0.0004180868666700187,0.04180868666700187,,
pbx-web,cpu_usage,pbx-web,pbx-rebuild-relay-588d79c5b9-vmmlz,2026-08-01T19:40:56.296000Z,1785613256.296,0.00041614389666757456,cores,0.00041614389666757456,0.041614389666757456,,
pbx-web,cpu_usage,pbx-web,pbx-rebuild-relay-588d79c5b9-vmmlz,2026-08-01T20:40:56.296000Z,1785616856.296,0.000443967609961462,cores,0.000443967609961462,0.0443967609961462,,
pbx-web,cpu_usage,pbx-web,pbx-rebuild-relay-588d79c5b9-vmmlz,2026-08-01T21:40:56.296000Z,1785620456.296,0.0004205505797792451,cores,0.0004205505797792451,0.04205505797792451,,
pbx-web,cpu_usage,pbx-web,pbx-rebuild-relay-588d79c5b9-vmmlz,2026-08-01T22:40:56.296000Z,1785624056.296,0.0004093762928875319,cores,0.0004093762928875319,0.04093762928875319,,
pbx-web,cpu_usage,pbx-web,pbx-rebuild-relay-588d79c5b9-vmmlz,2026-08-01T23:40:56.296000Z,1785627656.296,0.00039547926815748814,cores,0.00039547926815748814,0.03954792681574881,,
pbx-web,cpu_usage,pbx-web,pbx-rebuild-relay-588d79c5b9-vmmlz,2026-08-02T00:40:56.296000Z,1785631256.296,0.0004337919846597961,cores,0.0004337919846597961,0.04337919846597961,,
pbx-web,cpu_usage,pbx-web,pbx-rebuild-relay-588d79c5b9-vmmlz,2026-08-02T01:40:56.296000Z,1785634856.296,0.00040681415505460205,cores,0.00040681415505460205,0.04068141550546021,,
pbx-web,cpu_usage,pbx-web,pbx-rebuild-relay-588d79c5b9-vmmlz,2026-08-02T02:40:56.296000Z,1785638456.296,0.00044543409868614213,cores,0.00044543409868614213,0.044543409868614214,,
pbx-web,cpu_usage,pbx-web,pbx-rebuild-relay-588d79c5b9-vmmlz,2026-08-02T03:40:56.296000Z,1785642056.296,0.00044310207912207143,cores,0.00044310207912207143,0.04431020791220714,,
pbx-web,cpu_usage,pbx-web,pbx-rebuild-relay-588d79c5b9-vmmlz,2026-08-02T04:40:56.296000Z,1785645656.296,0.000445795227565251,cores,0.000445795227565251,0.0445795227565251,,
pbx-web,cpu_usage,pbx-web,pbx-rebuild-relay-588d79c5b9-vmmlz,2026-08-02T05:40:56.296000Z,1785649256.296,0.00040335112849514804,cores,0.00040335112849514804,0.040335112849514805,,
pbx-web,cpu_usage,pbx-web,pbx-rebuild-relay-588d79c5b9-vmmlz,2026-08-02T06:40:56.296000Z,1785652856.296,0.00044140804280757596,cores,0.00044140804280757596,0.044140804280757596,,
pbx-web,cpu_usage,pbx-web,pbx-rebuild-relay-588d79c5b9-vmmlz,2026-08-02T07:40:56.296000Z,1785656456.296,0.0004360135127861335,cores,0.0004360135127861335,0.04360135127861335,,
pbx-web,cpu_usage,pbx-web,pbx-rebuild-relay-588d79c5b9-vmmlz,2026-08-02T08:40:56.296000Z,1785660056.296,0.00043971448713414396,cores,0.00043971448713414396,0.04397144871341439,,
pbx-web,cpu_usage,pbx-web,pbx-rebuild-relay-588d79c5b9-vmmlz,2026-08-02T09:40:56.296000Z,1785663656.296,0.00040768394318771493,cores,0.00040768394318771493,0.040768394318771495,,
pbx-web,cpu_usage,pbx-web,pbx-rebuild-relay-588d79c5b9-vmmlz,2026-08-02T10:40:56.296000Z,1785667256.296,0.000441538387299197,cores,0.000441538387299197,0.0441538387299197,,
pbx-web,cpu_usage,pbx-web,pbx-rebuild-relay-588d79c5b9-vmmlz,2026-08-02T11:40:56.296000Z,1785670856.296,0.0004175465290414986,cores,0.0004175465290414986,0.041754652904149855,,
pbx-web,cpu_usage,pbx-web,pbx-rebuild-relay-588d79c5b9-vmmlz,2026-08-02T12:40:56.296000Z,1785674456.296,0.00040979473746953254,cores,0.00040979473746953254,0.04097947374695325,,
pbx-web,cpu_usage,pbx-web,pbx-rebuild-relay-588d79c5b9-vmmlz,2026-08-02T13:40:56.296000Z,1785678056.296,0.0004178076619462501,cores,0.0004178076619462501,0.041780766194625014,,
pbx-web,cpu_usage,pbx-web,pbx-rebuild-relay-588d79c5b9-vmmlz,2026-08-02T14:40:56.296000Z,1785681656.296,0.00041831748524629397,cores,0.00041831748524629397,0.0418317485246294,,
pbx-web,cpu_usage,pbx-web,pbx-rebuild-relay-588d79c5b9-vmmlz,2026-08-02T15:40:56.296000Z,1785685256.296,0.00042699636523854055,cores,0.00042699636523854055,0.042699636523854057,,
pbx-web,cpu_usage,pbx-web,pbx-rebuild-relay-588d79c5b9-vmmlz,2026-08-02T16:40:56.296000Z,1785688856.296,0.0004395395568006345,cores,0.0004395395568006345,0.043953955680063446,,
pbx-web,cpu_usage,pbx-web,pbx-rebuild-relay-588d79c5b9-vmmlz,2026-08-02T17:40:56.296000Z,1785692456.296,0.0004402299875198507,cores,0.0004402299875198507,0.04402299875198507,,
pbx-web,cpu_usage,pbx-web,pbx-rebuild-relay-588d79c5b9-vmmlz,2026-08-02T18:40:56.296000Z,1785696056.296,0.00042173304038300514,cores,0.00042173304038300514,0.04217330403830051,,
pbx-web,cpu_usage,pbx-web,pbx-rebuild-relay-588d79c5b9-vmmlz,2026-08-02T19:40:56.296000Z,1785699656.296,0.0004369169670101149,cores,0.0004369169670101149,0.043691696701011494,,
pbx-web,cpu_usage,pbx-web,pbx-rebuild-relay-588d79c5b9-vmmlz,2026-08-02T20:40:56.296000Z,1785703256.296,0.0004380983020550945,cores,0.0004380983020550945,0.04380983020550945,,
pbx-web,cpu_usage,pbx-web,pbx-rebuild-relay-588d79c5b9-vmmlz,2026-08-02T21:40:56.296000Z,1785706856.296,0.00043485418218973686,cores,0.00043485418218973686,0.043485418218973684,,
pbx-web,cpu_usage,pbx-web,pbx-rebuild-relay-588d79c5b9-vmmlz,2026-08-02T22:40:56.296000Z,1785710456.296,0.0003495017730991943,cores,0.0003495017730991943,0.03495017730991943,,
pbx-web,cpu_usage,pbx-web,pbx-rebuild-relay-588d79c5b9-vmmlz,2026-08-02T23:40:56.296000Z,1785714056.296,0.0004078276394268481,cores,0.0004078276394268481,0.04078276394268481,,
pbx-web,cpu_usage,pbx-web,pbx-rebuild-relay-588d79c5b9-vmmlz,2026-08-03T00:40:56.296000Z,1785717656.296,0.0004378654151403657,cores,0.0004378654151403657,0.043786541514036575,,
pbx-web,cpu_usage,pbx-web,pbx-rebuild-relay-588d79c5b9-vmmlz,2026-08-03T01:40:56.296000Z,1785721256.296,0.0004604425723231248,cores,0.0004604425723231248,0.04604425723231248,,
pbx-web,cpu_usage,pbx-web,pbx-rebuild-relay-588d79c5b9-vmmlz,2026-08-03T02:40:56.296000Z,1785724856.296,0.0004367589913770572,cores,0.0004367589913770572,0.04367589913770572,,
pbx-web,cpu_usage,pbx-web,pbx-rebuild-relay-588d79c5b9-vmmlz,2026-08-03T03:40:56.296000Z,1785728456.296,0.0004321669630658914,cores,0.0004321669630658914,0.04321669630658914,,
pbx-web,cpu_usage,pbx-web,pbx-rebuild-relay-588d79c5b9-vmmlz,2026-08-03T04:40:56.296000Z,1785732056.296,0.00044690646365284345,cores,0.00044690646365284345,0.044690646365284345,,
pbx-web,cpu_usage,pbx-web,pbx-rebuild-relay-588d79c5b9-vmmlz,2026-08-03T05:40:56.296000Z,1785735656.296,0.0004270325180439438,cores,0.0004270325180439438,0.042703251804394375,,
pbx-web,cpu_usage,pbx-web,pbx-rebuild-relay-588d79c5b9-vmmlz,2026-08-03T06:40:56.296000Z,1785739256.296,0.0004203131638641658,cores,0.0004203131638641658,0.04203131638641658,,
pbx-web,cpu_usage,pbx-web,pbx-rebuild-relay-588d79c5b9-vmmlz,2026-08-03T07:40:56.296000Z,1785742856.296,0.0004144164705961244,cores,0.0004144164705961244,0.04144164705961244,,
pbx-web,cpu_usage,pbx-web,pbx-rebuild-relay-588d79c5b9-vmmlz,2026-08-03T08:40:56.296000Z,1785746456.296,0.0004267063059169805,cores,0.0004267063059169805,0.04267063059169805,,
pbx-web,cpu_usage,pbx-web,pbx-rebuild-relay-588d79c5b9-vmmlz,2026-08-03T09:40:56.296000Z,1785750056.296,0.00042616360358837803,cores,0.00042616360358837803,0.042616360358837806,,
pbx-web,cpu_usage,pbx-web,pbx-rebuild-relay-588d79c5b9-vmmlz,2026-08-03T10:40:56.296000Z,1785753656.296,0.0004417061244861092,cores,0.0004417061244861092,0.04417061244861092,,
pbx-web,cpu_usage,pbx-web,pbx-rebuild-relay-588d79c5b9-vmmlz,2026-08-03T11:40:56.296000Z,1785757256.296,0.00044910405059465154,cores,0.00044910405059465154,0.044910405059465155,,
pbx-web,cpu_usage,pbx-web,pbx-rebuild-relay-588d79c5b9-vmmlz,2026-08-03T12:40:56.296000Z,1785760856.296,0.0004274356617646111,cores,0.0004274356617646111,0.042743566176461106,,
pbx-web,cpu_usage,pbx-web,pbx-rebuild-relay-588d79c5b9-vmmlz,2026-08-03T13:40:56.296000Z,1785764456.296,0.0004354808464565907,cores,0.0004354808464565907,0.04354808464565907,,
pbx-web,cpu_usage,pbx-web,pbx-rebuild-relay-588d79c5b9-vmmlz,2026-08-03T14:40:56.296000Z,1785768056.296,0.00044376078768456543,cores,0.00044376078768456543,0.04437607876845654,,
pbx-web,cpu_usage,pbx-web,pbx-rebuild-relay-588d79c5b9-vmmlz,2026-08-03T15:40:56.296000Z,1785771656.296,0.00042934804548231336,cores,0.00042934804548231336,0.042934804548231335,,
pbx-web,cpu_usage,pbx-web,pbx-rebuild-relay-588d79c5b9-vmmlz,2026-08-03T16:40:56.296000Z,1785775256.296,0.0004211247808055176,cores,0.0004211247808055176,0.04211247808055176,,
pbx-web,cpu_usage,pbx-web,pbx-rebuild-relay-588d79c5b9-vmmlz,2026-08-03T17:40:56.296000Z,1785778856.296,0.00042897092112153965,cores,0.00042897092112153965,0.042897092112153964,,
pbx-web,cpu_usage,pbx-web,pbx-rebuild-relay-588d79c5b9-vmmlz,2026-08-03T18:40:56.296000Z,1785782456.296,0.00043782717171006425,cores,0.00043782717171006425,0.04378271717100642,,
pbx-web,cpu_usage,pbx-web,pbx-rebuild-relay-588d79c5b9-vmmlz,2026-08-03T19:40:56.296000Z,1785786056.296,0.0004355183823145864,cores,0.0004355183823145864,0.04355183823145864,,
pbx-web,cpu_usage,pbx-web,pbx-rebuild-relay-588d79c5b9-vmmlz,2026-08-03T20:40:56.296000Z,1785789656.296,0.0004599160303987998,cores,0.0004599160303987998,0.04599160303987998,,
pbx-web,cpu_usage,pbx-web,pbx-rebuild-relay-588d79c5b9-vmmlz,2026-08-03T21:40:56.296000Z,1785793256.296,0.000395420056521158,cores,0.000395420056521158,0.0395420056521158,,
pbx-web,cpu_usage,pbx-web,pbx-rebuild-relay-588d79c5b9-vmmlz,2026-08-03T22:40:56.296000Z,1785796856.296,0.00043432750874060864,cores,0.00043432750874060864,0.043432750874060864,,
pbx-web,cpu_usage,pbx-web,pbx-rebuild-relay-588d79c5b9-vmmlz,2026-08-03T23:40:56.296000Z,1785800456.296,0.00044101125555621713,cores,0.00044101125555621713,0.04410112555562171,,
pbx-web,cpu_usage,pbx-web,pbx-rebuild-relay-588d79c5b9-vmmlz,2026-08-04T00:40:56.296000Z,1785804056.296,0.000445494799857388,cores,0.000445494799857388,0.0445494799857388,,
pbx-web,cpu_usage,pbx-web,pbx-rebuild-relay-588d79c5b9-vmmlz,2026-08-04T01:40:56.296000Z,1785807656.296,0.0004016575120134274,cores,0.0004016575120134274,0.04016575120134274,,
pbx-web,cpu_usage,pbx-web,pbx-rebuild-relay-588d79c5b9-vmmlz,2026-08-04T02:40:56.296000Z,1785811256.296,0.0004296322502156893,cores,0.0004296322502156893,0.04296322502156893,,
pbx-web,cpu_usage,pbx-web,pbx-rebuild-relay-588d79c5b9-vmmlz,2026-08-04T03:40:56.296000Z,1785814856.296,0.0003877428184255083,cores,0.0003877428184255083,0.03877428184255083,,
pbx-web,cpu_usage,pbx-web,pbx-rebuild-relay-588d79c5b9-vmmlz,2026-08-04T04:40:56.296000Z,1785818456.296,0.00042008037517803467,cores,0.00042008037517803467,0.042008037517803465,,
pbx-web,cpu_usage,pbx-web,pbx-rebuild-relay-588d79c5b9-vmmlz,2026-08-04T05:40:56.296000Z,1785822056.296,0.0004193084163144171,cores,0.0004193084163144171,0.04193084163144171,,
pbx-web,cpu_usage,pbx-web,pbx-rebuild-relay-588d79c5b9-vmmlz,2026-08-04T06:40:56.296000Z,1785825656.296,0.0004462085776402077,cores,0.0004462085776402077,0.04462085776402077,,
pbx-web,cpu_usage,pbx-web,pbx-rebuild-relay-588d79c5b9-vmmlz,2026-08-04T07:40:56.296000Z,1785829256.296,0.00042642248082786643,cores,0.00042642248082786643,0.042642248082786646,,
pbx-web,cpu_usage,pbx-web,pbx-rebuild-relay-588d79c5b9-vmmlz,2026-08-04T08:40:56.296000Z,1785832856.296,0.0004442886083840363,cores,0.0004442886083840363,0.044428860838403625,,
pbx-web,cpu_usage,pbx-web,pbx-rebuild-relay-588d79c5b9-vmmlz,2026-08-04T09:40:56.296000Z,1785836456.296,0.0004262298044602372,cores,0.0004262298044602372,0.04262298044602372,,
pbx-web,cpu_usage,pbx-web,pbx-rebuild-relay-588d79c5b9-vmmlz,2026-08-04T10:40:56.296000Z,1785840056.296,0.00044998320624839417,cores,0.00044998320624839417,0.04499832062483942,,
pbx-web,cpu_usage,pbx-web,pbx-rebuild-relay-588d79c5b9-vmmlz,2026-08-04T11:40:56.296000Z,1785843656.296,0.00041250264167146,cores,0.00041250264167146,0.041250264167146,,
pbx-web,cpu_usage,pbx-web,pbx-rebuild-relay-588d79c5b9-vmmlz,2026-08-04T12:40:56.296000Z,1785847256.296,0.0004351147130888435,cores,0.0004351147130888435,0.04351147130888435,,
pbx-web,cpu_usage,pbx-web,pbx-rebuild-relay-588d79c5b9-vmmlz,2026-08-04T13:40:56.296000Z,1785850856.296,0.0004039148342601521,cores,0.0004039148342601521,0.040391483426015215,,
pbx-web,cpu_usage,pbx-web,pbx-rebuild-relay-588d79c5b9-vmmlz,2026-08-04T14:40:56.296000Z,1785854456.296,0.0004291626252828556,cores,0.0004291626252828556,0.042916262528285565,,
pbx-web,cpu_usage,pbx-web,pbx-rebuild-relay-588d79c5b9-vmmlz,2026-08-04T15:40:56.296000Z,1785858056.296,0.0004038021881333682,cores,0.0004038021881333682,0.04038021881333682,,
pbx-web,cpu_usage,pbx-web,pbx-rebuild-relay-588d79c5b9-vmmlz,2026-08-04T16:40:56.296000Z,1785861656.296,0.0004257171504731385,cores,0.0004257171504731385,0.04257171504731385,,
pbx-web,cpu_usage,pbx-web,pbx-rebuild-relay-588d79c5b9-vmmlz,2026-08-04T17:40:56.296000Z,1785865256.296,0.00022801591420181915,cores,0.00022801591420181915,0.022801591420181917,,
pbx-web,cpu_usage,pbx-web,pbx-rebuild-relay-588d79c5b9-vmmlz,2026-08-04T18:40:56.296000Z,1785868856.296,0.00041889234459767697,cores,0.00041889234459767697,0.0418892344597677,,
pbx-web,cpu_usage,pbx-web,pbx-rebuild-relay-588d79c5b9-vmmlz,2026-08-04T19:40:56.296000Z,1785872456.296,0.0004238759893820097,cores,0.0004238759893820097,0.04238759893820097,,
pbx-web,cpu_usage,pbx-web,pbx-rebuild-relay-588d79c5b9-vmmlz,2026-08-04T20:40:56.296000Z,1785876056.296,0.00040277401514980107,cores,0.00040277401514980107,0.040277401514980105,,
pbx-web,cpu_usage,pbx-web,pbx-rebuild-relay-588d79c5b9-vmmlz,2026-08-04T21:40:56.296000Z,1785879656.296,0.0004587264235033,cores,0.0004587264235033,0.04587264235033,,
pbx-web,cpu_usage,pbx-web,pbx-rebuild-relay-588d79c5b9-vmmlz,2026-08-04T22:40:56.296000Z,1785883256.296,0.0004414446753137765,cores,0.0004414446753137765,0.04414446753137765,,
pbx-web,cpu_usage,pbx-web,pbx-rebuild-relay-588d79c5b9-vmmlz,2026-08-04T23:40:56.296000Z,1785886856.296,0.00040022476805480657,cores,0.00040022476805480657,0.040022476805480656,,
pbx-web,cpu_usage,pbx-web,pbx-rebuild-relay-588d79c5b9-vmmlz,2026-08-05T00:40:56.296000Z,1785890456.296,0.00045925333164867723,cores,0.00045925333164867723,0.04592533316486772,,
pbx-web,cpu_usage,pbx-web,pbx-rebuild-relay-588d79c5b9-vmmlz,2026-08-05T01:40:56.296000Z,1785894056.296,0.0004353124476340199,cores,0.0004353124476340199,0.04353124476340199,,
pbx-web,cpu_usage,pbx-web,pbx-rebuild-relay-588d79c5b9-vmmlz,2026-08-05T02:40:56.296000Z,1785897656.296,0.0004262597097577092,cores,0.0004262597097577092,0.04262597097577092,,
pbx-web,cpu_usage,pbx-web,pbx-rebuild-relay-588d79c5b9-vmmlz,2026-08-05T03:40:56.296000Z,1785901256.296,0.00043164478185675644,cores,0.00043164478185675644,0.04316447818567564,,
pbx-web,cpu_usage,pbx-web,pbx-rebuild-relay-588d79c5b9-vmmlz,2026-08-05T04:40:56.296000Z,1785904856.296,0.00042978044367165513,cores,0.00042978044367165513,0.04297804436716551,,
pbx-web,cpu_usage,pbx-web,pbx-rebuild-relay-588d79c5b9-vmmlz,2026-08-05T05:40:56.296000Z,1785908456.296,0.00044201349270514556,cores,0.00044201349270514556,0.044201349270514556,,
pbx-web,cpu_usage,pbx-web,pbx-rebuild-relay-588d79c5b9-vmmlz,2026-08-05T06:40:56.296000Z,1785912056.296,0.00041737481885831403,cores,0.00041737481885831403,0.0417374818858314,,
pbx-web,cpu_usage,pbx-web,pbx-rebuild-relay-588d79c5b9-vmmlz,2026-08-05T07:40:56.296000Z,1785915656.296,0.00044037594277975835,cores,0.00044037594277975835,0.044037594277975836,,
pbx-web,cpu_usage,pbx-web,pbx-rebuild-relay-588d79c5b9-vmmlz,2026-08-05T08:40:56.296000Z,1785919256.296,0.00044947694732884957,cores,0.00044947694732884957,0.04494769473288496,,
pbx-web,cpu_usage,pbx-web,pbx-rebuild-relay-588d79c5b9-vmmlz,2026-08-05T09:40:56.296000Z,1785922856.296,0.0004529277310440219,cores,0.0004529277310440219,0.04529277310440219,,
pbx-web,cpu_usage,pbx-web,pbx-rebuild-relay-588d79c5b9-vmmlz,2026-08-05T10:40:56.296000Z,1785926456.296,0.0004399352522379797,cores,0.0004399352522379797,0.04399352522379797,,
pbx-web,cpu_usage,pbx-web,pbx-rebuild-relay-588d79c5b9-vmmlz,2026-08-05T11:40:56.296000Z,1785930056.296,0.00043252646072685264,cores,0.00043252646072685264,0.043252646072685266,,
pbx-web,cpu_usage,pbx-web,pbx-rebuild-relay-588d79c5b9-vmmlz,2026-08-05T12:40:56.296000Z,1785933656.296,0.00045153091833288354,cores,0.00045153091833288354,0.045153091833288354,,
pbx-web,cpu_usage,pbx-web,pbx-rebuild-relay-588d79c5b9-vmmlz,2026-08-05T13:40:56.296000Z,1785937256.296,0.0004477362498582628,cores,0.0004477362498582628,0.04477362498582628,,
pbx-web,cpu_usage,pbx-web,pbx-rebuild-relay-588d79c5b9-vmmlz,2026-08-05T14:40:56.296000Z,1785940856.296,0.000417315452995301,cores,0.000417315452995301,0.041731545299530104,,
pbx-web,cpu_usage,pbx-web,pbx-rebuild-relay-588d79c5b9-vmmlz,2026-08-05T15:40:56.296000Z,1785944456.296,0.00040273135123885124,cores,0.00040273135123885124,0.040273135123885126,,
pbx-web,cpu_usage,pbx-web,pbx-rebuild-relay-588d79c5b9-vmmlz,2026-08-05T16:40:56.296000Z,1785948056.296,0.0004507257111016795,cores,0.0004507257111016795,0.04507257111016795,,
pbx-web,cpu_usage,pbx-web,pbx-rebuild-relay-588d79c5b9-vmmlz,2026-08-05T17:40:56.296000Z,1785951656.296,0.0004371052490121236,cores,0.0004371052490121236,0.04371052490121236,,
pbx-web,cpu_usage,pbx-web,pbx-rebuild-relay-588d79c5b9-vmmlz,2026-08-05T18:40:56.296000Z,1785955256.296,0.0004260668858436541,cores,0.0004260668858436541,0.04260668858436541,,
pbx-web,cpu_usage,pbx-web,pbx-rebuild-relay-588d79c5b9-vmmlz,2026-08-05T19:40:56.296000Z,1785958856.296,0.0004310645724260154,cores,0.0004310645724260154,0.04310645724260154,,
pbx-web,cpu_usage,pbx-web,pbx-rebuild-relay-588d79c5b9-vmmlz,2026-08-05T20:40:56.296000Z,1785962456.296,0.0004371557566882879,cores,0.0004371557566882879,0.04371557566882879,,
pbx-web,cpu_usage,pbx-web,pbx-rebuild-relay-588d79c5b9-vmmlz,2026-08-05T21:40:56.296000Z,1785966056.296,0.0004414695067923984,cores,0.0004414695067923984,0.04414695067923984,,
pbx-web,cpu_usage,pbx-web,pbx-rebuild-relay-588d79c5b9-vmmlz,2026-08-05T22:40:56.296000Z,1785969656.296,0.0004216779983092095,cores,0.0004216779983092095,0.04216779983092095,,
pbx-web,cpu_usage,pbx-web,pbx-rebuild-relay-588d79c5b9-vmmlz,2026-08-05T23:40:56.296000Z,1785973256.296,0.0004330718408691168,cores,0.0004330718408691168,0.04330718408691168,,
pbx-web,cpu_usage,pbx-web,pbx-rebuild-relay-588d79c5b9-vmmlz,2026-08-06T00:40:56.296000Z,1785976856.296,0.0004152546812946341,cores,0.0004152546812946341,0.04152546812946341,,
pbx-web,cpu_usage,pbx-web,pbx-rebuild-relay-588d79c5b9-vmmlz,2026-08-06T01:40:56.296000Z,1785980456.296,0.00024099541811415358,cores,0.00024099541811415358,0.024099541811415357,,
pbx-web,cpu_usage,pbx-web,pbx-rebuild-relay-588d79c5b9-vmmlz,2026-08-06T02:40:56.296000Z,1785984056.296,0.0004353369888919785,cores,0.0004353369888919785,0.04353369888919785,,
pbx-web,cpu_usage,pbx-web,pbx-rebuild-relay-588d79c5b9-vmmlz,2026-08-06T03:40:56.296000Z,1785987656.296,0.00043940943902251895,cores,0.00043940943902251895,0.043940943902251894,,
pbx-web,cpu_usage,pbx-web,pbx-rebuild-relay-588d79c5b9-vmmlz,2026-08-06T04:40:56.296000Z,1785991256.296,0.0004078567900724858,cores,0.0004078567900724858,0.04078567900724858,,
pbx-web,cpu_usage,pbx-web,pbx-rebuild-relay-588d79c5b9-vmmlz,2026-08-06T05:40:56.296000Z,1785994856.296,0.000436384757086753,cores,0.000436384757086753,0.0436384757086753,,
pbx-web,cpu_usage,pbx-web,pbx-rebuild-relay-588d79c5b9-vmmlz,2026-08-06T06:40:56.296000Z,1785998456.296,0.0004392333405659623,cores,0.0004392333405659623,0.04392333405659623,,
pbx-web,cpu_usage,pbx-web,pbx-rebuild-relay-588d79c5b9-vmmlz,2026-08-06T07:40:56.296000Z,1786002056.296,0.0004046323107722389,cores,0.0004046323107722389,0.04046323107722389,,
pbx-web,cpu_usage,pbx-web,pbx-rebuild-relay-588d79c5b9-vmmlz,2026-08-06T08:40:56.296000Z,1786005656.296,0.0004329435130308309,cores,0.0004329435130308309,0.04329435130308309,,
pbx-web,cpu_usage,pbx-web,pbx-rebuild-relay-588d79c5b9-vmmlz,2026-08-06T09:40:56.296000Z,1786009256.296,0.0004227727443010136,cores,0.0004227727443010136,0.04227727443010136,,
pbx-web,cpu_usage,pbx-web,pbx-rebuild-relay-588d79c5b9-vmmlz,2026-08-06T10:40:56.296000Z,1786012856.296,0.00043209044071966843,cores,0.00043209044071966843,0.043209044071966844,,
pbx-web,cpu_usage,pbx-web,pbx-rebuild-relay-588d79c5b9-vmmlz,2026-08-06T11:40:56.296000Z,1786016456.296,0.00042244785605254255,cores,0.00042244785605254255,0.042244785605254256,,
pbx-web,cpu_usage,pbx-web,pbx-rebuild-relay-588d79c5b9-vmmlz,2026-08-06T12:40:56.296000Z,1786020056.296,0.00043840119722279115,cores,0.00043840119722279115,0.043840119722279115,,
pbx-web,cpu_usage,pbx-web,pbx-rebuild-relay-588d79c5b9-vmmlz,2026-08-06T13:40:56.296000Z,1786023656.296,0.00043117713492685694,cores,0.00043117713492685694,0.04311771349268569,,
pbx-web,cpu_usage,pbx-web,pbx-rebuild-relay-588d79c5b9-vmmlz,2026-08-06T14:40:56.296000Z,1786027256.296,0.0004039128213859772,cores,0.0004039128213859772,0.040391282138597724,,
pbx-web,cpu_usage,pbx-web,pbx-rebuild-relay-588d79c5b9-vmmlz,2026-08-06T15:40:56.296000Z,1786030856.296,0.00043990903760093896,cores,0.00043990903760093896,0.043990903760093895,,
pbx-web,cpu_usage,pbx-web,pbx-rebuild-relay-588d79c5b9-vmmlz,2026-08-06T16:40:56.296000Z,1786034456.296,0.0004616264154048092,cores,0.0004616264154048092,0.04616264154048092,,
pbx-web,cpu_usage,pbx-web,pbx-rebuild-relay-588d79c5b9-vmmlz,2026-08-06T17:40:56.296000Z,1786038056.296,0.00044935221880625304,cores,0.00044935221880625304,0.044935221880625306,,
pbx-web,cpu_usage,pbx-web,pbx-rebuild-relay-588d79c5b9-vmmlz,2026-08-06T18:40:56.296000Z,1786041656.296,0.00045263365194563005,cores,0.00045263365194563005,0.045263365194563004,,
pbx-web,cpu_usage,pbx-web,pbx-rebuild-relay-588d79c5b9-vmmlz,2026-08-06T19:40:56.296000Z,1786045256.296,0.0004414897817083951,cores,0.0004414897817083951,0.04414897817083951,,
pbx-web,cpu_usage,pbx-web,pbx-rebuild-relay-588d79c5b9-vmmlz,2026-08-06T20:40:56.296000Z,1786048856.296,0.0004438159035604895,cores,0.0004438159035604895,0.04438159035604895,,
pbx-web,cpu_usage,pbx-web,pbx-rebuild-relay-588d79c5b9-vmmlz,2026-08-06T21:40:56.296000Z,1786052456.296,0.0004326675812999323,cores,0.0004326675812999323,0.043266758129993234,,
pbx-web,cpu_usage,pbx-web,pbx-rebuild-relay-588d79c5b9-vmmlz,2026-08-06T22:40:56.296000Z,1786056056.296,0.00043828470937749007,cores,0.00043828470937749007,0.043828470937749005,,
pbx-web,cpu_usage,pbx-web,pbx-rebuild-relay-588d79c5b9-vmmlz,2026-08-06T23:40:56.296000Z,1786059656.296,0.000427314486668886,cores,0.000427314486668886,0.0427314486668886,,
pbx-web,cpu_usage,pbx-web,pbx-rebuild-relay-588d79c5b9-vmmlz,2026-08-07T00:40:56.296000Z,1786063256.296,0.00043972569695723267,cores,0.00043972569695723267,0.04397256969572327,,
pbx-web,cpu_usage,pbx-web,pbx-rebuild-relay-588d79c5b9-vmmlz,2026-08-07T01:40:56.296000Z,1786066856.296,0.0004124639689619026,cores,0.0004124639689619026,0.04124639689619026,,
pbx-web,cpu_usage,pbx-web,pbx-rebuild-relay-588d79c5b9-vmmlz,2026-08-07T02:40:56.296000Z,1786070456.296,0.0004558876925440653,cores,0.0004558876925440653,0.04558876925440653,,
pbx-web,cpu_usage,pbx-web,pbx-rebuild-relay-588d79c5b9-vmmlz,2026-08-07T03:40:56.296000Z,1786074056.296,0.00041636632154732066,cores,0.00041636632154732066,0.04163663215473207,,
pbx-web,cpu_usage,pbx-web,pbx-rebuild-relay-588d79c5b9-vmmlz,2026-08-07T04:40:56.296000Z,1786077656.296,0.0004598464062354316,cores,0.0004598464062354316,0.04598464062354316,,
pbx-web,cpu_usage,pbx-web,pbx-rebuild-relay-588d79c5b9-vmmlz,2026-08-07T05:40:56.296000Z,1786081256.296,0.00047019446522047575,cores,0.00047019446522047575,0.04701944652204758,,
pbx-web,cpu_usage,pbx-web,pbx-rebuild-relay-588d79c5b9-vmmlz,2026-08-07T06:40:56.296000Z,1786084856.296,0.000478713997630464,cores,0.000478713997630464,0.0478713997630464,,
pbx-web,cpu_usage,pbx-web,pbx-rebuild-relay-588d79c5b9-vmmlz,2026-08-07T07:40:56.296000Z,1786088456.296,0.00048034027731268605,cores,0.00048034027731268605,0.04803402773126861,,
pbx-web,cpu_usage,pbx-web,pbx-rebuild-relay-588d79c5b9-vmmlz,2026-08-07T08:40:56.296000Z,1786092056.296,0.0004746382649056339,cores,0.0004746382649056339,0.04746382649056339,,
pbx-web,cpu_usage,pbx-web,pbx-rebuild-relay-588d79c5b9-vmmlz,2026-08-07T09:40:56.296000Z,1786095656.296,0.0004339102354777276,cores,0.0004339102354777276,0.04339102354777276,,
pbx-web,cpu_usage,pbx-web,pbx-rebuild-relay-588d79c5b9-vmmlz,2026-08-07T10:40:56.296000Z,1786099256.296,0.0004417760663219344,cores,0.0004417760663219344,0.04417760663219344,,
pbx-web,cpu_usage,pbx-web,pbx-rebuild-relay-588d79c5b9-vmmlz,2026-08-07T11:40:56.296000Z,1786102856.296,0.00043598467355553767,cores,0.00043598467355553767,0.04359846735555377,,
pbx-web,cpu_usage,pbx-web,pbx-rebuild-relay-588d79c5b9-vmmlz,2026-08-07T12:40:56.296000Z,1786106456.296,0.0004066326418189736,cores,0.0004066326418189736,0.04066326418189736,,
pbx-web,cpu_usage,pbx-web,pbx-rebuild-relay-588d79c5b9-vmmlz,2026-08-07T13:40:56.296000Z,1786110056.296,0.00045087985246112676,cores,0.00045087985246112676,0.045087985246112676,,
pbx-web,cpu_usage,pbx-web,pbx-rebuild-relay-588d79c5b9-vmmlz,2026-08-07T14:40:56.296000Z,1786113656.296,0.0004336972433296913,cores,0.0004336972433296913,0.04336972433296913,,
pbx-web,cpu_usage,pbx-web,pbx-rebuild-relay-588d79c5b9-vmmlz,2026-08-07T15:40:56.296000Z,1786117256.296,0.0004412762949183729,cores,0.0004412762949183729,0.044127629491837295,,
pbx-web,cpu_usage,pbx-web,pbx-rebuild-relay-588d79c5b9-vmmlz,2026-08-07T16:40:56.296000Z,1786120856.296,0.0004274651199247314,cores,0.0004274651199247314,0.04274651199247314,,
pbx-web,cpu_usage,pbx-web,pbx-rebuild-relay-588d79c5b9-vmmlz,2026-08-07T17:40:56.296000Z,1786124456.296,0.00034461556955646335,cores,0.00034461556955646335,0.03446155695564634,,
pbx-web,cpu_usage,pbx-web,pbx-rebuild-relay-588d79c5b9-vmmlz,2026-08-07T18:40:56.296000Z,1786128056.296,0.00036636723064264245,cores,0.00036636723064264245,0.03663672306426424,,
pbx-web,cpu_usage,pbx-web,pbx-rebuild-relay-588d79c5b9-vmmlz,2026-08-07T19:40:56.296000Z,1786131656.296,0.000332740426190043,cores,0.000332740426190043,0.033274042619004296,,
pbx-web,cpu_usage,pbx-web,pbx-rebuild-relay-588d79c5b9-vmmlz,2026-08-07T20:40:56.296000Z,1786135256.296,0.000449259173393345,cores,0.000449259173393345,0.0449259173393345,,
pbx-web,cpu_usage,pbx-web,pbx-rebuild-relay-588d79c5b9-vmmlz,2026-08-07T21:40:56.296000Z,1786138856.296,0.0004762096270921601,cores,0.0004762096270921601,0.04762096270921601,,
pbx-web,cpu_usage,pbx-web,pbx-rebuild-relay-588d79c5b9-vmmlz,2026-08-07T22:40:56.296000Z,1786142456.296,0.0004400640114316659,cores,0.0004400640114316659,0.04400640114316659,,
pbx-web,cpu_usage,pbx-web,pbx-rebuild-relay-588d79c5b9-vmmlz,2026-08-07T23:40:56.296000Z,1786146056.296,0.00046681868966495804,cores,0.00046681868966495804,0.0466818689664958,,
pbx-web,cpu_usage,pbx-web,pbx-rebuild-relay-588d79c5b9-vmmlz,2026-08-08T00:40:56.296000Z,1786149656.296,0.0004453736533354904,cores,0.0004453736533354904,0.04453736533354904,,
pbx-web,cpu_usage,pbx-web,pbx-rebuild-relay-588d79c5b9-vmmlz,2026-08-08T01:40:56.296000Z,1786153256.296,0.0004654912778222973,cores,0.0004654912778222973,0.04654912778222973,,
pbx-web,cpu_usage,pbx-web,pbx-rebuild-relay-588d79c5b9-vmmlz,2026-08-08T02:40:56.296000Z,1786156856.296,0.0004422216099588803,cores,0.0004422216099588803,0.04422216099588803,,
pbx-web,cpu_usage,pbx-web,pbx-rebuild-relay-588d79c5b9-vmmlz,2026-08-08T03:40:56.296000Z,1786160456.296,0.00046221998726540413,cores,0.00046221998726540413,0.04622199872654041,,
pbx-web,cpu_usage,pbx-web,pbx-rebuild-relay-588d79c5b9-vmmlz,2026-08-08T04:40:56.296000Z,1786164056.296,0.0004643464111997901,cores,0.0004643464111997901,0.04643464111997901,,
pbx-web,cpu_usage,pbx-web,pbx-rebuild-relay-588d79c5b9-vmmlz,2026-08-08T05:40:56.296000Z,1786167656.296,0.00047379998129453197,cores,0.00047379998129453197,0.0473799981294532,,
pbx-web,cpu_usage,pbx-web,pbx-rebuild-relay-588d79c5b9-vmmlz,2026-08-08T06:40:56.296000Z,1786171256.296,0.00046049758380379055,cores,0.00046049758380379055,0.04604975838037906,,
pbx-web,cpu_usage,pbx-web,pbx-rebuild-relay-588d79c5b9-vmmlz,2026-08-08T07:40:56.296000Z,1786174856.296,0.00046461413843341086,cores,0.00046461413843341086,0.046461413843341084,,
pbx-web,cpu_usage,pbx-web,pbx-rebuild-relay-588d79c5b9-vmmlz,2026-08-08T08:40:56.296000Z,1786178456.296,0.00045457022864142557,cores,0.00045457022864142557,0.045457022864142556,,
pbx-web,cpu_usage,pbx-web,pbx-rebuild-relay-588d79c5b9-vmmlz,2026-08-08T09:40:56.296000Z,1786182056.296,0.0004661837809070034,cores,0.0004661837809070034,0.04661837809070034,,
pbx-web,cpu_usage,pbx-web,pbx-rebuild-relay-588d79c5b9-vmmlz,2026-08-08T10:40:56.296000Z,1786185656.296,0.00041405338180433446,cores,0.00041405338180433446,0.041405338180433446,,
pbx-web,cpu_usage,pbx-web,pbx-rebuild-relay-588d79c5b9-vmmlz,2026-08-08T11:40:56.296000Z,1786189256.296,0.0004720194819195589,cores,0.0004720194819195589,0.04720194819195589,,
pbx-web,cpu_usage,pbx-web,pbx-rebuild-relay-588d79c5b9-vmmlz,2026-08-08T12:40:56.296000Z,1786192856.296,0.0004164961248308909,cores,0.0004164961248308909,0.041649612483089085,,
pbx-web,cpu_usage,pbx-web,pbx-rebuild-relay-588d79c5b9-vmmlz,2026-08-08T13:40:56.296000Z,1786196456.296,0.0004485922429785434,cores,0.0004485922429785434,0.04485922429785434,,
pbx-web,cpu_usage,pbx-web,pbx-rebuild-relay-588d79c5b9-vmmlz,2026-08-08T14:40:56.296000Z,1786200056.296,0.00046234718153955807,cores,0.00046234718153955807,0.04623471815395581,,
pbx-web,cpu_usage,pbx-web,pbx-rebuild-relay-588d79c5b9-vmmlz,2026-08-08T15:40:56.296000Z,1786203656.296,0.0004469657276153126,cores,0.0004469657276153126,0.04469657276153126,,
pbx-web,cpu_usage,pbx-web,pbx-rebuild-relay-588d79c5b9-vmmlz,2026-08-08T16:40:56.296000Z,1786207256.296,0.0004510728008432698,cores,0.0004510728008432698,0.04510728008432698,,
pbx-web,cpu_usage,pbx-web,pbx-rebuild-relay-588d79c5b9-vmmlz,2026-08-08T17:40:56.296000Z,1786210856.296,0.0004529454540343212,cores,0.0004529454540343212,0.04529454540343212,,
pbx-web,cpu_usage,pbx-web,pbx-rebuild-relay-588d79c5b9-vmmlz,2026-08-08T18:40:56.296000Z,1786214456.296,0.000351903375021482,cores,0.000351903375021482,0.0351903375021482,,
pbx-web,cpu_usage,pbx-web,pbx-rebuild-relay-588d79c5b9-vmmlz,2026-08-08T19:40:56.296000Z,1786218056.296,0.0004097712321627069,cores,0.0004097712321627069,0.040977123216270686,,
pbx-web,cpu_usage,pbx-web,pbx-rebuild-relay-588d79c5b9-vmmlz,2026-08-08T20:40:56.296000Z,1786221656.296,0.00040527639568530016,cores,0.00040527639568530016,0.04052763956853002,,
pbx-web,cpu_usage,pbx-web,pbx-rebuild-relay-588d79c5b9-vmmlz,2026-08-08T21:40:56.296000Z,1786225256.296,0.0004147006392490057,cores,0.0004147006392490057,0.041470063924900574,,
pbx-web,cpu_usage,pbx-web,pbx-rebuild-relay-588d79c5b9-vmmlz,2026-08-08T22:40:56.296000Z,1786228856.296,0.00042843171376832814,cores,0.00042843171376832814,0.042843171376832814,,
pbx-web,cpu_usage,pbx-web,pbx-rebuild-relay-588d79c5b9-vmmlz,2026-08-08T23:40:56.296000Z,1786232456.296,0.0004552018155524185,cores,0.0004552018155524185,0.045520181555241845,,
pbx-web,cpu_usage,pbx-web,pbx-rebuild-relay-588d79c5b9-vmmlz,2026-08-09T00:40:56.296000Z,1786236056.296,0.0004498868770453477,cores,0.0004498868770453477,0.04498868770453477,,
pbx-web,cpu_usage,pbx-web,pbx-rebuild-relay-588d79c5b9-vmmlz,2026-08-09T01:40:56.296000Z,1786239656.296,0.0004238212261686359,cores,0.0004238212261686359,0.04238212261686359,,
pbx-web,cpu_usage,pbx-web,pbx-rebuild-relay-588d79c5b9-vmmlz,2026-08-09T02:40:56.296000Z,1786243256.296,0.0004637297836360553,cores,0.0004637297836360553,0.04637297836360553,,
pbx-web,cpu_usage,pbx-web,pbx-rebuild-relay-588d79c5b9-vmmlz,2026-08-09T03:40:56.296000Z,1786246856.296,0.0004627418148136855,cores,0.0004627418148136855,0.046274181481368554,,
pbx-web,cpu_usage,pbx-web,pbx-rebuild-relay-588d79c5b9-vmmlz,2026-08-09T04:40:56.296000Z,1786250456.296,0.0004481116174962749,cores,0.0004481116174962749,0.04481116174962749,,
pbx-web,cpu_usage,pbx-web,pbx-rebuild-relay-588d79c5b9-vmmlz,2026-08-09T05:40:56.296000Z,1786254056.296,0.0004128988005206584,cores,0.0004128988005206584,0.04128988005206584,,
pbx-web,cpu_usage,pbx-web,pbx-rebuild-relay-588d79c5b9-vmmlz,2026-08-09T06:40:56.296000Z,1786257656.296,0.00044111905850040603,cores,0.00044111905850040603,0.0441119058500406,,
pbx-web,cpu_usage,pbx-web,pbx-rebuild-relay-588d79c5b9-vmmlz,2026-08-09T07:40:56.296000Z,1786261256.296,0.0004412014527048915,cores,0.0004412014527048915,0.04412014527048915,,
pbx-web,cpu_usage,pbx-web,pbx-rebuild-relay-588d79c5b9-vmmlz,2026-08-09T08:40:56.296000Z,1786264856.296,0.00045096419013800423,cores,0.00045096419013800423,0.045096419013800425,,
pbx-web,cpu_usage,pbx-web,pbx-rebuild-relay-588d79c5b9-vmmlz,2026-08-09T09:40:56.296000Z,1786268456.296,0.00040681593228436346,cores,0.00040681593228436346,0.04068159322843635,,
pbx-web,cpu_usage,pbx-web,pbx-rebuild-relay-588d79c5b9-vmmlz,2026-08-09T10:40:56.296000Z,1786272056.296,0.00046196341437215364,cores,0.00046196341437215364,0.04619634143721536,,
pbx-web,cpu_usage,pbx-web,pbx-rebuild-relay-588d79c5b9-vmmlz,2026-08-09T11:40:56.296000Z,1786275656.296,0.00043339743542709024,cores,0.00043339743542709024,0.043339743542709024,,
pbx-web,cpu_usage,pbx-web,pbx-rebuild-relay-588d79c5b9-vmmlz,2026-08-09T12:40:56.296000Z,1786279256.296,0.00039691679377667496,cores,0.00039691679377667496,0.039691679377667495,,
pbx-web,cpu_usage,pbx-web,pbx-rebuild-relay-588d79c5b9-vmmlz,2026-08-09T13:40:56.296000Z,1786282856.296,0.00046155133670253964,cores,0.00046155133670253964,0.046155133670253964,,
pbx-web,cpu_usage,pbx-web,pbx-rebuild-relay-588d79c5b9-vmmlz,2026-08-09T14:40:56.296000Z,1786286456.296,0.0004445852964337874,cores,0.0004445852964337874,0.04445852964337874,,
pbx-web,cpu_usage,pbx-web,pbx-rebuild-relay-588d79c5b9-vmmlz,2026-08-09T15:40:56.296000Z,1786290056.296,0.0004774894941897565,cores,0.0004774894941897565,0.04774894941897565,,
pbx-web,cpu_usage,pbx-web,pbx-rebuild-relay-588d79c5b9-vmmlz,2026-08-09T16:40:56.296000Z,1786293656.296,0.0004506523001089281,cores,0.0004506523001089281,0.04506523001089281,,
pbx-web,cpu_usage,pbx-web,pbx-rebuild-relay-588d79c5b9-vmmlz,2026-08-09T17:40:56.296000Z,1786297256.296,0.00044400217301432437,cores,0.00044400217301432437,0.04440021730143243,,
pbx-web,cpu_usage,pbx-web,pbx-rebuild-relay-588d79c5b9-vmmlz,2026-08-09T18:40:56.296000Z,1786300856.296,0.00044456900586020253,cores,0.00044456900586020253,0.044456900586020254,,
pbx-web,cpu_usage,pbx-web,pbx-rebuild-relay-588d79c5b9-vmmlz,2026-08-09T19:40:56.296000Z,1786304456.296,0.0004518683075419977,cores,0.0004518683075419977,0.04518683075419977,,
pbx-web,cpu_usage,pbx-web,pbx-rebuild-relay-588d79c5b9-vmmlz,2026-08-09T20:40:56.296000Z,1786308056.296,0.00047718458560610307,cores,0.00047718458560610307,0.047718458560610306,,
pbx-web,cpu_usage,pbx-web,pbx-rebuild-relay-588d79c5b9-vmmlz,2026-08-09T21:40:56.296000Z,1786311656.296,0.0004197786366829971,cores,0.0004197786366829971,0.04197786366829971,,
pbx-web,cpu_usage,pbx-web,pbx-rebuild-relay-588d79c5b9-vmmlz,2026-08-09T22:40:56.296000Z,1786315256.296,0.0004438673860789846,cores,0.0004438673860789846,0.04438673860789846,,
pbx-web,cpu_usage,pbx-web,pbx-rebuild-relay-588d79c5b9-vmmlz,2026-08-09T23:40:56.296000Z,1786318856.296,0.0004444746957650937,cores,0.0004444746957650937,0.04444746957650937,,
pbx-web,cpu_usage,pbx-web,pbx-rebuild-relay-588d79c5b9-vmmlz,2026-08-10T00:40:56.296000Z,1786322456.296,0.0004599872027302083,cores,0.0004599872027302083,0.04599872027302083,,
pbx-web,cpu_usage,pbx-web,pbx-rebuild-relay-588d79c5b9-vmmlz,2026-08-10T01:40:56.296000Z,1786326056.296,0.00042308726446808176,cores,0.00042308726446808176,0.04230872644680818,,
pbx-web,cpu_usage,pbx-web,pbx-rebuild-relay-588d79c5b9-vmmlz,2026-08-10T02:40:56.296000Z,1786329656.296,0.0004680240976777804,cores,0.0004680240976777804,0.04680240976777804,,
pbx-web,cpu_usage,pbx-web,pbx-rebuild-relay-588d79c5b9-vmmlz,2026-08-10T03:40:56.296000Z,1786333256.296,0.00044226951453015206,cores,0.00044226951453015206,0.04422695145301521,,
pbx-web,cpu_usage,pbx-web,pbx-rebuild-relay-588d79c5b9-vmmlz,2026-08-10T04:40:56.296000Z,1786336856.296,0.0004286492318761966,cores,0.0004286492318761966,0.04286492318761966,,
pbx-web,cpu_usage,pbx-web,pbx-rebuild-relay-588d79c5b9-vmmlz,2026-08-10T05:40:56.296000Z,1786340456.296,0.00045314891311740743,cores,0.00045314891311740743,0.04531489131174074,,
pbx-web,cpu_usage,pbx-web,pbx-rebuild-relay-588d79c5b9-vmmlz,2026-08-10T06:40:56.296000Z,1786344056.296,0.00043031781437832985,cores,0.00043031781437832985,0.04303178143783298,,
pbx-web,cpu_usage,pbx-web,pbx-rebuild-relay-588d79c5b9-vmmlz,2026-08-10T07:40:56.296000Z,1786347656.296,0.0004449044807226395,cores,0.0004449044807226395,0.044490448072263954,,
pbx-web,cpu_usage,pbx-web,pbx-rebuild-relay-588d79c5b9-vmmlz,2026-08-10T08:40:56.296000Z,1786351256.296,0.0004213175957948485,cores,0.0004213175957948485,0.042131759579484854,,
pbx-web,cpu_usage,pbx-web,pbx-rebuild-relay-588d79c5b9-vmmlz,2026-08-10T09:40:56.296000Z,1786354856.296,0.00048031340787036927,cores,0.00048031340787036927,0.04803134078703693,,
pbx-web,cpu_usage,pbx-web,pbx-rebuild-relay-588d79c5b9-vmmlz,2026-08-10T10:40:56.296000Z,1786358456.296,0.000450232724668548,cores,0.000450232724668548,0.0450232724668548,,
pbx-web,cpu_usage,pbx-web,pbx-web-5ff68464d-mkn8n,2026-07-30T18:40:56.296000Z,1785436856.296,0.0010259851895870846,cores,0.0010259851895870846,0.10259851895870846,,
pbx-web,cpu_usage,pbx-web,pbx-web-5ff68464d-mkn8n,2026-07-30T19:40:56.296000Z,1785440456.296,0.0010751103326365763,cores,0.0010751103326365763,0.10751103326365763,,
pbx-web,cpu_usage,pbx-web,pbx-web-5ff68464d-mkn8n,2026-07-30T20:40:56.296000Z,1785444056.296,0.0010689035420499023,cores,0.0010689035420499023,0.10689035420499023,,
pbx-web,cpu_usage,pbx-web,pbx-web-5ff68464d-mkn8n,2026-07-30T21:40:56.296000Z,1785447656.296,0.0011433995916459978,cores,0.0011433995916459978,0.11433995916459978,,
pbx-web,cpu_usage,pbx-web,pbx-web-5ff68464d-mkn8n,2026-07-30T22:40:56.296000Z,1785451256.296,0.0011210280689346688,cores,0.0011210280689346688,0.11210280689346688,,
pbx-web,cpu_usage,pbx-web,pbx-web-5ff68464d-mkn8n,2026-07-30T23:40:56.296000Z,1785454856.296,0.001083574419531858,cores,0.001083574419531858,0.10835744195318579,,
pbx-web,cpu_usage,pbx-web,pbx-web-5ff68464d-mkn8n,2026-07-31T00:40:56.296000Z,1785458456.296,0.0011537143835463359,cores,0.0011537143835463359,0.1153714383546336,,
pbx-web,cpu_usage,pbx-web,pbx-web-5ff68464d-mkn8n,2026-07-31T01:40:56.296000Z,1785462056.296,0.000932748608865028,cores,0.000932748608865028,0.0932748608865028,,
pbx-web,cpu_usage,pbx-web,pbx-web-5ff68464d-mkn8n,2026-07-31T02:40:56.296000Z,1785465656.296,0.0009403273556950498,cores,0.0009403273556950498,0.09403273556950498,,
pbx-web,cpu_usage,pbx-web,pbx-web-5ff68464d-mkn8n,2026-07-31T03:40:56.296000Z,1785469256.296,0.0009371866099440784,cores,0.0009371866099440784,0.09371866099440784,,
pbx-web,cpu_usage,pbx-web,pbx-web-5ff68464d-mkn8n,2026-07-31T04:40:56.296000Z,1785472856.296,0.0009267397937567191,cores,0.0009267397937567191,0.09267397937567191,,
pbx-web,cpu_usage,pbx-web,pbx-web-5ff68464d-mkn8n,2026-07-31T05:40:56.296000Z,1785476456.296,0.0011252142540882771,cores,0.0011252142540882771,0.11252142540882772,,
pbx-web,cpu_usage,pbx-web,pbx-web-5ff68464d-mkn8n,2026-07-31T06:40:56.296000Z,1785480056.296,0.0011226424064940809,cores,0.0011226424064940809,0.11226424064940808,,
pbx-web,cpu_usage,pbx-web,pbx-web-5ff68464d-mkn8n,2026-07-31T07:40:56.296000Z,1785483656.296,0.0010992699861873776,cores,0.0010992699861873776,0.10992699861873775,,
pbx-web,cpu_usage,pbx-web,pbx-web-5ff68464d-mkn8n,2026-07-31T08:40:56.296000Z,1785487256.296,0.001140396375538501,cores,0.001140396375538501,0.1140396375538501,,
pbx-web,cpu_usage,pbx-web,pbx-web-5ff68464d-mkn8n,2026-07-31T09:40:56.296000Z,1785490856.296,0.0011686942604125972,cores,0.0011686942604125972,0.11686942604125972,,
pbx-web,cpu_usage,pbx-web,pbx-web-5ff68464d-mkn8n,2026-07-31T10:40:56.296000Z,1785494456.296,0.0011659664409684194,cores,0.0011659664409684194,0.11659664409684194,,
pbx-web,cpu_usage,pbx-web,pbx-web-5ff68464d-mkn8n,2026-07-31T11:40:56.296000Z,1785498056.296,0.0011847528914170524,cores,0.0011847528914170524,0.11847528914170524,,
pbx-web,cpu_usage,pbx-web,pbx-web-5ff68464d-mkn8n,2026-07-31T12:40:56.296000Z,1785501656.296,0.0011209363544446075,cores,0.0011209363544446075,0.11209363544446074,,
pbx-web,cpu_usage,pbx-web,pbx-web-5ff68464d-mkn8n,2026-07-31T13:40:56.296000Z,1785505256.296,0.00113217988337439,cores,0.00113217988337439,0.113217988337439,,
pbx-web,cpu_usage,pbx-web,pbx-web-5ff68464d-mkn8n,2026-07-31T14:40:56.296000Z,1785508856.296,0.0011055337764082748,cores,0.0011055337764082748,0.11055337764082748,,
pbx-web,cpu_usage,pbx-web,pbx-web-5ff68464d-mkn8n,2026-07-31T15:40:56.296000Z,1785512456.296,0.0011286567419500576,cores,0.0011286567419500576,0.11286567419500576,,
pbx-web,cpu_usage,pbx-web,pbx-web-5ff68464d-mkn8n,2026-07-31T16:40:56.296000Z,1785516056.296,0.02217577333575503,cores,0.02217577333575503,2.217577333575503,,
pbx-web,cpu_usage,pbx-web,pbx-web-5ff68464d-mkn8n,2026-07-31T17:40:56.296000Z,1785519656.296,0.001181387434332432,cores,0.001181387434332432,0.11813874343324321,,
pbx-web,cpu_usage,pbx-web,pbx-web-5ff68464d-mkn8n,2026-07-31T18:40:56.296000Z,1785523256.296,0.0010954612238171153,cores,0.0010954612238171153,0.10954612238171153,,
pbx-web,cpu_usage,pbx-web,pbx-web-5ff68464d-mkn8n,2026-07-31T19:40:56.296000Z,1785526856.296,0.0011369473720301867,cores,0.0011369473720301867,0.11369473720301868,,
pbx-web,cpu_usage,pbx-web,pbx-web-5ff68464d-mkn8n,2026-07-31T20:40:56.296000Z,1785530456.296,0.0011365719837146593,cores,0.0011365719837146593,0.11365719837146593,,
pbx-web,cpu_usage,pbx-web,pbx-web-5ff68464d-mkn8n,2026-07-31T21:40:56.296000Z,1785534056.296,0.0011647115115676514,cores,0.0011647115115676514,0.11647115115676514,,
pbx-web,cpu_usage,pbx-web,pbx-web-5ff68464d-mkn8n,2026-07-31T22:40:56.296000Z,1785537656.296,0.0010812718087997728,cores,0.0010812718087997728,0.10812718087997727,,
pbx-web,cpu_usage,pbx-web,pbx-web-5ff68464d-mkn8n,2026-07-31T23:40:56.296000Z,1785541256.296,0.0011423860884546947,cores,0.0011423860884546947,0.11423860884546948,,
pbx-web,cpu_usage,pbx-web,pbx-web-5ff68464d-mkn8n,2026-08-01T00:40:56.296000Z,1785544856.296,0.0011697185296666115,cores,0.0011697185296666115,0.11697185296666116,,
pbx-web,cpu_usage,pbx-web,pbx-web-5ff68464d-mkn8n,2026-08-01T01:40:56.296000Z,1785548456.296,0.0011140059207711064,cores,0.0011140059207711064,0.11140059207711064,,
pbx-web,cpu_usage,pbx-web,pbx-web-5ff68464d-mkn8n,2026-08-01T02:40:56.296000Z,1785552056.296,0.0011531796261224035,cores,0.0011531796261224035,0.11531796261224035,,
pbx-web,cpu_usage,pbx-web,pbx-web-5ff68464d-mkn8n,2026-08-01T03:40:56.296000Z,1785555656.296,0.001094545246483043,cores,0.001094545246483043,0.1094545246483043,,
pbx-web,cpu_usage,pbx-web,pbx-web-5ff68464d-mkn8n,2026-08-01T04:40:56.296000Z,1785559256.296,0.0009427173002454654,cores,0.0009427173002454654,0.09427173002454653,,
pbx-web,cpu_usage,pbx-web,pbx-web-5ff68464d-mkn8n,2026-08-01T05:40:56.296000Z,1785562856.296,0.0009459473027301796,cores,0.0009459473027301796,0.09459473027301796,,
pbx-web,cpu_usage,pbx-web,pbx-web-5ff68464d-mkn8n,2026-08-01T06:40:56.296000Z,1785566456.296,0.0009472701001902153,cores,0.0009472701001902153,0.09472701001902153,,
pbx-web,cpu_usage,pbx-web,pbx-web-5ff68464d-mkn8n,2026-08-01T07:40:56.296000Z,1785570056.296,0.0011553853988538361,cores,0.0011553853988538361,0.11553853988538361,,
pbx-web,cpu_usage,pbx-web,pbx-web-5ff68464d-mkn8n,2026-08-01T08:40:56.296000Z,1785573656.296,0.0011162962270533398,cores,0.0011162962270533398,0.11162962270533398,,
pbx-web,cpu_usage,pbx-web,pbx-web-5ff68464d-mkn8n,2026-08-01T09:40:56.296000Z,1785577256.296,0.0010749525656995336,cores,0.0010749525656995336,0.10749525656995336,,
pbx-web,cpu_usage,pbx-web,pbx-web-5ff68464d-mkn8n,2026-08-01T10:40:56.296000Z,1785580856.296,0.0011519267698416938,cores,0.0011519267698416938,0.11519267698416938,,
pbx-web,cpu_usage,pbx-web,pbx-web-5ff68464d-mkn8n,2026-08-01T11:40:56.296000Z,1785584456.296,0.0010473742952065795,cores,0.0010473742952065795,0.10473742952065794,,
pbx-web,cpu_usage,pbx-web,pbx-web-5ff68464d-mkn8n,2026-08-01T12:40:56.296000Z,1785588056.296,0.001101603532497012,cores,0.001101603532497012,0.1101603532497012,,
pbx-web,cpu_usage,pbx-web,pbx-web-5ff68464d-mkn8n,2026-08-01T13:40:56.296000Z,1785591656.296,0.001130340464225049,cores,0.001130340464225049,0.1130340464225049,,
pbx-web,cpu_usage,pbx-web,pbx-web-5ff68464d-mkn8n,2026-08-01T14:40:56.296000Z,1785595256.296,0.0011109458552884853,cores,0.0011109458552884853,0.11109458552884853,,
pbx-web,cpu_usage,pbx-web,pbx-web-5ff68464d-mkn8n,2026-08-01T15:40:56.296000Z,1785598856.296,0.0012169339708433427,cores,0.0012169339708433427,0.12169339708433427,,
pbx-web,cpu_usage,pbx-web,pbx-web-5ff68464d-mkn8n,2026-08-01T16:40:56.296000Z,1785602456.296,0.0010829736384030532,cores,0.0010829736384030532,0.10829736384030532,,
pbx-web,cpu_usage,pbx-web,pbx-web-5ff68464d-mkn8n,2026-08-01T17:40:56.296000Z,1785606056.296,0.0009498625302528909,cores,0.0009498625302528909,0.09498625302528908,,
pbx-web,cpu_usage,pbx-web,pbx-web-5ff68464d-mkn8n,2026-08-01T18:40:56.296000Z,1785609656.296,0.001160133088731955,cores,0.001160133088731955,0.1160133088731955,,
pbx-web,cpu_usage,pbx-web,pbx-web-5ff68464d-mkn8n,2026-08-01T19:40:56.296000Z,1785613256.296,0.0010708160312198846,cores,0.0010708160312198846,0.10708160312198846,,
pbx-web,cpu_usage,pbx-web,pbx-web-5ff68464d-mkn8n,2026-08-01T20:40:56.296000Z,1785616856.296,0.000917407771403607,cores,0.000917407771403607,0.09174077714036069,,
pbx-web,cpu_usage,pbx-web,pbx-web-5ff68464d-mkn8n,2026-08-01T21:40:56.296000Z,1785620456.296,0.000990608213317826,cores,0.000990608213317826,0.09906082133178261,,
pbx-web,cpu_usage,pbx-web,pbx-web-5ff68464d-mkn8n,2026-08-01T22:40:56.296000Z,1785624056.296,0.000912425977952218,cores,0.000912425977952218,0.0912425977952218,,
pbx-web,cpu_usage,pbx-web,pbx-web-5ff68464d-mkn8n,2026-08-01T23:40:56.296000Z,1785627656.296,0.0011597566429055622,cores,0.0011597566429055622,0.11597566429055622,,
pbx-web,cpu_usage,pbx-web,pbx-web-5ff68464d-mkn8n,2026-08-02T00:40:56.296000Z,1785631256.296,0.0010963043421588195,cores,0.0010963043421588195,0.10963043421588195,,
pbx-web,cpu_usage,pbx-web,pbx-web-5ff68464d-mkn8n,2026-08-02T01:40:56.296000Z,1785634856.296,0.0010594178833055429,cores,0.0010594178833055429,0.10594178833055429,,
pbx-web,cpu_usage,pbx-web,pbx-web-5ff68464d-mkn8n,2026-08-02T02:40:56.296000Z,1785638456.296,0.0011057782334250735,cores,0.0011057782334250735,0.11057782334250735,,
pbx-web,cpu_usage,pbx-web,pbx-web-5ff68464d-mkn8n,2026-08-02T03:40:56.296000Z,1785642056.296,0.0011289417822894759,cores,0.0011289417822894759,0.1128941782289476,,
pbx-web,cpu_usage,pbx-web,pbx-web-5ff68464d-mkn8n,2026-08-02T04:40:56.296000Z,1785645656.296,0.001136343013838927,cores,0.001136343013838927,0.11363430138389269,,
pbx-web,cpu_usage,pbx-web,pbx-web-5ff68464d-mkn8n,2026-08-02T05:40:56.296000Z,1785649256.296,0.0011112621469748195,cores,0.0011112621469748195,0.11112621469748195,,
pbx-web,cpu_usage,pbx-web,pbx-web-5ff68464d-mkn8n,2026-08-02T06:40:56.296000Z,1785652856.296,0.001048660725656159,cores,0.001048660725656159,0.10486607256561589,,
pbx-web,cpu_usage,pbx-web,pbx-web-5ff68464d-mkn8n,2026-08-02T07:40:56.296000Z,1785656456.296,0.0012147637909600535,cores,0.0012147637909600535,0.12147637909600535,,
pbx-web,cpu_usage,pbx-web,pbx-web-5ff68464d-mkn8n,2026-08-02T08:40:56.296000Z,1785660056.296,0.0012282605788565776,cores,0.0012282605788565776,0.12282605788565776,,
pbx-web,cpu_usage,pbx-web,pbx-web-5ff68464d-mkn8n,2026-08-02T09:40:56.296000Z,1785663656.296,0.0009101775809619399,cores,0.0009101775809619399,0.09101775809619399,,
pbx-web,cpu_usage,pbx-web,pbx-web-5ff68464d-mkn8n,2026-08-02T10:40:56.296000Z,1785667256.296,0.0010096301525824008,cores,0.0010096301525824008,0.10096301525824009,,
pbx-web,cpu_usage,pbx-web,pbx-web-5ff68464d-mkn8n,2026-08-02T11:40:56.296000Z,1785670856.296,0.0009488052685583512,cores,0.0009488052685583512,0.09488052685583512,,
pbx-web,cpu_usage,pbx-web,pbx-web-5ff68464d-mkn8n,2026-08-02T12:40:56.296000Z,1785674456.296,0.0009949229678984058,cores,0.0009949229678984058,0.09949229678984058,,
pbx-web,cpu_usage,pbx-web,pbx-web-5ff68464d-mkn8n,2026-08-02T13:40:56.296000Z,1785678056.296,0.0010469310995550119,cores,0.0010469310995550119,0.10469310995550118,,
pbx-web,cpu_usage,pbx-web,pbx-web-5ff68464d-mkn8n,2026-08-02T14:40:56.296000Z,1785681656.296,0.0010758484165677104,cores,0.0010758484165677104,0.10758484165677104,,
pbx-web,cpu_usage,pbx-web,pbx-web-5ff68464d-mkn8n,2026-08-02T15:40:56.296000Z,1785685256.296,0.0011456715280511217,cores,0.0011456715280511217,0.11456715280511218,,
pbx-web,cpu_usage,pbx-web,pbx-web-5ff68464d-mkn8n,2026-08-02T16:40:56.296000Z,1785688856.296,0.0011334965501941382,cores,0.0011334965501941382,0.11334965501941383,,
pbx-web,cpu_usage,pbx-web,pbx-web-5ff68464d-mkn8n,2026-08-02T17:40:56.296000Z,1785692456.296,0.0010619146631815537,cores,0.0010619146631815537,0.10619146631815538,,
pbx-web,cpu_usage,pbx-web,pbx-web-5ff68464d-mkn8n,2026-08-02T18:40:56.296000Z,1785696056.296,0.0011556635730221388,cores,0.0011556635730221388,0.11556635730221387,,
pbx-web,cpu_usage,pbx-web,pbx-web-5ff68464d-mkn8n,2026-08-02T19:40:56.296000Z,1785699656.296,0.001117821714952546,cores,0.001117821714952546,0.11178217149525459,,
pbx-web,cpu_usage,pbx-web,pbx-web-5ff68464d-mkn8n,2026-08-02T20:40:56.296000Z,1785703256.296,0.0010954388019938056,cores,0.0010954388019938056,0.10954388019938056,,
pbx-web,cpu_usage,pbx-web,pbx-web-5ff68464d-mkn8n,2026-08-02T21:40:56.296000Z,1785706856.296,0.001090346016934179,cores,0.001090346016934179,0.1090346016934179,,
pbx-web,cpu_usage,pbx-web,pbx-web-5ff68464d-mkn8n,2026-08-02T22:40:56.296000Z,1785710456.296,0.0011107057568015596,cores,0.0011107057568015596,0.11107057568015596,,
pbx-web,cpu_usage,pbx-web,pbx-web-5ff68464d-mkn8n,2026-08-02T23:40:56.296000Z,1785714056.296,0.0011197507387947885,cores,0.0011197507387947885,0.11197507387947885,,
pbx-web,cpu_usage,pbx-web,pbx-web-5ff68464d-mkn8n,2026-08-03T00:40:56.296000Z,1785717656.296,0.0009934366970057375,cores,0.0009934366970057375,0.09934366970057375,,
pbx-web,cpu_usage,pbx-web,pbx-web-5ff68464d-mkn8n,2026-08-03T01:40:56.296000Z,1785721256.296,0.0009035855236058433,cores,0.0009035855236058433,0.09035855236058433,,
pbx-web,cpu_usage,pbx-web,pbx-web-5ff68464d-mkn8n,2026-08-03T02:40:56.296000Z,1785724856.296,0.0010110437636481348,cores,0.0010110437636481348,0.10110437636481348,,
pbx-web,cpu_usage,pbx-web,pbx-web-5ff68464d-mkn8n,2026-08-03T03:40:56.296000Z,1785728456.296,0.0009685854025295916,cores,0.0009685854025295916,0.09685854025295916,,
pbx-web,cpu_usage,pbx-web,pbx-web-5ff68464d-mkn8n,2026-08-03T04:40:56.296000Z,1785732056.296,0.001095015408199689,cores,0.001095015408199689,0.1095015408199689,,
pbx-web,cpu_usage,pbx-web,pbx-web-5ff68464d-mkn8n,2026-08-03T05:40:56.296000Z,1785735656.296,0.0009820250697064805,cores,0.0009820250697064805,0.09820250697064804,,
pbx-web,cpu_usage,pbx-web,pbx-web-5ff68464d-mkn8n,2026-08-03T06:40:56.296000Z,1785739256.296,0.001129106196384985,cores,0.001129106196384985,0.11291061963849851,,
pbx-web,cpu_usage,pbx-web,pbx-web-5ff68464d-mkn8n,2026-08-03T07:40:56.296000Z,1785742856.296,0.0011140361669911046,cores,0.0011140361669911046,0.11140361669911046,,
pbx-web,cpu_usage,pbx-web,pbx-web-5ff68464d-mkn8n,2026-08-03T08:40:56.296000Z,1785746456.296,0.0011447156425326466,cores,0.0011447156425326466,0.11447156425326466,,
pbx-web,cpu_usage,pbx-web,pbx-web-5ff68464d-mkn8n,2026-08-03T09:40:56.296000Z,1785750056.296,0.0010920587442742836,cores,0.0010920587442742836,0.10920587442742836,,
pbx-web,cpu_usage,pbx-web,pbx-web-5ff68464d-mkn8n,2026-08-03T10:40:56.296000Z,1785753656.296,0.0010575286227922807,cores,0.0010575286227922807,0.10575286227922807,,
pbx-web,cpu_usage,pbx-web,pbx-web-5ff68464d-mkn8n,2026-08-03T11:40:56.296000Z,1785757256.296,0.001134634785546721,cores,0.001134634785546721,0.1134634785546721,,
pbx-web,cpu_usage,pbx-web,pbx-web-5ff68464d-mkn8n,2026-08-03T12:40:56.296000Z,1785760856.296,0.0011281233457170394,cores,0.0011281233457170394,0.11281233457170393,,
pbx-web,cpu_usage,pbx-web,pbx-web-5ff68464d-mkn8n,2026-08-03T13:40:56.296000Z,1785764456.296,0.0010955779853428459,cores,0.0010955779853428459,0.10955779853428459,,
pbx-web,cpu_usage,pbx-web,pbx-web-5ff68464d-mkn8n,2026-08-03T14:40:56.296000Z,1785768056.296,0.0010644010604226434,cores,0.0010644010604226434,0.10644010604226434,,
pbx-web,cpu_usage,pbx-web,pbx-web-5ff68464d-mkn8n,2026-08-03T15:40:56.296000Z,1785771656.296,0.0011477811896220501,cores,0.0011477811896220501,0.11477811896220501,,
pbx-web,cpu_usage,pbx-web,pbx-web-5ff68464d-mkn8n,2026-08-03T16:40:56.296000Z,1785775256.296,0.0010286402127394425,cores,0.0010286402127394425,0.10286402127394426,,
pbx-web,cpu_usage,pbx-web,pbx-web-5ff68464d-mkn8n,2026-08-03T17:40:56.296000Z,1785778856.296,0.001122987719834647,cores,0.001122987719834647,0.11229877198346469,,
pbx-web,cpu_usage,pbx-web,pbx-web-5ff68464d-mkn8n,2026-08-03T18:40:56.296000Z,1785782456.296,0.0009561180255463085,cores,0.0009561180255463085,0.09561180255463085,,
pbx-web,cpu_usage,pbx-web,pbx-web-5ff68464d-mkn8n,2026-08-03T19:40:56.296000Z,1785786056.296,0.000968912581963013,cores,0.000968912581963013,0.0968912581963013,,
pbx-web,cpu_usage,pbx-web,pbx-web-5ff68464d-mkn8n,2026-08-03T20:40:56.296000Z,1785789656.296,0.0011267885238943783,cores,0.0011267885238943783,0.11267885238943783,,
pbx-web,cpu_usage,pbx-web,pbx-web-5ff68464d-mkn8n,2026-08-03T21:40:56.296000Z,1785793256.296,0.000991888928712815,cores,0.000991888928712815,0.0991888928712815,,
pbx-web,cpu_usage,pbx-web,pbx-web-5ff68464d-mkn8n,2026-08-03T22:40:56.296000Z,1785796856.296,0.0009126785705964653,cores,0.0009126785705964653,0.09126785705964653,,
pbx-web,cpu_usage,pbx-web,pbx-web-5ff68464d-mkn8n,2026-08-03T23:40:56.296000Z,1785800456.296,0.0012059251814154285,cores,0.0012059251814154285,0.12059251814154286,,
pbx-web,cpu_usage,pbx-web,pbx-web-5ff68464d-mkn8n,2026-08-04T00:40:56.296000Z,1785804056.296,0.00113584675747125,cores,0.00113584675747125,0.113584675747125,,
pbx-web,cpu_usage,pbx-web,pbx-web-5ff68464d-mkn8n,2026-08-04T01:40:56.296000Z,1785807656.296,0.001146654700303881,cores,0.001146654700303881,0.1146654700303881,,
pbx-web,cpu_usage,pbx-web,pbx-web-5ff68464d-mkn8n,2026-08-04T02:40:56.296000Z,1785811256.296,0.0011294029932276879,cores,0.0011294029932276879,0.11294029932276879,,
pbx-web,cpu_usage,pbx-web,pbx-web-5ff68464d-mkn8n,2026-08-04T03:40:56.296000Z,1785814856.296,0.0010277642236926317,cores,0.0010277642236926317,0.10277642236926317,,
pbx-web,cpu_usage,pbx-web,pbx-web-5ff68464d-mkn8n,2026-08-04T04:40:56.296000Z,1785818456.296,0.0012042467033067236,cores,0.0012042467033067236,0.12042467033067236,,
pbx-web,cpu_usage,pbx-web,pbx-web-5ff68464d-mkn8n,2026-08-04T05:40:56.296000Z,1785822056.296,0.0010885493821986376,cores,0.0010885493821986376,0.10885493821986376,,
pbx-web,cpu_usage,pbx-web,pbx-web-5ff68464d-mkn8n,2026-08-04T06:40:56.296000Z,1785825656.296,0.001148910151626812,cores,0.001148910151626812,0.1148910151626812,,
pbx-web,cpu_usage,pbx-web,pbx-web-5ff68464d-mkn8n,2026-08-04T07:40:56.296000Z,1785829256.296,0.0009288600149563464,cores,0.0009288600149563464,0.09288600149563464,,
pbx-web,cpu_usage,pbx-web,pbx-web-5ff68464d-mkn8n,2026-08-04T08:40:56.296000Z,1785832856.296,0.001108992395599187,cores,0.001108992395599187,0.11089923955991869,,
pbx-web,cpu_usage,pbx-web,pbx-web-5ff68464d-mkn8n,2026-08-04T09:40:56.296000Z,1785836456.296,0.0010454960870929573,cores,0.0010454960870929573,0.10454960870929574,,
pbx-web,cpu_usage,pbx-web,pbx-web-5ff68464d-mkn8n,2026-08-04T10:40:56.296000Z,1785840056.296,0.0009286204823740156,cores,0.0009286204823740156,0.09286204823740156,,
pbx-web,cpu_usage,pbx-web,pbx-web-5ff68464d-mkn8n,2026-08-04T11:40:56.296000Z,1785843656.296,0.001062111774951346,cores,0.001062111774951346,0.1062111774951346,,
pbx-web,cpu_usage,pbx-web,pbx-web-5ff68464d-mkn8n,2026-08-04T12:40:56.296000Z,1785847256.296,0.0009722426055141238,cores,0.0009722426055141238,0.09722426055141238,,
pbx-web,cpu_usage,pbx-web,pbx-web-5ff68464d-mkn8n,2026-08-04T13:40:56.296000Z,1785850856.296,0.0010645340457956763,cores,0.0010645340457956763,0.10645340457956763,,
pbx-web,cpu_usage,pbx-web,pbx-web-5ff68464d-mkn8n,2026-08-04T14:40:56.296000Z,1785854456.296,0.0011446972529107978,cores,0.0011446972529107978,0.11446972529107978,,
pbx-web,cpu_usage,pbx-web,pbx-web-5ff68464d-mkn8n,2026-08-04T15:40:56.296000Z,1785858056.296,0.0010765065364591044,cores,0.0010765065364591044,0.10765065364591045,,
pbx-web,cpu_usage,pbx-web,pbx-web-5ff68464d-mkn8n,2026-08-04T16:40:56.296000Z,1785861656.296,0.0011031809873394225,cores,0.0011031809873394225,0.11031809873394224,,
pbx-web,cpu_usage,pbx-web,pbx-web-5ff68464d-mkn8n,2026-08-04T17:40:56.296000Z,1785865256.296,0.0010132945485576464,cores,0.0010132945485576464,0.10132945485576464,,
pbx-web,cpu_usage,pbx-web,pbx-web-5ff68464d-mkn8n,2026-08-04T18:40:56.296000Z,1785868856.296,0.0010723052364994972,cores,0.0010723052364994972,0.10723052364994973,,
pbx-web,cpu_usage,pbx-web,pbx-web-5ff68464d-mkn8n,2026-08-04T19:40:56.296000Z,1785872456.296,0.001094343884954929,cores,0.001094343884954929,0.1094343884954929,,
pbx-web,cpu_usage,pbx-web,pbx-web-5ff68464d-mkn8n,2026-08-04T20:40:56.296000Z,1785876056.296,0.0009550288183855652,cores,0.0009550288183855652,0.09550288183855651,,
pbx-web,cpu_usage,pbx-web,pbx-web-5ff68464d-mkn8n,2026-08-04T21:40:56.296000Z,1785879656.296,0.001087205422943492,cores,0.001087205422943492,0.1087205422943492,,
pbx-web,cpu_usage,pbx-web,pbx-web-5ff68464d-mkn8n,2026-08-04T22:40:56.296000Z,1785883256.296,0.0010006748900489172,cores,0.0010006748900489172,0.10006748900489172,,
pbx-web,cpu_usage,pbx-web,pbx-web-5ff68464d-mkn8n,2026-08-04T23:40:56.296000Z,1785886856.296,0.0009865152257275548,cores,0.0009865152257275548,0.09865152257275547,,
pbx-web,cpu_usage,pbx-web,pbx-web-5ff68464d-mkn8n,2026-08-05T00:40:56.296000Z,1785890456.296,0.0011067717547231602,cores,0.0011067717547231602,0.11067717547231601,,
pbx-web,cpu_usage,pbx-web,pbx-web-5ff68464d-mkn8n,2026-08-05T01:40:56.296000Z,1785894056.296,0.0011021986780804065,cores,0.0011021986780804065,0.11021986780804065,,
pbx-web,cpu_usage,pbx-web,pbx-web-5ff68464d-mkn8n,2026-08-05T02:40:56.296000Z,1785897656.296,0.0010987632169842942,cores,0.0010987632169842942,0.10987632169842942,,
pbx-web,cpu_usage,pbx-web,pbx-web-5ff68464d-mkn8n,2026-08-05T03:40:56.296000Z,1785901256.296,0.0012178106353192518,cores,0.0012178106353192518,0.12178106353192518,,
pbx-web,cpu_usage,pbx-web,pbx-web-5ff68464d-mkn8n,2026-08-05T04:40:56.296000Z,1785904856.296,0.0011192747092372971,cores,0.0011192747092372971,0.1119274709237297,,
pbx-web,cpu_usage,pbx-web,pbx-web-5ff68464d-mkn8n,2026-08-05T05:40:56.296000Z,1785908456.296,0.0010674656641670515,cores,0.0010674656641670515,0.10674656641670516,,
pbx-web,cpu_usage,pbx-web,pbx-web-5ff68464d-mkn8n,2026-08-05T06:40:56.296000Z,1785912056.296,0.001140194273393091,cores,0.001140194273393091,0.11401942733930909,,
pbx-web,cpu_usage,pbx-web,pbx-web-5ff68464d-mkn8n,2026-08-05T07:40:56.296000Z,1785915656.296,0.0011242319610171546,cores,0.0011242319610171546,0.11242319610171546,,
pbx-web,cpu_usage,pbx-web,pbx-web-5ff68464d-mkn8n,2026-08-05T08:40:56.296000Z,1785919256.296,0.0011085690850078872,cores,0.0011085690850078872,0.11085690850078872,,
pbx-web,cpu_usage,pbx-web,pbx-web-5ff68464d-mkn8n,2026-08-05T09:40:56.296000Z,1785922856.296,0.0009156397043834073,cores,0.0009156397043834073,0.09156397043834073,,
pbx-web,cpu_usage,pbx-web,pbx-web-5ff68464d-mkn8n,2026-08-05T10:40:56.296000Z,1785926456.296,0.0009309896071660401,cores,0.0009309896071660401,0.093098960716604,,
pbx-web,cpu_usage,pbx-web,pbx-web-5ff68464d-mkn8n,2026-08-05T11:40:56.296000Z,1785930056.296,0.0010177414335300818,cores,0.0010177414335300818,0.10177414335300818,,
pbx-web,cpu_usage,pbx-web,pbx-web-5ff68464d-mkn8n,2026-08-05T12:40:56.296000Z,1785933656.296,0.000978182773305546,cores,0.000978182773305546,0.0978182773305546,,
pbx-web,cpu_usage,pbx-web,pbx-web-5ff68464d-mkn8n,2026-08-05T13:40:56.296000Z,1785937256.296,0.0009930439119170992,cores,0.0009930439119170992,0.09930439119170992,,
pbx-web,cpu_usage,pbx-web,pbx-web-5ff68464d-mkn8n,2026-08-05T14:40:56.296000Z,1785940856.296,0.001132312905326863,cores,0.001132312905326863,0.11323129053268631,,
pbx-web,cpu_usage,pbx-web,pbx-web-5ff68464d-mkn8n,2026-08-05T15:40:56.296000Z,1785944456.296,0.0012340633657022333,cores,0.0012340633657022333,0.12340633657022333,,
pbx-web,cpu_usage,pbx-web,pbx-web-5ff68464d-mkn8n,2026-08-05T16:40:56.296000Z,1785948056.296,0.0011397031787921802,cores,0.0011397031787921802,0.11397031787921802,,
pbx-web,cpu_usage,pbx-web,pbx-web-5ff68464d-mkn8n,2026-08-05T17:40:56.296000Z,1785951656.296,0.0012432963261800396,cores,0.0012432963261800396,0.12432963261800396,,
pbx-web,cpu_usage,pbx-web,pbx-web-5ff68464d-mkn8n,2026-08-05T18:40:56.296000Z,1785955256.296,0.0011193354271565393,cores,0.0011193354271565393,0.11193354271565392,,
pbx-web,cpu_usage,pbx-web,pbx-web-5ff68464d-mkn8n,2026-08-05T19:40:56.296000Z,1785958856.296,0.0011870406010294112,cores,0.0011870406010294112,0.11870406010294113,,
pbx-web,cpu_usage,pbx-web,pbx-web-5ff68464d-mkn8n,2026-08-05T20:40:56.296000Z,1785962456.296,0.0010318719077133667,cores,0.0010318719077133667,0.10318719077133667,,
pbx-web,cpu_usage,pbx-web,pbx-web-5ff68464d-mkn8n,2026-08-05T21:40:56.296000Z,1785966056.296,0.0010247962857157411,cores,0.0010247962857157411,0.10247962857157411,,
pbx-web,cpu_usage,pbx-web,pbx-web-5ff68464d-mkn8n,2026-08-05T22:40:56.296000Z,1785969656.296,0.0008227081463425264,cores,0.0008227081463425264,0.08227081463425265,,
pbx-web,cpu_usage,pbx-web,pbx-web-5ff68464d-mkn8n,2026-08-05T23:40:56.296000Z,1785973256.296,0.0010735876105184665,cores,0.0010735876105184665,0.10735876105184665,,
pbx-web,cpu_usage,pbx-web,pbx-web-5ff68464d-mkn8n,2026-08-06T00:40:56.296000Z,1785976856.296,0.0010536990986816756,cores,0.0010536990986816756,0.10536990986816756,,
pbx-web,cpu_usage,pbx-web,pbx-web-5ff68464d-mkn8n,2026-08-06T01:40:56.296000Z,1785980456.296,0.0010424888845686274,cores,0.0010424888845686274,0.10424888845686274,,
pbx-web,cpu_usage,pbx-web,pbx-web-5ff68464d-mkn8n,2026-08-06T02:40:56.296000Z,1785984056.296,0.0011701393648598979,cores,0.0011701393648598979,0.11701393648598979,,
pbx-web,cpu_usage,pbx-web,pbx-web-5ff68464d-mkn8n,2026-08-06T03:40:56.296000Z,1785987656.296,0.0010868949256699384,cores,0.0010868949256699384,0.10868949256699384,,
pbx-web,cpu_usage,pbx-web,pbx-web-5ff68464d-mkn8n,2026-08-06T04:40:56.296000Z,1785991256.296,0.001095098804095406,cores,0.001095098804095406,0.1095098804095406,,
pbx-web,cpu_usage,pbx-web,pbx-web-5ff68464d-mkn8n,2026-08-06T05:40:56.296000Z,1785994856.296,0.0011378560542723041,cores,0.0011378560542723041,0.11378560542723042,,
pbx-web,cpu_usage,pbx-web,pbx-web-5ff68464d-mkn8n,2026-08-06T06:40:56.296000Z,1785998456.296,0.0011279551445669673,cores,0.0011279551445669673,0.11279551445669672,,
pbx-web,cpu_usage,pbx-web,pbx-web-5ff68464d-mkn8n,2026-08-06T07:40:56.296000Z,1786002056.296,0.001026066588680565,cores,0.001026066588680565,0.10260665886805649,,
pbx-web,cpu_usage,pbx-web,pbx-web-5ff68464d-mkn8n,2026-08-06T08:40:56.296000Z,1786005656.296,0.001132805200452038,cores,0.001132805200452038,0.1132805200452038,,
pbx-web,cpu_usage,pbx-web,pbx-web-5ff68464d-mkn8n,2026-08-06T09:40:56.296000Z,1786009256.296,0.0009357646533648011,cores,0.0009357646533648011,0.09357646533648012,,
pbx-web,cpu_usage,pbx-web,pbx-web-5ff68464d-mkn8n,2026-08-06T10:40:56.296000Z,1786012856.296,0.0011180235706007987,cores,0.0011180235706007987,0.11180235706007988,,
pbx-web,cpu_usage,pbx-web,pbx-web-5ff68464d-mkn8n,2026-08-06T11:40:56.296000Z,1786016456.296,0.0009539765516742473,cores,0.0009539765516742473,0.09539765516742474,,
pbx-web,cpu_usage,pbx-web,pbx-web-5ff68464d-mkn8n,2026-08-06T12:40:56.296000Z,1786020056.296,0.0009945545992887455,cores,0.0009945545992887455,0.09945545992887456,,
pbx-web,cpu_usage,pbx-web,pbx-web-5ff68464d-mkn8n,2026-08-06T13:40:56.296000Z,1786023656.296,0.0010143708753675164,cores,0.0010143708753675164,0.10143708753675164,,
pbx-web,cpu_usage,pbx-web,pbx-web-5ff68464d-mkn8n,2026-08-06T14:40:56.296000Z,1786027256.296,0.0010199061451997165,cores,0.0010199061451997165,0.10199061451997166,,
pbx-web,cpu_usage,pbx-web,pbx-web-5ff68464d-mkn8n,2026-08-06T15:40:56.296000Z,1786030856.296,0.0010943757451575367,cores,0.0010943757451575367,0.10943757451575367,,
pbx-web,cpu_usage,pbx-web,pbx-web-5ff68464d-mkn8n,2026-08-06T16:40:56.296000Z,1786034456.296,0.0010912397139365721,cores,0.0010912397139365721,0.1091239713936572,,
pbx-web,cpu_usage,pbx-web,pbx-web-5ff68464d-mkn8n,2026-08-06T17:40:56.296000Z,1786038056.296,0.0010634734572938004,cores,0.0010634734572938004,0.10634734572938004,,
pbx-web,cpu_usage,pbx-web,pbx-web-5ff68464d-mkn8n,2026-08-06T18:40:56.296000Z,1786041656.296,0.001195290746579978,cores,0.001195290746579978,0.11952907465799781,,
pbx-web,cpu_usage,pbx-web,pbx-web-5ff68464d-mkn8n,2026-08-06T19:40:56.296000Z,1786045256.296,0.00113118876969137,cores,0.00113118876969137,0.11311887696913701,,
pbx-web,cpu_usage,pbx-web,pbx-web-5ff68464d-mkn8n,2026-08-06T20:40:56.296000Z,1786048856.296,0.0011657421407097917,cores,0.0011657421407097917,0.11657421407097916,,
pbx-web,cpu_usage,pbx-web,pbx-web-5ff68464d-mkn8n,2026-08-06T21:40:56.296000Z,1786052456.296,0.001117414358339278,cores,0.001117414358339278,0.11174143583392779,,
pbx-web,cpu_usage,pbx-web,pbx-web-5ff68464d-mkn8n,2026-08-06T22:40:56.296000Z,1786056056.296,0.0009954948362519555,cores,0.0009954948362519555,0.09954948362519554,,
pbx-web,cpu_usage,pbx-web,pbx-web-5ff68464d-mkn8n,2026-08-06T23:40:56.296000Z,1786059656.296,0.0011505540574283436,cores,0.0011505540574283436,0.11505540574283436,,
pbx-web,cpu_usage,pbx-web,pbx-web-5ff68464d-mkn8n,2026-08-07T00:40:56.296000Z,1786063256.296,0.0010710583782282306,cores,0.0010710583782282306,0.10710583782282306,,
pbx-web,cpu_usage,pbx-web,pbx-web-5ff68464d-mkn8n,2026-08-07T01:40:56.296000Z,1786066856.296,0.0009949552993605917,cores,0.0009949552993605917,0.09949552993605917,,
pbx-web,cpu_usage,pbx-web,pbx-web-5ff68464d-mkn8n,2026-08-07T02:40:56.296000Z,1786070456.296,0.0010618604450341994,cores,0.0010618604450341994,0.10618604450341994,,
pbx-web,cpu_usage,pbx-web,pbx-web-5ff68464d-mkn8n,2026-08-07T03:40:56.296000Z,1786074056.296,0.001003557186806223,cores,0.001003557186806223,0.1003557186806223,,
pbx-web,cpu_usage,pbx-web,pbx-web-5ff68464d-mkn8n,2026-08-07T04:40:56.296000Z,1786077656.296,0.0010328322596207516,cores,0.0010328322596207516,0.10328322596207516,,
pbx-web,cpu_usage,pbx-web,pbx-web-5ff68464d-mkn8n,2026-08-07T05:40:56.296000Z,1786081256.296,0.0010290856333434258,cores,0.0010290856333434258,0.10290856333434258,,
pbx-web,cpu_usage,pbx-web,pbx-web-5ff68464d-mkn8n,2026-08-07T06:40:56.296000Z,1786084856.296,0.0011531390019017761,cores,0.0011531390019017761,0.1153139001901776,,
pbx-web,cpu_usage,pbx-web,pbx-web-5ff68464d-mkn8n,2026-08-07T07:40:56.296000Z,1786088456.296,0.0011493103129455121,cores,0.0011493103129455121,0.1149310312945512,,
pbx-web,cpu_usage,pbx-web,pbx-web-5ff68464d-mkn8n,2026-08-07T08:40:56.296000Z,1786092056.296,0.0012087730002175278,cores,0.0012087730002175278,0.12087730002175279,,
pbx-web,cpu_usage,pbx-web,pbx-web-5ff68464d-mkn8n,2026-08-07T09:40:56.296000Z,1786095656.296,0.0011767470026107086,cores,0.0011767470026107086,0.11767470026107087,,
pbx-web,cpu_usage,pbx-web,pbx-web-5ff68464d-mkn8n,2026-08-07T10:40:56.296000Z,1786099256.296,0.0012133056290826584,cores,0.0012133056290826584,0.12133056290826584,,
pbx-web,cpu_usage,pbx-web,pbx-web-5ff68464d-mkn8n,2026-08-07T11:40:56.296000Z,1786102856.296,0.0011161135159768862,cores,0.0011161135159768862,0.11161135159768862,,
pbx-web,cpu_usage,pbx-web,pbx-web-5ff68464d-mkn8n,2026-08-07T12:40:56.296000Z,1786106456.296,0.0011619030319957014,cores,0.0011619030319957014,0.11619030319957013,,
pbx-web,cpu_usage,pbx-web,pbx-web-5ff68464d-mkn8n,2026-08-07T13:40:56.296000Z,1786110056.296,0.001160957041251364,cores,0.001160957041251364,0.11609570412513641,,
pbx-web,cpu_usage,pbx-web,pbx-web-5ff68464d-mkn8n,2026-08-07T14:40:56.296000Z,1786113656.296,0.0010331082517845299,cores,0.0010331082517845299,0.10331082517845298,,
pbx-web,cpu_usage,pbx-web,pbx-web-5ff68464d-mkn8n,2026-08-07T15:40:56.296000Z,1786117256.296,0.001185461645671748,cores,0.001185461645671748,0.11854616456717479,,
pbx-web,cpu_usage,pbx-web,pbx-web-5ff68464d-mkn8n,2026-08-07T16:40:56.296000Z,1786120856.296,0.001158019285781254,cores,0.001158019285781254,0.11580192857812541,,
pbx-web,cpu_usage,pbx-web,pbx-web-5ff68464d-mkn8n,2026-08-07T17:40:56.296000Z,1786124456.296,0.0010573605657089816,cores,0.0010573605657089816,0.10573605657089816,,
pbx-web,cpu_usage,pbx-web,pbx-web-5ff68464d-mkn8n,2026-08-07T18:40:56.296000Z,1786128056.296,0.0011725712265928773,cores,0.0011725712265928773,0.11725712265928774,,
pbx-web,cpu_usage,pbx-web,pbx-web-5ff68464d-mkn8n,2026-08-07T19:40:56.296000Z,1786131656.296,0.016830266250422457,cores,0.016830266250422457,1.6830266250422456,,
pbx-web,cpu_usage,pbx-web,pbx-web-5ff68464d-mkn8n,2026-08-07T20:40:56.296000Z,1786135256.296,0.0011884408513051113,cores,0.0011884408513051113,0.11884408513051113,,
pbx-web,cpu_usage,pbx-web,pbx-web-5ff68464d-mkn8n,2026-08-07T21:40:56.296000Z,1786138856.296,0.0012062331861048595,cores,0.0012062331861048595,0.12062331861048595,,
pbx-web,cpu_usage,pbx-web,pbx-web-5ff68464d-mkn8n,2026-08-07T22:40:56.296000Z,1786142456.296,0.0011878314496763629,cores,0.0011878314496763629,0.11878314496763628,,
pbx-web,cpu_usage,pbx-web,pbx-web-5ff68464d-mkn8n,2026-08-07T23:40:56.296000Z,1786146056.296,0.0012390262703299514,cores,0.0012390262703299514,0.12390262703299514,,
pbx-web,cpu_usage,pbx-web,pbx-web-5ff68464d-mkn8n,2026-08-08T00:40:56.296000Z,1786149656.296,0.0010475814257518135,cores,0.0010475814257518135,0.10475814257518135,,
pbx-web,cpu_usage,pbx-web,pbx-web-5ff68464d-mkn8n,2026-08-08T01:40:56.296000Z,1786153256.296,0.0011331913459589167,cores,0.0011331913459589167,0.11331913459589167,,
pbx-web,cpu_usage,pbx-web,pbx-web-5ff68464d-mkn8n,2026-08-08T02:40:56.296000Z,1786156856.296,0.0011845667824304804,cores,0.0011845667824304804,0.11845667824304804,,
pbx-web,cpu_usage,pbx-web,pbx-web-5ff68464d-mkn8n,2026-08-08T03:40:56.296000Z,1786160456.296,0.001220464777601789,cores,0.001220464777601789,0.1220464777601789,,
pbx-web,cpu_usage,pbx-web,pbx-web-5ff68464d-mkn8n,2026-08-08T04:40:56.296000Z,1786164056.296,0.0012032568317438268,cores,0.0012032568317438268,0.12032568317438268,,
pbx-web,cpu_usage,pbx-web,pbx-web-5ff68464d-mkn8n,2026-08-08T05:40:56.296000Z,1786167656.296,0.001111881479147799,cores,0.001111881479147799,0.1111881479147799,,
pbx-web,cpu_usage,pbx-web,pbx-web-5ff68464d-mkn8n,2026-08-08T06:40:56.296000Z,1786171256.296,0.0013360761311933377,cores,0.0013360761311933377,0.13360761311933378,,
pbx-web,cpu_usage,pbx-web,pbx-web-5ff68464d-mkn8n,2026-08-08T07:40:56.296000Z,1786174856.296,0.0013428483314071465,cores,0.0013428483314071465,0.13428483314071465,,
pbx-web,cpu_usage,pbx-web,pbx-web-5ff68464d-mkn8n,2026-08-08T08:40:56.296000Z,1786178456.296,0.0012623403244879704,cores,0.0012623403244879704,0.12623403244879705,,
pbx-web,cpu_usage,pbx-web,pbx-web-5ff68464d-mkn8n,2026-08-08T09:40:56.296000Z,1786182056.296,0.0012714663093189769,cores,0.0012714663093189769,0.12714663093189768,,
pbx-web,cpu_usage,pbx-web,pbx-web-5ff68464d-mkn8n,2026-08-08T10:40:56.296000Z,1786185656.296,0.0012142003395387564,cores,0.0012142003395387564,0.12142003395387564,,
pbx-web,cpu_usage,pbx-web,pbx-web-5ff68464d-mkn8n,2026-08-08T11:40:56.296000Z,1786189256.296,0.001233958560932456,cores,0.001233958560932456,0.12339585609324559,,
pbx-web,cpu_usage,pbx-web,pbx-web-5ff68464d-mkn8n,2026-08-08T12:40:56.296000Z,1786192856.296,0.0012610221370573324,cores,0.0012610221370573324,0.12610221370573324,,
pbx-web,cpu_usage,pbx-web,pbx-web-5ff68464d-mkn8n,2026-08-08T13:40:56.296000Z,1786196456.296,0.0010918763325089029,cores,0.0010918763325089029,0.10918763325089029,,
pbx-web,cpu_usage,pbx-web,pbx-web-5ff68464d-mkn8n,2026-08-08T14:40:56.296000Z,1786200056.296,0.0012491218150409472,cores,0.0012491218150409472,0.12491218150409472,,
pbx-web,cpu_usage,pbx-web,pbx-web-5ff68464d-mkn8n,2026-08-08T15:40:56.296000Z,1786203656.296,0.0010267590990915762,cores,0.0010267590990915762,0.10267590990915762,,
pbx-web,cpu_usage,pbx-web,pbx-web-5ff68464d-mkn8n,2026-08-08T16:40:56.296000Z,1786207256.296,0.0012851067155421688,cores,0.0012851067155421688,0.1285106715542169,,
pbx-web,cpu_usage,pbx-web,pbx-web-5ff68464d-mkn8n,2026-08-08T17:40:56.296000Z,1786210856.296,0.0010897319663371729,cores,0.0010897319663371729,0.10897319663371728,,
pbx-web,cpu_usage,pbx-web,pbx-web-5ff68464d-mkn8n,2026-08-08T18:40:56.296000Z,1786214456.296,0.0011039432734386795,cores,0.0011039432734386795,0.11039432734386795,,
pbx-web,cpu_usage,pbx-web,pbx-web-5ff68464d-qx45p,2026-08-08T20:40:56.296000Z,1786221656.296,0.002466154165891079,cores,0.002466154165891079,0.2466154165891079,,
pbx-web,cpu_usage,pbx-web,pbx-web-5ff68464d-qx45p,2026-08-08T21:40:56.296000Z,1786225256.296,0.0019458562495864502,cores,0.0019458562495864502,0.194585624958645,,
pbx-web,cpu_usage,pbx-web,pbx-web-5ff68464d-qx45p,2026-08-08T22:40:56.296000Z,1786228856.296,0.0018705932245609042,cores,0.0018705932245609042,0.18705932245609042,,
pbx-web,cpu_usage,pbx-web,pbx-web-5ff68464d-qx45p,2026-08-08T23:40:56.296000Z,1786232456.296,0.0023905502655205573,cores,0.0023905502655205573,0.23905502655205574,,
pbx-web,cpu_usage,pbx-web,pbx-web-5ff68464d-qx45p,2026-08-09T00:40:56.296000Z,1786236056.296,0.0024274654224089626,cores,0.0024274654224089626,0.24274654224089626,,
pbx-web,cpu_usage,pbx-web,pbx-web-5ff68464d-qx45p,2026-08-09T01:40:56.296000Z,1786239656.296,0.002174969552834893,cores,0.002174969552834893,0.2174969552834893,,
pbx-web,cpu_usage,pbx-web,pbx-web-5ff68464d-qx45p,2026-08-09T02:40:56.296000Z,1786243256.296,0.002239638059100368,cores,0.002239638059100368,0.22396380591003678,,
pbx-web,cpu_usage,pbx-web,pbx-web-5ff68464d-qx45p,2026-08-09T03:40:56.296000Z,1786246856.296,0.0018271372376965857,cores,0.0018271372376965857,0.18271372376965855,,
pbx-web,cpu_usage,pbx-web,pbx-web-5ff68464d-qx45p,2026-08-09T04:40:56.296000Z,1786250456.296,0.0018251068835699958,cores,0.0018251068835699958,0.18251068835699957,,
pbx-web,cpu_usage,pbx-web,pbx-web-5ff68464d-qx45p,2026-08-09T05:40:56.296000Z,1786254056.296,0.0021915232159042414,cores,0.0021915232159042414,0.21915232159042414,,
pbx-web,cpu_usage,pbx-web,pbx-web-5ff68464d-qx45p,2026-08-09T06:40:56.296000Z,1786257656.296,0.0024226470676867555,cores,0.0024226470676867555,0.24226470676867556,,
pbx-web,cpu_usage,pbx-web,pbx-web-5ff68464d-qx45p,2026-08-09T07:40:56.296000Z,1786261256.296,0.0022516861019535235,cores,0.0022516861019535235,0.22516861019535234,,
pbx-web,cpu_usage,pbx-web,pbx-web-5ff68464d-qx45p,2026-08-09T08:40:56.296000Z,1786264856.296,0.0018539469892223982,cores,0.0018539469892223982,0.1853946989222398,,
pbx-web,cpu_usage,pbx-web,pbx-web-5ff68464d-qx45p,2026-08-09T09:40:56.296000Z,1786268456.296,0.0020178384009756417,cores,0.0020178384009756417,0.20178384009756417,,
pbx-web,cpu_usage,pbx-web,pbx-web-5ff68464d-qx45p,2026-08-09T10:40:56.296000Z,1786272056.296,0.0024053535483721292,cores,0.0024053535483721292,0.24053535483721292,,
pbx-web,cpu_usage,pbx-web,pbx-web-5ff68464d-qx45p,2026-08-09T11:40:56.296000Z,1786275656.296,0.002309790205591343,cores,0.002309790205591343,0.2309790205591343,,
pbx-web,cpu_usage,pbx-web,pbx-web-5ff68464d-qx45p,2026-08-09T12:40:56.296000Z,1786279256.296,0.002342089135235815,cores,0.002342089135235815,0.2342089135235815,,
pbx-web,cpu_usage,pbx-web,pbx-web-5ff68464d-qx45p,2026-08-09T13:40:56.296000Z,1786282856.296,0.0022960850070718264,cores,0.0022960850070718264,0.22960850070718264,,
pbx-web,cpu_usage,pbx-web,pbx-web-5ff68464d-qx45p,2026-08-09T14:40:56.296000Z,1786286456.296,0.0018316005633558885,cores,0.0018316005633558885,0.18316005633558885,,
pbx-web,cpu_usage,pbx-web,pbx-web-5ff68464d-qx45p,2026-08-09T15:40:56.296000Z,1786290056.296,0.0020747815097937566,cores,0.0020747815097937566,0.20747815097937566,,
pbx-web,cpu_usage,pbx-web,pbx-web-5ff68464d-qx45p,2026-08-09T16:40:56.296000Z,1786293656.296,0.002226760821786157,cores,0.002226760821786157,0.22267608217861568,,
pbx-web,cpu_usage,pbx-web,pbx-web-5ff68464d-qx45p,2026-08-09T17:40:56.296000Z,1786297256.296,0.002141625613119141,cores,0.002141625613119141,0.21416256131191408,,
pbx-web,cpu_usage,pbx-web,pbx-web-5ff68464d-qx45p,2026-08-09T18:40:56.296000Z,1786300856.296,0.0021526679180354147,cores,0.0021526679180354147,0.21526679180354147,,
pbx-web,cpu_usage,pbx-web,pbx-web-5ff68464d-qx45p,2026-08-09T19:40:56.296000Z,1786304456.296,0.0019305361778551898,cores,0.0019305361778551898,0.193053617785519,,
pbx-web,cpu_usage,pbx-web,pbx-web-5ff68464d-qx45p,2026-08-09T20:40:56.296000Z,1786308056.296,0.0020164680828669407,cores,0.0020164680828669407,0.20164680828669407,,
pbx-web,cpu_usage,pbx-web,pbx-web-5ff68464d-qx45p,2026-08-09T21:40:56.296000Z,1786311656.296,0.0024045332400560644,cores,0.0024045332400560644,0.24045332400560643,,
pbx-web,cpu_usage,pbx-web,pbx-web-5ff68464d-qx45p,2026-08-09T22:40:56.296000Z,1786315256.296,0.003050388073169151,cores,0.003050388073169151,0.30503880731691513,,
pbx-web,cpu_usage,pbx-web,pbx-web-5ff68464d-qx45p,2026-08-09T23:40:56.296000Z,1786318856.296,0.0023297753139421102,cores,0.0023297753139421102,0.232977531394211,,
pbx-web,cpu_usage,pbx-web,pbx-web-5ff68464d-qx45p,2026-08-10T00:40:56.296000Z,1786322456.296,0.0019485167640225704,cores,0.0019485167640225704,0.19485167640225703,,
pbx-web,cpu_usage,pbx-web,pbx-web-5ff68464d-qx45p,2026-08-10T01:40:56.296000Z,1786326056.296,0.0023878677108934575,cores,0.0023878677108934575,0.23878677108934576,,
pbx-web,cpu_usage,pbx-web,pbx-web-5ff68464d-qx45p,2026-08-10T02:40:56.296000Z,1786329656.296,0.0022231704765228633,cores,0.0022231704765228633,0.22231704765228633,,
pbx-web,cpu_usage,pbx-web,pbx-web-5ff68464d-qx45p,2026-08-10T03:40:56.296000Z,1786333256.296,0.0023254094424881478,cores,0.0023254094424881478,0.23254094424881477,,
pbx-web,cpu_usage,pbx-web,pbx-web-5ff68464d-qx45p,2026-08-10T04:40:56.296000Z,1786336856.296,0.0022642692167137188,cores,0.0022642692167137188,0.22642692167137188,,
pbx-web,cpu_usage,pbx-web,pbx-web-5ff68464d-qx45p,2026-08-10T05:40:56.296000Z,1786340456.296,0.0024154621442052564,cores,0.0024154621442052564,0.24154621442052565,,
pbx-web,cpu_usage,pbx-web,pbx-web-5ff68464d-qx45p,2026-08-10T06:40:56.296000Z,1786344056.296,0.002170462708086566,cores,0.002170462708086566,0.2170462708086566,,
pbx-web,cpu_usage,pbx-web,pbx-web-5ff68464d-qx45p,2026-08-10T07:40:56.296000Z,1786347656.296,0.002359532725253784,cores,0.002359532725253784,0.23595327252537837,,
pbx-web,cpu_usage,pbx-web,pbx-web-5ff68464d-qx45p,2026-08-10T08:40:56.296000Z,1786351256.296,0.0022951704576888734,cores,0.0022951704576888734,0.22951704576888735,,
pbx-web,cpu_usage,pbx-web,pbx-web-5ff68464d-qx45p,2026-08-10T09:40:56.296000Z,1786354856.296,0.0028266903986905872,cores,0.0028266903986905872,0.2826690398690587,,
pbx-web,cpu_usage,pbx-web,pbx-web-5ff68464d-qx45p,2026-08-10T10:40:56.296000Z,1786358456.296,0.002208492988674272,cores,0.002208492988674272,0.2208492988674272,,
pbx-web,cpu_usage,pbx-web,pbx-web-6d86477cdb-5wvwn,2026-08-08T19:40:56.296000Z,1786218056.296,0.0380015219093043,cores,0.0380015219093043,3.8001521909304303,,
pbx-web,memory_working_set,pbx-web,lab-rebuild-relay-79957dbd4-xsqhl,2026-07-30T18:40:56.296000Z,1785436856.296,18894848.0,bytes,,,18894848.0,18.01953125
pbx-web,memory_working_set,pbx-web,lab-rebuild-relay-79957dbd4-xsqhl,2026-07-30T19:40:56.296000Z,1785440456.296,18898944.0,bytes,,,18898944.0,18.0234375
pbx-web,memory_working_set,pbx-web,lab-rebuild-relay-79957dbd4-xsqhl,2026-07-30T20:40:56.296000Z,1785444056.296,18898944.0,bytes,,,18898944.0,18.0234375
pbx-web,memory_working_set,pbx-web,lab-rebuild-relay-79957dbd4-xsqhl,2026-07-30T21:40:56.296000Z,1785447656.296,18907136.0,bytes,,,18907136.0,18.03125
pbx-web,memory_working_set,pbx-web,lab-rebuild-relay-79957dbd4-xsqhl,2026-07-30T22:40:56.296000Z,1785451256.296,18911232.0,bytes,,,18911232.0,18.03515625
pbx-web,memory_working_set,pbx-web,lab-rebuild-relay-79957dbd4-xsqhl,2026-07-30T23:40:56.296000Z,1785454856.296,18911232.0,bytes,,,18911232.0,18.03515625
pbx-web,memory_working_set,pbx-web,lab-rebuild-relay-79957dbd4-xsqhl,2026-07-31T00:40:56.296000Z,1785458456.296,18907136.0,bytes,,,18907136.0,18.03125
pbx-web,memory_working_set,pbx-web,lab-rebuild-relay-79957dbd4-xsqhl,2026-07-31T01:40:56.296000Z,1785462056.296,18907136.0,bytes,,,18907136.0,18.03125
pbx-web,memory_working_set,pbx-web,lab-rebuild-relay-79957dbd4-xsqhl,2026-07-31T02:40:56.296000Z,1785465656.296,18911232.0,bytes,,,18911232.0,18.03515625
pbx-web,memory_working_set,pbx-web,lab-rebuild-relay-79957dbd4-xsqhl,2026-07-31T03:40:56.296000Z,1785469256.296,18907136.0,bytes,,,18907136.0,18.03125
pbx-web,memory_working_set,pbx-web,lab-rebuild-relay-79957dbd4-xsqhl,2026-07-31T04:40:56.296000Z,1785472856.296,18911232.0,bytes,,,18911232.0,18.03515625
pbx-web,memory_working_set,pbx-web,lab-rebuild-relay-79957dbd4-xsqhl,2026-07-31T05:40:56.296000Z,1785476456.296,18911232.0,bytes,,,18911232.0,18.03515625
pbx-web,memory_working_set,pbx-web,lab-rebuild-relay-79957dbd4-xsqhl,2026-07-31T06:40:56.296000Z,1785480056.296,18911232.0,bytes,,,18911232.0,18.03515625
pbx-web,memory_working_set,pbx-web,lab-rebuild-relay-79957dbd4-xsqhl,2026-07-31T07:40:56.296000Z,1785483656.296,18907136.0,bytes,,,18907136.0,18.03125
pbx-web,memory_working_set,pbx-web,lab-rebuild-relay-79957dbd4-xsqhl,2026-07-31T08:40:56.296000Z,1785487256.296,18911232.0,bytes,,,18911232.0,18.03515625
pbx-web,memory_working_set,pbx-web,lab-rebuild-relay-79957dbd4-xsqhl,2026-07-31T09:40:56.296000Z,1785490856.296,18907136.0,bytes,,,18907136.0,18.03125
pbx-web,memory_working_set,pbx-web,lab-rebuild-relay-79957dbd4-xsqhl,2026-07-31T10:40:56.296000Z,1785494456.296,18907136.0,bytes,,,18907136.0,18.03125
pbx-web,memory_working_set,pbx-web,lab-rebuild-relay-79957dbd4-xsqhl,2026-07-31T11:40:56.296000Z,1785498056.296,18911232.0,bytes,,,18911232.0,18.03515625
pbx-web,memory_working_set,pbx-web,lab-rebuild-relay-79957dbd4-xsqhl,2026-07-31T12:40:56.296000Z,1785501656.296,18907136.0,bytes,,,18907136.0,18.03125
pbx-web,memory_working_set,pbx-web,lab-rebuild-relay-79957dbd4-xsqhl,2026-07-31T13:40:56.296000Z,1785505256.296,18911232.0,bytes,,,18911232.0,18.03515625
pbx-web,memory_working_set,pbx-web,lab-rebuild-relay-79957dbd4-xsqhl,2026-07-31T14:40:56.296000Z,1785508856.296,18911232.0,bytes,,,18911232.0,18.03515625
pbx-web,memory_working_set,pbx-web,lab-rebuild-relay-79957dbd4-xsqhl,2026-07-31T15:40:56.296000Z,1785512456.296,18911232.0,bytes,,,18911232.0,18.03515625
pbx-web,memory_working_set,pbx-web,lab-rebuild-relay-79957dbd4-xsqhl,2026-07-31T16:40:56.296000Z,1785516056.296,18911232.0,bytes,,,18911232.0,18.03515625
pbx-web,memory_working_set,pbx-web,lab-rebuild-relay-79957dbd4-xsqhl,2026-07-31T17:40:56.296000Z,1785519656.296,18907136.0,bytes,,,18907136.0,18.03125
pbx-web,memory_working_set,pbx-web,lab-rebuild-relay-79957dbd4-xsqhl,2026-07-31T18:40:56.296000Z,1785523256.296,18911232.0,bytes,,,18911232.0,18.03515625
pbx-web,memory_working_set,pbx-web,lab-rebuild-relay-79957dbd4-xsqhl,2026-07-31T19:40:56.296000Z,1785526856.296,18907136.0,bytes,,,18907136.0,18.03125
pbx-web,memory_working_set,pbx-web,lab-rebuild-relay-79957dbd4-xsqhl,2026-07-31T20:40:56.296000Z,1785530456.296,18911232.0,bytes,,,18911232.0,18.03515625
pbx-web,memory_working_set,pbx-web,lab-rebuild-relay-79957dbd4-xsqhl,2026-07-31T21:40:56.296000Z,1785534056.296,18911232.0,bytes,,,18911232.0,18.03515625
pbx-web,memory_working_set,pbx-web,lab-rebuild-relay-79957dbd4-xsqhl,2026-07-31T22:40:56.296000Z,1785537656.296,18911232.0,bytes,,,18911232.0,18.03515625
pbx-web,memory_working_set,pbx-web,lab-rebuild-relay-79957dbd4-xsqhl,2026-07-31T23:40:56.296000Z,1785541256.296,18911232.0,bytes,,,18911232.0,18.03515625
pbx-web,memory_working_set,pbx-web,lab-rebuild-relay-79957dbd4-xsqhl,2026-08-01T00:40:56.296000Z,1785544856.296,18911232.0,bytes,,,18911232.0,18.03515625
pbx-web,memory_working_set,pbx-web,lab-rebuild-relay-79957dbd4-xsqhl,2026-08-01T01:40:56.296000Z,1785548456.296,18911232.0,bytes,,,18911232.0,18.03515625
pbx-web,memory_working_set,pbx-web,lab-rebuild-relay-79957dbd4-xsqhl,2026-08-01T02:40:56.296000Z,1785552056.296,18911232.0,bytes,,,18911232.0,18.03515625
pbx-web,memory_working_set,pbx-web,lab-rebuild-relay-79957dbd4-xsqhl,2026-08-01T03:40:56.296000Z,1785555656.296,18907136.0,bytes,,,18907136.0,18.03125
pbx-web,memory_working_set,pbx-web,lab-rebuild-relay-79957dbd4-xsqhl,2026-08-01T04:40:56.296000Z,1785559256.296,18907136.0,bytes,,,18907136.0,18.03125
pbx-web,memory_working_set,pbx-web,lab-rebuild-relay-79957dbd4-xsqhl,2026-08-01T05:40:56.296000Z,1785562856.296,18907136.0,bytes,,,18907136.0,18.03125
pbx-web,memory_working_set,pbx-web,lab-rebuild-relay-79957dbd4-xsqhl,2026-08-01T06:40:56.296000Z,1785566456.296,18907136.0,bytes,,,18907136.0,18.03125
pbx-web,memory_working_set,pbx-web,lab-rebuild-relay-79957dbd4-xsqhl,2026-08-01T07:40:56.296000Z,1785570056.296,18907136.0,bytes,,,18907136.0,18.03125
pbx-web,memory_working_set,pbx-web,lab-rebuild-relay-79957dbd4-xsqhl,2026-08-01T08:40:56.296000Z,1785573656.296,18907136.0,bytes,,,18907136.0,18.03125
pbx-web,memory_working_set,pbx-web,lab-rebuild-relay-79957dbd4-xsqhl,2026-08-01T09:40:56.296000Z,1785577256.296,18907136.0,bytes,,,18907136.0,18.03125
pbx-web,memory_working_set,pbx-web,lab-rebuild-relay-79957dbd4-xsqhl,2026-08-01T10:40:56.296000Z,1785580856.296,18911232.0,bytes,,,18911232.0,18.03515625
pbx-web,memory_working_set,pbx-web,lab-rebuild-relay-79957dbd4-xsqhl,2026-08-01T11:40:56.296000Z,1785584456.296,18911232.0,bytes,,,18911232.0,18.03515625
pbx-web,memory_working_set,pbx-web,lab-rebuild-relay-79957dbd4-xsqhl,2026-08-01T12:40:56.296000Z,1785588056.296,18911232.0,bytes,,,18911232.0,18.03515625
pbx-web,memory_working_set,pbx-web,lab-rebuild-relay-79957dbd4-xsqhl,2026-08-01T13:40:56.296000Z,1785591656.296,18907136.0,bytes,,,18907136.0,18.03125
pbx-web,memory_working_set,pbx-web,lab-rebuild-relay-79957dbd4-xsqhl,2026-08-01T14:40:56.296000Z,1785595256.296,18907136.0,bytes,,,18907136.0,18.03125
pbx-web,memory_working_set,pbx-web,lab-rebuild-relay-79957dbd4-xsqhl,2026-08-01T15:40:56.296000Z,1785598856.296,18911232.0,bytes,,,18911232.0,18.03515625
pbx-web,memory_working_set,pbx-web,lab-rebuild-relay-79957dbd4-xsqhl,2026-08-01T16:40:56.296000Z,1785602456.296,18907136.0,bytes,,,18907136.0,18.03125
pbx-web,memory_working_set,pbx-web,lab-rebuild-relay-79957dbd4-xsqhl,2026-08-01T17:40:56.296000Z,1785606056.296,18907136.0,bytes,,,18907136.0,18.03125
pbx-web,memory_working_set,pbx-web,lab-rebuild-relay-79957dbd4-xsqhl,2026-08-01T18:40:56.296000Z,1785609656.296,18907136.0,bytes,,,18907136.0,18.03125
pbx-web,memory_working_set,pbx-web,lab-rebuild-relay-79957dbd4-xsqhl,2026-08-01T19:40:56.296000Z,1785613256.296,18907136.0,bytes,,,18907136.0,18.03125
pbx-web,memory_working_set,pbx-web,lab-rebuild-relay-79957dbd4-xsqhl,2026-08-01T20:40:56.296000Z,1785616856.296,18911232.0,bytes,,,18911232.0,18.03515625
pbx-web,memory_working_set,pbx-web,lab-rebuild-relay-79957dbd4-xsqhl,2026-08-01T21:40:56.296000Z,1785620456.296,18911232.0,bytes,,,18911232.0,18.03515625
pbx-web,memory_working_set,pbx-web,lab-rebuild-relay-79957dbd4-xsqhl,2026-08-01T22:40:56.296000Z,1785624056.296,18907136.0,bytes,,,18907136.0,18.03125
pbx-web,memory_working_set,pbx-web,lab-rebuild-relay-79957dbd4-xsqhl,2026-08-01T23:40:56.296000Z,1785627656.296,18907136.0,bytes,,,18907136.0,18.03125
pbx-web,memory_working_set,pbx-web,lab-rebuild-relay-79957dbd4-xsqhl,2026-08-02T00:40:56.296000Z,1785631256.296,18907136.0,bytes,,,18907136.0,18.03125
pbx-web,memory_working_set,pbx-web,lab-rebuild-relay-79957dbd4-xsqhl,2026-08-02T01:40:56.296000Z,1785634856.296,18911232.0,bytes,,,18911232.0,18.03515625
pbx-web,memory_working_set,pbx-web,lab-rebuild-relay-79957dbd4-xsqhl,2026-08-02T02:40:56.296000Z,1785638456.296,18911232.0,bytes,,,18911232.0,18.03515625
pbx-web,memory_working_set,pbx-web,lab-rebuild-relay-79957dbd4-xsqhl,2026-08-02T03:40:56.296000Z,1785642056.296,18907136.0,bytes,,,18907136.0,18.03125
pbx-web,memory_working_set,pbx-web,lab-rebuild-relay-79957dbd4-xsqhl,2026-08-02T04:40:56.296000Z,1785645656.296,18911232.0,bytes,,,18911232.0,18.03515625
pbx-web,memory_working_set,pbx-web,lab-rebuild-relay-79957dbd4-xsqhl,2026-08-02T05:40:56.296000Z,1785649256.296,18911232.0,bytes,,,18911232.0,18.03515625
pbx-web,memory_working_set,pbx-web,lab-rebuild-relay-79957dbd4-xsqhl,2026-08-02T06:40:56.296000Z,1785652856.296,18907136.0,bytes,,,18907136.0,18.03125
pbx-web,memory_working_set,pbx-web,lab-rebuild-relay-79957dbd4-xsqhl,2026-08-02T07:40:56.296000Z,1785656456.296,18911232.0,bytes,,,18911232.0,18.03515625
pbx-web,memory_working_set,pbx-web,lab-rebuild-relay-79957dbd4-xsqhl,2026-08-02T08:40:56.296000Z,1785660056.296,18911232.0,bytes,,,18911232.0,18.03515625
pbx-web,memory_working_set,pbx-web,lab-rebuild-relay-79957dbd4-xsqhl,2026-08-02T09:40:56.296000Z,1785663656.296,18907136.0,bytes,,,18907136.0,18.03125
pbx-web,memory_working_set,pbx-web,lab-rebuild-relay-79957dbd4-xsqhl,2026-08-02T10:40:56.296000Z,1785667256.296,18911232.0,bytes,,,18911232.0,18.03515625
pbx-web,memory_working_set,pbx-web,lab-rebuild-relay-79957dbd4-xsqhl,2026-08-02T11:40:56.296000Z,1785670856.296,18907136.0,bytes,,,18907136.0,18.03125
pbx-web,memory_working_set,pbx-web,lab-rebuild-relay-79957dbd4-xsqhl,2026-08-02T12:40:56.296000Z,1785674456.296,18911232.0,bytes,,,18911232.0,18.03515625
pbx-web,memory_working_set,pbx-web,lab-rebuild-relay-79957dbd4-xsqhl,2026-08-02T13:40:56.296000Z,1785678056.296,18907136.0,bytes,,,18907136.0,18.03125
pbx-web,memory_working_set,pbx-web,lab-rebuild-relay-79957dbd4-xsqhl,2026-08-02T14:40:56.296000Z,1785681656.296,18907136.0,bytes,,,18907136.0,18.03125
pbx-web,memory_working_set,pbx-web,lab-rebuild-relay-79957dbd4-xsqhl,2026-08-02T15:40:56.296000Z,1785685256.296,18944000.0,bytes,,,18944000.0,18.06640625
pbx-web,memory_working_set,pbx-web,lab-rebuild-relay-79957dbd4-xsqhl,2026-08-02T16:40:56.296000Z,1785688856.296,18956288.0,bytes,,,18956288.0,18.078125
pbx-web,memory_working_set,pbx-web,lab-rebuild-relay-79957dbd4-xsqhl,2026-08-02T17:40:56.296000Z,1785692456.296,18956288.0,bytes,,,18956288.0,18.078125
pbx-web,memory_working_set,pbx-web,lab-rebuild-relay-79957dbd4-xsqhl,2026-08-02T18:40:56.296000Z,1785696056.296,18952192.0,bytes,,,18952192.0,18.07421875
pbx-web,memory_working_set,pbx-web,lab-rebuild-relay-79957dbd4-xsqhl,2026-08-02T19:40:56.296000Z,1785699656.296,18956288.0,bytes,,,18956288.0,18.078125
pbx-web,memory_working_set,pbx-web,lab-rebuild-relay-79957dbd4-xsqhl,2026-08-02T20:40:56.296000Z,1785703256.296,18952192.0,bytes,,,18952192.0,18.07421875
pbx-web,memory_working_set,pbx-web,lab-rebuild-relay-79957dbd4-xsqhl,2026-08-02T21:40:56.296000Z,1785706856.296,18956288.0,bytes,,,18956288.0,18.078125
pbx-web,memory_working_set,pbx-web,lab-rebuild-relay-79957dbd4-xsqhl,2026-08-02T22:40:56.296000Z,1785710456.296,18956288.0,bytes,,,18956288.0,18.078125
pbx-web,memory_working_set,pbx-web,lab-rebuild-relay-79957dbd4-xsqhl,2026-08-02T23:40:56.296000Z,1785714056.296,18956288.0,bytes,,,18956288.0,18.078125
pbx-web,memory_working_set,pbx-web,lab-rebuild-relay-79957dbd4-xsqhl,2026-08-03T00:40:56.296000Z,1785717656.296,18956288.0,bytes,,,18956288.0,18.078125
pbx-web,memory_working_set,pbx-web,lab-rebuild-relay-79957dbd4-xsqhl,2026-08-03T01:40:56.296000Z,1785721256.296,18956288.0,bytes,,,18956288.0,18.078125
pbx-web,memory_working_set,pbx-web,lab-rebuild-relay-79957dbd4-xsqhl,2026-08-03T02:40:56.296000Z,1785724856.296,18956288.0,bytes,,,18956288.0,18.078125
pbx-web,memory_working_set,pbx-web,lab-rebuild-relay-79957dbd4-xsqhl,2026-08-03T03:40:56.296000Z,1785728456.296,18952192.0,bytes,,,18952192.0,18.07421875
pbx-web,memory_working_set,pbx-web,lab-rebuild-relay-79957dbd4-xsqhl,2026-08-03T04:40:56.296000Z,1785732056.296,18956288.0,bytes,,,18956288.0,18.078125
pbx-web,memory_working_set,pbx-web,lab-rebuild-relay-79957dbd4-xsqhl,2026-08-03T05:40:56.296000Z,1785735656.296,18956288.0,bytes,,,18956288.0,18.078125
pbx-web,memory_working_set,pbx-web,lab-rebuild-relay-79957dbd4-xsqhl,2026-08-03T06:40:56.296000Z,1785739256.296,18952192.0,bytes,,,18952192.0,18.07421875
pbx-web,memory_working_set,pbx-web,lab-rebuild-relay-79957dbd4-xsqhl,2026-08-03T07:40:56.296000Z,1785742856.296,18952192.0,bytes,,,18952192.0,18.07421875
pbx-web,memory_working_set,pbx-web,lab-rebuild-relay-79957dbd4-xsqhl,2026-08-03T08:40:56.296000Z,1785746456.296,18952192.0,bytes,,,18952192.0,18.07421875
pbx-web,memory_working_set,pbx-web,lab-rebuild-relay-79957dbd4-xsqhl,2026-08-03T09:40:56.296000Z,1785750056.296,18952192.0,bytes,,,18952192.0,18.07421875
pbx-web,memory_working_set,pbx-web,lab-rebuild-relay-79957dbd4-xsqhl,2026-08-03T10:40:56.296000Z,1785753656.296,18952192.0,bytes,,,18952192.0,18.07421875
pbx-web,memory_working_set,pbx-web,lab-rebuild-relay-79957dbd4-xsqhl,2026-08-03T11:40:56.296000Z,1785757256.296,18956288.0,bytes,,,18956288.0,18.078125
pbx-web,memory_working_set,pbx-web,lab-rebuild-relay-79957dbd4-xsqhl,2026-08-03T12:40:56.296000Z,1785760856.296,18952192.0,bytes,,,18952192.0,18.07421875
pbx-web,memory_working_set,pbx-web,lab-rebuild-relay-79957dbd4-xsqhl,2026-08-03T13:40:56.296000Z,1785764456.296,18956288.0,bytes,,,18956288.0,18.078125
pbx-web,memory_working_set,pbx-web,lab-rebuild-relay-79957dbd4-xsqhl,2026-08-03T14:40:56.296000Z,1785768056.296,18956288.0,bytes,,,18956288.0,18.078125
pbx-web,memory_working_set,pbx-web,lab-rebuild-relay-79957dbd4-xsqhl,2026-08-03T15:40:56.296000Z,1785771656.296,18952192.0,bytes,,,18952192.0,18.07421875
pbx-web,memory_working_set,pbx-web,lab-rebuild-relay-79957dbd4-xsqhl,2026-08-03T16:40:56.296000Z,1785775256.296,18956288.0,bytes,,,18956288.0,18.078125
pbx-web,memory_working_set,pbx-web,lab-rebuild-relay-79957dbd4-xsqhl,2026-08-03T17:40:56.296000Z,1785778856.296,18956288.0,bytes,,,18956288.0,18.078125
pbx-web,memory_working_set,pbx-web,lab-rebuild-relay-79957dbd4-xsqhl,2026-08-03T18:40:56.296000Z,1785782456.296,18956288.0,bytes,,,18956288.0,18.078125
pbx-web,memory_working_set,pbx-web,lab-rebuild-relay-79957dbd4-xsqhl,2026-08-03T19:40:56.296000Z,1785786056.296,18956288.0,bytes,,,18956288.0,18.078125
pbx-web,memory_working_set,pbx-web,lab-rebuild-relay-79957dbd4-xsqhl,2026-08-03T20:40:56.296000Z,1785789656.296,18952192.0,bytes,,,18952192.0,18.07421875
pbx-web,memory_working_set,pbx-web,lab-rebuild-relay-79957dbd4-xsqhl,2026-08-03T21:40:56.296000Z,1785793256.296,18952192.0,bytes,,,18952192.0,18.07421875
pbx-web,memory_working_set,pbx-web,lab-rebuild-relay-79957dbd4-xsqhl,2026-08-03T22:40:56.296000Z,1785796856.296,18956288.0,bytes,,,18956288.0,18.078125
pbx-web,memory_working_set,pbx-web,lab-rebuild-relay-79957dbd4-xsqhl,2026-08-03T23:40:56.296000Z,1785800456.296,18952192.0,bytes,,,18952192.0,18.07421875
pbx-web,memory_working_set,pbx-web,lab-rebuild-relay-79957dbd4-xsqhl,2026-08-04T00:40:56.296000Z,1785804056.296,18952192.0,bytes,,,18952192.0,18.07421875
pbx-web,memory_working_set,pbx-web,lab-rebuild-relay-79957dbd4-xsqhl,2026-08-04T01:40:56.296000Z,1785807656.296,18952192.0,bytes,,,18952192.0,18.07421875
pbx-web,memory_working_set,pbx-web,lab-rebuild-relay-79957dbd4-xsqhl,2026-08-04T02:40:56.296000Z,1785811256.296,18956288.0,bytes,,,18956288.0,18.078125
pbx-web,memory_working_set,pbx-web,lab-rebuild-relay-79957dbd4-xsqhl,2026-08-04T03:40:56.296000Z,1785814856.296,18952192.0,bytes,,,18952192.0,18.07421875
pbx-web,memory_working_set,pbx-web,lab-rebuild-relay-79957dbd4-xsqhl,2026-08-04T04:40:56.296000Z,1785818456.296,18956288.0,bytes,,,18956288.0,18.078125
pbx-web,memory_working_set,pbx-web,lab-rebuild-relay-79957dbd4-xsqhl,2026-08-04T05:40:56.296000Z,1785822056.296,18952192.0,bytes,,,18952192.0,18.07421875
pbx-web,memory_working_set,pbx-web,lab-rebuild-relay-79957dbd4-xsqhl,2026-08-04T06:40:56.296000Z,1785825656.296,18956288.0,bytes,,,18956288.0,18.078125
pbx-web,memory_working_set,pbx-web,lab-rebuild-relay-79957dbd4-xsqhl,2026-08-04T07:40:56.296000Z,1785829256.296,18956288.0,bytes,,,18956288.0,18.078125
pbx-web,memory_working_set,pbx-web,lab-rebuild-relay-79957dbd4-xsqhl,2026-08-04T08:40:56.296000Z,1785832856.296,18952192.0,bytes,,,18952192.0,18.07421875
pbx-web,memory_working_set,pbx-web,lab-rebuild-relay-79957dbd4-xsqhl,2026-08-04T09:40:56.296000Z,1785836456.296,18952192.0,bytes,,,18952192.0,18.07421875
pbx-web,memory_working_set,pbx-web,lab-rebuild-relay-79957dbd4-xsqhl,2026-08-04T10:40:56.296000Z,1785840056.296,18952192.0,bytes,,,18952192.0,18.07421875
pbx-web,memory_working_set,pbx-web,lab-rebuild-relay-79957dbd4-xsqhl,2026-08-04T11:40:56.296000Z,1785843656.296,18952192.0,bytes,,,18952192.0,18.07421875
pbx-web,memory_working_set,pbx-web,lab-rebuild-relay-79957dbd4-xsqhl,2026-08-04T12:40:56.296000Z,1785847256.296,18952192.0,bytes,,,18952192.0,18.07421875
pbx-web,memory_working_set,pbx-web,lab-rebuild-relay-79957dbd4-xsqhl,2026-08-04T13:40:56.296000Z,1785850856.296,18952192.0,bytes,,,18952192.0,18.07421875
pbx-web,memory_working_set,pbx-web,lab-rebuild-relay-79957dbd4-xsqhl,2026-08-04T14:40:56.296000Z,1785854456.296,18952192.0,bytes,,,18952192.0,18.07421875
pbx-web,memory_working_set,pbx-web,lab-rebuild-relay-79957dbd4-xsqhl,2026-08-04T15:40:56.296000Z,1785858056.296,18956288.0,bytes,,,18956288.0,18.078125
pbx-web,memory_working_set,pbx-web,lab-rebuild-relay-79957dbd4-xsqhl,2026-08-04T16:40:56.296000Z,1785861656.296,18956288.0,bytes,,,18956288.0,18.078125
pbx-web,memory_working_set,pbx-web,lab-rebuild-relay-79957dbd4-xsqhl,2026-08-04T17:40:56.296000Z,1785865256.296,18956288.0,bytes,,,18956288.0,18.078125
pbx-web,memory_working_set,pbx-web,lab-rebuild-relay-79957dbd4-xsqhl,2026-08-04T18:40:56.296000Z,1785868856.296,18956288.0,bytes,,,18956288.0,18.078125
pbx-web,memory_working_set,pbx-web,lab-rebuild-relay-79957dbd4-xsqhl,2026-08-04T19:40:56.296000Z,1785872456.296,18956288.0,bytes,,,18956288.0,18.078125
pbx-web,memory_working_set,pbx-web,lab-rebuild-relay-79957dbd4-xsqhl,2026-08-04T20:40:56.296000Z,1785876056.296,18952192.0,bytes,,,18952192.0,18.07421875
pbx-web,memory_working_set,pbx-web,lab-rebuild-relay-79957dbd4-xsqhl,2026-08-04T21:40:56.296000Z,1785879656.296,18952192.0,bytes,,,18952192.0,18.07421875
pbx-web,memory_working_set,pbx-web,lab-rebuild-relay-79957dbd4-xsqhl,2026-08-04T22:40:56.296000Z,1785883256.296,18956288.0,bytes,,,18956288.0,18.078125
pbx-web,memory_working_set,pbx-web,lab-rebuild-relay-79957dbd4-xsqhl,2026-08-04T23:40:56.296000Z,1785886856.296,18952192.0,bytes,,,18952192.0,18.07421875
pbx-web,memory_working_set,pbx-web,lab-rebuild-relay-79957dbd4-xsqhl,2026-08-05T00:40:56.296000Z,1785890456.296,18956288.0,bytes,,,18956288.0,18.078125
pbx-web,memory_working_set,pbx-web,lab-rebuild-relay-79957dbd4-xsqhl,2026-08-05T01:40:56.296000Z,1785894056.296,18956288.0,bytes,,,18956288.0,18.078125
pbx-web,memory_working_set,pbx-web,lab-rebuild-relay-79957dbd4-xsqhl,2026-08-05T02:40:56.296000Z,1785897656.296,18956288.0,bytes,,,18956288.0,18.078125
pbx-web,memory_working_set,pbx-web,lab-rebuild-relay-79957dbd4-xsqhl,2026-08-05T03:40:56.296000Z,1785901256.296,18956288.0,bytes,,,18956288.0,18.078125
pbx-web,memory_working_set,pbx-web,lab-rebuild-relay-79957dbd4-xsqhl,2026-08-05T04:40:56.296000Z,1785904856.296,18952192.0,bytes,,,18952192.0,18.07421875
pbx-web,memory_working_set,pbx-web,lab-rebuild-relay-79957dbd4-xsqhl,2026-08-05T05:40:56.296000Z,1785908456.296,18956288.0,bytes,,,18956288.0,18.078125
pbx-web,memory_working_set,pbx-web,lab-rebuild-relay-79957dbd4-xsqhl,2026-08-05T06:40:56.296000Z,1785912056.296,18952192.0,bytes,,,18952192.0,18.07421875
pbx-web,memory_working_set,pbx-web,lab-rebuild-relay-79957dbd4-xsqhl,2026-08-05T07:40:56.296000Z,1785915656.296,18952192.0,bytes,,,18952192.0,18.07421875
pbx-web,memory_working_set,pbx-web,lab-rebuild-relay-79957dbd4-xsqhl,2026-08-05T08:40:56.296000Z,1785919256.296,18956288.0,bytes,,,18956288.0,18.078125
pbx-web,memory_working_set,pbx-web,lab-rebuild-relay-79957dbd4-xsqhl,2026-08-05T09:40:56.296000Z,1785922856.296,18956288.0,bytes,,,18956288.0,18.078125
pbx-web,memory_working_set,pbx-web,lab-rebuild-relay-79957dbd4-xsqhl,2026-08-05T10:40:56.296000Z,1785926456.296,18952192.0,bytes,,,18952192.0,18.07421875
pbx-web,memory_working_set,pbx-web,lab-rebuild-relay-79957dbd4-xsqhl,2026-08-05T11:40:56.296000Z,1785930056.296,18952192.0,bytes,,,18952192.0,18.07421875
pbx-web,memory_working_set,pbx-web,lab-rebuild-relay-79957dbd4-xsqhl,2026-08-05T12:40:56.296000Z,1785933656.296,18964480.0,bytes,,,18964480.0,18.0859375
pbx-web,memory_working_set,pbx-web,lab-rebuild-relay-79957dbd4-xsqhl,2026-08-05T13:40:56.296000Z,1785937256.296,18964480.0,bytes,,,18964480.0,18.0859375
pbx-web,memory_working_set,pbx-web,lab-rebuild-relay-79957dbd4-xsqhl,2026-08-05T14:40:56.296000Z,1785940856.296,18968576.0,bytes,,,18968576.0,18.08984375
pbx-web,memory_working_set,pbx-web,lab-rebuild-relay-79957dbd4-xsqhl,2026-08-05T15:40:56.296000Z,1785944456.296,18968576.0,bytes,,,18968576.0,18.08984375
pbx-web,memory_working_set,pbx-web,lab-rebuild-relay-79957dbd4-xsqhl,2026-08-05T16:40:56.296000Z,1785948056.296,18964480.0,bytes,,,18964480.0,18.0859375
pbx-web,memory_working_set,pbx-web,lab-rebuild-relay-79957dbd4-xsqhl,2026-08-05T17:40:56.296000Z,1785951656.296,18968576.0,bytes,,,18968576.0,18.08984375
pbx-web,memory_working_set,pbx-web,lab-rebuild-relay-79957dbd4-xsqhl,2026-08-05T18:40:56.296000Z,1785955256.296,18964480.0,bytes,,,18964480.0,18.0859375
pbx-web,memory_working_set,pbx-web,lab-rebuild-relay-79957dbd4-xsqhl,2026-08-05T19:40:56.296000Z,1785958856.296,18964480.0,bytes,,,18964480.0,18.0859375
pbx-web,memory_working_set,pbx-web,lab-rebuild-relay-79957dbd4-xsqhl,2026-08-05T20:40:56.296000Z,1785962456.296,18964480.0,bytes,,,18964480.0,18.0859375
pbx-web,memory_working_set,pbx-web,lab-rebuild-relay-79957dbd4-xsqhl,2026-08-05T21:40:56.296000Z,1785966056.296,18968576.0,bytes,,,18968576.0,18.08984375
pbx-web,memory_working_set,pbx-web,lab-rebuild-relay-79957dbd4-xsqhl,2026-08-05T22:40:56.296000Z,1785969656.296,18964480.0,bytes,,,18964480.0,18.0859375
pbx-web,memory_working_set,pbx-web,lab-rebuild-relay-79957dbd4-xsqhl,2026-08-05T23:40:56.296000Z,1785973256.296,18968576.0,bytes,,,18968576.0,18.08984375
pbx-web,memory_working_set,pbx-web,lab-rebuild-relay-79957dbd4-xsqhl,2026-08-06T00:40:56.296000Z,1785976856.296,18976768.0,bytes,,,18976768.0,18.09765625
pbx-web,memory_working_set,pbx-web,lab-rebuild-relay-79957dbd4-xsqhl,2026-08-06T01:40:56.296000Z,1785980456.296,18980864.0,bytes,,,18980864.0,18.1015625
pbx-web,memory_working_set,pbx-web,lab-rebuild-relay-79957dbd4-xsqhl,2026-08-06T02:40:56.296000Z,1785984056.296,18980864.0,bytes,,,18980864.0,18.1015625
pbx-web,memory_working_set,pbx-web,lab-rebuild-relay-79957dbd4-xsqhl,2026-08-06T03:40:56.296000Z,1785987656.296,18976768.0,bytes,,,18976768.0,18.09765625
pbx-web,memory_working_set,pbx-web,lab-rebuild-relay-79957dbd4-xsqhl,2026-08-06T04:40:56.296000Z,1785991256.296,18980864.0,bytes,,,18980864.0,18.1015625
pbx-web,memory_working_set,pbx-web,lab-rebuild-relay-79957dbd4-xsqhl,2026-08-06T05:40:56.296000Z,1785994856.296,18980864.0,bytes,,,18980864.0,18.1015625
pbx-web,memory_working_set,pbx-web,lab-rebuild-relay-79957dbd4-xsqhl,2026-08-06T06:40:56.296000Z,1785998456.296,18984960.0,bytes,,,18984960.0,18.10546875
pbx-web,memory_working_set,pbx-web,lab-rebuild-relay-79957dbd4-xsqhl,2026-08-06T07:40:56.296000Z,1786002056.296,18980864.0,bytes,,,18980864.0,18.1015625
pbx-web,memory_working_set,pbx-web,lab-rebuild-relay-79957dbd4-xsqhl,2026-08-06T08:40:56.296000Z,1786005656.296,18980864.0,bytes,,,18980864.0,18.1015625
pbx-web,memory_working_set,pbx-web,lab-rebuild-relay-79957dbd4-xsqhl,2026-08-06T09:40:56.296000Z,1786009256.296,18976768.0,bytes,,,18976768.0,18.09765625
pbx-web,memory_working_set,pbx-web,lab-rebuild-relay-79957dbd4-xsqhl,2026-08-06T10:40:56.296000Z,1786012856.296,18976768.0,bytes,,,18976768.0,18.09765625
pbx-web,memory_working_set,pbx-web,lab-rebuild-relay-79957dbd4-xsqhl,2026-08-06T11:40:56.296000Z,1786016456.296,18976768.0,bytes,,,18976768.0,18.09765625
pbx-web,memory_working_set,pbx-web,lab-rebuild-relay-79957dbd4-xsqhl,2026-08-06T12:40:56.296000Z,1786020056.296,18976768.0,bytes,,,18976768.0,18.09765625
pbx-web,memory_working_set,pbx-web,lab-rebuild-relay-79957dbd4-xsqhl,2026-08-06T13:40:56.296000Z,1786023656.296,18976768.0,bytes,,,18976768.0,18.09765625
pbx-web,memory_working_set,pbx-web,lab-rebuild-relay-79957dbd4-xsqhl,2026-08-06T14:40:56.296000Z,1786027256.296,18980864.0,bytes,,,18980864.0,18.1015625
pbx-web,memory_working_set,pbx-web,lab-rebuild-relay-79957dbd4-xsqhl,2026-08-06T15:40:56.296000Z,1786030856.296,18980864.0,bytes,,,18980864.0,18.1015625
pbx-web,memory_working_set,pbx-web,lab-rebuild-relay-79957dbd4-xsqhl,2026-08-06T16:40:56.296000Z,1786034456.296,18980864.0,bytes,,,18980864.0,18.1015625
pbx-web,memory_working_set,pbx-web,lab-rebuild-relay-79957dbd4-xsqhl,2026-08-06T17:40:56.296000Z,1786038056.296,18984960.0,bytes,,,18984960.0,18.10546875
pbx-web,memory_working_set,pbx-web,lab-rebuild-relay-79957dbd4-xsqhl,2026-08-06T18:40:56.296000Z,1786041656.296,18984960.0,bytes,,,18984960.0,18.10546875
pbx-web,memory_working_set,pbx-web,lab-rebuild-relay-79957dbd4-xsqhl,2026-08-06T19:40:56.296000Z,1786045256.296,18984960.0,bytes,,,18984960.0,18.10546875
pbx-web,memory_working_set,pbx-web,lab-rebuild-relay-79957dbd4-xsqhl,2026-08-06T20:40:56.296000Z,1786048856.296,18980864.0,bytes,,,18980864.0,18.1015625
pbx-web,memory_working_set,pbx-web,lab-rebuild-relay-79957dbd4-xsqhl,2026-08-06T21:40:56.296000Z,1786052456.296,18984960.0,bytes,,,18984960.0,18.10546875
pbx-web,memory_working_set,pbx-web,lab-rebuild-relay-79957dbd4-xsqhl,2026-08-06T22:40:56.296000Z,1786056056.296,18984960.0,bytes,,,18984960.0,18.10546875
pbx-web,memory_working_set,pbx-web,lab-rebuild-relay-79957dbd4-xsqhl,2026-08-06T23:40:56.296000Z,1786059656.296,18984960.0,bytes,,,18984960.0,18.10546875
pbx-web,memory_working_set,pbx-web,lab-rebuild-relay-79957dbd4-xsqhl,2026-08-07T00:40:56.296000Z,1786063256.296,18984960.0,bytes,,,18984960.0,18.10546875
pbx-web,memory_working_set,pbx-web,lab-rebuild-relay-79957dbd4-xsqhl,2026-08-07T01:40:56.296000Z,1786066856.296,18984960.0,bytes,,,18984960.0,18.10546875
pbx-web,memory_working_set,pbx-web,lab-rebuild-relay-79957dbd4-xsqhl,2026-08-07T02:40:56.296000Z,1786070456.296,19005440.0,bytes,,,19005440.0,18.125
pbx-web,memory_working_set,pbx-web,lab-rebuild-relay-79957dbd4-xsqhl,2026-08-07T03:40:56.296000Z,1786074056.296,19005440.0,bytes,,,19005440.0,18.125
pbx-web,memory_working_set,pbx-web,lab-rebuild-relay-79957dbd4-xsqhl,2026-08-07T04:40:56.296000Z,1786077656.296,19001344.0,bytes,,,19001344.0,18.12109375
pbx-web,memory_working_set,pbx-web,lab-rebuild-relay-79957dbd4-xsqhl,2026-08-07T05:40:56.296000Z,1786081256.296,19005440.0,bytes,,,19005440.0,18.125
pbx-web,memory_working_set,pbx-web,lab-rebuild-relay-79957dbd4-xsqhl,2026-08-07T06:40:56.296000Z,1786084856.296,19005440.0,bytes,,,19005440.0,18.125
pbx-web,memory_working_set,pbx-web,lab-rebuild-relay-79957dbd4-xsqhl,2026-08-07T07:40:56.296000Z,1786088456.296,19005440.0,bytes,,,19005440.0,18.125
pbx-web,memory_working_set,pbx-web,lab-rebuild-relay-79957dbd4-xsqhl,2026-08-07T08:40:56.296000Z,1786092056.296,19005440.0,bytes,,,19005440.0,18.125
pbx-web,memory_working_set,pbx-web,lab-rebuild-relay-79957dbd4-xsqhl,2026-08-07T09:40:56.296000Z,1786095656.296,19005440.0,bytes,,,19005440.0,18.125
pbx-web,memory_working_set,pbx-web,lab-rebuild-relay-79957dbd4-xsqhl,2026-08-07T10:40:56.296000Z,1786099256.296,19005440.0,bytes,,,19005440.0,18.125
pbx-web,memory_working_set,pbx-web,lab-rebuild-relay-79957dbd4-xsqhl,2026-08-07T11:40:56.296000Z,1786102856.296,19005440.0,bytes,,,19005440.0,18.125
pbx-web,memory_working_set,pbx-web,lab-rebuild-relay-79957dbd4-xsqhl,2026-08-07T12:40:56.296000Z,1786106456.296,19005440.0,bytes,,,19005440.0,18.125
pbx-web,memory_working_set,pbx-web,lab-rebuild-relay-79957dbd4-xsqhl,2026-08-07T13:40:56.296000Z,1786110056.296,19001344.0,bytes,,,19001344.0,18.12109375
pbx-web,memory_working_set,pbx-web,lab-rebuild-relay-79957dbd4-xsqhl,2026-08-07T14:40:56.296000Z,1786113656.296,19005440.0,bytes,,,19005440.0,18.125
pbx-web,memory_working_set,pbx-web,lab-rebuild-relay-79957dbd4-xsqhl,2026-08-07T15:40:56.296000Z,1786117256.296,19005440.0,bytes,,,19005440.0,18.125
pbx-web,memory_working_set,pbx-web,lab-rebuild-relay-79957dbd4-xsqhl,2026-08-07T16:40:56.296000Z,1786120856.296,19005440.0,bytes,,,19005440.0,18.125
pbx-web,memory_working_set,pbx-web,lab-rebuild-relay-79957dbd4-xsqhl,2026-08-07T17:40:56.296000Z,1786124456.296,19001344.0,bytes,,,19001344.0,18.12109375
pbx-web,memory_working_set,pbx-web,lab-rebuild-relay-79957dbd4-xsqhl,2026-08-07T18:40:56.296000Z,1786128056.296,19005440.0,bytes,,,19005440.0,18.125
pbx-web,memory_working_set,pbx-web,lab-rebuild-relay-79957dbd4-xsqhl,2026-08-07T19:40:56.296000Z,1786131656.296,19001344.0,bytes,,,19001344.0,18.12109375
pbx-web,memory_working_set,pbx-web,lab-rebuild-relay-79957dbd4-xsqhl,2026-08-07T20:40:56.296000Z,1786135256.296,19005440.0,bytes,,,19005440.0,18.125
pbx-web,memory_working_set,pbx-web,lab-rebuild-relay-79957dbd4-xsqhl,2026-08-07T21:40:56.296000Z,1786138856.296,19005440.0,bytes,,,19005440.0,18.125
pbx-web,memory_working_set,pbx-web,lab-rebuild-relay-79957dbd4-xsqhl,2026-08-07T22:40:56.296000Z,1786142456.296,19005440.0,bytes,,,19005440.0,18.125
pbx-web,memory_working_set,pbx-web,lab-rebuild-relay-79957dbd4-xsqhl,2026-08-07T23:40:56.296000Z,1786146056.296,19001344.0,bytes,,,19001344.0,18.12109375
pbx-web,memory_working_set,pbx-web,lab-rebuild-relay-79957dbd4-xsqhl,2026-08-08T00:40:56.296000Z,1786149656.296,19005440.0,bytes,,,19005440.0,18.125
pbx-web,memory_working_set,pbx-web,lab-rebuild-relay-79957dbd4-xsqhl,2026-08-08T01:40:56.296000Z,1786153256.296,19034112.0,bytes,,,19034112.0,18.15234375
pbx-web,memory_working_set,pbx-web,lab-rebuild-relay-79957dbd4-xsqhl,2026-08-08T02:40:56.296000Z,1786156856.296,19038208.0,bytes,,,19038208.0,18.15625
pbx-web,memory_working_set,pbx-web,lab-rebuild-relay-79957dbd4-xsqhl,2026-08-08T03:40:56.296000Z,1786160456.296,19034112.0,bytes,,,19034112.0,18.15234375
pbx-web,memory_working_set,pbx-web,lab-rebuild-relay-79957dbd4-xsqhl,2026-08-08T04:40:56.296000Z,1786164056.296,19038208.0,bytes,,,19038208.0,18.15625
pbx-web,memory_working_set,pbx-web,lab-rebuild-relay-79957dbd4-xsqhl,2026-08-08T05:40:56.296000Z,1786167656.296,19034112.0,bytes,,,19034112.0,18.15234375
pbx-web,memory_working_set,pbx-web,lab-rebuild-relay-79957dbd4-xsqhl,2026-08-08T06:40:56.296000Z,1786171256.296,19034112.0,bytes,,,19034112.0,18.15234375
pbx-web,memory_working_set,pbx-web,lab-rebuild-relay-79957dbd4-xsqhl,2026-08-08T07:40:56.296000Z,1786174856.296,19038208.0,bytes,,,19038208.0,18.15625
pbx-web,memory_working_set,pbx-web,lab-rebuild-relay-79957dbd4-xsqhl,2026-08-08T08:40:56.296000Z,1786178456.296,19034112.0,bytes,,,19034112.0,18.15234375
pbx-web,memory_working_set,pbx-web,lab-rebuild-relay-79957dbd4-xsqhl,2026-08-08T09:40:56.296000Z,1786182056.296,19038208.0,bytes,,,19038208.0,18.15625
pbx-web,memory_working_set,pbx-web,lab-rebuild-relay-79957dbd4-xsqhl,2026-08-08T10:40:56.296000Z,1786185656.296,19038208.0,bytes,,,19038208.0,18.15625
pbx-web,memory_working_set,pbx-web,lab-rebuild-relay-79957dbd4-xsqhl,2026-08-08T11:40:56.296000Z,1786189256.296,19034112.0,bytes,,,19034112.0,18.15234375
pbx-web,memory_working_set,pbx-web,lab-rebuild-relay-79957dbd4-xsqhl,2026-08-08T12:40:56.296000Z,1786192856.296,19034112.0,bytes,,,19034112.0,18.15234375
pbx-web,memory_working_set,pbx-web,lab-rebuild-relay-79957dbd4-xsqhl,2026-08-08T13:40:56.296000Z,1786196456.296,19038208.0,bytes,,,19038208.0,18.15625
pbx-web,memory_working_set,pbx-web,lab-rebuild-relay-79957dbd4-xsqhl,2026-08-08T14:40:56.296000Z,1786200056.296,19038208.0,bytes,,,19038208.0,18.15625
pbx-web,memory_working_set,pbx-web,lab-rebuild-relay-79957dbd4-xsqhl,2026-08-08T15:40:56.296000Z,1786203656.296,19034112.0,bytes,,,19034112.0,18.15234375
pbx-web,memory_working_set,pbx-web,lab-rebuild-relay-79957dbd4-xsqhl,2026-08-08T16:40:56.296000Z,1786207256.296,19038208.0,bytes,,,19038208.0,18.15625
pbx-web,memory_working_set,pbx-web,lab-rebuild-relay-79957dbd4-xsqhl,2026-08-08T17:40:56.296000Z,1786210856.296,19034112.0,bytes,,,19034112.0,18.15234375
pbx-web,memory_working_set,pbx-web,lab-rebuild-relay-79957dbd4-xsqhl,2026-08-08T18:40:56.296000Z,1786214456.296,19038208.0,bytes,,,19038208.0,18.15625
pbx-web,memory_working_set,pbx-web,lab-rebuild-relay-79957dbd4-xsqhl,2026-08-08T19:40:56.296000Z,1786218056.296,19111936.0,bytes,,,19111936.0,18.2265625
pbx-web,memory_working_set,pbx-web,lab-rebuild-relay-79957dbd4-xsqhl,2026-08-08T20:40:56.296000Z,1786221656.296,21909504.0,bytes,,,21909504.0,20.89453125
pbx-web,memory_working_set,pbx-web,lab-rebuild-relay-79957dbd4-xsqhl,2026-08-08T21:40:56.296000Z,1786225256.296,21913600.0,bytes,,,21913600.0,20.8984375
pbx-web,memory_working_set,pbx-web,lab-rebuild-relay-79957dbd4-xsqhl,2026-08-08T22:40:56.296000Z,1786228856.296,21909504.0,bytes,,,21909504.0,20.89453125
pbx-web,memory_working_set,pbx-web,lab-rebuild-relay-79957dbd4-xsqhl,2026-08-08T23:40:56.296000Z,1786232456.296,21909504.0,bytes,,,21909504.0,20.89453125
pbx-web,memory_working_set,pbx-web,lab-rebuild-relay-79957dbd4-xsqhl,2026-08-09T00:40:56.296000Z,1786236056.296,21909504.0,bytes,,,21909504.0,20.89453125
pbx-web,memory_working_set,pbx-web,lab-rebuild-relay-79957dbd4-xsqhl,2026-08-09T01:40:56.296000Z,1786239656.296,21909504.0,bytes,,,21909504.0,20.89453125
pbx-web,memory_working_set,pbx-web,lab-rebuild-relay-79957dbd4-xsqhl,2026-08-09T02:40:56.296000Z,1786243256.296,21909504.0,bytes,,,21909504.0,20.89453125
pbx-web,memory_working_set,pbx-web,lab-rebuild-relay-79957dbd4-xsqhl,2026-08-09T03:40:56.296000Z,1786246856.296,21909504.0,bytes,,,21909504.0,20.89453125
pbx-web,memory_working_set,pbx-web,lab-rebuild-relay-79957dbd4-xsqhl,2026-08-09T04:40:56.296000Z,1786250456.296,21909504.0,bytes,,,21909504.0,20.89453125
pbx-web,memory_working_set,pbx-web,lab-rebuild-relay-79957dbd4-xsqhl,2026-08-09T05:40:56.296000Z,1786254056.296,21909504.0,bytes,,,21909504.0,20.89453125
pbx-web,memory_working_set,pbx-web,lab-rebuild-relay-79957dbd4-xsqhl,2026-08-09T06:40:56.296000Z,1786257656.296,21917696.0,bytes,,,21917696.0,20.90234375
pbx-web,memory_working_set,pbx-web,lab-rebuild-relay-79957dbd4-xsqhl,2026-08-09T07:40:56.296000Z,1786261256.296,21909504.0,bytes,,,21909504.0,20.89453125
pbx-web,memory_working_set,pbx-web,lab-rebuild-relay-79957dbd4-xsqhl,2026-08-09T08:40:56.296000Z,1786264856.296,21909504.0,bytes,,,21909504.0,20.89453125
pbx-web,memory_working_set,pbx-web,lab-rebuild-relay-79957dbd4-xsqhl,2026-08-09T09:40:56.296000Z,1786268456.296,21913600.0,bytes,,,21913600.0,20.8984375
pbx-web,memory_working_set,pbx-web,lab-rebuild-relay-79957dbd4-xsqhl,2026-08-09T10:40:56.296000Z,1786272056.296,21909504.0,bytes,,,21909504.0,20.89453125
pbx-web,memory_working_set,pbx-web,lab-rebuild-relay-79957dbd4-xsqhl,2026-08-09T11:40:56.296000Z,1786275656.296,21913600.0,bytes,,,21913600.0,20.8984375
pbx-web,memory_working_set,pbx-web,lab-rebuild-relay-79957dbd4-xsqhl,2026-08-09T12:40:56.296000Z,1786279256.296,21909504.0,bytes,,,21909504.0,20.89453125
pbx-web,memory_working_set,pbx-web,lab-rebuild-relay-79957dbd4-xsqhl,2026-08-09T13:40:56.296000Z,1786282856.296,21909504.0,bytes,,,21909504.0,20.89453125
pbx-web,memory_working_set,pbx-web,lab-rebuild-relay-79957dbd4-xsqhl,2026-08-09T14:40:56.296000Z,1786286456.296,21909504.0,bytes,,,21909504.0,20.89453125
pbx-web,memory_working_set,pbx-web,lab-rebuild-relay-79957dbd4-xsqhl,2026-08-09T15:40:56.296000Z,1786290056.296,21913600.0,bytes,,,21913600.0,20.8984375
pbx-web,memory_working_set,pbx-web,lab-rebuild-relay-79957dbd4-xsqhl,2026-08-09T16:40:56.296000Z,1786293656.296,21909504.0,bytes,,,21909504.0,20.89453125
pbx-web,memory_working_set,pbx-web,lab-rebuild-relay-79957dbd4-xsqhl,2026-08-09T17:40:56.296000Z,1786297256.296,21909504.0,bytes,,,21909504.0,20.89453125
pbx-web,memory_working_set,pbx-web,lab-rebuild-relay-79957dbd4-xsqhl,2026-08-09T18:40:56.296000Z,1786300856.296,21909504.0,bytes,,,21909504.0,20.89453125
pbx-web,memory_working_set,pbx-web,lab-rebuild-relay-79957dbd4-xsqhl,2026-08-09T19:40:56.296000Z,1786304456.296,21909504.0,bytes,,,21909504.0,20.89453125
pbx-web,memory_working_set,pbx-web,lab-rebuild-relay-79957dbd4-xsqhl,2026-08-09T20:40:56.296000Z,1786308056.296,21909504.0,bytes,,,21909504.0,20.89453125
pbx-web,memory_working_set,pbx-web,lab-rebuild-relay-79957dbd4-xsqhl,2026-08-09T21:40:56.296000Z,1786311656.296,21909504.0,bytes,,,21909504.0,20.89453125
pbx-web,memory_working_set,pbx-web,lab-rebuild-relay-79957dbd4-xsqhl,2026-08-09T22:40:56.296000Z,1786315256.296,21909504.0,bytes,,,21909504.0,20.89453125
pbx-web,memory_working_set,pbx-web,lab-rebuild-relay-79957dbd4-xsqhl,2026-08-09T23:40:56.296000Z,1786318856.296,21909504.0,bytes,,,21909504.0,20.89453125
pbx-web,memory_working_set,pbx-web,lab-rebuild-relay-79957dbd4-xsqhl,2026-08-10T00:40:56.296000Z,1786322456.296,21909504.0,bytes,,,21909504.0,20.89453125
pbx-web,memory_working_set,pbx-web,lab-rebuild-relay-79957dbd4-xsqhl,2026-08-10T01:40:56.296000Z,1786326056.296,21909504.0,bytes,,,21909504.0,20.89453125
pbx-web,memory_working_set,pbx-web,lab-rebuild-relay-79957dbd4-xsqhl,2026-08-10T02:40:56.296000Z,1786329656.296,21909504.0,bytes,,,21909504.0,20.89453125
pbx-web,memory_working_set,pbx-web,lab-rebuild-relay-79957dbd4-xsqhl,2026-08-10T03:40:56.296000Z,1786333256.296,21913600.0,bytes,,,21913600.0,20.8984375
pbx-web,memory_working_set,pbx-web,lab-rebuild-relay-79957dbd4-xsqhl,2026-08-10T04:40:56.296000Z,1786336856.296,21913600.0,bytes,,,21913600.0,20.8984375
pbx-web,memory_working_set,pbx-web,lab-rebuild-relay-79957dbd4-xsqhl,2026-08-10T05:40:56.296000Z,1786340456.296,21909504.0,bytes,,,21909504.0,20.89453125
pbx-web,memory_working_set,pbx-web,lab-rebuild-relay-79957dbd4-xsqhl,2026-08-10T06:40:56.296000Z,1786344056.296,21913600.0,bytes,,,21913600.0,20.8984375
pbx-web,memory_working_set,pbx-web,lab-rebuild-relay-79957dbd4-xsqhl,2026-08-10T07:40:56.296000Z,1786347656.296,21909504.0,bytes,,,21909504.0,20.89453125
pbx-web,memory_working_set,pbx-web,lab-rebuild-relay-79957dbd4-xsqhl,2026-08-10T08:40:56.296000Z,1786351256.296,21913600.0,bytes,,,21913600.0,20.8984375
pbx-web,memory_working_set,pbx-web,lab-rebuild-relay-79957dbd4-xsqhl,2026-08-10T09:40:56.296000Z,1786354856.296,21909504.0,bytes,,,21909504.0,20.89453125
pbx-web,memory_working_set,pbx-web,lab-rebuild-relay-79957dbd4-xsqhl,2026-08-10T10:40:56.296000Z,1786358456.296,21909504.0,bytes,,,21909504.0,20.89453125
pbx-web,memory_working_set,pbx-web,pbx-rebuild-relay-588d79c5b9-vmmlz,2026-07-30T18:40:56.296000Z,1785436856.296,23363584.0,bytes,,,23363584.0,22.28125
pbx-web,memory_working_set,pbx-web,pbx-rebuild-relay-588d79c5b9-vmmlz,2026-07-30T19:40:56.296000Z,1785440456.296,23363584.0,bytes,,,23363584.0,22.28125
pbx-web,memory_working_set,pbx-web,pbx-rebuild-relay-588d79c5b9-vmmlz,2026-07-30T20:40:56.296000Z,1785444056.296,23363584.0,bytes,,,23363584.0,22.28125
pbx-web,memory_working_set,pbx-web,pbx-rebuild-relay-588d79c5b9-vmmlz,2026-07-30T21:40:56.296000Z,1785447656.296,23359488.0,bytes,,,23359488.0,22.27734375
pbx-web,memory_working_set,pbx-web,pbx-rebuild-relay-588d79c5b9-vmmlz,2026-07-30T22:40:56.296000Z,1785451256.296,23359488.0,bytes,,,23359488.0,22.27734375
pbx-web,memory_working_set,pbx-web,pbx-rebuild-relay-588d79c5b9-vmmlz,2026-07-30T23:40:56.296000Z,1785454856.296,23359488.0,bytes,,,23359488.0,22.27734375
pbx-web,memory_working_set,pbx-web,pbx-rebuild-relay-588d79c5b9-vmmlz,2026-07-31T00:40:56.296000Z,1785458456.296,23359488.0,bytes,,,23359488.0,22.27734375
pbx-web,memory_working_set,pbx-web,pbx-rebuild-relay-588d79c5b9-vmmlz,2026-07-31T01:40:56.296000Z,1785462056.296,23363584.0,bytes,,,23363584.0,22.28125
pbx-web,memory_working_set,pbx-web,pbx-rebuild-relay-588d79c5b9-vmmlz,2026-07-31T02:40:56.296000Z,1785465656.296,23363584.0,bytes,,,23363584.0,22.28125
pbx-web,memory_working_set,pbx-web,pbx-rebuild-relay-588d79c5b9-vmmlz,2026-07-31T03:40:56.296000Z,1785469256.296,23363584.0,bytes,,,23363584.0,22.28125
pbx-web,memory_working_set,pbx-web,pbx-rebuild-relay-588d79c5b9-vmmlz,2026-07-31T04:40:56.296000Z,1785472856.296,23359488.0,bytes,,,23359488.0,22.27734375
pbx-web,memory_working_set,pbx-web,pbx-rebuild-relay-588d79c5b9-vmmlz,2026-07-31T05:40:56.296000Z,1785476456.296,23359488.0,bytes,,,23359488.0,22.27734375
pbx-web,memory_working_set,pbx-web,pbx-rebuild-relay-588d79c5b9-vmmlz,2026-07-31T06:40:56.296000Z,1785480056.296,23363584.0,bytes,,,23363584.0,22.28125
pbx-web,memory_working_set,pbx-web,pbx-rebuild-relay-588d79c5b9-vmmlz,2026-07-31T07:40:56.296000Z,1785483656.296,23363584.0,bytes,,,23363584.0,22.28125
pbx-web,memory_working_set,pbx-web,pbx-rebuild-relay-588d79c5b9-vmmlz,2026-07-31T08:40:56.296000Z,1785487256.296,23363584.0,bytes,,,23363584.0,22.28125
pbx-web,memory_working_set,pbx-web,pbx-rebuild-relay-588d79c5b9-vmmlz,2026-07-31T09:40:56.296000Z,1785490856.296,23363584.0,bytes,,,23363584.0,22.28125
pbx-web,memory_working_set,pbx-web,pbx-rebuild-relay-588d79c5b9-vmmlz,2026-07-31T10:40:56.296000Z,1785494456.296,23359488.0,bytes,,,23359488.0,22.27734375
pbx-web,memory_working_set,pbx-web,pbx-rebuild-relay-588d79c5b9-vmmlz,2026-07-31T11:40:56.296000Z,1785498056.296,23363584.0,bytes,,,23363584.0,22.28125
pbx-web,memory_working_set,pbx-web,pbx-rebuild-relay-588d79c5b9-vmmlz,2026-07-31T12:40:56.296000Z,1785501656.296,23363584.0,bytes,,,23363584.0,22.28125
pbx-web,memory_working_set,pbx-web,pbx-rebuild-relay-588d79c5b9-vmmlz,2026-07-31T13:40:56.296000Z,1785505256.296,23363584.0,bytes,,,23363584.0,22.28125
pbx-web,memory_working_set,pbx-web,pbx-rebuild-relay-588d79c5b9-vmmlz,2026-07-31T14:40:56.296000Z,1785508856.296,23363584.0,bytes,,,23363584.0,22.28125
pbx-web,memory_working_set,pbx-web,pbx-rebuild-relay-588d79c5b9-vmmlz,2026-07-31T15:40:56.296000Z,1785512456.296,23359488.0,bytes,,,23359488.0,22.27734375
pbx-web,memory_working_set,pbx-web,pbx-rebuild-relay-588d79c5b9-vmmlz,2026-07-31T16:40:56.296000Z,1785516056.296,23363584.0,bytes,,,23363584.0,22.28125
pbx-web,memory_working_set,pbx-web,pbx-rebuild-relay-588d79c5b9-vmmlz,2026-07-31T17:40:56.296000Z,1785519656.296,23363584.0,bytes,,,23363584.0,22.28125
pbx-web,memory_working_set,pbx-web,pbx-rebuild-relay-588d79c5b9-vmmlz,2026-07-31T18:40:56.296000Z,1785523256.296,23363584.0,bytes,,,23363584.0,22.28125
pbx-web,memory_working_set,pbx-web,pbx-rebuild-relay-588d79c5b9-vmmlz,2026-07-31T19:40:56.296000Z,1785526856.296,23359488.0,bytes,,,23359488.0,22.27734375
pbx-web,memory_working_set,pbx-web,pbx-rebuild-relay-588d79c5b9-vmmlz,2026-07-31T20:40:56.296000Z,1785530456.296,23359488.0,bytes,,,23359488.0,22.27734375
pbx-web,memory_working_set,pbx-web,pbx-rebuild-relay-588d79c5b9-vmmlz,2026-07-31T21:40:56.296000Z,1785534056.296,23363584.0,bytes,,,23363584.0,22.28125
pbx-web,memory_working_set,pbx-web,pbx-rebuild-relay-588d79c5b9-vmmlz,2026-07-31T22:40:56.296000Z,1785537656.296,23363584.0,bytes,,,23363584.0,22.28125
pbx-web,memory_working_set,pbx-web,pbx-rebuild-relay-588d79c5b9-vmmlz,2026-07-31T23:40:56.296000Z,1785541256.296,23363584.0,bytes,,,23363584.0,22.28125
pbx-web,memory_working_set,pbx-web,pbx-rebuild-relay-588d79c5b9-vmmlz,2026-08-01T00:40:56.296000Z,1785544856.296,23363584.0,bytes,,,23363584.0,22.28125
pbx-web,memory_working_set,pbx-web,pbx-rebuild-relay-588d79c5b9-vmmlz,2026-08-01T01:40:56.296000Z,1785548456.296,23359488.0,bytes,,,23359488.0,22.27734375
pbx-web,memory_working_set,pbx-web,pbx-rebuild-relay-588d79c5b9-vmmlz,2026-08-01T02:40:56.296000Z,1785552056.296,23359488.0,bytes,,,23359488.0,22.27734375
pbx-web,memory_working_set,pbx-web,pbx-rebuild-relay-588d79c5b9-vmmlz,2026-08-01T03:40:56.296000Z,1785555656.296,23363584.0,bytes,,,23363584.0,22.28125
pbx-web,memory_working_set,pbx-web,pbx-rebuild-relay-588d79c5b9-vmmlz,2026-08-01T04:40:56.296000Z,1785559256.296,23363584.0,bytes,,,23363584.0,22.28125
pbx-web,memory_working_set,pbx-web,pbx-rebuild-relay-588d79c5b9-vmmlz,2026-08-01T05:40:56.296000Z,1785562856.296,23359488.0,bytes,,,23359488.0,22.27734375
pbx-web,memory_working_set,pbx-web,pbx-rebuild-relay-588d79c5b9-vmmlz,2026-08-01T06:40:56.296000Z,1785566456.296,23363584.0,bytes,,,23363584.0,22.28125
pbx-web,memory_working_set,pbx-web,pbx-rebuild-relay-588d79c5b9-vmmlz,2026-08-01T07:40:56.296000Z,1785570056.296,23359488.0,bytes,,,23359488.0,22.27734375
pbx-web,memory_working_set,pbx-web,pbx-rebuild-relay-588d79c5b9-vmmlz,2026-08-01T08:40:56.296000Z,1785573656.296,23363584.0,bytes,,,23363584.0,22.28125
pbx-web,memory_working_set,pbx-web,pbx-rebuild-relay-588d79c5b9-vmmlz,2026-08-01T09:40:56.296000Z,1785577256.296,23363584.0,bytes,,,23363584.0,22.28125
pbx-web,memory_working_set,pbx-web,pbx-rebuild-relay-588d79c5b9-vmmlz,2026-08-01T10:40:56.296000Z,1785580856.296,23359488.0,bytes,,,23359488.0,22.27734375
pbx-web,memory_working_set,pbx-web,pbx-rebuild-relay-588d79c5b9-vmmlz,2026-08-01T11:40:56.296000Z,1785584456.296,23363584.0,bytes,,,23363584.0,22.28125
pbx-web,memory_working_set,pbx-web,pbx-rebuild-relay-588d79c5b9-vmmlz,2026-08-01T12:40:56.296000Z,1785588056.296,23363584.0,bytes,,,23363584.0,22.28125
pbx-web,memory_working_set,pbx-web,pbx-rebuild-relay-588d79c5b9-vmmlz,2026-08-01T13:40:56.296000Z,1785591656.296,23359488.0,bytes,,,23359488.0,22.27734375
pbx-web,memory_working_set,pbx-web,pbx-rebuild-relay-588d79c5b9-vmmlz,2026-08-01T14:40:56.296000Z,1785595256.296,23359488.0,bytes,,,23359488.0,22.27734375
pbx-web,memory_working_set,pbx-web,pbx-rebuild-relay-588d79c5b9-vmmlz,2026-08-01T15:40:56.296000Z,1785598856.296,23363584.0,bytes,,,23363584.0,22.28125
pbx-web,memory_working_set,pbx-web,pbx-rebuild-relay-588d79c5b9-vmmlz,2026-08-01T16:40:56.296000Z,1785602456.296,23363584.0,bytes,,,23363584.0,22.28125
pbx-web,memory_working_set,pbx-web,pbx-rebuild-relay-588d79c5b9-vmmlz,2026-08-01T17:40:56.296000Z,1785606056.296,23363584.0,bytes,,,23363584.0,22.28125
pbx-web,memory_working_set,pbx-web,pbx-rebuild-relay-588d79c5b9-vmmlz,2026-08-01T18:40:56.296000Z,1785609656.296,23363584.0,bytes,,,23363584.0,22.28125
pbx-web,memory_working_set,pbx-web,pbx-rebuild-relay-588d79c5b9-vmmlz,2026-08-01T19:40:56.296000Z,1785613256.296,23359488.0,bytes,,,23359488.0,22.27734375
pbx-web,memory_working_set,pbx-web,pbx-rebuild-relay-588d79c5b9-vmmlz,2026-08-01T20:40:56.296000Z,1785616856.296,23363584.0,bytes,,,23363584.0,22.28125
pbx-web,memory_working_set,pbx-web,pbx-rebuild-relay-588d79c5b9-vmmlz,2026-08-01T21:40:56.296000Z,1785620456.296,23363584.0,bytes,,,23363584.0,22.28125
pbx-web,memory_working_set,pbx-web,pbx-rebuild-relay-588d79c5b9-vmmlz,2026-08-01T22:40:56.296000Z,1785624056.296,23359488.0,bytes,,,23359488.0,22.27734375
pbx-web,memory_working_set,pbx-web,pbx-rebuild-relay-588d79c5b9-vmmlz,2026-08-01T23:40:56.296000Z,1785627656.296,23359488.0,bytes,,,23359488.0,22.27734375
pbx-web,memory_working_set,pbx-web,pbx-rebuild-relay-588d79c5b9-vmmlz,2026-08-02T00:40:56.296000Z,1785631256.296,23363584.0,bytes,,,23363584.0,22.28125
pbx-web,memory_working_set,pbx-web,pbx-rebuild-relay-588d79c5b9-vmmlz,2026-08-02T01:40:56.296000Z,1785634856.296,23363584.0,bytes,,,23363584.0,22.28125
pbx-web,memory_working_set,pbx-web,pbx-rebuild-relay-588d79c5b9-vmmlz,2026-08-02T02:40:56.296000Z,1785638456.296,23363584.0,bytes,,,23363584.0,22.28125
pbx-web,memory_working_set,pbx-web,pbx-rebuild-relay-588d79c5b9-vmmlz,2026-08-02T03:40:56.296000Z,1785642056.296,23359488.0,bytes,,,23359488.0,22.27734375
pbx-web,memory_working_set,pbx-web,pbx-rebuild-relay-588d79c5b9-vmmlz,2026-08-02T04:40:56.296000Z,1785645656.296,23359488.0,bytes,,,23359488.0,22.27734375
pbx-web,memory_working_set,pbx-web,pbx-rebuild-relay-588d79c5b9-vmmlz,2026-08-02T05:40:56.296000Z,1785649256.296,23359488.0,bytes,,,23359488.0,22.27734375
pbx-web,memory_working_set,pbx-web,pbx-rebuild-relay-588d79c5b9-vmmlz,2026-08-02T06:40:56.296000Z,1785652856.296,23363584.0,bytes,,,23363584.0,22.28125
pbx-web,memory_working_set,pbx-web,pbx-rebuild-relay-588d79c5b9-vmmlz,2026-08-02T07:40:56.296000Z,1785656456.296,23363584.0,bytes,,,23363584.0,22.28125
pbx-web,memory_working_set,pbx-web,pbx-rebuild-relay-588d79c5b9-vmmlz,2026-08-02T08:40:56.296000Z,1785660056.296,23363584.0,bytes,,,23363584.0,22.28125
pbx-web,memory_working_set,pbx-web,pbx-rebuild-relay-588d79c5b9-vmmlz,2026-08-02T09:40:56.296000Z,1785663656.296,23363584.0,bytes,,,23363584.0,22.28125
pbx-web,memory_working_set,pbx-web,pbx-rebuild-relay-588d79c5b9-vmmlz,2026-08-02T10:40:56.296000Z,1785667256.296,23363584.0,bytes,,,23363584.0,22.28125
pbx-web,memory_working_set,pbx-web,pbx-rebuild-relay-588d79c5b9-vmmlz,2026-08-02T11:40:56.296000Z,1785670856.296,23359488.0,bytes,,,23359488.0,22.27734375
pbx-web,memory_working_set,pbx-web,pbx-rebuild-relay-588d79c5b9-vmmlz,2026-08-02T12:40:56.296000Z,1785674456.296,23363584.0,bytes,,,23363584.0,22.28125
pbx-web,memory_working_set,pbx-web,pbx-rebuild-relay-588d79c5b9-vmmlz,2026-08-02T13:40:56.296000Z,1785678056.296,23359488.0,bytes,,,23359488.0,22.27734375
pbx-web,memory_working_set,pbx-web,pbx-rebuild-relay-588d79c5b9-vmmlz,2026-08-02T14:40:56.296000Z,1785681656.296,23363584.0,bytes,,,23363584.0,22.28125
pbx-web,memory_working_set,pbx-web,pbx-rebuild-relay-588d79c5b9-vmmlz,2026-08-02T15:40:56.296000Z,1785685256.296,23363584.0,bytes,,,23363584.0,22.28125
pbx-web,memory_working_set,pbx-web,pbx-rebuild-relay-588d79c5b9-vmmlz,2026-08-02T16:40:56.296000Z,1785688856.296,23625728.0,bytes,,,23625728.0,22.53125
pbx-web,memory_working_set,pbx-web,pbx-rebuild-relay-588d79c5b9-vmmlz,2026-08-02T17:40:56.296000Z,1785692456.296,23363584.0,bytes,,,23363584.0,22.28125
pbx-web,memory_working_set,pbx-web,pbx-rebuild-relay-588d79c5b9-vmmlz,2026-08-02T18:40:56.296000Z,1785696056.296,23363584.0,bytes,,,23363584.0,22.28125
pbx-web,memory_working_set,pbx-web,pbx-rebuild-relay-588d79c5b9-vmmlz,2026-08-02T19:40:56.296000Z,1785699656.296,23363584.0,bytes,,,23363584.0,22.28125
pbx-web,memory_working_set,pbx-web,pbx-rebuild-relay-588d79c5b9-vmmlz,2026-08-02T20:40:56.296000Z,1785703256.296,23359488.0,bytes,,,23359488.0,22.27734375
pbx-web,memory_working_set,pbx-web,pbx-rebuild-relay-588d79c5b9-vmmlz,2026-08-02T21:40:56.296000Z,1785706856.296,23359488.0,bytes,,,23359488.0,22.27734375
pbx-web,memory_working_set,pbx-web,pbx-rebuild-relay-588d79c5b9-vmmlz,2026-08-02T22:40:56.296000Z,1785710456.296,23359488.0,bytes,,,23359488.0,22.27734375
pbx-web,memory_working_set,pbx-web,pbx-rebuild-relay-588d79c5b9-vmmlz,2026-08-02T23:40:56.296000Z,1785714056.296,23363584.0,bytes,,,23363584.0,22.28125
pbx-web,memory_working_set,pbx-web,pbx-rebuild-relay-588d79c5b9-vmmlz,2026-08-03T00:40:56.296000Z,1785717656.296,23359488.0,bytes,,,23359488.0,22.27734375
pbx-web,memory_working_set,pbx-web,pbx-rebuild-relay-588d79c5b9-vmmlz,2026-08-03T01:40:56.296000Z,1785721256.296,23359488.0,bytes,,,23359488.0,22.27734375
pbx-web,memory_working_set,pbx-web,pbx-rebuild-relay-588d79c5b9-vmmlz,2026-08-03T02:40:56.296000Z,1785724856.296,23363584.0,bytes,,,23363584.0,22.28125
pbx-web,memory_working_set,pbx-web,pbx-rebuild-relay-588d79c5b9-vmmlz,2026-08-03T03:40:56.296000Z,1785728456.296,23359488.0,bytes,,,23359488.0,22.27734375
pbx-web,memory_working_set,pbx-web,pbx-rebuild-relay-588d79c5b9-vmmlz,2026-08-03T04:40:56.296000Z,1785732056.296,23359488.0,bytes,,,23359488.0,22.27734375
pbx-web,memory_working_set,pbx-web,pbx-rebuild-relay-588d79c5b9-vmmlz,2026-08-03T05:40:56.296000Z,1785735656.296,23363584.0,bytes,,,23363584.0,22.28125
pbx-web,memory_working_set,pbx-web,pbx-rebuild-relay-588d79c5b9-vmmlz,2026-08-03T06:40:56.296000Z,1785739256.296,23363584.0,bytes,,,23363584.0,22.28125
pbx-web,memory_working_set,pbx-web,pbx-rebuild-relay-588d79c5b9-vmmlz,2026-08-03T07:40:56.296000Z,1785742856.296,23359488.0,bytes,,,23359488.0,22.27734375
pbx-web,memory_working_set,pbx-web,pbx-rebuild-relay-588d79c5b9-vmmlz,2026-08-03T08:40:56.296000Z,1785746456.296,23359488.0,bytes,,,23359488.0,22.27734375
pbx-web,memory_working_set,pbx-web,pbx-rebuild-relay-588d79c5b9-vmmlz,2026-08-03T09:40:56.296000Z,1785750056.296,23363584.0,bytes,,,23363584.0,22.28125
pbx-web,memory_working_set,pbx-web,pbx-rebuild-relay-588d79c5b9-vmmlz,2026-08-03T10:40:56.296000Z,1785753656.296,23363584.0,bytes,,,23363584.0,22.28125
pbx-web,memory_working_set,pbx-web,pbx-rebuild-relay-588d79c5b9-vmmlz,2026-08-03T11:40:56.296000Z,1785757256.296,23363584.0,bytes,,,23363584.0,22.28125
pbx-web,memory_working_set,pbx-web,pbx-rebuild-relay-588d79c5b9-vmmlz,2026-08-03T12:40:56.296000Z,1785760856.296,23363584.0,bytes,,,23363584.0,22.28125
pbx-web,memory_working_set,pbx-web,pbx-rebuild-relay-588d79c5b9-vmmlz,2026-08-03T13:40:56.296000Z,1785764456.296,23363584.0,bytes,,,23363584.0,22.28125
pbx-web,memory_working_set,pbx-web,pbx-rebuild-relay-588d79c5b9-vmmlz,2026-08-03T14:40:56.296000Z,1785768056.296,23363584.0,bytes,,,23363584.0,22.28125
pbx-web,memory_working_set,pbx-web,pbx-rebuild-relay-588d79c5b9-vmmlz,2026-08-03T15:40:56.296000Z,1785771656.296,23363584.0,bytes,,,23363584.0,22.28125
pbx-web,memory_working_set,pbx-web,pbx-rebuild-relay-588d79c5b9-vmmlz,2026-08-03T16:40:56.296000Z,1785775256.296,23359488.0,bytes,,,23359488.0,22.27734375
pbx-web,memory_working_set,pbx-web,pbx-rebuild-relay-588d79c5b9-vmmlz,2026-08-03T17:40:56.296000Z,1785778856.296,23363584.0,bytes,,,23363584.0,22.28125
pbx-web,memory_working_set,pbx-web,pbx-rebuild-relay-588d79c5b9-vmmlz,2026-08-03T18:40:56.296000Z,1785782456.296,23363584.0,bytes,,,23363584.0,22.28125
pbx-web,memory_working_set,pbx-web,pbx-rebuild-relay-588d79c5b9-vmmlz,2026-08-03T19:40:56.296000Z,1785786056.296,23363584.0,bytes,,,23363584.0,22.28125
pbx-web,memory_working_set,pbx-web,pbx-rebuild-relay-588d79c5b9-vmmlz,2026-08-03T20:40:56.296000Z,1785789656.296,23363584.0,bytes,,,23363584.0,22.28125
pbx-web,memory_working_set,pbx-web,pbx-rebuild-relay-588d79c5b9-vmmlz,2026-08-03T21:40:56.296000Z,1785793256.296,23363584.0,bytes,,,23363584.0,22.28125
pbx-web,memory_working_set,pbx-web,pbx-rebuild-relay-588d79c5b9-vmmlz,2026-08-03T22:40:56.296000Z,1785796856.296,23363584.0,bytes,,,23363584.0,22.28125
pbx-web,memory_working_set,pbx-web,pbx-rebuild-relay-588d79c5b9-vmmlz,2026-08-03T23:40:56.296000Z,1785800456.296,23359488.0,bytes,,,23359488.0,22.27734375
pbx-web,memory_working_set,pbx-web,pbx-rebuild-relay-588d79c5b9-vmmlz,2026-08-04T00:40:56.296000Z,1785804056.296,23359488.0,bytes,,,23359488.0,22.27734375
pbx-web,memory_working_set,pbx-web,pbx-rebuild-relay-588d79c5b9-vmmlz,2026-08-04T01:40:56.296000Z,1785807656.296,23363584.0,bytes,,,23363584.0,22.28125
pbx-web,memory_working_set,pbx-web,pbx-rebuild-relay-588d79c5b9-vmmlz,2026-08-04T02:40:56.296000Z,1785811256.296,23363584.0,bytes,,,23363584.0,22.28125
pbx-web,memory_working_set,pbx-web,pbx-rebuild-relay-588d79c5b9-vmmlz,2026-08-04T03:40:56.296000Z,1785814856.296,23359488.0,bytes,,,23359488.0,22.27734375
pbx-web,memory_working_set,pbx-web,pbx-rebuild-relay-588d79c5b9-vmmlz,2026-08-04T04:40:56.296000Z,1785818456.296,23363584.0,bytes,,,23363584.0,22.28125
pbx-web,memory_working_set,pbx-web,pbx-rebuild-relay-588d79c5b9-vmmlz,2026-08-04T05:40:56.296000Z,1785822056.296,23363584.0,bytes,,,23363584.0,22.28125
pbx-web,memory_working_set,pbx-web,pbx-rebuild-relay-588d79c5b9-vmmlz,2026-08-04T06:40:56.296000Z,1785825656.296,23359488.0,bytes,,,23359488.0,22.27734375
pbx-web,memory_working_set,pbx-web,pbx-rebuild-relay-588d79c5b9-vmmlz,2026-08-04T07:40:56.296000Z,1785829256.296,23359488.0,bytes,,,23359488.0,22.27734375
pbx-web,memory_working_set,pbx-web,pbx-rebuild-relay-588d79c5b9-vmmlz,2026-08-04T08:40:56.296000Z,1785832856.296,23363584.0,bytes,,,23363584.0,22.28125
pbx-web,memory_working_set,pbx-web,pbx-rebuild-relay-588d79c5b9-vmmlz,2026-08-04T09:40:56.296000Z,1785836456.296,23363584.0,bytes,,,23363584.0,22.28125
pbx-web,memory_working_set,pbx-web,pbx-rebuild-relay-588d79c5b9-vmmlz,2026-08-04T10:40:56.296000Z,1785840056.296,23359488.0,bytes,,,23359488.0,22.27734375
pbx-web,memory_working_set,pbx-web,pbx-rebuild-relay-588d79c5b9-vmmlz,2026-08-04T11:40:56.296000Z,1785843656.296,23363584.0,bytes,,,23363584.0,22.28125
pbx-web,memory_working_set,pbx-web,pbx-rebuild-relay-588d79c5b9-vmmlz,2026-08-04T12:40:56.296000Z,1785847256.296,23363584.0,bytes,,,23363584.0,22.28125
pbx-web,memory_working_set,pbx-web,pbx-rebuild-relay-588d79c5b9-vmmlz,2026-08-04T13:40:56.296000Z,1785850856.296,23363584.0,bytes,,,23363584.0,22.28125
pbx-web,memory_working_set,pbx-web,pbx-rebuild-relay-588d79c5b9-vmmlz,2026-08-04T14:40:56.296000Z,1785854456.296,23359488.0,bytes,,,23359488.0,22.27734375
pbx-web,memory_working_set,pbx-web,pbx-rebuild-relay-588d79c5b9-vmmlz,2026-08-04T15:40:56.296000Z,1785858056.296,23359488.0,bytes,,,23359488.0,22.27734375
pbx-web,memory_working_set,pbx-web,pbx-rebuild-relay-588d79c5b9-vmmlz,2026-08-04T16:40:56.296000Z,1785861656.296,23363584.0,bytes,,,23363584.0,22.28125
pbx-web,memory_working_set,pbx-web,pbx-rebuild-relay-588d79c5b9-vmmlz,2026-08-04T17:40:56.296000Z,1785865256.296,23363584.0,bytes,,,23363584.0,22.28125
pbx-web,memory_working_set,pbx-web,pbx-rebuild-relay-588d79c5b9-vmmlz,2026-08-04T18:40:56.296000Z,1785868856.296,23363584.0,bytes,,,23363584.0,22.28125
pbx-web,memory_working_set,pbx-web,pbx-rebuild-relay-588d79c5b9-vmmlz,2026-08-04T19:40:56.296000Z,1785872456.296,23359488.0,bytes,,,23359488.0,22.27734375
pbx-web,memory_working_set,pbx-web,pbx-rebuild-relay-588d79c5b9-vmmlz,2026-08-04T20:40:56.296000Z,1785876056.296,23359488.0,bytes,,,23359488.0,22.27734375
pbx-web,memory_working_set,pbx-web,pbx-rebuild-relay-588d79c5b9-vmmlz,2026-08-04T21:40:56.296000Z,1785879656.296,23359488.0,bytes,,,23359488.0,22.27734375
pbx-web,memory_working_set,pbx-web,pbx-rebuild-relay-588d79c5b9-vmmlz,2026-08-04T22:40:56.296000Z,1785883256.296,23363584.0,bytes,,,23363584.0,22.28125
pbx-web,memory_working_set,pbx-web,pbx-rebuild-relay-588d79c5b9-vmmlz,2026-08-04T23:40:56.296000Z,1785886856.296,23359488.0,bytes,,,23359488.0,22.27734375
pbx-web,memory_working_set,pbx-web,pbx-rebuild-relay-588d79c5b9-vmmlz,2026-08-05T00:40:56.296000Z,1785890456.296,23363584.0,bytes,,,23363584.0,22.28125
pbx-web,memory_working_set,pbx-web,pbx-rebuild-relay-588d79c5b9-vmmlz,2026-08-05T01:40:56.296000Z,1785894056.296,23363584.0,bytes,,,23363584.0,22.28125
pbx-web,memory_working_set,pbx-web,pbx-rebuild-relay-588d79c5b9-vmmlz,2026-08-05T02:40:56.296000Z,1785897656.296,23363584.0,bytes,,,23363584.0,22.28125
pbx-web,memory_working_set,pbx-web,pbx-rebuild-relay-588d79c5b9-vmmlz,2026-08-05T03:40:56.296000Z,1785901256.296,23363584.0,bytes,,,23363584.0,22.28125
pbx-web,memory_working_set,pbx-web,pbx-rebuild-relay-588d79c5b9-vmmlz,2026-08-05T04:40:56.296000Z,1785904856.296,23363584.0,bytes,,,23363584.0,22.28125
pbx-web,memory_working_set,pbx-web,pbx-rebuild-relay-588d79c5b9-vmmlz,2026-08-05T05:40:56.296000Z,1785908456.296,23363584.0,bytes,,,23363584.0,22.28125
pbx-web,memory_working_set,pbx-web,pbx-rebuild-relay-588d79c5b9-vmmlz,2026-08-05T06:40:56.296000Z,1785912056.296,23363584.0,bytes,,,23363584.0,22.28125
pbx-web,memory_working_set,pbx-web,pbx-rebuild-relay-588d79c5b9-vmmlz,2026-08-05T07:40:56.296000Z,1785915656.296,23363584.0,bytes,,,23363584.0,22.28125
pbx-web,memory_working_set,pbx-web,pbx-rebuild-relay-588d79c5b9-vmmlz,2026-08-05T08:40:56.296000Z,1785919256.296,23363584.0,bytes,,,23363584.0,22.28125
pbx-web,memory_working_set,pbx-web,pbx-rebuild-relay-588d79c5b9-vmmlz,2026-08-05T09:40:56.296000Z,1785922856.296,23359488.0,bytes,,,23359488.0,22.27734375
pbx-web,memory_working_set,pbx-web,pbx-rebuild-relay-588d79c5b9-vmmlz,2026-08-05T10:40:56.296000Z,1785926456.296,23363584.0,bytes,,,23363584.0,22.28125
pbx-web,memory_working_set,pbx-web,pbx-rebuild-relay-588d79c5b9-vmmlz,2026-08-05T11:40:56.296000Z,1785930056.296,23363584.0,bytes,,,23363584.0,22.28125
pbx-web,memory_working_set,pbx-web,pbx-rebuild-relay-588d79c5b9-vmmlz,2026-08-05T12:40:56.296000Z,1785933656.296,23420928.0,bytes,,,23420928.0,22.3359375
pbx-web,memory_working_set,pbx-web,pbx-rebuild-relay-588d79c5b9-vmmlz,2026-08-05T13:40:56.296000Z,1785937256.296,23703552.0,bytes,,,23703552.0,22.60546875
pbx-web,memory_working_set,pbx-web,pbx-rebuild-relay-588d79c5b9-vmmlz,2026-08-05T14:40:56.296000Z,1785940856.296,23744512.0,bytes,,,23744512.0,22.64453125
pbx-web,memory_working_set,pbx-web,pbx-rebuild-relay-588d79c5b9-vmmlz,2026-08-05T15:40:56.296000Z,1785944456.296,23748608.0,bytes,,,23748608.0,22.6484375
pbx-web,memory_working_set,pbx-web,pbx-rebuild-relay-588d79c5b9-vmmlz,2026-08-05T16:40:56.296000Z,1785948056.296,23752704.0,bytes,,,23752704.0,22.65234375
pbx-web,memory_working_set,pbx-web,pbx-rebuild-relay-588d79c5b9-vmmlz,2026-08-05T17:40:56.296000Z,1785951656.296,23797760.0,bytes,,,23797760.0,22.6953125
pbx-web,memory_working_set,pbx-web,pbx-rebuild-relay-588d79c5b9-vmmlz,2026-08-05T18:40:56.296000Z,1785955256.296,23793664.0,bytes,,,23793664.0,22.69140625
pbx-web,memory_working_set,pbx-web,pbx-rebuild-relay-588d79c5b9-vmmlz,2026-08-05T19:40:56.296000Z,1785958856.296,23826432.0,bytes,,,23826432.0,22.72265625
pbx-web,memory_working_set,pbx-web,pbx-rebuild-relay-588d79c5b9-vmmlz,2026-08-05T20:40:56.296000Z,1785962456.296,23834624.0,bytes,,,23834624.0,22.73046875
pbx-web,memory_working_set,pbx-web,pbx-rebuild-relay-588d79c5b9-vmmlz,2026-08-05T21:40:56.296000Z,1785966056.296,23838720.0,bytes,,,23838720.0,22.734375
pbx-web,memory_working_set,pbx-web,pbx-rebuild-relay-588d79c5b9-vmmlz,2026-08-05T22:40:56.296000Z,1785969656.296,23838720.0,bytes,,,23838720.0,22.734375
pbx-web,memory_working_set,pbx-web,pbx-rebuild-relay-588d79c5b9-vmmlz,2026-08-05T23:40:56.296000Z,1785973256.296,23834624.0,bytes,,,23834624.0,22.73046875
pbx-web,memory_working_set,pbx-web,pbx-rebuild-relay-588d79c5b9-vmmlz,2026-08-06T00:40:56.296000Z,1785976856.296,23977984.0,bytes,,,23977984.0,22.8671875
pbx-web,memory_working_set,pbx-web,pbx-rebuild-relay-588d79c5b9-vmmlz,2026-08-06T01:40:56.296000Z,1785980456.296,23998464.0,bytes,,,23998464.0,22.88671875
pbx-web,memory_working_set,pbx-web,pbx-rebuild-relay-588d79c5b9-vmmlz,2026-08-06T02:40:56.296000Z,1785984056.296,23998464.0,bytes,,,23998464.0,22.88671875
pbx-web,memory_working_set,pbx-web,pbx-rebuild-relay-588d79c5b9-vmmlz,2026-08-06T03:40:56.296000Z,1785987656.296,23998464.0,bytes,,,23998464.0,22.88671875
pbx-web,memory_working_set,pbx-web,pbx-rebuild-relay-588d79c5b9-vmmlz,2026-08-06T04:40:56.296000Z,1785991256.296,24092672.0,bytes,,,24092672.0,22.9765625
pbx-web,memory_working_set,pbx-web,pbx-rebuild-relay-588d79c5b9-vmmlz,2026-08-06T05:40:56.296000Z,1785994856.296,24076288.0,bytes,,,24076288.0,22.9609375
pbx-web,memory_working_set,pbx-web,pbx-rebuild-relay-588d79c5b9-vmmlz,2026-08-06T06:40:56.296000Z,1785998456.296,24113152.0,bytes,,,24113152.0,22.99609375
pbx-web,memory_working_set,pbx-web,pbx-rebuild-relay-588d79c5b9-vmmlz,2026-08-06T07:40:56.296000Z,1786002056.296,24125440.0,bytes,,,24125440.0,23.0078125
pbx-web,memory_working_set,pbx-web,pbx-rebuild-relay-588d79c5b9-vmmlz,2026-08-06T08:40:56.296000Z,1786005656.296,24129536.0,bytes,,,24129536.0,23.01171875
pbx-web,memory_working_set,pbx-web,pbx-rebuild-relay-588d79c5b9-vmmlz,2026-08-06T09:40:56.296000Z,1786009256.296,24125440.0,bytes,,,24125440.0,23.0078125
pbx-web,memory_working_set,pbx-web,pbx-rebuild-relay-588d79c5b9-vmmlz,2026-08-06T10:40:56.296000Z,1786012856.296,24133632.0,bytes,,,24133632.0,23.015625
pbx-web,memory_working_set,pbx-web,pbx-rebuild-relay-588d79c5b9-vmmlz,2026-08-06T11:40:56.296000Z,1786016456.296,24129536.0,bytes,,,24129536.0,23.01171875
pbx-web,memory_working_set,pbx-web,pbx-rebuild-relay-588d79c5b9-vmmlz,2026-08-06T12:40:56.296000Z,1786020056.296,24129536.0,bytes,,,24129536.0,23.01171875
pbx-web,memory_working_set,pbx-web,pbx-rebuild-relay-588d79c5b9-vmmlz,2026-08-06T13:40:56.296000Z,1786023656.296,24129536.0,bytes,,,24129536.0,23.01171875
pbx-web,memory_working_set,pbx-web,pbx-rebuild-relay-588d79c5b9-vmmlz,2026-08-06T14:40:56.296000Z,1786027256.296,24129536.0,bytes,,,24129536.0,23.01171875
pbx-web,memory_working_set,pbx-web,pbx-rebuild-relay-588d79c5b9-vmmlz,2026-08-06T15:40:56.296000Z,1786030856.296,24129536.0,bytes,,,24129536.0,23.01171875
pbx-web,memory_working_set,pbx-web,pbx-rebuild-relay-588d79c5b9-vmmlz,2026-08-06T16:40:56.296000Z,1786034456.296,24125440.0,bytes,,,24125440.0,23.0078125
pbx-web,memory_working_set,pbx-web,pbx-rebuild-relay-588d79c5b9-vmmlz,2026-08-06T17:40:56.296000Z,1786038056.296,24129536.0,bytes,,,24129536.0,23.01171875
pbx-web,memory_working_set,pbx-web,pbx-rebuild-relay-588d79c5b9-vmmlz,2026-08-06T18:40:56.296000Z,1786041656.296,24129536.0,bytes,,,24129536.0,23.01171875
pbx-web,memory_working_set,pbx-web,pbx-rebuild-relay-588d79c5b9-vmmlz,2026-08-06T19:40:56.296000Z,1786045256.296,24133632.0,bytes,,,24133632.0,23.015625
pbx-web,memory_working_set,pbx-web,pbx-rebuild-relay-588d79c5b9-vmmlz,2026-08-06T20:40:56.296000Z,1786048856.296,24125440.0,bytes,,,24125440.0,23.0078125
pbx-web,memory_working_set,pbx-web,pbx-rebuild-relay-588d79c5b9-vmmlz,2026-08-06T21:40:56.296000Z,1786052456.296,24125440.0,bytes,,,24125440.0,23.0078125
pbx-web,memory_working_set,pbx-web,pbx-rebuild-relay-588d79c5b9-vmmlz,2026-08-06T22:40:56.296000Z,1786056056.296,24129536.0,bytes,,,24129536.0,23.01171875
pbx-web,memory_working_set,pbx-web,pbx-rebuild-relay-588d79c5b9-vmmlz,2026-08-06T23:40:56.296000Z,1786059656.296,24129536.0,bytes,,,24129536.0,23.01171875
pbx-web,memory_working_set,pbx-web,pbx-rebuild-relay-588d79c5b9-vmmlz,2026-08-07T00:40:56.296000Z,1786063256.296,24190976.0,bytes,,,24190976.0,23.0703125
pbx-web,memory_working_set,pbx-web,pbx-rebuild-relay-588d79c5b9-vmmlz,2026-08-07T01:40:56.296000Z,1786066856.296,24309760.0,bytes,,,24309760.0,23.18359375
pbx-web,memory_working_set,pbx-web,pbx-rebuild-relay-588d79c5b9-vmmlz,2026-08-07T02:40:56.296000Z,1786070456.296,24309760.0,bytes,,,24309760.0,23.18359375
pbx-web,memory_working_set,pbx-web,pbx-rebuild-relay-588d79c5b9-vmmlz,2026-08-07T03:40:56.296000Z,1786074056.296,24309760.0,bytes,,,24309760.0,23.18359375
pbx-web,memory_working_set,pbx-web,pbx-rebuild-relay-588d79c5b9-vmmlz,2026-08-07T04:40:56.296000Z,1786077656.296,24309760.0,bytes,,,24309760.0,23.18359375
pbx-web,memory_working_set,pbx-web,pbx-rebuild-relay-588d79c5b9-vmmlz,2026-08-07T05:40:56.296000Z,1786081256.296,24309760.0,bytes,,,24309760.0,23.18359375
pbx-web,memory_working_set,pbx-web,pbx-rebuild-relay-588d79c5b9-vmmlz,2026-08-07T06:40:56.296000Z,1786084856.296,24309760.0,bytes,,,24309760.0,23.18359375
pbx-web,memory_working_set,pbx-web,pbx-rebuild-relay-588d79c5b9-vmmlz,2026-08-07T07:40:56.296000Z,1786088456.296,24309760.0,bytes,,,24309760.0,23.18359375
pbx-web,memory_working_set,pbx-web,pbx-rebuild-relay-588d79c5b9-vmmlz,2026-08-07T08:40:56.296000Z,1786092056.296,24305664.0,bytes,,,24305664.0,23.1796875
pbx-web,memory_working_set,pbx-web,pbx-rebuild-relay-588d79c5b9-vmmlz,2026-08-07T09:40:56.296000Z,1786095656.296,24305664.0,bytes,,,24305664.0,23.1796875
pbx-web,memory_working_set,pbx-web,pbx-rebuild-relay-588d79c5b9-vmmlz,2026-08-07T10:40:56.296000Z,1786099256.296,24309760.0,bytes,,,24309760.0,23.18359375
pbx-web,memory_working_set,pbx-web,pbx-rebuild-relay-588d79c5b9-vmmlz,2026-08-07T11:40:56.296000Z,1786102856.296,24309760.0,bytes,,,24309760.0,23.18359375
pbx-web,memory_working_set,pbx-web,pbx-rebuild-relay-588d79c5b9-vmmlz,2026-08-07T12:40:56.296000Z,1786106456.296,24309760.0,bytes,,,24309760.0,23.18359375
pbx-web,memory_working_set,pbx-web,pbx-rebuild-relay-588d79c5b9-vmmlz,2026-08-07T13:40:56.296000Z,1786110056.296,24305664.0,bytes,,,24305664.0,23.1796875
pbx-web,memory_working_set,pbx-web,pbx-rebuild-relay-588d79c5b9-vmmlz,2026-08-07T14:40:56.296000Z,1786113656.296,24309760.0,bytes,,,24309760.0,23.18359375
pbx-web,memory_working_set,pbx-web,pbx-rebuild-relay-588d79c5b9-vmmlz,2026-08-07T15:40:56.296000Z,1786117256.296,24424448.0,bytes,,,24424448.0,23.29296875
pbx-web,memory_working_set,pbx-web,pbx-rebuild-relay-588d79c5b9-vmmlz,2026-08-07T16:40:56.296000Z,1786120856.296,24809472.0,bytes,,,24809472.0,23.66015625
pbx-web,memory_working_set,pbx-web,pbx-rebuild-relay-588d79c5b9-vmmlz,2026-08-07T17:40:56.296000Z,1786124456.296,24809472.0,bytes,,,24809472.0,23.66015625
pbx-web,memory_working_set,pbx-web,pbx-rebuild-relay-588d79c5b9-vmmlz,2026-08-07T18:40:56.296000Z,1786128056.296,24825856.0,bytes,,,24825856.0,23.67578125
pbx-web,memory_working_set,pbx-web,pbx-rebuild-relay-588d79c5b9-vmmlz,2026-08-07T19:40:56.296000Z,1786131656.296,24829952.0,bytes,,,24829952.0,23.6796875
pbx-web,memory_working_set,pbx-web,pbx-rebuild-relay-588d79c5b9-vmmlz,2026-08-07T20:40:56.296000Z,1786135256.296,24829952.0,bytes,,,24829952.0,23.6796875
pbx-web,memory_working_set,pbx-web,pbx-rebuild-relay-588d79c5b9-vmmlz,2026-08-07T21:40:56.296000Z,1786138856.296,24829952.0,bytes,,,24829952.0,23.6796875
pbx-web,memory_working_set,pbx-web,pbx-rebuild-relay-588d79c5b9-vmmlz,2026-08-07T22:40:56.296000Z,1786142456.296,24829952.0,bytes,,,24829952.0,23.6796875
pbx-web,memory_working_set,pbx-web,pbx-rebuild-relay-588d79c5b9-vmmlz,2026-08-07T23:40:56.296000Z,1786146056.296,24825856.0,bytes,,,24825856.0,23.67578125
pbx-web,memory_working_set,pbx-web,pbx-rebuild-relay-588d79c5b9-vmmlz,2026-08-08T00:40:56.296000Z,1786149656.296,24829952.0,bytes,,,24829952.0,23.6796875
pbx-web,memory_working_set,pbx-web,pbx-rebuild-relay-588d79c5b9-vmmlz,2026-08-08T01:40:56.296000Z,1786153256.296,24829952.0,bytes,,,24829952.0,23.6796875
pbx-web,memory_working_set,pbx-web,pbx-rebuild-relay-588d79c5b9-vmmlz,2026-08-08T02:40:56.296000Z,1786156856.296,24825856.0,bytes,,,24825856.0,23.67578125
pbx-web,memory_working_set,pbx-web,pbx-rebuild-relay-588d79c5b9-vmmlz,2026-08-08T03:40:56.296000Z,1786160456.296,24883200.0,bytes,,,24883200.0,23.73046875
pbx-web,memory_working_set,pbx-web,pbx-rebuild-relay-588d79c5b9-vmmlz,2026-08-08T04:40:56.296000Z,1786164056.296,24907776.0,bytes,,,24907776.0,23.75390625
pbx-web,memory_working_set,pbx-web,pbx-rebuild-relay-588d79c5b9-vmmlz,2026-08-08T05:40:56.296000Z,1786167656.296,24907776.0,bytes,,,24907776.0,23.75390625
pbx-web,memory_working_set,pbx-web,pbx-rebuild-relay-588d79c5b9-vmmlz,2026-08-08T06:40:56.296000Z,1786171256.296,24903680.0,bytes,,,24903680.0,23.75
pbx-web,memory_working_set,pbx-web,pbx-rebuild-relay-588d79c5b9-vmmlz,2026-08-08T07:40:56.296000Z,1786174856.296,24907776.0,bytes,,,24907776.0,23.75390625
pbx-web,memory_working_set,pbx-web,pbx-rebuild-relay-588d79c5b9-vmmlz,2026-08-08T08:40:56.296000Z,1786178456.296,24903680.0,bytes,,,24903680.0,23.75
pbx-web,memory_working_set,pbx-web,pbx-rebuild-relay-588d79c5b9-vmmlz,2026-08-08T09:40:56.296000Z,1786182056.296,24903680.0,bytes,,,24903680.0,23.75
pbx-web,memory_working_set,pbx-web,pbx-rebuild-relay-588d79c5b9-vmmlz,2026-08-08T10:40:56.296000Z,1786185656.296,24907776.0,bytes,,,24907776.0,23.75390625
pbx-web,memory_working_set,pbx-web,pbx-rebuild-relay-588d79c5b9-vmmlz,2026-08-08T11:40:56.296000Z,1786189256.296,24903680.0,bytes,,,24903680.0,23.75
pbx-web,memory_working_set,pbx-web,pbx-rebuild-relay-588d79c5b9-vmmlz,2026-08-08T12:40:56.296000Z,1786192856.296,24965120.0,bytes,,,24965120.0,23.80859375
pbx-web,memory_working_set,pbx-web,pbx-rebuild-relay-588d79c5b9-vmmlz,2026-08-08T13:40:56.296000Z,1786196456.296,24965120.0,bytes,,,24965120.0,23.80859375
pbx-web,memory_working_set,pbx-web,pbx-rebuild-relay-588d79c5b9-vmmlz,2026-08-08T14:40:56.296000Z,1786200056.296,24961024.0,bytes,,,24961024.0,23.8046875
pbx-web,memory_working_set,pbx-web,pbx-rebuild-relay-588d79c5b9-vmmlz,2026-08-08T15:40:56.296000Z,1786203656.296,24965120.0,bytes,,,24965120.0,23.80859375
pbx-web,memory_working_set,pbx-web,pbx-rebuild-relay-588d79c5b9-vmmlz,2026-08-08T16:40:56.296000Z,1786207256.296,24961024.0,bytes,,,24961024.0,23.8046875
pbx-web,memory_working_set,pbx-web,pbx-rebuild-relay-588d79c5b9-vmmlz,2026-08-08T17:40:56.296000Z,1786210856.296,25022464.0,bytes,,,25022464.0,23.86328125
pbx-web,memory_working_set,pbx-web,pbx-rebuild-relay-588d79c5b9-vmmlz,2026-08-08T18:40:56.296000Z,1786214456.296,25026560.0,bytes,,,25026560.0,23.8671875
pbx-web,memory_working_set,pbx-web,pbx-rebuild-relay-588d79c5b9-vmmlz,2026-08-08T19:40:56.296000Z,1786218056.296,25391104.0,bytes,,,25391104.0,24.21484375
pbx-web,memory_working_set,pbx-web,pbx-rebuild-relay-588d79c5b9-vmmlz,2026-08-08T20:40:56.296000Z,1786221656.296,25477120.0,bytes,,,25477120.0,24.296875
pbx-web,memory_working_set,pbx-web,pbx-rebuild-relay-588d79c5b9-vmmlz,2026-08-08T21:40:56.296000Z,1786225256.296,25497600.0,bytes,,,25497600.0,24.31640625
pbx-web,memory_working_set,pbx-web,pbx-rebuild-relay-588d79c5b9-vmmlz,2026-08-08T22:40:56.296000Z,1786228856.296,25505792.0,bytes,,,25505792.0,24.32421875
pbx-web,memory_working_set,pbx-web,pbx-rebuild-relay-588d79c5b9-vmmlz,2026-08-08T23:40:56.296000Z,1786232456.296,25509888.0,bytes,,,25509888.0,24.328125
pbx-web,memory_working_set,pbx-web,pbx-rebuild-relay-588d79c5b9-vmmlz,2026-08-09T00:40:56.296000Z,1786236056.296,25681920.0,bytes,,,25681920.0,24.4921875
pbx-web,memory_working_set,pbx-web,pbx-rebuild-relay-588d79c5b9-vmmlz,2026-08-09T01:40:56.296000Z,1786239656.296,25681920.0,bytes,,,25681920.0,24.4921875
pbx-web,memory_working_set,pbx-web,pbx-rebuild-relay-588d79c5b9-vmmlz,2026-08-09T02:40:56.296000Z,1786243256.296,25681920.0,bytes,,,25681920.0,24.4921875
pbx-web,memory_working_set,pbx-web,pbx-rebuild-relay-588d79c5b9-vmmlz,2026-08-09T03:40:56.296000Z,1786246856.296,25690112.0,bytes,,,25690112.0,24.5
pbx-web,memory_working_set,pbx-web,pbx-rebuild-relay-588d79c5b9-vmmlz,2026-08-09T04:40:56.296000Z,1786250456.296,25690112.0,bytes,,,25690112.0,24.5
pbx-web,memory_working_set,pbx-web,pbx-rebuild-relay-588d79c5b9-vmmlz,2026-08-09T05:40:56.296000Z,1786254056.296,25694208.0,bytes,,,25694208.0,24.50390625
pbx-web,memory_working_set,pbx-web,pbx-rebuild-relay-588d79c5b9-vmmlz,2026-08-09T06:40:56.296000Z,1786257656.296,25804800.0,bytes,,,25804800.0,24.609375
pbx-web,memory_working_set,pbx-web,pbx-rebuild-relay-588d79c5b9-vmmlz,2026-08-09T07:40:56.296000Z,1786261256.296,25804800.0,bytes,,,25804800.0,24.609375
pbx-web,memory_working_set,pbx-web,pbx-rebuild-relay-588d79c5b9-vmmlz,2026-08-09T08:40:56.296000Z,1786264856.296,25800704.0,bytes,,,25800704.0,24.60546875
pbx-web,memory_working_set,pbx-web,pbx-rebuild-relay-588d79c5b9-vmmlz,2026-08-09T09:40:56.296000Z,1786268456.296,25804800.0,bytes,,,25804800.0,24.609375
pbx-web,memory_working_set,pbx-web,pbx-rebuild-relay-588d79c5b9-vmmlz,2026-08-09T10:40:56.296000Z,1786272056.296,25804800.0,bytes,,,25804800.0,24.609375
pbx-web,memory_working_set,pbx-web,pbx-rebuild-relay-588d79c5b9-vmmlz,2026-08-09T11:40:56.296000Z,1786275656.296,25804800.0,bytes,,,25804800.0,24.609375
pbx-web,memory_working_set,pbx-web,pbx-rebuild-relay-588d79c5b9-vmmlz,2026-08-09T12:40:56.296000Z,1786279256.296,25817088.0,bytes,,,25817088.0,24.62109375
pbx-web,memory_working_set,pbx-web,pbx-rebuild-relay-588d79c5b9-vmmlz,2026-08-09T13:40:56.296000Z,1786282856.296,25812992.0,bytes,,,25812992.0,24.6171875
pbx-web,memory_working_set,pbx-web,pbx-rebuild-relay-588d79c5b9-vmmlz,2026-08-09T14:40:56.296000Z,1786286456.296,25817088.0,bytes,,,25817088.0,24.62109375
pbx-web,memory_working_set,pbx-web,pbx-rebuild-relay-588d79c5b9-vmmlz,2026-08-09T15:40:56.296000Z,1786290056.296,25817088.0,bytes,,,25817088.0,24.62109375
pbx-web,memory_working_set,pbx-web,pbx-rebuild-relay-588d79c5b9-vmmlz,2026-08-09T16:40:56.296000Z,1786293656.296,25812992.0,bytes,,,25812992.0,24.6171875
pbx-web,memory_working_set,pbx-web,pbx-rebuild-relay-588d79c5b9-vmmlz,2026-08-09T17:40:56.296000Z,1786297256.296,25817088.0,bytes,,,25817088.0,24.62109375
pbx-web,memory_working_set,pbx-web,pbx-rebuild-relay-588d79c5b9-vmmlz,2026-08-09T18:40:56.296000Z,1786300856.296,25812992.0,bytes,,,25812992.0,24.6171875
pbx-web,memory_working_set,pbx-web,pbx-rebuild-relay-588d79c5b9-vmmlz,2026-08-09T19:40:56.296000Z,1786304456.296,25812992.0,bytes,,,25812992.0,24.6171875
pbx-web,memory_working_set,pbx-web,pbx-rebuild-relay-588d79c5b9-vmmlz,2026-08-09T20:40:56.296000Z,1786308056.296,25817088.0,bytes,,,25817088.0,24.62109375
pbx-web,memory_working_set,pbx-web,pbx-rebuild-relay-588d79c5b9-vmmlz,2026-08-09T21:40:56.296000Z,1786311656.296,25812992.0,bytes,,,25812992.0,24.6171875
pbx-web,memory_working_set,pbx-web,pbx-rebuild-relay-588d79c5b9-vmmlz,2026-08-09T22:40:56.296000Z,1786315256.296,26046464.0,bytes,,,26046464.0,24.83984375
pbx-web,memory_working_set,pbx-web,pbx-rebuild-relay-588d79c5b9-vmmlz,2026-08-09T23:40:56.296000Z,1786318856.296,26042368.0,bytes,,,26042368.0,24.8359375
pbx-web,memory_working_set,pbx-web,pbx-rebuild-relay-588d79c5b9-vmmlz,2026-08-10T00:40:56.296000Z,1786322456.296,26042368.0,bytes,,,26042368.0,24.8359375
pbx-web,memory_working_set,pbx-web,pbx-rebuild-relay-588d79c5b9-vmmlz,2026-08-10T01:40:56.296000Z,1786326056.296,26042368.0,bytes,,,26042368.0,24.8359375
pbx-web,memory_working_set,pbx-web,pbx-rebuild-relay-588d79c5b9-vmmlz,2026-08-10T02:40:56.296000Z,1786329656.296,26042368.0,bytes,,,26042368.0,24.8359375
pbx-web,memory_working_set,pbx-web,pbx-rebuild-relay-588d79c5b9-vmmlz,2026-08-10T03:40:56.296000Z,1786333256.296,26038272.0,bytes,,,26038272.0,24.83203125
pbx-web,memory_working_set,pbx-web,pbx-rebuild-relay-588d79c5b9-vmmlz,2026-08-10T04:40:56.296000Z,1786336856.296,26042368.0,bytes,,,26042368.0,24.8359375
pbx-web,memory_working_set,pbx-web,pbx-rebuild-relay-588d79c5b9-vmmlz,2026-08-10T05:40:56.296000Z,1786340456.296,26038272.0,bytes,,,26038272.0,24.83203125
pbx-web,memory_working_set,pbx-web,pbx-rebuild-relay-588d79c5b9-vmmlz,2026-08-10T06:40:56.296000Z,1786344056.296,26042368.0,bytes,,,26042368.0,24.8359375
pbx-web,memory_working_set,pbx-web,pbx-rebuild-relay-588d79c5b9-vmmlz,2026-08-10T07:40:56.296000Z,1786347656.296,26042368.0,bytes,,,26042368.0,24.8359375
pbx-web,memory_working_set,pbx-web,pbx-rebuild-relay-588d79c5b9-vmmlz,2026-08-10T08:40:56.296000Z,1786351256.296,26042368.0,bytes,,,26042368.0,24.8359375
pbx-web,memory_working_set,pbx-web,pbx-rebuild-relay-588d79c5b9-vmmlz,2026-08-10T09:40:56.296000Z,1786354856.296,26042368.0,bytes,,,26042368.0,24.8359375
pbx-web,memory_working_set,pbx-web,pbx-rebuild-relay-588d79c5b9-vmmlz,2026-08-10T10:40:56.296000Z,1786358456.296,26038272.0,bytes,,,26038272.0,24.83203125
pbx-web,memory_working_set,pbx-web,pbx-web-5ff68464d-mkn8n,2026-07-30T18:40:56.296000Z,1785436856.296,78778368.0,bytes,,,78778368.0,75.12890625
pbx-web,memory_working_set,pbx-web,pbx-web-5ff68464d-mkn8n,2026-07-30T19:40:56.296000Z,1785440456.296,78901248.0,bytes,,,78901248.0,75.24609375
pbx-web,memory_working_set,pbx-web,pbx-web-5ff68464d-mkn8n,2026-07-30T20:40:56.296000Z,1785444056.296,78897152.0,bytes,,,78897152.0,75.2421875
pbx-web,memory_working_set,pbx-web,pbx-web-5ff68464d-mkn8n,2026-07-30T21:40:56.296000Z,1785447656.296,78897152.0,bytes,,,78897152.0,75.2421875
pbx-web,memory_working_set,pbx-web,pbx-web-5ff68464d-mkn8n,2026-07-30T22:40:56.296000Z,1785451256.296,80879616.0,bytes,,,80879616.0,77.1328125
pbx-web,memory_working_set,pbx-web,pbx-web-5ff68464d-mkn8n,2026-07-30T23:40:56.296000Z,1785454856.296,80879616.0,bytes,,,80879616.0,77.1328125
pbx-web,memory_working_set,pbx-web,pbx-web-5ff68464d-mkn8n,2026-07-31T00:40:56.296000Z,1785458456.296,80879616.0,bytes,,,80879616.0,77.1328125
pbx-web,memory_working_set,pbx-web,pbx-web-5ff68464d-mkn8n,2026-07-31T01:40:56.296000Z,1785462056.296,80883712.0,bytes,,,80883712.0,77.13671875
pbx-web,memory_working_set,pbx-web,pbx-web-5ff68464d-mkn8n,2026-07-31T02:40:56.296000Z,1785465656.296,80879616.0,bytes,,,80879616.0,77.1328125
pbx-web,memory_working_set,pbx-web,pbx-web-5ff68464d-mkn8n,2026-07-31T03:40:56.296000Z,1785469256.296,80879616.0,bytes,,,80879616.0,77.1328125
pbx-web,memory_working_set,pbx-web,pbx-web-5ff68464d-mkn8n,2026-07-31T04:40:56.296000Z,1785472856.296,80879616.0,bytes,,,80879616.0,77.1328125
pbx-web,memory_working_set,pbx-web,pbx-web-5ff68464d-mkn8n,2026-07-31T05:40:56.296000Z,1785476456.296,80879616.0,bytes,,,80879616.0,77.1328125
pbx-web,memory_working_set,pbx-web,pbx-web-5ff68464d-mkn8n,2026-07-31T06:40:56.296000Z,1785480056.296,80879616.0,bytes,,,80879616.0,77.1328125
pbx-web,memory_working_set,pbx-web,pbx-web-5ff68464d-mkn8n,2026-07-31T07:40:56.296000Z,1785483656.296,80879616.0,bytes,,,80879616.0,77.1328125
pbx-web,memory_working_set,pbx-web,pbx-web-5ff68464d-mkn8n,2026-07-31T08:40:56.296000Z,1785487256.296,80879616.0,bytes,,,80879616.0,77.1328125
pbx-web,memory_working_set,pbx-web,pbx-web-5ff68464d-mkn8n,2026-07-31T09:40:56.296000Z,1785490856.296,80879616.0,bytes,,,80879616.0,77.1328125
pbx-web,memory_working_set,pbx-web,pbx-web-5ff68464d-mkn8n,2026-07-31T10:40:56.296000Z,1785494456.296,80879616.0,bytes,,,80879616.0,77.1328125
pbx-web,memory_working_set,pbx-web,pbx-web-5ff68464d-mkn8n,2026-07-31T11:40:56.296000Z,1785498056.296,80879616.0,bytes,,,80879616.0,77.1328125
pbx-web,memory_working_set,pbx-web,pbx-web-5ff68464d-mkn8n,2026-07-31T12:40:56.296000Z,1785501656.296,80879616.0,bytes,,,80879616.0,77.1328125
pbx-web,memory_working_set,pbx-web,pbx-web-5ff68464d-mkn8n,2026-07-31T13:40:56.296000Z,1785505256.296,80879616.0,bytes,,,80879616.0,77.1328125
pbx-web,memory_working_set,pbx-web,pbx-web-5ff68464d-mkn8n,2026-07-31T14:40:56.296000Z,1785508856.296,80879616.0,bytes,,,80879616.0,77.1328125
pbx-web,memory_working_set,pbx-web,pbx-web-5ff68464d-mkn8n,2026-07-31T15:40:56.296000Z,1785512456.296,80879616.0,bytes,,,80879616.0,77.1328125
pbx-web,memory_working_set,pbx-web,pbx-web-5ff68464d-mkn8n,2026-07-31T16:40:56.296000Z,1785516056.296,79204352.0,bytes,,,79204352.0,75.53515625
pbx-web,memory_working_set,pbx-web,pbx-web-5ff68464d-mkn8n,2026-07-31T17:40:56.296000Z,1785519656.296,79204352.0,bytes,,,79204352.0,75.53515625
pbx-web,memory_working_set,pbx-web,pbx-web-5ff68464d-mkn8n,2026-07-31T18:40:56.296000Z,1785523256.296,79204352.0,bytes,,,79204352.0,75.53515625
pbx-web,memory_working_set,pbx-web,pbx-web-5ff68464d-mkn8n,2026-07-31T19:40:56.296000Z,1785526856.296,79204352.0,bytes,,,79204352.0,75.53515625
pbx-web,memory_working_set,pbx-web,pbx-web-5ff68464d-mkn8n,2026-07-31T20:40:56.296000Z,1785530456.296,79204352.0,bytes,,,79204352.0,75.53515625
pbx-web,memory_working_set,pbx-web,pbx-web-5ff68464d-mkn8n,2026-07-31T21:40:56.296000Z,1785534056.296,79204352.0,bytes,,,79204352.0,75.53515625
pbx-web,memory_working_set,pbx-web,pbx-web-5ff68464d-mkn8n,2026-07-31T22:40:56.296000Z,1785537656.296,79204352.0,bytes,,,79204352.0,75.53515625
pbx-web,memory_working_set,pbx-web,pbx-web-5ff68464d-mkn8n,2026-07-31T23:40:56.296000Z,1785541256.296,79204352.0,bytes,,,79204352.0,75.53515625
pbx-web,memory_working_set,pbx-web,pbx-web-5ff68464d-mkn8n,2026-08-01T00:40:56.296000Z,1785544856.296,79212544.0,bytes,,,79212544.0,75.54296875
pbx-web,memory_working_set,pbx-web,pbx-web-5ff68464d-mkn8n,2026-08-01T01:40:56.296000Z,1785548456.296,79204352.0,bytes,,,79204352.0,75.53515625
pbx-web,memory_working_set,pbx-web,pbx-web-5ff68464d-mkn8n,2026-08-01T02:40:56.296000Z,1785552056.296,79204352.0,bytes,,,79204352.0,75.53515625
pbx-web,memory_working_set,pbx-web,pbx-web-5ff68464d-mkn8n,2026-08-01T03:40:56.296000Z,1785555656.296,79204352.0,bytes,,,79204352.0,75.53515625
pbx-web,memory_working_set,pbx-web,pbx-web-5ff68464d-mkn8n,2026-08-01T04:40:56.296000Z,1785559256.296,79204352.0,bytes,,,79204352.0,75.53515625
pbx-web,memory_working_set,pbx-web,pbx-web-5ff68464d-mkn8n,2026-08-01T05:40:56.296000Z,1785562856.296,79204352.0,bytes,,,79204352.0,75.53515625
pbx-web,memory_working_set,pbx-web,pbx-web-5ff68464d-mkn8n,2026-08-01T06:40:56.296000Z,1785566456.296,79261696.0,bytes,,,79261696.0,75.58984375
pbx-web,memory_working_set,pbx-web,pbx-web-5ff68464d-mkn8n,2026-08-01T07:40:56.296000Z,1785570056.296,79507456.0,bytes,,,79507456.0,75.82421875
pbx-web,memory_working_set,pbx-web,pbx-web-5ff68464d-mkn8n,2026-08-01T08:40:56.296000Z,1785573656.296,79507456.0,bytes,,,79507456.0,75.82421875
pbx-web,memory_working_set,pbx-web,pbx-web-5ff68464d-mkn8n,2026-08-01T09:40:56.296000Z,1785577256.296,79507456.0,bytes,,,79507456.0,75.82421875
pbx-web,memory_working_set,pbx-web,pbx-web-5ff68464d-mkn8n,2026-08-01T10:40:56.296000Z,1785580856.296,79507456.0,bytes,,,79507456.0,75.82421875
pbx-web,memory_working_set,pbx-web,pbx-web-5ff68464d-mkn8n,2026-08-01T11:40:56.296000Z,1785584456.296,79507456.0,bytes,,,79507456.0,75.82421875
pbx-web,memory_working_set,pbx-web,pbx-web-5ff68464d-mkn8n,2026-08-01T12:40:56.296000Z,1785588056.296,79519744.0,bytes,,,79519744.0,75.8359375
pbx-web,memory_working_set,pbx-web,pbx-web-5ff68464d-mkn8n,2026-08-01T13:40:56.296000Z,1785591656.296,79519744.0,bytes,,,79519744.0,75.8359375
pbx-web,memory_working_set,pbx-web,pbx-web-5ff68464d-mkn8n,2026-08-01T14:40:56.296000Z,1785595256.296,79519744.0,bytes,,,79519744.0,75.8359375
pbx-web,memory_working_set,pbx-web,pbx-web-5ff68464d-mkn8n,2026-08-01T15:40:56.296000Z,1785598856.296,79548416.0,bytes,,,79548416.0,75.86328125
pbx-web,memory_working_set,pbx-web,pbx-web-5ff68464d-mkn8n,2026-08-01T16:40:56.296000Z,1785602456.296,79548416.0,bytes,,,79548416.0,75.86328125
pbx-web,memory_working_set,pbx-web,pbx-web-5ff68464d-mkn8n,2026-08-01T17:40:56.296000Z,1785606056.296,79548416.0,bytes,,,79548416.0,75.86328125
pbx-web,memory_working_set,pbx-web,pbx-web-5ff68464d-mkn8n,2026-08-01T18:40:56.296000Z,1785609656.296,79548416.0,bytes,,,79548416.0,75.86328125
pbx-web,memory_working_set,pbx-web,pbx-web-5ff68464d-mkn8n,2026-08-01T19:40:56.296000Z,1785613256.296,79548416.0,bytes,,,79548416.0,75.86328125
pbx-web,memory_working_set,pbx-web,pbx-web-5ff68464d-mkn8n,2026-08-01T20:40:56.296000Z,1785616856.296,79548416.0,bytes,,,79548416.0,75.86328125
pbx-web,memory_working_set,pbx-web,pbx-web-5ff68464d-mkn8n,2026-08-01T21:40:56.296000Z,1785620456.296,79548416.0,bytes,,,79548416.0,75.86328125
pbx-web,memory_working_set,pbx-web,pbx-web-5ff68464d-mkn8n,2026-08-01T22:40:56.296000Z,1785624056.296,79548416.0,bytes,,,79548416.0,75.86328125
pbx-web,memory_working_set,pbx-web,pbx-web-5ff68464d-mkn8n,2026-08-01T23:40:56.296000Z,1785627656.296,79552512.0,bytes,,,79552512.0,75.8671875
pbx-web,memory_working_set,pbx-web,pbx-web-5ff68464d-mkn8n,2026-08-02T00:40:56.296000Z,1785631256.296,79548416.0,bytes,,,79548416.0,75.86328125
pbx-web,memory_working_set,pbx-web,pbx-web-5ff68464d-mkn8n,2026-08-02T01:40:56.296000Z,1785634856.296,79548416.0,bytes,,,79548416.0,75.86328125
pbx-web,memory_working_set,pbx-web,pbx-web-5ff68464d-mkn8n,2026-08-02T02:40:56.296000Z,1785638456.296,79548416.0,bytes,,,79548416.0,75.86328125
pbx-web,memory_working_set,pbx-web,pbx-web-5ff68464d-mkn8n,2026-08-02T03:40:56.296000Z,1785642056.296,79548416.0,bytes,,,79548416.0,75.86328125
pbx-web,memory_working_set,pbx-web,pbx-web-5ff68464d-mkn8n,2026-08-02T04:40:56.296000Z,1785645656.296,79548416.0,bytes,,,79548416.0,75.86328125
pbx-web,memory_working_set,pbx-web,pbx-web-5ff68464d-mkn8n,2026-08-02T05:40:56.296000Z,1785649256.296,79548416.0,bytes,,,79548416.0,75.86328125
pbx-web,memory_working_set,pbx-web,pbx-web-5ff68464d-mkn8n,2026-08-02T06:40:56.296000Z,1785652856.296,79560704.0,bytes,,,79560704.0,75.875
pbx-web,memory_working_set,pbx-web,pbx-web-5ff68464d-mkn8n,2026-08-02T07:40:56.296000Z,1785656456.296,79560704.0,bytes,,,79560704.0,75.875
pbx-web,memory_working_set,pbx-web,pbx-web-5ff68464d-mkn8n,2026-08-02T08:40:56.296000Z,1785660056.296,79564800.0,bytes,,,79564800.0,75.87890625
pbx-web,memory_working_set,pbx-web,pbx-web-5ff68464d-mkn8n,2026-08-02T09:40:56.296000Z,1785663656.296,79638528.0,bytes,,,79638528.0,75.94921875
pbx-web,memory_working_set,pbx-web,pbx-web-5ff68464d-mkn8n,2026-08-02T10:40:56.296000Z,1785667256.296,79642624.0,bytes,,,79642624.0,75.953125
pbx-web,memory_working_set,pbx-web,pbx-web-5ff68464d-mkn8n,2026-08-02T11:40:56.296000Z,1785670856.296,79642624.0,bytes,,,79642624.0,75.953125
pbx-web,memory_working_set,pbx-web,pbx-web-5ff68464d-mkn8n,2026-08-02T12:40:56.296000Z,1785674456.296,79642624.0,bytes,,,79642624.0,75.953125
pbx-web,memory_working_set,pbx-web,pbx-web-5ff68464d-mkn8n,2026-08-02T13:40:56.296000Z,1785678056.296,79642624.0,bytes,,,79642624.0,75.953125
pbx-web,memory_working_set,pbx-web,pbx-web-5ff68464d-mkn8n,2026-08-02T14:40:56.296000Z,1785681656.296,79642624.0,bytes,,,79642624.0,75.953125
pbx-web,memory_working_set,pbx-web,pbx-web-5ff68464d-mkn8n,2026-08-02T15:40:56.296000Z,1785685256.296,79642624.0,bytes,,,79642624.0,75.953125
pbx-web,memory_working_set,pbx-web,pbx-web-5ff68464d-mkn8n,2026-08-02T16:40:56.296000Z,1785688856.296,79642624.0,bytes,,,79642624.0,75.953125
pbx-web,memory_working_set,pbx-web,pbx-web-5ff68464d-mkn8n,2026-08-02T17:40:56.296000Z,1785692456.296,79642624.0,bytes,,,79642624.0,75.953125
pbx-web,memory_working_set,pbx-web,pbx-web-5ff68464d-mkn8n,2026-08-02T18:40:56.296000Z,1785696056.296,79642624.0,bytes,,,79642624.0,75.953125
pbx-web,memory_working_set,pbx-web,pbx-web-5ff68464d-mkn8n,2026-08-02T19:40:56.296000Z,1785699656.296,79646720.0,bytes,,,79646720.0,75.95703125
pbx-web,memory_working_set,pbx-web,pbx-web-5ff68464d-mkn8n,2026-08-02T20:40:56.296000Z,1785703256.296,79646720.0,bytes,,,79646720.0,75.95703125
pbx-web,memory_working_set,pbx-web,pbx-web-5ff68464d-mkn8n,2026-08-02T21:40:56.296000Z,1785706856.296,79642624.0,bytes,,,79642624.0,75.953125
pbx-web,memory_working_set,pbx-web,pbx-web-5ff68464d-mkn8n,2026-08-02T22:40:56.296000Z,1785710456.296,79642624.0,bytes,,,79642624.0,75.953125
pbx-web,memory_working_set,pbx-web,pbx-web-5ff68464d-mkn8n,2026-08-02T23:40:56.296000Z,1785714056.296,79642624.0,bytes,,,79642624.0,75.953125
pbx-web,memory_working_set,pbx-web,pbx-web-5ff68464d-mkn8n,2026-08-03T00:40:56.296000Z,1785717656.296,79646720.0,bytes,,,79646720.0,75.95703125
pbx-web,memory_working_set,pbx-web,pbx-web-5ff68464d-mkn8n,2026-08-03T01:40:56.296000Z,1785721256.296,79642624.0,bytes,,,79642624.0,75.953125
pbx-web,memory_working_set,pbx-web,pbx-web-5ff68464d-mkn8n,2026-08-03T02:40:56.296000Z,1785724856.296,79642624.0,bytes,,,79642624.0,75.953125
pbx-web,memory_working_set,pbx-web,pbx-web-5ff68464d-mkn8n,2026-08-03T03:40:56.296000Z,1785728456.296,79642624.0,bytes,,,79642624.0,75.953125
pbx-web,memory_working_set,pbx-web,pbx-web-5ff68464d-mkn8n,2026-08-03T04:40:56.296000Z,1785732056.296,79642624.0,bytes,,,79642624.0,75.953125
pbx-web,memory_working_set,pbx-web,pbx-web-5ff68464d-mkn8n,2026-08-03T05:40:56.296000Z,1785735656.296,79642624.0,bytes,,,79642624.0,75.953125
pbx-web,memory_working_set,pbx-web,pbx-web-5ff68464d-mkn8n,2026-08-03T06:40:56.296000Z,1785739256.296,79642624.0,bytes,,,79642624.0,75.953125
pbx-web,memory_working_set,pbx-web,pbx-web-5ff68464d-mkn8n,2026-08-03T07:40:56.296000Z,1785742856.296,79642624.0,bytes,,,79642624.0,75.953125
pbx-web,memory_working_set,pbx-web,pbx-web-5ff68464d-mkn8n,2026-08-03T08:40:56.296000Z,1785746456.296,79642624.0,bytes,,,79642624.0,75.953125
pbx-web,memory_working_set,pbx-web,pbx-web-5ff68464d-mkn8n,2026-08-03T09:40:56.296000Z,1785750056.296,79642624.0,bytes,,,79642624.0,75.953125
pbx-web,memory_working_set,pbx-web,pbx-web-5ff68464d-mkn8n,2026-08-03T10:40:56.296000Z,1785753656.296,79642624.0,bytes,,,79642624.0,75.953125
pbx-web,memory_working_set,pbx-web,pbx-web-5ff68464d-mkn8n,2026-08-03T11:40:56.296000Z,1785757256.296,79646720.0,bytes,,,79646720.0,75.95703125
pbx-web,memory_working_set,pbx-web,pbx-web-5ff68464d-mkn8n,2026-08-03T12:40:56.296000Z,1785760856.296,79646720.0,bytes,,,79646720.0,75.95703125
pbx-web,memory_working_set,pbx-web,pbx-web-5ff68464d-mkn8n,2026-08-03T13:40:56.296000Z,1785764456.296,79642624.0,bytes,,,79642624.0,75.953125
pbx-web,memory_working_set,pbx-web,pbx-web-5ff68464d-mkn8n,2026-08-03T14:40:56.296000Z,1785768056.296,79642624.0,bytes,,,79642624.0,75.953125
pbx-web,memory_working_set,pbx-web,pbx-web-5ff68464d-mkn8n,2026-08-03T15:40:56.296000Z,1785771656.296,79642624.0,bytes,,,79642624.0,75.953125
pbx-web,memory_working_set,pbx-web,pbx-web-5ff68464d-mkn8n,2026-08-03T16:40:56.296000Z,1785775256.296,79642624.0,bytes,,,79642624.0,75.953125
pbx-web,memory_working_set,pbx-web,pbx-web-5ff68464d-mkn8n,2026-08-03T17:40:56.296000Z,1785778856.296,79642624.0,bytes,,,79642624.0,75.953125
pbx-web,memory_working_set,pbx-web,pbx-web-5ff68464d-mkn8n,2026-08-03T18:40:56.296000Z,1785782456.296,79642624.0,bytes,,,79642624.0,75.953125
pbx-web,memory_working_set,pbx-web,pbx-web-5ff68464d-mkn8n,2026-08-03T19:40:56.296000Z,1785786056.296,79642624.0,bytes,,,79642624.0,75.953125
pbx-web,memory_working_set,pbx-web,pbx-web-5ff68464d-mkn8n,2026-08-03T20:40:56.296000Z,1785789656.296,79642624.0,bytes,,,79642624.0,75.953125
pbx-web,memory_working_set,pbx-web,pbx-web-5ff68464d-mkn8n,2026-08-03T21:40:56.296000Z,1785793256.296,79642624.0,bytes,,,79642624.0,75.953125
pbx-web,memory_working_set,pbx-web,pbx-web-5ff68464d-mkn8n,2026-08-03T22:40:56.296000Z,1785796856.296,79642624.0,bytes,,,79642624.0,75.953125
pbx-web,memory_working_set,pbx-web,pbx-web-5ff68464d-mkn8n,2026-08-03T23:40:56.296000Z,1785800456.296,79642624.0,bytes,,,79642624.0,75.953125
pbx-web,memory_working_set,pbx-web,pbx-web-5ff68464d-mkn8n,2026-08-04T00:40:56.296000Z,1785804056.296,79642624.0,bytes,,,79642624.0,75.953125
pbx-web,memory_working_set,pbx-web,pbx-web-5ff68464d-mkn8n,2026-08-04T01:40:56.296000Z,1785807656.296,79642624.0,bytes,,,79642624.0,75.953125
pbx-web,memory_working_set,pbx-web,pbx-web-5ff68464d-mkn8n,2026-08-04T02:40:56.296000Z,1785811256.296,79642624.0,bytes,,,79642624.0,75.953125
pbx-web,memory_working_set,pbx-web,pbx-web-5ff68464d-mkn8n,2026-08-04T03:40:56.296000Z,1785814856.296,79642624.0,bytes,,,79642624.0,75.953125
pbx-web,memory_working_set,pbx-web,pbx-web-5ff68464d-mkn8n,2026-08-04T04:40:56.296000Z,1785818456.296,79642624.0,bytes,,,79642624.0,75.953125
pbx-web,memory_working_set,pbx-web,pbx-web-5ff68464d-mkn8n,2026-08-04T05:40:56.296000Z,1785822056.296,79642624.0,bytes,,,79642624.0,75.953125
pbx-web,memory_working_set,pbx-web,pbx-web-5ff68464d-mkn8n,2026-08-04T06:40:56.296000Z,1785825656.296,79642624.0,bytes,,,79642624.0,75.953125
pbx-web,memory_working_set,pbx-web,pbx-web-5ff68464d-mkn8n,2026-08-04T07:40:56.296000Z,1785829256.296,79646720.0,bytes,,,79646720.0,75.95703125
pbx-web,memory_working_set,pbx-web,pbx-web-5ff68464d-mkn8n,2026-08-04T08:40:56.296000Z,1785832856.296,79642624.0,bytes,,,79642624.0,75.953125
pbx-web,memory_working_set,pbx-web,pbx-web-5ff68464d-mkn8n,2026-08-04T09:40:56.296000Z,1785836456.296,79642624.0,bytes,,,79642624.0,75.953125
pbx-web,memory_working_set,pbx-web,pbx-web-5ff68464d-mkn8n,2026-08-04T10:40:56.296000Z,1785840056.296,79642624.0,bytes,,,79642624.0,75.953125
pbx-web,memory_working_set,pbx-web,pbx-web-5ff68464d-mkn8n,2026-08-04T11:40:56.296000Z,1785843656.296,79642624.0,bytes,,,79642624.0,75.953125
pbx-web,memory_working_set,pbx-web,pbx-web-5ff68464d-mkn8n,2026-08-04T12:40:56.296000Z,1785847256.296,79343616.0,bytes,,,79343616.0,75.66796875
pbx-web,memory_working_set,pbx-web,pbx-web-5ff68464d-mkn8n,2026-08-04T13:40:56.296000Z,1785850856.296,79343616.0,bytes,,,79343616.0,75.66796875
pbx-web,memory_working_set,pbx-web,pbx-web-5ff68464d-mkn8n,2026-08-04T14:40:56.296000Z,1785854456.296,79343616.0,bytes,,,79343616.0,75.66796875
pbx-web,memory_working_set,pbx-web,pbx-web-5ff68464d-mkn8n,2026-08-04T15:40:56.296000Z,1785858056.296,79343616.0,bytes,,,79343616.0,75.66796875
pbx-web,memory_working_set,pbx-web,pbx-web-5ff68464d-mkn8n,2026-08-04T16:40:56.296000Z,1785861656.296,79343616.0,bytes,,,79343616.0,75.66796875
pbx-web,memory_working_set,pbx-web,pbx-web-5ff68464d-mkn8n,2026-08-04T17:40:56.296000Z,1785865256.296,79343616.0,bytes,,,79343616.0,75.66796875
pbx-web,memory_working_set,pbx-web,pbx-web-5ff68464d-mkn8n,2026-08-04T18:40:56.296000Z,1785868856.296,79523840.0,bytes,,,79523840.0,75.83984375
pbx-web,memory_working_set,pbx-web,pbx-web-5ff68464d-mkn8n,2026-08-04T19:40:56.296000Z,1785872456.296,79560704.0,bytes,,,79560704.0,75.875
pbx-web,memory_working_set,pbx-web,pbx-web-5ff68464d-mkn8n,2026-08-04T20:40:56.296000Z,1785876056.296,79560704.0,bytes,,,79560704.0,75.875
pbx-web,memory_working_set,pbx-web,pbx-web-5ff68464d-mkn8n,2026-08-04T21:40:56.296000Z,1785879656.296,79560704.0,bytes,,,79560704.0,75.875
pbx-web,memory_working_set,pbx-web,pbx-web-5ff68464d-mkn8n,2026-08-04T22:40:56.296000Z,1785883256.296,79560704.0,bytes,,,79560704.0,75.875
pbx-web,memory_working_set,pbx-web,pbx-web-5ff68464d-mkn8n,2026-08-04T23:40:56.296000Z,1785886856.296,79564800.0,bytes,,,79564800.0,75.87890625
pbx-web,memory_working_set,pbx-web,pbx-web-5ff68464d-mkn8n,2026-08-05T00:40:56.296000Z,1785890456.296,79560704.0,bytes,,,79560704.0,75.875
pbx-web,memory_working_set,pbx-web,pbx-web-5ff68464d-mkn8n,2026-08-05T01:40:56.296000Z,1785894056.296,79560704.0,bytes,,,79560704.0,75.875
pbx-web,memory_working_set,pbx-web,pbx-web-5ff68464d-mkn8n,2026-08-05T02:40:56.296000Z,1785897656.296,79560704.0,bytes,,,79560704.0,75.875
pbx-web,memory_working_set,pbx-web,pbx-web-5ff68464d-mkn8n,2026-08-05T03:40:56.296000Z,1785901256.296,79560704.0,bytes,,,79560704.0,75.875
pbx-web,memory_working_set,pbx-web,pbx-web-5ff68464d-mkn8n,2026-08-05T04:40:56.296000Z,1785904856.296,79560704.0,bytes,,,79560704.0,75.875
pbx-web,memory_working_set,pbx-web,pbx-web-5ff68464d-mkn8n,2026-08-05T05:40:56.296000Z,1785908456.296,79560704.0,bytes,,,79560704.0,75.875
pbx-web,memory_working_set,pbx-web,pbx-web-5ff68464d-mkn8n,2026-08-05T06:40:56.296000Z,1785912056.296,79564800.0,bytes,,,79564800.0,75.87890625
pbx-web,memory_working_set,pbx-web,pbx-web-5ff68464d-mkn8n,2026-08-05T07:40:56.296000Z,1785915656.296,79560704.0,bytes,,,79560704.0,75.875
pbx-web,memory_working_set,pbx-web,pbx-web-5ff68464d-mkn8n,2026-08-05T08:40:56.296000Z,1785919256.296,79560704.0,bytes,,,79560704.0,75.875
pbx-web,memory_working_set,pbx-web,pbx-web-5ff68464d-mkn8n,2026-08-05T09:40:56.296000Z,1785922856.296,79560704.0,bytes,,,79560704.0,75.875
pbx-web,memory_working_set,pbx-web,pbx-web-5ff68464d-mkn8n,2026-08-05T10:40:56.296000Z,1785926456.296,79564800.0,bytes,,,79564800.0,75.87890625
pbx-web,memory_working_set,pbx-web,pbx-web-5ff68464d-mkn8n,2026-08-05T11:40:56.296000Z,1785930056.296,79560704.0,bytes,,,79560704.0,75.875
pbx-web,memory_working_set,pbx-web,pbx-web-5ff68464d-mkn8n,2026-08-05T12:40:56.296000Z,1785933656.296,79560704.0,bytes,,,79560704.0,75.875
pbx-web,memory_working_set,pbx-web,pbx-web-5ff68464d-mkn8n,2026-08-05T13:40:56.296000Z,1785937256.296,79536128.0,bytes,,,79536128.0,75.8515625
pbx-web,memory_working_set,pbx-web,pbx-web-5ff68464d-mkn8n,2026-08-05T14:40:56.296000Z,1785940856.296,79691776.0,bytes,,,79691776.0,76.0
pbx-web,memory_working_set,pbx-web,pbx-web-5ff68464d-mkn8n,2026-08-05T15:40:56.296000Z,1785944456.296,79691776.0,bytes,,,79691776.0,76.0
pbx-web,memory_working_set,pbx-web,pbx-web-5ff68464d-mkn8n,2026-08-05T16:40:56.296000Z,1785948056.296,79691776.0,bytes,,,79691776.0,76.0
pbx-web,memory_working_set,pbx-web,pbx-web-5ff68464d-mkn8n,2026-08-05T17:40:56.296000Z,1785951656.296,79687680.0,bytes,,,79687680.0,75.99609375
pbx-web,memory_working_set,pbx-web,pbx-web-5ff68464d-mkn8n,2026-08-05T18:40:56.296000Z,1785955256.296,79687680.0,bytes,,,79687680.0,75.99609375
pbx-web,memory_working_set,pbx-web,pbx-web-5ff68464d-mkn8n,2026-08-05T19:40:56.296000Z,1785958856.296,79683584.0,bytes,,,79683584.0,75.9921875
pbx-web,memory_working_set,pbx-web,pbx-web-5ff68464d-mkn8n,2026-08-05T20:40:56.296000Z,1785962456.296,79966208.0,bytes,,,79966208.0,76.26171875
pbx-web,memory_working_set,pbx-web,pbx-web-5ff68464d-mkn8n,2026-08-05T21:40:56.296000Z,1785966056.296,79831040.0,bytes,,,79831040.0,76.1328125
pbx-web,memory_working_set,pbx-web,pbx-web-5ff68464d-mkn8n,2026-08-05T22:40:56.296000Z,1785969656.296,79831040.0,bytes,,,79831040.0,76.1328125
pbx-web,memory_working_set,pbx-web,pbx-web-5ff68464d-mkn8n,2026-08-05T23:40:56.296000Z,1785973256.296,79831040.0,bytes,,,79831040.0,76.1328125
pbx-web,memory_working_set,pbx-web,pbx-web-5ff68464d-mkn8n,2026-08-06T00:40:56.296000Z,1785976856.296,79790080.0,bytes,,,79790080.0,76.09375
pbx-web,memory_working_set,pbx-web,pbx-web-5ff68464d-mkn8n,2026-08-06T01:40:56.296000Z,1785980456.296,80027648.0,bytes,,,80027648.0,76.3203125
pbx-web,memory_working_set,pbx-web,pbx-web-5ff68464d-mkn8n,2026-08-06T02:40:56.296000Z,1785984056.296,80154624.0,bytes,,,80154624.0,76.44140625
pbx-web,memory_working_set,pbx-web,pbx-web-5ff68464d-mkn8n,2026-08-06T03:40:56.296000Z,1785987656.296,80154624.0,bytes,,,80154624.0,76.44140625
pbx-web,memory_working_set,pbx-web,pbx-web-5ff68464d-mkn8n,2026-08-06T04:40:56.296000Z,1785991256.296,80146432.0,bytes,,,80146432.0,76.43359375
pbx-web,memory_working_set,pbx-web,pbx-web-5ff68464d-mkn8n,2026-08-06T05:40:56.296000Z,1785994856.296,80142336.0,bytes,,,80142336.0,76.4296875
pbx-web,memory_working_set,pbx-web,pbx-web-5ff68464d-mkn8n,2026-08-06T06:40:56.296000Z,1785998456.296,80138240.0,bytes,,,80138240.0,76.42578125
pbx-web,memory_working_set,pbx-web,pbx-web-5ff68464d-mkn8n,2026-08-06T07:40:56.296000Z,1786002056.296,80138240.0,bytes,,,80138240.0,76.42578125
pbx-web,memory_working_set,pbx-web,pbx-web-5ff68464d-mkn8n,2026-08-06T08:40:56.296000Z,1786005656.296,80138240.0,bytes,,,80138240.0,76.42578125
pbx-web,memory_working_set,pbx-web,pbx-web-5ff68464d-mkn8n,2026-08-06T09:40:56.296000Z,1786009256.296,80138240.0,bytes,,,80138240.0,76.42578125
pbx-web,memory_working_set,pbx-web,pbx-web-5ff68464d-mkn8n,2026-08-06T10:40:56.296000Z,1786012856.296,80138240.0,bytes,,,80138240.0,76.42578125
pbx-web,memory_working_set,pbx-web,pbx-web-5ff68464d-mkn8n,2026-08-06T11:40:56.296000Z,1786016456.296,80138240.0,bytes,,,80138240.0,76.42578125
pbx-web,memory_working_set,pbx-web,pbx-web-5ff68464d-mkn8n,2026-08-06T12:40:56.296000Z,1786020056.296,80138240.0,bytes,,,80138240.0,76.42578125
pbx-web,memory_working_set,pbx-web,pbx-web-5ff68464d-mkn8n,2026-08-06T13:40:56.296000Z,1786023656.296,80138240.0,bytes,,,80138240.0,76.42578125
pbx-web,memory_working_set,pbx-web,pbx-web-5ff68464d-mkn8n,2026-08-06T14:40:56.296000Z,1786027256.296,80138240.0,bytes,,,80138240.0,76.42578125
pbx-web,memory_working_set,pbx-web,pbx-web-5ff68464d-mkn8n,2026-08-06T15:40:56.296000Z,1786030856.296,80142336.0,bytes,,,80142336.0,76.4296875
pbx-web,memory_working_set,pbx-web,pbx-web-5ff68464d-mkn8n,2026-08-06T16:40:56.296000Z,1786034456.296,80138240.0,bytes,,,80138240.0,76.42578125
pbx-web,memory_working_set,pbx-web,pbx-web-5ff68464d-mkn8n,2026-08-06T17:40:56.296000Z,1786038056.296,80138240.0,bytes,,,80138240.0,76.42578125
pbx-web,memory_working_set,pbx-web,pbx-web-5ff68464d-mkn8n,2026-08-06T18:40:56.296000Z,1786041656.296,80138240.0,bytes,,,80138240.0,76.42578125
pbx-web,memory_working_set,pbx-web,pbx-web-5ff68464d-mkn8n,2026-08-06T19:40:56.296000Z,1786045256.296,80171008.0,bytes,,,80171008.0,76.45703125
pbx-web,memory_working_set,pbx-web,pbx-web-5ff68464d-mkn8n,2026-08-06T20:40:56.296000Z,1786048856.296,80171008.0,bytes,,,80171008.0,76.45703125
pbx-web,memory_working_set,pbx-web,pbx-web-5ff68464d-mkn8n,2026-08-06T21:40:56.296000Z,1786052456.296,80171008.0,bytes,,,80171008.0,76.45703125
pbx-web,memory_working_set,pbx-web,pbx-web-5ff68464d-mkn8n,2026-08-06T22:40:56.296000Z,1786056056.296,80171008.0,bytes,,,80171008.0,76.45703125
pbx-web,memory_working_set,pbx-web,pbx-web-5ff68464d-mkn8n,2026-08-06T23:40:56.296000Z,1786059656.296,80171008.0,bytes,,,80171008.0,76.45703125
pbx-web,memory_working_set,pbx-web,pbx-web-5ff68464d-mkn8n,2026-08-07T00:40:56.296000Z,1786063256.296,80158720.0,bytes,,,80158720.0,76.4453125
pbx-web,memory_working_set,pbx-web,pbx-web-5ff68464d-mkn8n,2026-08-07T01:40:56.296000Z,1786066856.296,80138240.0,bytes,,,80138240.0,76.42578125
pbx-web,memory_working_set,pbx-web,pbx-web-5ff68464d-mkn8n,2026-08-07T02:40:56.296000Z,1786070456.296,80138240.0,bytes,,,80138240.0,76.42578125
pbx-web,memory_working_set,pbx-web,pbx-web-5ff68464d-mkn8n,2026-08-07T03:40:56.296000Z,1786074056.296,80138240.0,bytes,,,80138240.0,76.42578125
pbx-web,memory_working_set,pbx-web,pbx-web-5ff68464d-mkn8n,2026-08-07T04:40:56.296000Z,1786077656.296,80138240.0,bytes,,,80138240.0,76.42578125
pbx-web,memory_working_set,pbx-web,pbx-web-5ff68464d-mkn8n,2026-08-07T05:40:56.296000Z,1786081256.296,80138240.0,bytes,,,80138240.0,76.42578125
pbx-web,memory_working_set,pbx-web,pbx-web-5ff68464d-mkn8n,2026-08-07T06:40:56.296000Z,1786084856.296,80138240.0,bytes,,,80138240.0,76.42578125
pbx-web,memory_working_set,pbx-web,pbx-web-5ff68464d-mkn8n,2026-08-07T07:40:56.296000Z,1786088456.296,80138240.0,bytes,,,80138240.0,76.42578125
pbx-web,memory_working_set,pbx-web,pbx-web-5ff68464d-mkn8n,2026-08-07T08:40:56.296000Z,1786092056.296,80138240.0,bytes,,,80138240.0,76.42578125
pbx-web,memory_working_set,pbx-web,pbx-web-5ff68464d-mkn8n,2026-08-07T09:40:56.296000Z,1786095656.296,80138240.0,bytes,,,80138240.0,76.42578125
pbx-web,memory_working_set,pbx-web,pbx-web-5ff68464d-mkn8n,2026-08-07T10:40:56.296000Z,1786099256.296,80138240.0,bytes,,,80138240.0,76.42578125
pbx-web,memory_working_set,pbx-web,pbx-web-5ff68464d-mkn8n,2026-08-07T11:40:56.296000Z,1786102856.296,80138240.0,bytes,,,80138240.0,76.42578125
pbx-web,memory_working_set,pbx-web,pbx-web-5ff68464d-mkn8n,2026-08-07T12:40:56.296000Z,1786106456.296,80142336.0,bytes,,,80142336.0,76.4296875
pbx-web,memory_working_set,pbx-web,pbx-web-5ff68464d-mkn8n,2026-08-07T13:40:56.296000Z,1786110056.296,80138240.0,bytes,,,80138240.0,76.42578125
pbx-web,memory_working_set,pbx-web,pbx-web-5ff68464d-mkn8n,2026-08-07T14:40:56.296000Z,1786113656.296,80199680.0,bytes,,,80199680.0,76.484375
pbx-web,memory_working_set,pbx-web,pbx-web-5ff68464d-mkn8n,2026-08-07T15:40:56.296000Z,1786117256.296,80429056.0,bytes,,,80429056.0,76.703125
pbx-web,memory_working_set,pbx-web,pbx-web-5ff68464d-mkn8n,2026-08-07T16:40:56.296000Z,1786120856.296,81915904.0,bytes,,,81915904.0,78.12109375
pbx-web,memory_working_set,pbx-web,pbx-web-5ff68464d-mkn8n,2026-08-07T17:40:56.296000Z,1786124456.296,81874944.0,bytes,,,81874944.0,78.08203125
pbx-web,memory_working_set,pbx-web,pbx-web-5ff68464d-mkn8n,2026-08-07T18:40:56.296000Z,1786128056.296,81874944.0,bytes,,,81874944.0,78.08203125
pbx-web,memory_working_set,pbx-web,pbx-web-5ff68464d-mkn8n,2026-08-07T19:40:56.296000Z,1786131656.296,81944576.0,bytes,,,81944576.0,78.1484375
pbx-web,memory_working_set,pbx-web,pbx-web-5ff68464d-mkn8n,2026-08-07T20:40:56.296000Z,1786135256.296,82096128.0,bytes,,,82096128.0,78.29296875
pbx-web,memory_working_set,pbx-web,pbx-web-5ff68464d-mkn8n,2026-08-07T21:40:56.296000Z,1786138856.296,82100224.0,bytes,,,82100224.0,78.296875
pbx-web,memory_working_set,pbx-web,pbx-web-5ff68464d-mkn8n,2026-08-07T22:40:56.296000Z,1786142456.296,82092032.0,bytes,,,82092032.0,78.2890625
pbx-web,memory_working_set,pbx-web,pbx-web-5ff68464d-mkn8n,2026-08-07T23:40:56.296000Z,1786146056.296,82092032.0,bytes,,,82092032.0,78.2890625
pbx-web,memory_working_set,pbx-web,pbx-web-5ff68464d-mkn8n,2026-08-08T00:40:56.296000Z,1786149656.296,82092032.0,bytes,,,82092032.0,78.2890625
pbx-web,memory_working_set,pbx-web,pbx-web-5ff68464d-mkn8n,2026-08-08T01:40:56.296000Z,1786153256.296,82096128.0,bytes,,,82096128.0,78.29296875
pbx-web,memory_working_set,pbx-web,pbx-web-5ff68464d-mkn8n,2026-08-08T02:40:56.296000Z,1786156856.296,82092032.0,bytes,,,82092032.0,78.2890625
pbx-web,memory_working_set,pbx-web,pbx-web-5ff68464d-mkn8n,2026-08-08T03:40:56.296000Z,1786160456.296,82087936.0,bytes,,,82087936.0,78.28515625
pbx-web,memory_working_set,pbx-web,pbx-web-5ff68464d-mkn8n,2026-08-08T04:40:56.296000Z,1786164056.296,82087936.0,bytes,,,82087936.0,78.28515625
pbx-web,memory_working_set,pbx-web,pbx-web-5ff68464d-mkn8n,2026-08-08T05:40:56.296000Z,1786167656.296,82087936.0,bytes,,,82087936.0,78.28515625
pbx-web,memory_working_set,pbx-web,pbx-web-5ff68464d-mkn8n,2026-08-08T06:40:56.296000Z,1786171256.296,82092032.0,bytes,,,82092032.0,78.2890625
pbx-web,memory_working_set,pbx-web,pbx-web-5ff68464d-mkn8n,2026-08-08T07:40:56.296000Z,1786174856.296,82087936.0,bytes,,,82087936.0,78.28515625
pbx-web,memory_working_set,pbx-web,pbx-web-5ff68464d-mkn8n,2026-08-08T08:40:56.296000Z,1786178456.296,82087936.0,bytes,,,82087936.0,78.28515625
pbx-web,memory_working_set,pbx-web,pbx-web-5ff68464d-mkn8n,2026-08-08T09:40:56.296000Z,1786182056.296,82087936.0,bytes,,,82087936.0,78.28515625
pbx-web,memory_working_set,pbx-web,pbx-web-5ff68464d-mkn8n,2026-08-08T10:40:56.296000Z,1786185656.296,82087936.0,bytes,,,82087936.0,78.28515625
pbx-web,memory_working_set,pbx-web,pbx-web-5ff68464d-mkn8n,2026-08-08T11:40:56.296000Z,1786189256.296,82087936.0,bytes,,,82087936.0,78.28515625
pbx-web,memory_working_set,pbx-web,pbx-web-5ff68464d-mkn8n,2026-08-08T12:40:56.296000Z,1786192856.296,82075648.0,bytes,,,82075648.0,78.2734375
pbx-web,memory_working_set,pbx-web,pbx-web-5ff68464d-mkn8n,2026-08-08T13:40:56.296000Z,1786196456.296,82075648.0,bytes,,,82075648.0,78.2734375
pbx-web,memory_working_set,pbx-web,pbx-web-5ff68464d-mkn8n,2026-08-08T14:40:56.296000Z,1786200056.296,82071552.0,bytes,,,82071552.0,78.26953125
pbx-web,memory_working_set,pbx-web,pbx-web-5ff68464d-mkn8n,2026-08-08T15:40:56.296000Z,1786203656.296,82071552.0,bytes,,,82071552.0,78.26953125
pbx-web,memory_working_set,pbx-web,pbx-web-5ff68464d-mkn8n,2026-08-08T16:40:56.296000Z,1786207256.296,82071552.0,bytes,,,82071552.0,78.26953125
pbx-web,memory_working_set,pbx-web,pbx-web-5ff68464d-mkn8n,2026-08-08T17:40:56.296000Z,1786210856.296,82063360.0,bytes,,,82063360.0,78.26171875
pbx-web,memory_working_set,pbx-web,pbx-web-5ff68464d-mkn8n,2026-08-08T18:40:56.296000Z,1786214456.296,82063360.0,bytes,,,82063360.0,78.26171875
pbx-web,memory_working_set,pbx-web,pbx-web-5ff68464d-qx45p,2026-08-08T20:40:56.296000Z,1786221656.296,59920384.0,bytes,,,59920384.0,57.14453125
pbx-web,memory_working_set,pbx-web,pbx-web-5ff68464d-qx45p,2026-08-08T21:40:56.296000Z,1786225256.296,62201856.0,bytes,,,62201856.0,59.3203125
pbx-web,memory_working_set,pbx-web,pbx-web-5ff68464d-qx45p,2026-08-08T22:40:56.296000Z,1786228856.296,62205952.0,bytes,,,62205952.0,59.32421875
pbx-web,memory_working_set,pbx-web,pbx-web-5ff68464d-qx45p,2026-08-08T23:40:56.296000Z,1786232456.296,62201856.0,bytes,,,62201856.0,59.3203125
pbx-web,memory_working_set,pbx-web,pbx-web-5ff68464d-qx45p,2026-08-09T00:40:56.296000Z,1786236056.296,62201856.0,bytes,,,62201856.0,59.3203125
pbx-web,memory_working_set,pbx-web,pbx-web-5ff68464d-qx45p,2026-08-09T01:40:56.296000Z,1786239656.296,62468096.0,bytes,,,62468096.0,59.57421875
pbx-web,memory_working_set,pbx-web,pbx-web-5ff68464d-qx45p,2026-08-09T02:40:56.296000Z,1786243256.296,62468096.0,bytes,,,62468096.0,59.57421875
pbx-web,memory_working_set,pbx-web,pbx-web-5ff68464d-qx45p,2026-08-09T03:40:56.296000Z,1786246856.296,62472192.0,bytes,,,62472192.0,59.578125
pbx-web,memory_working_set,pbx-web,pbx-web-5ff68464d-qx45p,2026-08-09T04:40:56.296000Z,1786250456.296,62472192.0,bytes,,,62472192.0,59.578125
pbx-web,memory_working_set,pbx-web,pbx-web-5ff68464d-qx45p,2026-08-09T05:40:56.296000Z,1786254056.296,62468096.0,bytes,,,62468096.0,59.57421875
pbx-web,memory_working_set,pbx-web,pbx-web-5ff68464d-qx45p,2026-08-09T06:40:56.296000Z,1786257656.296,62468096.0,bytes,,,62468096.0,59.57421875
pbx-web,memory_working_set,pbx-web,pbx-web-5ff68464d-qx45p,2026-08-09T07:40:56.296000Z,1786261256.296,62468096.0,bytes,,,62468096.0,59.57421875
pbx-web,memory_working_set,pbx-web,pbx-web-5ff68464d-qx45p,2026-08-09T08:40:56.296000Z,1786264856.296,62468096.0,bytes,,,62468096.0,59.57421875
pbx-web,memory_working_set,pbx-web,pbx-web-5ff68464d-qx45p,2026-08-09T09:40:56.296000Z,1786268456.296,62468096.0,bytes,,,62468096.0,59.57421875
pbx-web,memory_working_set,pbx-web,pbx-web-5ff68464d-qx45p,2026-08-09T10:40:56.296000Z,1786272056.296,62468096.0,bytes,,,62468096.0,59.57421875
pbx-web,memory_working_set,pbx-web,pbx-web-5ff68464d-qx45p,2026-08-09T11:40:56.296000Z,1786275656.296,62468096.0,bytes,,,62468096.0,59.57421875
pbx-web,memory_working_set,pbx-web,pbx-web-5ff68464d-qx45p,2026-08-09T12:40:56.296000Z,1786279256.296,62476288.0,bytes,,,62476288.0,59.58203125
pbx-web,memory_working_set,pbx-web,pbx-web-5ff68464d-qx45p,2026-08-09T13:40:56.296000Z,1786282856.296,62468096.0,bytes,,,62468096.0,59.57421875
pbx-web,memory_working_set,pbx-web,pbx-web-5ff68464d-qx45p,2026-08-09T14:40:56.296000Z,1786286456.296,62472192.0,bytes,,,62472192.0,59.578125
pbx-web,memory_working_set,pbx-web,pbx-web-5ff68464d-qx45p,2026-08-09T15:40:56.296000Z,1786290056.296,62472192.0,bytes,,,62472192.0,59.578125
pbx-web,memory_working_set,pbx-web,pbx-web-5ff68464d-qx45p,2026-08-09T16:40:56.296000Z,1786293656.296,62468096.0,bytes,,,62468096.0,59.57421875
pbx-web,memory_working_set,pbx-web,pbx-web-5ff68464d-qx45p,2026-08-09T17:40:56.296000Z,1786297256.296,62468096.0,bytes,,,62468096.0,59.57421875
pbx-web,memory_working_set,pbx-web,pbx-web-5ff68464d-qx45p,2026-08-09T18:40:56.296000Z,1786300856.296,62472192.0,bytes,,,62472192.0,59.578125
pbx-web,memory_working_set,pbx-web,pbx-web-5ff68464d-qx45p,2026-08-09T19:40:56.296000Z,1786304456.296,62468096.0,bytes,,,62468096.0,59.57421875
pbx-web,memory_working_set,pbx-web,pbx-web-5ff68464d-qx45p,2026-08-09T20:40:56.296000Z,1786308056.296,62468096.0,bytes,,,62468096.0,59.57421875
pbx-web,memory_working_set,pbx-web,pbx-web-5ff68464d-qx45p,2026-08-09T21:40:56.296000Z,1786311656.296,62468096.0,bytes,,,62468096.0,59.57421875
pbx-web,memory_working_set,pbx-web,pbx-web-5ff68464d-qx45p,2026-08-09T22:40:56.296000Z,1786315256.296,62468096.0,bytes,,,62468096.0,59.57421875
pbx-web,memory_working_set,pbx-web,pbx-web-5ff68464d-qx45p,2026-08-09T23:40:56.296000Z,1786318856.296,62472192.0,bytes,,,62472192.0,59.578125
pbx-web,memory_working_set,pbx-web,pbx-web-5ff68464d-qx45p,2026-08-10T00:40:56.296000Z,1786322456.296,62472192.0,bytes,,,62472192.0,59.578125
pbx-web,memory_working_set,pbx-web,pbx-web-5ff68464d-qx45p,2026-08-10T01:40:56.296000Z,1786326056.296,62472192.0,bytes,,,62472192.0,59.578125
pbx-web,memory_working_set,pbx-web,pbx-web-5ff68464d-qx45p,2026-08-10T02:40:56.296000Z,1786329656.296,62472192.0,bytes,,,62472192.0,59.578125
pbx-web,memory_working_set,pbx-web,pbx-web-5ff68464d-qx45p,2026-08-10T03:40:56.296000Z,1786333256.296,62468096.0,bytes,,,62468096.0,59.57421875
pbx-web,memory_working_set,pbx-web,pbx-web-5ff68464d-qx45p,2026-08-10T04:40:56.296000Z,1786336856.296,62468096.0,bytes,,,62468096.0,59.57421875
pbx-web,memory_working_set,pbx-web,pbx-web-5ff68464d-qx45p,2026-08-10T05:40:56.296000Z,1786340456.296,62472192.0,bytes,,,62472192.0,59.578125
pbx-web,memory_working_set,pbx-web,pbx-web-5ff68464d-qx45p,2026-08-10T06:40:56.296000Z,1786344056.296,62468096.0,bytes,,,62468096.0,59.57421875
pbx-web,memory_working_set,pbx-web,pbx-web-5ff68464d-qx45p,2026-08-10T07:40:56.296000Z,1786347656.296,62468096.0,bytes,,,62468096.0,59.57421875
pbx-web,memory_working_set,pbx-web,pbx-web-5ff68464d-qx45p,2026-08-10T08:40:56.296000Z,1786351256.296,62468096.0,bytes,,,62468096.0,59.57421875
pbx-web,memory_working_set,pbx-web,pbx-web-5ff68464d-qx45p,2026-08-10T09:40:56.296000Z,1786354856.296,62468096.0,bytes,,,62468096.0,59.57421875
pbx-web,memory_working_set,pbx-web,pbx-web-5ff68464d-qx45p,2026-08-10T10:40:56.296000Z,1786358456.296,62472192.0,bytes,,,62472192.0,59.578125
pbx-web,memory_working_set,pbx-web,pbx-web-6d86477cdb-5wvwn,2026-08-08T19:40:56.296000Z,1786218056.296,60874752.0,bytes,,,60874752.0,58.0546875
whisper-stt,cpu_usage,whisper-stt,whisper-openai-68966786fb-jsb5d,2026-07-30T18:40:56.296000Z,1785436856.296,0.004102243077187094,cores,0.004102243077187094,0.4102243077187094,,
whisper-stt,cpu_usage,whisper-stt,whisper-openai-68966786fb-jsb5d,2026-07-30T19:40:56.296000Z,1785440456.296,0.004141501437207342,cores,0.004141501437207342,0.4141501437207342,,
whisper-stt,cpu_usage,whisper-stt,whisper-openai-68966786fb-jsb5d,2026-07-30T20:40:56.296000Z,1785444056.296,0.004249231574986771,cores,0.004249231574986771,0.4249231574986771,,
whisper-stt,cpu_usage,whisper-stt,whisper-openai-68966786fb-jsb5d,2026-07-30T21:40:56.296000Z,1785447656.296,0.004264824509004021,cores,0.004264824509004021,0.4264824509004021,,
whisper-stt,cpu_usage,whisper-stt,whisper-openai-68966786fb-jsb5d,2026-07-30T22:40:56.296000Z,1785451256.296,0.004315322947875577,cores,0.004315322947875577,0.4315322947875577,,
whisper-stt,cpu_usage,whisper-stt,whisper-openai-68966786fb-jsb5d,2026-07-30T23:40:56.296000Z,1785454856.296,0.00442058520531318,cores,0.00442058520531318,0.442058520531318,,
whisper-stt,cpu_usage,whisper-stt,whisper-openai-68966786fb-jsb5d,2026-07-31T00:40:56.296000Z,1785458456.296,0.004188046215891221,cores,0.004188046215891221,0.4188046215891221,,
whisper-stt,cpu_usage,whisper-stt,whisper-openai-68966786fb-jsb5d,2026-07-31T01:40:56.296000Z,1785462056.296,0.004243096265535642,cores,0.004243096265535642,0.4243096265535642,,
whisper-stt,cpu_usage,whisper-stt,whisper-openai-68966786fb-jsb5d,2026-07-31T02:40:56.296000Z,1785465656.296,0.00427414058048491,cores,0.00427414058048491,0.42741405804849103,,
whisper-stt,cpu_usage,whisper-stt,whisper-openai-68966786fb-jsb5d,2026-07-31T03:40:56.296000Z,1785469256.296,0.004259472894048908,cores,0.004259472894048908,0.4259472894048908,,
whisper-stt,cpu_usage,whisper-stt,whisper-openai-68966786fb-jsb5d,2026-07-31T04:40:56.296000Z,1785472856.296,0.004246904129165148,cores,0.004246904129165148,0.4246904129165148,,
whisper-stt,cpu_usage,whisper-stt,whisper-openai-68966786fb-jsb5d,2026-07-31T05:40:56.296000Z,1785476456.296,0.004157830489005437,cores,0.004157830489005437,0.41578304890054374,,
whisper-stt,cpu_usage,whisper-stt,whisper-openai-68966786fb-jsb5d,2026-07-31T06:40:56.296000Z,1785480056.296,0.004375311983697727,cores,0.004375311983697727,0.4375311983697727,,
whisper-stt,cpu_usage,whisper-stt,whisper-openai-68966786fb-jsb5d,2026-07-31T07:40:56.296000Z,1785483656.296,0.004237650981582253,cores,0.004237650981582253,0.4237650981582253,,
whisper-stt,cpu_usage,whisper-stt,whisper-openai-68966786fb-jsb5d,2026-07-31T08:40:56.296000Z,1785487256.296,0.004285394878190597,cores,0.004285394878190597,0.4285394878190597,,
whisper-stt,cpu_usage,whisper-stt,whisper-openai-68966786fb-jsb5d,2026-07-31T09:40:56.296000Z,1785490856.296,0.004162957671977974,cores,0.004162957671977974,0.41629576719779743,,
whisper-stt,cpu_usage,whisper-stt,whisper-openai-68966786fb-jsb5d,2026-07-31T10:40:56.296000Z,1785494456.296,0.0039981606835456296,cores,0.0039981606835456296,0.39981606835456296,,
whisper-stt,cpu_usage,whisper-stt,whisper-openai-68966786fb-jsb5d,2026-07-31T11:40:56.296000Z,1785498056.296,0.004396671405581785,cores,0.004396671405581785,0.43966714055817846,,
whisper-stt,cpu_usage,whisper-stt,whisper-openai-68966786fb-jsb5d,2026-07-31T12:40:56.296000Z,1785501656.296,0.004371165569333423,cores,0.004371165569333423,0.4371165569333423,,
whisper-stt,cpu_usage,whisper-stt,whisper-openai-68966786fb-jsb5d,2026-07-31T13:40:56.296000Z,1785505256.296,0.00436725618482885,cores,0.00436725618482885,0.436725618482885,,
whisper-stt,cpu_usage,whisper-stt,whisper-openai-68966786fb-jsb5d,2026-07-31T14:40:56.296000Z,1785508856.296,0.004006964452055126,cores,0.004006964452055126,0.4006964452055126,,
whisper-stt,cpu_usage,whisper-stt,whisper-openai-68966786fb-jsb5d,2026-07-31T15:40:56.296000Z,1785512456.296,0.004202088294034601,cores,0.004202088294034601,0.4202088294034601,,
whisper-stt,cpu_usage,whisper-stt,whisper-openai-68966786fb-jsb5d,2026-07-31T16:40:56.296000Z,1785516056.296,0.004112998084121449,cores,0.004112998084121449,0.4112998084121449,,
whisper-stt,cpu_usage,whisper-stt,whisper-openai-68966786fb-jsb5d,2026-07-31T17:40:56.296000Z,1785519656.296,0.004419438646128439,cores,0.004419438646128439,0.4419438646128439,,
whisper-stt,cpu_usage,whisper-stt,whisper-openai-68966786fb-jsb5d,2026-07-31T18:40:56.296000Z,1785523256.296,0.00399564307135681,cores,0.00399564307135681,0.39956430713568103,,
whisper-stt,cpu_usage,whisper-stt,whisper-openai-68966786fb-jsb5d,2026-07-31T19:40:56.296000Z,1785526856.296,0.00435246905326349,cores,0.00435246905326349,0.435246905326349,,
whisper-stt,cpu_usage,whisper-stt,whisper-openai-68966786fb-jsb5d,2026-07-31T20:40:56.296000Z,1785530456.296,0.004354229380155491,cores,0.004354229380155491,0.43542293801554904,,
whisper-stt,cpu_usage,whisper-stt,whisper-openai-68966786fb-jsb5d,2026-07-31T21:40:56.296000Z,1785534056.296,0.00429266098844573,cores,0.00429266098844573,0.429266098844573,,
whisper-stt,cpu_usage,whisper-stt,whisper-openai-68966786fb-jsb5d,2026-07-31T22:40:56.296000Z,1785537656.296,0.0040153528996863,cores,0.0040153528996863,0.40153528996863,,
whisper-stt,cpu_usage,whisper-stt,whisper-openai-68966786fb-jsb5d,2026-07-31T23:40:56.296000Z,1785541256.296,0.004338645942640041,cores,0.004338645942640041,0.4338645942640041,,
whisper-stt,cpu_usage,whisper-stt,whisper-openai-68966786fb-jsb5d,2026-08-01T00:40:56.296000Z,1785544856.296,0.004106576594039771,cores,0.004106576594039771,0.41065765940397714,,
whisper-stt,cpu_usage,whisper-stt,whisper-openai-68966786fb-jsb5d,2026-08-01T01:40:56.296000Z,1785548456.296,0.0044207824328716715,cores,0.0044207824328716715,0.44207824328716716,,
whisper-stt,cpu_usage,whisper-stt,whisper-openai-68966786fb-jsb5d,2026-08-01T02:40:56.296000Z,1785552056.296,0.004333272864384607,cores,0.004333272864384607,0.43332728643846075,,
whisper-stt,cpu_usage,whisper-stt,whisper-openai-68966786fb-jsb5d,2026-08-01T03:40:56.296000Z,1785555656.296,0.004277205913064654,cores,0.004277205913064654,0.42772059130646545,,
whisper-stt,cpu_usage,whisper-stt,whisper-openai-68966786fb-jsb5d,2026-08-01T04:40:56.296000Z,1785559256.296,0.004085683304514756,cores,0.004085683304514756,0.4085683304514756,,
whisper-stt,cpu_usage,whisper-stt,whisper-openai-68966786fb-jsb5d,2026-08-01T05:40:56.296000Z,1785562856.296,0.004371917357262491,cores,0.004371917357262491,0.4371917357262491,,
whisper-stt,cpu_usage,whisper-stt,whisper-openai-68966786fb-jsb5d,2026-08-01T06:40:56.296000Z,1785566456.296,0.0042442186929276685,cores,0.0042442186929276685,0.4244218692927669,,
whisper-stt,cpu_usage,whisper-stt,whisper-openai-68966786fb-jsb5d,2026-08-01T07:40:56.296000Z,1785570056.296,0.0042485686596570186,cores,0.0042485686596570186,0.4248568659657019,,
whisper-stt,cpu_usage,whisper-stt,whisper-openai-68966786fb-jsb5d,2026-08-01T08:40:56.296000Z,1785573656.296,0.004438835379027485,cores,0.004438835379027485,0.4438835379027485,,
whisper-stt,cpu_usage,whisper-stt,whisper-openai-68966786fb-jsb5d,2026-08-01T09:40:56.296000Z,1785577256.296,0.004339209794562356,cores,0.004339209794562356,0.4339209794562356,,
whisper-stt,cpu_usage,whisper-stt,whisper-openai-68966786fb-jsb5d,2026-08-01T10:40:56.296000Z,1785580856.296,0.00433434403169406,cores,0.00433434403169406,0.433434403169406,,
whisper-stt,cpu_usage,whisper-stt,whisper-openai-68966786fb-jsb5d,2026-08-01T11:40:56.296000Z,1785584456.296,0.00404257033481296,cores,0.00404257033481296,0.404257033481296,,
whisper-stt,cpu_usage,whisper-stt,whisper-openai-68966786fb-jsb5d,2026-08-01T12:40:56.296000Z,1785588056.296,0.004285177862084043,cores,0.004285177862084043,0.4285177862084043,,
whisper-stt,cpu_usage,whisper-stt,whisper-openai-68966786fb-jsb5d,2026-08-01T13:40:56.296000Z,1785591656.296,0.0042942927258560705,cores,0.0042942927258560705,0.42942927258560704,,
whisper-stt,cpu_usage,whisper-stt,whisper-openai-68966786fb-jsb5d,2026-08-01T14:40:56.296000Z,1785595256.296,0.004183616743540733,cores,0.004183616743540733,0.4183616743540733,,
whisper-stt,cpu_usage,whisper-stt,whisper-openai-68966786fb-jsb5d,2026-08-01T15:40:56.296000Z,1785598856.296,0.004369627749876535,cores,0.004369627749876535,0.4369627749876535,,
whisper-stt,cpu_usage,whisper-stt,whisper-openai-68966786fb-jsb5d,2026-08-01T16:40:56.296000Z,1785602456.296,0.003879771928524295,cores,0.003879771928524295,0.3879771928524295,,
whisper-stt,cpu_usage,whisper-stt,whisper-openai-68966786fb-jsb5d,2026-08-01T17:40:56.296000Z,1785606056.296,0.00420789650894244,cores,0.00420789650894244,0.420789650894244,,
whisper-stt,cpu_usage,whisper-stt,whisper-openai-68966786fb-jsb5d,2026-08-01T18:40:56.296000Z,1785609656.296,0.003950284706040259,cores,0.003950284706040259,0.3950284706040259,,
whisper-stt,cpu_usage,whisper-stt,whisper-openai-68966786fb-jsb5d,2026-08-01T19:40:56.296000Z,1785613256.296,0.004324753166249024,cores,0.004324753166249024,0.4324753166249024,,
whisper-stt,cpu_usage,whisper-stt,whisper-openai-68966786fb-jsb5d,2026-08-01T20:40:56.296000Z,1785616856.296,0.0039142115109433665,cores,0.0039142115109433665,0.3914211510943367,,
whisper-stt,cpu_usage,whisper-stt,whisper-openai-68966786fb-jsb5d,2026-08-01T21:40:56.296000Z,1785620456.296,0.0042421746468899735,cores,0.0042421746468899735,0.42421746468899735,,
whisper-stt,cpu_usage,whisper-stt,whisper-openai-68966786fb-jsb5d,2026-08-01T22:40:56.296000Z,1785624056.296,0.004396996706628221,cores,0.004396996706628221,0.43969967066282206,,
whisper-stt,cpu_usage,whisper-stt,whisper-openai-68966786fb-jsb5d,2026-08-01T23:40:56.296000Z,1785627656.296,0.004255988164649264,cores,0.004255988164649264,0.4255988164649264,,
whisper-stt,cpu_usage,whisper-stt,whisper-openai-68966786fb-jsb5d,2026-08-02T00:40:56.296000Z,1785631256.296,0.004054938315886142,cores,0.004054938315886142,0.4054938315886142,,
whisper-stt,cpu_usage,whisper-stt,whisper-openai-68966786fb-jsb5d,2026-08-02T01:40:56.296000Z,1785634856.296,0.004182470972563158,cores,0.004182470972563158,0.4182470972563158,,
whisper-stt,cpu_usage,whisper-stt,whisper-openai-68966786fb-jsb5d,2026-08-02T02:40:56.296000Z,1785638456.296,0.004097100693780702,cores,0.004097100693780702,0.40971006937807025,,
whisper-stt,cpu_usage,whisper-stt,whisper-openai-68966786fb-jsb5d,2026-08-02T03:40:56.296000Z,1785642056.296,0.004385645890061157,cores,0.004385645890061157,0.4385645890061157,,
whisper-stt,cpu_usage,whisper-stt,whisper-openai-68966786fb-jsb5d,2026-08-02T04:40:56.296000Z,1785645656.296,0.004417266675000908,cores,0.004417266675000908,0.4417266675000908,,
whisper-stt,cpu_usage,whisper-stt,whisper-openai-68966786fb-jsb5d,2026-08-02T05:40:56.296000Z,1785649256.296,0.004066823316019992,cores,0.004066823316019992,0.4066823316019992,,
whisper-stt,cpu_usage,whisper-stt,whisper-openai-68966786fb-jsb5d,2026-08-02T06:40:56.296000Z,1785652856.296,0.004258111599905516,cores,0.004258111599905516,0.42581115999055164,,
whisper-stt,cpu_usage,whisper-stt,whisper-openai-68966786fb-jsb5d,2026-08-02T07:40:56.296000Z,1785656456.296,0.004224108818010029,cores,0.004224108818010029,0.42241088180100295,,
whisper-stt,cpu_usage,whisper-stt,whisper-openai-68966786fb-jsb5d,2026-08-02T08:40:56.296000Z,1785660056.296,0.004205777565491892,cores,0.004205777565491892,0.4205777565491892,,
whisper-stt,cpu_usage,whisper-stt,whisper-openai-68966786fb-jsb5d,2026-08-02T09:40:56.296000Z,1785663656.296,0.003985123186530124,cores,0.003985123186530124,0.3985123186530124,,
whisper-stt,cpu_usage,whisper-stt,whisper-openai-68966786fb-jsb5d,2026-08-02T10:40:56.296000Z,1785667256.296,0.004085585634461937,cores,0.004085585634461937,0.4085585634461937,,
whisper-stt,cpu_usage,whisper-stt,whisper-openai-68966786fb-jsb5d,2026-08-02T11:40:56.296000Z,1785670856.296,0.004213015553537744,cores,0.004213015553537744,0.4213015553537744,,
whisper-stt,cpu_usage,whisper-stt,whisper-openai-68966786fb-jsb5d,2026-08-02T12:40:56.296000Z,1785674456.296,0.004305296342553664,cores,0.004305296342553664,0.43052963425536644,,
whisper-stt,cpu_usage,whisper-stt,whisper-openai-68966786fb-jsb5d,2026-08-02T13:40:56.296000Z,1785678056.296,0.004184428338923495,cores,0.004184428338923495,0.4184428338923495,,
whisper-stt,cpu_usage,whisper-stt,whisper-openai-68966786fb-jsb5d,2026-08-02T14:40:56.296000Z,1785681656.296,0.004188087512940782,cores,0.004188087512940782,0.4188087512940782,,
whisper-stt,cpu_usage,whisper-stt,whisper-openai-68966786fb-jsb5d,2026-08-02T15:40:56.296000Z,1785685256.296,0.004150692672632205,cores,0.004150692672632205,0.4150692672632205,,
whisper-stt,cpu_usage,whisper-stt,whisper-openai-68966786fb-jsb5d,2026-08-02T16:40:56.296000Z,1785688856.296,0.0043541389630510074,cores,0.0043541389630510074,0.43541389630510074,,
whisper-stt,cpu_usage,whisper-stt,whisper-openai-68966786fb-jsb5d,2026-08-02T17:40:56.296000Z,1785692456.296,0.004375655614298811,cores,0.004375655614298811,0.43756556142988107,,
whisper-stt,cpu_usage,whisper-stt,whisper-openai-68966786fb-jsb5d,2026-08-02T18:40:56.296000Z,1785696056.296,0.004412310553872355,cores,0.004412310553872355,0.4412310553872355,,
whisper-stt,cpu_usage,whisper-stt,whisper-openai-68966786fb-jsb5d,2026-08-02T19:40:56.296000Z,1785699656.296,0.004286029957798239,cores,0.004286029957798239,0.4286029957798239,,
whisper-stt,cpu_usage,whisper-stt,whisper-openai-68966786fb-jsb5d,2026-08-02T20:40:56.296000Z,1785703256.296,0.004387665323872243,cores,0.004387665323872243,0.4387665323872243,,
whisper-stt,cpu_usage,whisper-stt,whisper-openai-68966786fb-jsb5d,2026-08-02T21:40:56.296000Z,1785706856.296,0.004215091663198103,cores,0.004215091663198103,0.4215091663198103,,
whisper-stt,cpu_usage,whisper-stt,whisper-openai-68966786fb-jsb5d,2026-08-02T22:40:56.296000Z,1785710456.296,0.003866939157329025,cores,0.003866939157329025,0.3866939157329025,,
whisper-stt,cpu_usage,whisper-stt,whisper-openai-68966786fb-jsb5d,2026-08-02T23:40:56.296000Z,1785714056.296,0.004329513895076499,cores,0.004329513895076499,0.4329513895076499,,
whisper-stt,cpu_usage,whisper-stt,whisper-openai-68966786fb-jsb5d,2026-08-03T00:40:56.296000Z,1785717656.296,0.0041532416172559705,cores,0.0041532416172559705,0.41532416172559705,,
whisper-stt,cpu_usage,whisper-stt,whisper-openai-68966786fb-jsb5d,2026-08-03T01:40:56.296000Z,1785721256.296,0.004237025264820266,cores,0.004237025264820266,0.42370252648202655,,
whisper-stt,cpu_usage,whisper-stt,whisper-openai-68966786fb-jsb5d,2026-08-03T02:40:56.296000Z,1785724856.296,0.004253227484260968,cores,0.004253227484260968,0.4253227484260968,,
whisper-stt,cpu_usage,whisper-stt,whisper-openai-68966786fb-jsb5d,2026-08-03T03:40:56.296000Z,1785728456.296,0.004231402954417023,cores,0.004231402954417023,0.42314029544170234,,
whisper-stt,cpu_usage,whisper-stt,whisper-openai-68966786fb-jsb5d,2026-08-03T04:40:56.296000Z,1785732056.296,0.004188336190906418,cores,0.004188336190906418,0.4188336190906418,,
whisper-stt,cpu_usage,whisper-stt,whisper-openai-68966786fb-jsb5d,2026-08-03T05:40:56.296000Z,1785735656.296,0.004381299779373643,cores,0.004381299779373643,0.4381299779373643,,
whisper-stt,cpu_usage,whisper-stt,whisper-openai-68966786fb-jsb5d,2026-08-03T06:40:56.296000Z,1785739256.296,0.004258216058267201,cores,0.004258216058267201,0.42582160582672013,,
whisper-stt,cpu_usage,whisper-stt,whisper-openai-68966786fb-jsb5d,2026-08-03T07:40:56.296000Z,1785742856.296,0.004257086171686412,cores,0.004257086171686412,0.42570861716864117,,
whisper-stt,cpu_usage,whisper-stt,whisper-openai-68966786fb-jsb5d,2026-08-03T08:40:56.296000Z,1785746456.296,0.004384223023170197,cores,0.004384223023170197,0.43842230231701973,,
whisper-stt,cpu_usage,whisper-stt,whisper-openai-68966786fb-jsb5d,2026-08-03T09:40:56.296000Z,1785750056.296,0.004194748300133479,cores,0.004194748300133479,0.41947483001334784,,
whisper-stt,cpu_usage,whisper-stt,whisper-openai-68966786fb-jsb5d,2026-08-03T10:40:56.296000Z,1785753656.296,0.004229817570610064,cores,0.004229817570610064,0.4229817570610064,,
whisper-stt,cpu_usage,whisper-stt,whisper-openai-68966786fb-jsb5d,2026-08-03T11:40:56.296000Z,1785757256.296,0.004167160564638168,cores,0.004167160564638168,0.4167160564638168,,
whisper-stt,cpu_usage,whisper-stt,whisper-openai-68966786fb-jsb5d,2026-08-03T12:40:56.296000Z,1785760856.296,0.004173181442215324,cores,0.004173181442215324,0.4173181442215324,,
whisper-stt,cpu_usage,whisper-stt,whisper-openai-68966786fb-jsb5d,2026-08-03T13:40:56.296000Z,1785764456.296,0.004214424553522127,cores,0.004214424553522127,0.4214424553522127,,
whisper-stt,cpu_usage,whisper-stt,whisper-openai-68966786fb-jsb5d,2026-08-03T14:40:56.296000Z,1785768056.296,0.00434890219561178,cores,0.00434890219561178,0.434890219561178,,
whisper-stt,cpu_usage,whisper-stt,whisper-openai-68966786fb-jsb5d,2026-08-03T15:40:56.296000Z,1785771656.296,0.00421845159814137,cores,0.00421845159814137,0.42184515981413706,,
whisper-stt,cpu_usage,whisper-stt,whisper-openai-68966786fb-jsb5d,2026-08-03T16:40:56.296000Z,1785775256.296,0.004329739608709543,cores,0.004329739608709543,0.4329739608709543,,
whisper-stt,cpu_usage,whisper-stt,whisper-openai-68966786fb-jsb5d,2026-08-03T17:40:56.296000Z,1785778856.296,0.0042607318668383,cores,0.0042607318668383,0.42607318668383004,,
whisper-stt,cpu_usage,whisper-stt,whisper-openai-68966786fb-jsb5d,2026-08-03T18:40:56.296000Z,1785782456.296,0.004361626878875048,cores,0.004361626878875048,0.4361626878875048,,
whisper-stt,cpu_usage,whisper-stt,whisper-openai-68966786fb-jsb5d,2026-08-03T19:40:56.296000Z,1785786056.296,0.00435544542547191,cores,0.00435544542547191,0.435544542547191,,
whisper-stt,cpu_usage,whisper-stt,whisper-openai-68966786fb-jsb5d,2026-08-03T20:40:56.296000Z,1785789656.296,0.004185841693763554,cores,0.004185841693763554,0.41858416937635534,,
whisper-stt,cpu_usage,whisper-stt,whisper-openai-68966786fb-jsb5d,2026-08-03T21:40:56.296000Z,1785793256.296,0.004033907266337012,cores,0.004033907266337012,0.40339072663370124,,
whisper-stt,cpu_usage,whisper-stt,whisper-openai-68966786fb-jsb5d,2026-08-03T22:40:56.296000Z,1785796856.296,0.004347070056586203,cores,0.004347070056586203,0.43470700565862036,,
whisper-stt,cpu_usage,whisper-stt,whisper-openai-68966786fb-jsb5d,2026-08-03T23:40:56.296000Z,1785800456.296,0.004344359337720078,cores,0.004344359337720078,0.43443593377200784,,
whisper-stt,cpu_usage,whisper-stt,whisper-openai-68966786fb-jsb5d,2026-08-04T00:40:56.296000Z,1785804056.296,0.004307530751999451,cores,0.004307530751999451,0.4307530751999451,,
whisper-stt,cpu_usage,whisper-stt,whisper-openai-68966786fb-jsb5d,2026-08-04T01:40:56.296000Z,1785807656.296,0.004279091837231542,cores,0.004279091837231542,0.42790918372315423,,
whisper-stt,cpu_usage,whisper-stt,whisper-openai-68966786fb-jsb5d,2026-08-04T02:40:56.296000Z,1785811256.296,0.004418045350110186,cores,0.004418045350110186,0.44180453501101863,,
whisper-stt,cpu_usage,whisper-stt,whisper-openai-68966786fb-jsb5d,2026-08-04T03:40:56.296000Z,1785814856.296,0.004302882622395274,cores,0.004302882622395274,0.43028826223952743,,
whisper-stt,cpu_usage,whisper-stt,whisper-openai-68966786fb-jsb5d,2026-08-04T04:40:56.296000Z,1785818456.296,0.00438215393582351,cores,0.00438215393582351,0.43821539358235095,,
whisper-stt,cpu_usage,whisper-stt,whisper-openai-68966786fb-jsb5d,2026-08-04T05:40:56.296000Z,1785822056.296,0.004301972727715622,cores,0.004301972727715622,0.4301972727715622,,
whisper-stt,cpu_usage,whisper-stt,whisper-openai-68966786fb-jsb5d,2026-08-04T06:40:56.296000Z,1785825656.296,0.004351343148758402,cores,0.004351343148758402,0.4351343148758402,,
whisper-stt,cpu_usage,whisper-stt,whisper-openai-68966786fb-jsb5d,2026-08-04T07:40:56.296000Z,1785829256.296,0.004294460804352777,cores,0.004294460804352777,0.4294460804352777,,
whisper-stt,cpu_usage,whisper-stt,whisper-openai-68966786fb-jsb5d,2026-08-04T08:40:56.296000Z,1785832856.296,0.004404008141540506,cores,0.004404008141540506,0.4404008141540506,,
whisper-stt,cpu_usage,whisper-stt,whisper-openai-68966786fb-jsb5d,2026-08-04T09:40:56.296000Z,1785836456.296,0.004113312483138698,cores,0.004113312483138698,0.41133124831386986,,
whisper-stt,cpu_usage,whisper-stt,whisper-openai-68966786fb-jsb5d,2026-08-04T10:40:56.296000Z,1785840056.296,0.0043253496653942606,cores,0.0043253496653942606,0.4325349665394261,,
whisper-stt,cpu_usage,whisper-stt,whisper-openai-68966786fb-jsb5d,2026-08-04T11:40:56.296000Z,1785843656.296,0.004176376885510274,cores,0.004176376885510274,0.41763768855102745,,
whisper-stt,cpu_usage,whisper-stt,whisper-openai-68966786fb-jsb5d,2026-08-04T12:40:56.296000Z,1785847256.296,0.004430472782332654,cores,0.004430472782332654,0.4430472782332654,,
whisper-stt,cpu_usage,whisper-stt,whisper-openai-68966786fb-jsb5d,2026-08-04T13:40:56.296000Z,1785850856.296,0.004255191633345468,cores,0.004255191633345468,0.4255191633345468,,
whisper-stt,cpu_usage,whisper-stt,whisper-openai-68966786fb-jsb5d,2026-08-04T14:40:56.296000Z,1785854456.296,0.004242072187537473,cores,0.004242072187537473,0.4242072187537473,,
whisper-stt,cpu_usage,whisper-stt,whisper-openai-68966786fb-jsb5d,2026-08-04T15:40:56.296000Z,1785858056.296,0.004341884781129472,cores,0.004341884781129472,0.4341884781129472,,
whisper-stt,cpu_usage,whisper-stt,whisper-openai-68966786fb-jsb5d,2026-08-04T16:40:56.296000Z,1785861656.296,0.004332718304394502,cores,0.004332718304394502,0.43327183043945017,,
whisper-stt,cpu_usage,whisper-stt,whisper-openai-68966786fb-jsb5d,2026-08-04T17:40:56.296000Z,1785865256.296,0.004240865807405323,cores,0.004240865807405323,0.4240865807405323,,
whisper-stt,cpu_usage,whisper-stt,whisper-openai-68966786fb-jsb5d,2026-08-04T18:40:56.296000Z,1785868856.296,0.0043165940754005035,cores,0.0043165940754005035,0.43165940754005033,,
whisper-stt,cpu_usage,whisper-stt,whisper-openai-68966786fb-jsb5d,2026-08-04T19:40:56.296000Z,1785872456.296,0.004161549955041979,cores,0.004161549955041979,0.41615499550419793,,
whisper-stt,cpu_usage,whisper-stt,whisper-openai-68966786fb-jsb5d,2026-08-04T20:40:56.296000Z,1785876056.296,0.004295109834453115,cores,0.004295109834453115,0.4295109834453115,,
whisper-stt,cpu_usage,whisper-stt,whisper-openai-68966786fb-jsb5d,2026-08-04T21:40:56.296000Z,1785879656.296,0.004359938905726635,cores,0.004359938905726635,0.4359938905726635,,
whisper-stt,cpu_usage,whisper-stt,whisper-openai-68966786fb-jsb5d,2026-08-04T22:40:56.296000Z,1785883256.296,0.004226236729347604,cores,0.004226236729347604,0.42262367293476044,,
whisper-stt,cpu_usage,whisper-stt,whisper-openai-68966786fb-jsb5d,2026-08-04T23:40:56.296000Z,1785886856.296,0.00417127372966818,cores,0.00417127372966818,0.41712737296681796,,
whisper-stt,cpu_usage,whisper-stt,whisper-openai-68966786fb-jsb5d,2026-08-05T00:40:56.296000Z,1785890456.296,0.004355462273568079,cores,0.004355462273568079,0.43554622735680787,,
whisper-stt,cpu_usage,whisper-stt,whisper-openai-68966786fb-jsb5d,2026-08-05T01:40:56.296000Z,1785894056.296,0.004379252092446648,cores,0.004379252092446648,0.43792520924466477,,
whisper-stt,cpu_usage,whisper-stt,whisper-openai-68966786fb-jsb5d,2026-08-05T02:40:56.296000Z,1785897656.296,0.004118091827272464,cores,0.004118091827272464,0.4118091827272464,,
whisper-stt,cpu_usage,whisper-stt,whisper-openai-68966786fb-jsb5d,2026-08-05T03:40:56.296000Z,1785901256.296,0.004233776764929842,cores,0.004233776764929842,0.42337767649298425,,
whisper-stt,cpu_usage,whisper-stt,whisper-openai-68966786fb-jsb5d,2026-08-05T04:40:56.296000Z,1785904856.296,0.004099351695518039,cores,0.004099351695518039,0.4099351695518039,,
whisper-stt,cpu_usage,whisper-stt,whisper-openai-68966786fb-jsb5d,2026-08-05T05:40:56.296000Z,1785908456.296,0.004405822651450546,cores,0.004405822651450546,0.44058226514505455,,
whisper-stt,cpu_usage,whisper-stt,whisper-openai-68966786fb-jsb5d,2026-08-05T06:40:56.296000Z,1785912056.296,0.004405957142220743,cores,0.004405957142220743,0.44059571422207433,,
whisper-stt,cpu_usage,whisper-stt,whisper-openai-68966786fb-jsb5d,2026-08-05T07:40:56.296000Z,1785915656.296,0.00416838614717483,cores,0.00416838614717483,0.416838614717483,,
whisper-stt,cpu_usage,whisper-stt,whisper-openai-68966786fb-jsb5d,2026-08-05T08:40:56.296000Z,1785919256.296,0.0044220041025841705,cores,0.0044220041025841705,0.44220041025841705,,
whisper-stt,cpu_usage,whisper-stt,whisper-openai-68966786fb-jsb5d,2026-08-05T09:40:56.296000Z,1785922856.296,0.004106704514267654,cores,0.004106704514267654,0.4106704514267654,,
whisper-stt,cpu_usage,whisper-stt,whisper-openai-68966786fb-jsb5d,2026-08-05T10:40:56.296000Z,1785926456.296,0.0043567206770029005,cores,0.0043567206770029005,0.43567206770029004,,
whisper-stt,cpu_usage,whisper-stt,whisper-openai-68966786fb-jsb5d,2026-08-05T11:40:56.296000Z,1785930056.296,0.004290298398759533,cores,0.004290298398759533,0.4290298398759533,,
whisper-stt,cpu_usage,whisper-stt,whisper-openai-68966786fb-jsb5d,2026-08-05T12:40:56.296000Z,1785933656.296,0.004426049407796889,cores,0.004426049407796889,0.44260494077968887,,
whisper-stt,cpu_usage,whisper-stt,whisper-openai-68966786fb-jsb5d,2026-08-05T13:40:56.296000Z,1785937256.296,0.004235006295970537,cores,0.004235006295970537,0.42350062959705365,,
whisper-stt,cpu_usage,whisper-stt,whisper-openai-68966786fb-jsb5d,2026-08-05T14:40:56.296000Z,1785940856.296,0.00441172676233676,cores,0.00441172676233676,0.441172676233676,,
whisper-stt,cpu_usage,whisper-stt,whisper-openai-68966786fb-jsb5d,2026-08-05T15:40:56.296000Z,1785944456.296,0.004426890055333723,cores,0.004426890055333723,0.4426890055333723,,
whisper-stt,cpu_usage,whisper-stt,whisper-openai-68966786fb-jsb5d,2026-08-05T16:40:56.296000Z,1785948056.296,0.004310723744567756,cores,0.004310723744567756,0.4310723744567756,,
whisper-stt,cpu_usage,whisper-stt,whisper-openai-68966786fb-jsb5d,2026-08-05T17:40:56.296000Z,1785951656.296,0.004376398695243013,cores,0.004376398695243013,0.43763986952430134,,
whisper-stt,cpu_usage,whisper-stt,whisper-openai-68966786fb-jsb5d,2026-08-05T18:40:56.296000Z,1785955256.296,0.004311623455144153,cores,0.004311623455144153,0.4311623455144153,,
whisper-stt,cpu_usage,whisper-stt,whisper-openai-68966786fb-jsb5d,2026-08-05T19:40:56.296000Z,1785958856.296,0.004435471651960766,cores,0.004435471651960766,0.44354716519607656,,
whisper-stt,cpu_usage,whisper-stt,whisper-openai-68966786fb-jsb5d,2026-08-05T20:40:56.296000Z,1785962456.296,0.004419236244520399,cores,0.004419236244520399,0.44192362445203986,,
whisper-stt,cpu_usage,whisper-stt,whisper-openai-68966786fb-jsb5d,2026-08-05T21:40:56.296000Z,1785966056.296,0.004402184884948174,cores,0.004402184884948174,0.4402184884948174,,
whisper-stt,cpu_usage,whisper-stt,whisper-openai-68966786fb-jsb5d,2026-08-05T22:40:56.296000Z,1785969656.296,0.0042844987932748315,cores,0.0042844987932748315,0.42844987932748313,,
whisper-stt,cpu_usage,whisper-stt,whisper-openai-68966786fb-jsb5d,2026-08-05T23:40:56.296000Z,1785973256.296,0.0041601909990066155,cores,0.0041601909990066155,0.41601909990066155,,
whisper-stt,cpu_usage,whisper-stt,whisper-openai-68966786fb-jsb5d,2026-08-06T00:40:56.296000Z,1785976856.296,0.004460407058829922,cores,0.004460407058829922,0.4460407058829922,,
whisper-stt,cpu_usage,whisper-stt,whisper-openai-68966786fb-jsb5d,2026-08-06T01:40:56.296000Z,1785980456.296,0.004773178482339757,cores,0.004773178482339757,0.4773178482339757,,
whisper-stt,cpu_usage,whisper-stt,whisper-openai-68966786fb-jsb5d,2026-08-06T02:40:56.296000Z,1785984056.296,0.004692853551466749,cores,0.004692853551466749,0.4692853551466749,,
whisper-stt,cpu_usage,whisper-stt,whisper-openai-68966786fb-jsb5d,2026-08-06T03:40:56.296000Z,1785987656.296,0.004594325153370037,cores,0.004594325153370037,0.4594325153370037,,
whisper-stt,cpu_usage,whisper-stt,whisper-openai-68966786fb-jsb5d,2026-08-06T04:40:56.296000Z,1785991256.296,0.004584882837278155,cores,0.004584882837278155,0.45848828372781547,,
whisper-stt,cpu_usage,whisper-stt,whisper-openai-68966786fb-jsb5d,2026-08-06T05:40:56.296000Z,1785994856.296,0.004619208061468276,cores,0.004619208061468276,0.4619208061468276,,
whisper-stt,cpu_usage,whisper-stt,whisper-openai-68966786fb-jsb5d,2026-08-06T06:40:56.296000Z,1785998456.296,0.004608911737064802,cores,0.004608911737064802,0.4608911737064802,,
whisper-stt,cpu_usage,whisper-stt,whisper-openai-68966786fb-jsb5d,2026-08-06T07:40:56.296000Z,1786002056.296,0.0045211937637946896,cores,0.0045211937637946896,0.452119376379469,,
whisper-stt,cpu_usage,whisper-stt,whisper-openai-68966786fb-jsb5d,2026-08-06T08:40:56.296000Z,1786005656.296,0.004527741275325086,cores,0.004527741275325086,0.45277412753250856,,
whisper-stt,cpu_usage,whisper-stt,whisper-openai-68966786fb-jsb5d,2026-08-06T09:40:56.296000Z,1786009256.296,0.004676533115285508,cores,0.004676533115285508,0.4676533115285508,,
whisper-stt,cpu_usage,whisper-stt,whisper-openai-68966786fb-jsb5d,2026-08-06T10:40:56.296000Z,1786012856.296,0.004348969897505175,cores,0.004348969897505175,0.43489698975051744,,
whisper-stt,cpu_usage,whisper-stt,whisper-openai-68966786fb-jsb5d,2026-08-06T11:40:56.296000Z,1786016456.296,0.004619451233249003,cores,0.004619451233249003,0.4619451233249003,,
whisper-stt,cpu_usage,whisper-stt,whisper-openai-68966786fb-jsb5d,2026-08-06T12:40:56.296000Z,1786020056.296,0.004530100983278202,cores,0.004530100983278202,0.45301009832782024,,
whisper-stt,cpu_usage,whisper-stt,whisper-openai-68966786fb-jsb5d,2026-08-06T13:40:56.296000Z,1786023656.296,0.004551590086365244,cores,0.004551590086365244,0.4551590086365244,,
whisper-stt,cpu_usage,whisper-stt,whisper-openai-68966786fb-jsb5d,2026-08-06T14:40:56.296000Z,1786027256.296,0.004590022462118379,cores,0.004590022462118379,0.45900224621183794,,
whisper-stt,cpu_usage,whisper-stt,whisper-openai-68966786fb-jsb5d,2026-08-06T15:40:56.296000Z,1786030856.296,0.0045857318965009134,cores,0.0045857318965009134,0.45857318965009136,,
whisper-stt,cpu_usage,whisper-stt,whisper-openai-68966786fb-jsb5d,2026-08-06T16:40:56.296000Z,1786034456.296,0.004673259527969346,cores,0.004673259527969346,0.4673259527969346,,
whisper-stt,cpu_usage,whisper-stt,whisper-openai-68966786fb-jsb5d,2026-08-06T17:40:56.296000Z,1786038056.296,0.004419935938863298,cores,0.004419935938863298,0.44199359388632975,,
whisper-stt,cpu_usage,whisper-stt,whisper-openai-68966786fb-jsb5d,2026-08-06T18:40:56.296000Z,1786041656.296,0.004638012000709985,cores,0.004638012000709985,0.46380120007099856,,
whisper-stt,cpu_usage,whisper-stt,whisper-openai-68966786fb-jsb5d,2026-08-06T19:40:56.296000Z,1786045256.296,0.004610377844061703,cores,0.004610377844061703,0.4610377844061703,,
whisper-stt,cpu_usage,whisper-stt,whisper-openai-68966786fb-jsb5d,2026-08-06T20:40:56.296000Z,1786048856.296,0.004708976406823574,cores,0.004708976406823574,0.4708976406823574,,
whisper-stt,cpu_usage,whisper-stt,whisper-openai-68966786fb-jsb5d,2026-08-06T21:40:56.296000Z,1786052456.296,0.004745654082843073,cores,0.004745654082843073,0.47456540828430727,,
whisper-stt,cpu_usage,whisper-stt,whisper-openai-68966786fb-jsb5d,2026-08-06T22:40:56.296000Z,1786056056.296,0.004522791804299395,cores,0.004522791804299395,0.45227918042993953,,
whisper-stt,cpu_usage,whisper-stt,whisper-openai-68966786fb-jsb5d,2026-08-06T23:40:56.296000Z,1786059656.296,0.004681423221754171,cores,0.004681423221754171,0.4681423221754171,,
whisper-stt,cpu_usage,whisper-stt,whisper-openai-68966786fb-jsb5d,2026-08-07T00:40:56.296000Z,1786063256.296,0.004277393849041301,cores,0.004277393849041301,0.4277393849041301,,
whisper-stt,cpu_usage,whisper-stt,whisper-openai-68966786fb-jsb5d,2026-08-07T01:40:56.296000Z,1786066856.296,0.004526496337698066,cores,0.004526496337698066,0.4526496337698066,,
whisper-stt,cpu_usage,whisper-stt,whisper-openai-68966786fb-jsb5d,2026-08-07T02:40:56.296000Z,1786070456.296,0.0044983848555377424,cores,0.0044983848555377424,0.44983848555377426,,
whisper-stt,cpu_usage,whisper-stt,whisper-openai-68966786fb-jsb5d,2026-08-07T03:40:56.296000Z,1786074056.296,0.00442740108794216,cores,0.00442740108794216,0.442740108794216,,
whisper-stt,cpu_usage,whisper-stt,whisper-openai-68966786fb-jsb5d,2026-08-07T04:40:56.296000Z,1786077656.296,0.004501495732558174,cores,0.004501495732558174,0.4501495732558174,,
whisper-stt,cpu_usage,whisper-stt,whisper-openai-68966786fb-jsb5d,2026-08-07T05:40:56.296000Z,1786081256.296,0.004663533003478558,cores,0.004663533003478558,0.46635330034785577,,
whisper-stt,cpu_usage,whisper-stt,whisper-openai-68966786fb-jsb5d,2026-08-07T06:40:56.296000Z,1786084856.296,0.0045018780545050775,cores,0.0045018780545050775,0.45018780545050774,,
whisper-stt,cpu_usage,whisper-stt,whisper-openai-68966786fb-jsb5d,2026-08-07T07:40:56.296000Z,1786088456.296,0.004423621255127981,cores,0.004423621255127981,0.44236212551279813,,
whisper-stt,cpu_usage,whisper-stt,whisper-openai-68966786fb-jsb5d,2026-08-07T08:40:56.296000Z,1786092056.296,0.004562648620856999,cores,0.004562648620856999,0.45626486208569994,,
whisper-stt,cpu_usage,whisper-stt,whisper-openai-68966786fb-jsb5d,2026-08-07T09:40:56.296000Z,1786095656.296,0.004550850750287722,cores,0.004550850750287722,0.4550850750287722,,
whisper-stt,cpu_usage,whisper-stt,whisper-openai-68966786fb-jsb5d,2026-08-07T10:40:56.296000Z,1786099256.296,0.00455612519122015,cores,0.00455612519122015,0.455612519122015,,
whisper-stt,cpu_usage,whisper-stt,whisper-openai-68966786fb-jsb5d,2026-08-07T11:40:56.296000Z,1786102856.296,0.004570471859767961,cores,0.004570471859767961,0.4570471859767961,,
whisper-stt,cpu_usage,whisper-stt,whisper-openai-68966786fb-jsb5d,2026-08-07T12:40:56.296000Z,1786106456.296,0.004316282626079119,cores,0.004316282626079119,0.43162826260791193,,
whisper-stt,cpu_usage,whisper-stt,whisper-openai-68966786fb-jsb5d,2026-08-07T13:40:56.296000Z,1786110056.296,0.004715849086000749,cores,0.004715849086000749,0.47158490860007496,,
whisper-stt,cpu_usage,whisper-stt,whisper-openai-68966786fb-jsb5d,2026-08-07T14:40:56.296000Z,1786113656.296,0.004653483090303955,cores,0.004653483090303955,0.46534830903039553,,
whisper-stt,cpu_usage,whisper-stt,whisper-openai-68966786fb-jsb5d,2026-08-07T15:40:56.296000Z,1786117256.296,0.004471782644254188,cores,0.004471782644254188,0.4471782644254188,,
whisper-stt,cpu_usage,whisper-stt,whisper-openai-68966786fb-jsb5d,2026-08-07T16:40:56.296000Z,1786120856.296,0.004688000201612684,cores,0.004688000201612684,0.4688000201612684,,
whisper-stt,cpu_usage,whisper-stt,whisper-openai-68966786fb-jsb5d,2026-08-07T17:40:56.296000Z,1786124456.296,0.004451917277665683,cores,0.004451917277665683,0.4451917277665683,,
whisper-stt,cpu_usage,whisper-stt,whisper-openai-68966786fb-jsb5d,2026-08-07T18:40:56.296000Z,1786128056.296,0.004527818381779344,cores,0.004527818381779344,0.4527818381779344,,
whisper-stt,cpu_usage,whisper-stt,whisper-openai-68966786fb-jsb5d,2026-08-07T19:40:56.296000Z,1786131656.296,0.004077189307214,cores,0.004077189307214,0.40771893072140003,,
whisper-stt,cpu_usage,whisper-stt,whisper-openai-68966786fb-jsb5d,2026-08-07T20:40:56.296000Z,1786135256.296,0.004488732354935193,cores,0.004488732354935193,0.44887323549351926,,
whisper-stt,cpu_usage,whisper-stt,whisper-openai-68966786fb-jsb5d,2026-08-07T21:40:56.296000Z,1786138856.296,0.004660148727722229,cores,0.004660148727722229,0.4660148727722229,,
whisper-stt,cpu_usage,whisper-stt,whisper-openai-68966786fb-jsb5d,2026-08-07T22:40:56.296000Z,1786142456.296,0.004457888107233482,cores,0.004457888107233482,0.4457888107233482,,
whisper-stt,cpu_usage,whisper-stt,whisper-openai-68966786fb-jsb5d,2026-08-07T23:40:56.296000Z,1786146056.296,0.004496550561906976,cores,0.004496550561906976,0.4496550561906976,,
whisper-stt,cpu_usage,whisper-stt,whisper-openai-68966786fb-jsb5d,2026-08-08T00:40:56.296000Z,1786149656.296,0.0043784175431842405,cores,0.0043784175431842405,0.43784175431842404,,
whisper-stt,cpu_usage,whisper-stt,whisper-openai-68966786fb-jsb5d,2026-08-08T01:40:56.296000Z,1786153256.296,0.004402682472593425,cores,0.004402682472593425,0.4402682472593425,,
whisper-stt,cpu_usage,whisper-stt,whisper-openai-68966786fb-jsb5d,2026-08-08T02:40:56.296000Z,1786156856.296,0.004589359599083673,cores,0.004589359599083673,0.4589359599083673,,
whisper-stt,cpu_usage,whisper-stt,whisper-openai-68966786fb-jsb5d,2026-08-08T03:40:56.296000Z,1786160456.296,0.004552964912608862,cores,0.004552964912608862,0.4552964912608862,,
whisper-stt,cpu_usage,whisper-stt,whisper-openai-68966786fb-jsb5d,2026-08-08T04:40:56.296000Z,1786164056.296,0.004515236219786657,cores,0.004515236219786657,0.45152362197866575,,
whisper-stt,cpu_usage,whisper-stt,whisper-openai-68966786fb-jsb5d,2026-08-08T05:40:56.296000Z,1786167656.296,0.004436155531827346,cores,0.004436155531827346,0.4436155531827346,,
whisper-stt,cpu_usage,whisper-stt,whisper-openai-68966786fb-jsb5d,2026-08-08T06:40:56.296000Z,1786171256.296,0.004446428633727783,cores,0.004446428633727783,0.44464286337277825,,
whisper-stt,cpu_usage,whisper-stt,whisper-openai-68966786fb-jsb5d,2026-08-08T07:40:56.296000Z,1786174856.296,0.004632140027864975,cores,0.004632140027864975,0.4632140027864975,,
whisper-stt,cpu_usage,whisper-stt,whisper-openai-68966786fb-jsb5d,2026-08-08T08:40:56.296000Z,1786178456.296,0.004341878741191343,cores,0.004341878741191343,0.4341878741191343,,
whisper-stt,cpu_usage,whisper-stt,whisper-openai-68966786fb-jsb5d,2026-08-08T09:40:56.296000Z,1786182056.296,0.004402059746512791,cores,0.004402059746512791,0.4402059746512791,,
whisper-stt,cpu_usage,whisper-stt,whisper-openai-68966786fb-jsb5d,2026-08-08T10:40:56.296000Z,1786185656.296,0.004165404448179145,cores,0.004165404448179145,0.4165404448179145,,
whisper-stt,cpu_usage,whisper-stt,whisper-openai-68966786fb-jsb5d,2026-08-08T11:40:56.296000Z,1786189256.296,0.00412758814815283,cores,0.00412758814815283,0.412758814815283,,
whisper-stt,cpu_usage,whisper-stt,whisper-openai-68966786fb-jsb5d,2026-08-08T12:40:56.296000Z,1786192856.296,0.0042267967585812236,cores,0.0042267967585812236,0.4226796758581224,,
whisper-stt,cpu_usage,whisper-stt,whisper-openai-68966786fb-jsb5d,2026-08-08T13:40:56.296000Z,1786196456.296,0.004551871163091441,cores,0.004551871163091441,0.4551871163091441,,
whisper-stt,cpu_usage,whisper-stt,whisper-openai-68966786fb-jsb5d,2026-08-08T14:40:56.296000Z,1786200056.296,0.004481194735990322,cores,0.004481194735990322,0.44811947359903215,,
whisper-stt,cpu_usage,whisper-stt,whisper-openai-68966786fb-jsb5d,2026-08-08T15:40:56.296000Z,1786203656.296,0.004383484313300445,cores,0.004383484313300445,0.4383484313300445,,
whisper-stt,cpu_usage,whisper-stt,whisper-openai-68966786fb-jsb5d,2026-08-08T16:40:56.296000Z,1786207256.296,0.004499812342883939,cores,0.004499812342883939,0.44998123428839387,,
whisper-stt,cpu_usage,whisper-stt,whisper-openai-68966786fb-jsb5d,2026-08-08T17:40:56.296000Z,1786210856.296,0.004310425319486653,cores,0.004310425319486653,0.4310425319486653,,
whisper-stt,cpu_usage,whisper-stt,whisper-openai-68966786fb-jsb5d,2026-08-08T18:40:56.296000Z,1786214456.296,0.004565137918450437,cores,0.004565137918450437,0.45651379184504365,,
whisper-stt,cpu_usage,whisper-stt,whisper-openai-68966786fb-jsb5d,2026-08-08T19:40:56.296000Z,1786218056.296,0.004290530086260891,cores,0.004290530086260891,0.4290530086260891,,
whisper-stt,cpu_usage,whisper-stt,whisper-openai-68966786fb-jsb5d,2026-08-08T20:40:56.296000Z,1786221656.296,0.004514039050598017,cores,0.004514039050598017,0.4514039050598017,,
whisper-stt,cpu_usage,whisper-stt,whisper-openai-68966786fb-jsb5d,2026-08-08T21:40:56.296000Z,1786225256.296,0.0046756167852354666,cores,0.0046756167852354666,0.46756167852354663,,
whisper-stt,cpu_usage,whisper-stt,whisper-openai-68966786fb-jsb5d,2026-08-08T22:40:56.296000Z,1786228856.296,0.0046532608420338595,cores,0.0046532608420338595,0.46532608420338595,,
whisper-stt,cpu_usage,whisper-stt,whisper-openai-68966786fb-jsb5d,2026-08-08T23:40:56.296000Z,1786232456.296,0.004759266418592245,cores,0.004759266418592245,0.4759266418592245,,
whisper-stt,cpu_usage,whisper-stt,whisper-openai-68966786fb-jsb5d,2026-08-09T00:40:56.296000Z,1786236056.296,0.00460418660408278,cores,0.00460418660408278,0.460418660408278,,
whisper-stt,cpu_usage,whisper-stt,whisper-openai-68966786fb-jsb5d,2026-08-09T01:40:56.296000Z,1786239656.296,0.004667516887922111,cores,0.004667516887922111,0.4667516887922111,,
whisper-stt,cpu_usage,whisper-stt,whisper-openai-68966786fb-jsb5d,2026-08-09T02:40:56.296000Z,1786243256.296,0.004496679375230101,cores,0.004496679375230101,0.44966793752301015,,
whisper-stt,cpu_usage,whisper-stt,whisper-openai-68966786fb-jsb5d,2026-08-09T03:40:56.296000Z,1786246856.296,0.004431533708242106,cores,0.004431533708242106,0.44315337082421064,,
whisper-stt,cpu_usage,whisper-stt,whisper-openai-68966786fb-jsb5d,2026-08-09T04:40:56.296000Z,1786250456.296,0.004667181764823838,cores,0.004667181764823838,0.46671817648238384,,
whisper-stt,cpu_usage,whisper-stt,whisper-openai-68966786fb-jsb5d,2026-08-09T05:40:56.296000Z,1786254056.296,0.004612285307229333,cores,0.004612285307229333,0.4612285307229333,,
whisper-stt,cpu_usage,whisper-stt,whisper-openai-68966786fb-jsb5d,2026-08-09T06:40:56.296000Z,1786257656.296,0.00465941791301174,cores,0.00465941791301174,0.46594179130117397,,
whisper-stt,cpu_usage,whisper-stt,whisper-openai-68966786fb-jsb5d,2026-08-09T07:40:56.296000Z,1786261256.296,0.004619510946993162,cores,0.004619510946993162,0.4619510946993162,,
whisper-stt,cpu_usage,whisper-stt,whisper-openai-68966786fb-jsb5d,2026-08-09T08:40:56.296000Z,1786264856.296,0.004665236729572234,cores,0.004665236729572234,0.4665236729572234,,
whisper-stt,cpu_usage,whisper-stt,whisper-openai-68966786fb-jsb5d,2026-08-09T09:40:56.296000Z,1786268456.296,0.004623066148963622,cores,0.004623066148963622,0.4623066148963622,,
whisper-stt,cpu_usage,whisper-stt,whisper-openai-68966786fb-jsb5d,2026-08-09T10:40:56.296000Z,1786272056.296,0.004752358234062984,cores,0.004752358234062984,0.47523582340629844,,
whisper-stt,cpu_usage,whisper-stt,whisper-openai-68966786fb-jsb5d,2026-08-09T11:40:56.296000Z,1786275656.296,0.004710737707257772,cores,0.004710737707257772,0.47107377072577716,,
whisper-stt,cpu_usage,whisper-stt,whisper-openai-68966786fb-jsb5d,2026-08-09T12:40:56.296000Z,1786279256.296,0.004468614534638598,cores,0.004468614534638598,0.4468614534638598,,
whisper-stt,cpu_usage,whisper-stt,whisper-openai-68966786fb-jsb5d,2026-08-09T13:40:56.296000Z,1786282856.296,0.00471876213347695,cores,0.00471876213347695,0.471876213347695,,
whisper-stt,cpu_usage,whisper-stt,whisper-openai-68966786fb-jsb5d,2026-08-09T14:40:56.296000Z,1786286456.296,0.004531820443704771,cores,0.004531820443704771,0.45318204437047704,,
whisper-stt,cpu_usage,whisper-stt,whisper-openai-68966786fb-jsb5d,2026-08-09T15:40:56.296000Z,1786290056.296,0.0047473512462697445,cores,0.0047473512462697445,0.4747351246269744,,
whisper-stt,cpu_usage,whisper-stt,whisper-openai-68966786fb-jsb5d,2026-08-09T16:40:56.296000Z,1786293656.296,0.00469749521724467,cores,0.00469749521724467,0.46974952172446693,,
whisper-stt,cpu_usage,whisper-stt,whisper-openai-68966786fb-jsb5d,2026-08-09T17:40:56.296000Z,1786297256.296,0.004742481170090537,cores,0.004742481170090537,0.47424811700905367,,
whisper-stt,cpu_usage,whisper-stt,whisper-openai-68966786fb-jsb5d,2026-08-09T18:40:56.296000Z,1786300856.296,0.004539726814348122,cores,0.004539726814348122,0.4539726814348122,,
whisper-stt,cpu_usage,whisper-stt,whisper-openai-68966786fb-jsb5d,2026-08-09T19:40:56.296000Z,1786304456.296,0.004741182903161493,cores,0.004741182903161493,0.47411829031614927,,
whisper-stt,cpu_usage,whisper-stt,whisper-openai-68966786fb-jsb5d,2026-08-09T20:40:56.296000Z,1786308056.296,0.004627066357611434,cores,0.004627066357611434,0.46270663576114346,,
whisper-stt,cpu_usage,whisper-stt,whisper-openai-68966786fb-jsb5d,2026-08-09T21:40:56.296000Z,1786311656.296,0.004574189776913024,cores,0.004574189776913024,0.45741897769130235,,
whisper-stt,cpu_usage,whisper-stt,whisper-openai-68966786fb-jsb5d,2026-08-09T22:40:56.296000Z,1786315256.296,0.004659124782649196,cores,0.004659124782649196,0.4659124782649196,,
whisper-stt,cpu_usage,whisper-stt,whisper-openai-68966786fb-jsb5d,2026-08-09T23:40:56.296000Z,1786318856.296,0.004600157900003547,cores,0.004600157900003547,0.4600157900003547,,
whisper-stt,cpu_usage,whisper-stt,whisper-openai-68966786fb-jsb5d,2026-08-10T00:40:56.296000Z,1786322456.296,0.004692594752184694,cores,0.004692594752184694,0.46925947521846945,,
whisper-stt,cpu_usage,whisper-stt,whisper-openai-68966786fb-jsb5d,2026-08-10T01:40:56.296000Z,1786326056.296,0.0045591706962119435,cores,0.0045591706962119435,0.4559170696211944,,
whisper-stt,cpu_usage,whisper-stt,whisper-openai-68966786fb-jsb5d,2026-08-10T02:40:56.296000Z,1786329656.296,0.00470809238535039,cores,0.00470809238535039,0.47080923853503903,,
whisper-stt,cpu_usage,whisper-stt,whisper-openai-68966786fb-jsb5d,2026-08-10T03:40:56.296000Z,1786333256.296,0.0047313287684099025,cores,0.0047313287684099025,0.47313287684099026,,
whisper-stt,cpu_usage,whisper-stt,whisper-openai-68966786fb-jsb5d,2026-08-10T04:40:56.296000Z,1786336856.296,0.004717015434601996,cores,0.004717015434601996,0.47170154346019955,,
whisper-stt,cpu_usage,whisper-stt,whisper-openai-68966786fb-jsb5d,2026-08-10T05:40:56.296000Z,1786340456.296,0.004605260814599018,cores,0.004605260814599018,0.4605260814599018,,
whisper-stt,cpu_usage,whisper-stt,whisper-openai-68966786fb-jsb5d,2026-08-10T06:40:56.296000Z,1786344056.296,0.004596310853648834,cores,0.004596310853648834,0.4596310853648834,,
whisper-stt,cpu_usage,whisper-stt,whisper-openai-68966786fb-jsb5d,2026-08-10T07:40:56.296000Z,1786347656.296,0.0045650283986091115,cores,0.0045650283986091115,0.45650283986091117,,
whisper-stt,cpu_usage,whisper-stt,whisper-openai-68966786fb-jsb5d,2026-08-10T08:40:56.296000Z,1786351256.296,0.004466306859447991,cores,0.004466306859447991,0.4466306859447991,,
whisper-stt,cpu_usage,whisper-stt,whisper-openai-68966786fb-jsb5d,2026-08-10T09:40:56.296000Z,1786354856.296,0.004490205839850893,cores,0.004490205839850893,0.4490205839850893,,
whisper-stt,cpu_usage,whisper-stt,whisper-openai-68966786fb-jsb5d,2026-08-10T10:40:56.296000Z,1786358456.296,0.004764192582455192,cores,0.004764192582455192,0.47641925824551923,,
whisper-stt,cpu_usage,whisper-stt,whisper-stt-5b884b75f4-hwczc,2026-08-08T19:40:56.296000Z,1786218056.296,0.036352406051673405,cores,0.036352406051673405,3.6352406051673407,,
whisper-stt,cpu_usage,whisper-stt,whisper-stt-847fd8d7b9-mp2kl,2026-08-08T20:40:56.296000Z,1786221656.296,0.00042714875480880647,cores,0.00042714875480880647,0.04271487548088065,,
whisper-stt,cpu_usage,whisper-stt,whisper-stt-847fd8d7b9-mp2kl,2026-08-08T21:40:56.296000Z,1786225256.296,0.0004228326085379624,cores,0.0004228326085379624,0.042283260853796245,,
whisper-stt,cpu_usage,whisper-stt,whisper-stt-847fd8d7b9-mp2kl,2026-08-08T22:40:56.296000Z,1786228856.296,0.000408228721935469,cores,0.000408228721935469,0.0408228721935469,,
whisper-stt,cpu_usage,whisper-stt,whisper-stt-847fd8d7b9-mp2kl,2026-08-08T23:40:56.296000Z,1786232456.296,0.00042532442357982864,cores,0.00042532442357982864,0.04253244235798286,,
whisper-stt,cpu_usage,whisper-stt,whisper-stt-847fd8d7b9-mp2kl,2026-08-09T00:40:56.296000Z,1786236056.296,0.00046933544948580007,cores,0.00046933544948580007,0.04693354494858001,,
whisper-stt,cpu_usage,whisper-stt,whisper-stt-847fd8d7b9-mp2kl,2026-08-09T01:40:56.296000Z,1786239656.296,0.00046315832390504897,cores,0.00046315832390504897,0.046315832390504894,,
whisper-stt,cpu_usage,whisper-stt,whisper-stt-847fd8d7b9-mp2kl,2026-08-09T02:40:56.296000Z,1786243256.296,0.0004704088965414228,cores,0.0004704088965414228,0.047040889654142284,,
whisper-stt,cpu_usage,whisper-stt,whisper-stt-847fd8d7b9-mp2kl,2026-08-09T03:40:56.296000Z,1786246856.296,0.0004562903602840234,cores,0.0004562903602840234,0.04562903602840234,,
whisper-stt,cpu_usage,whisper-stt,whisper-stt-847fd8d7b9-mp2kl,2026-08-09T04:40:56.296000Z,1786250456.296,0.00044674062320372663,cores,0.00044674062320372663,0.04467406232037266,,
whisper-stt,cpu_usage,whisper-stt,whisper-stt-847fd8d7b9-mp2kl,2026-08-09T05:40:56.296000Z,1786254056.296,0.0004259144696615505,cores,0.0004259144696615505,0.04259144696615505,,
whisper-stt,cpu_usage,whisper-stt,whisper-stt-847fd8d7b9-mp2kl,2026-08-09T06:40:56.296000Z,1786257656.296,0.00046355268986563705,cores,0.00046355268986563705,0.046355268986563704,,
whisper-stt,cpu_usage,whisper-stt,whisper-stt-847fd8d7b9-mp2kl,2026-08-09T07:40:56.296000Z,1786261256.296,0.0004462666758280494,cores,0.0004462666758280494,0.04462666758280494,,
whisper-stt,cpu_usage,whisper-stt,whisper-stt-847fd8d7b9-mp2kl,2026-08-09T08:40:56.296000Z,1786264856.296,0.0004502364178224391,cores,0.0004502364178224391,0.04502364178224391,,
whisper-stt,cpu_usage,whisper-stt,whisper-stt-847fd8d7b9-mp2kl,2026-08-09T09:40:56.296000Z,1786268456.296,0.0004407502778679046,cores,0.0004407502778679046,0.044075027786790455,,
whisper-stt,cpu_usage,whisper-stt,whisper-stt-847fd8d7b9-mp2kl,2026-08-09T10:40:56.296000Z,1786272056.296,0.0004910785769457321,cores,0.0004910785769457321,0.04910785769457321,,
whisper-stt,cpu_usage,whisper-stt,whisper-stt-847fd8d7b9-mp2kl,2026-08-09T11:40:56.296000Z,1786275656.296,0.0004954752864955245,cores,0.0004954752864955245,0.04954752864955245,,
whisper-stt,cpu_usage,whisper-stt,whisper-stt-847fd8d7b9-mp2kl,2026-08-09T12:40:56.296000Z,1786279256.296,0.0004401245298961862,cores,0.0004401245298961862,0.04401245298961862,,
whisper-stt,cpu_usage,whisper-stt,whisper-stt-847fd8d7b9-mp2kl,2026-08-09T13:40:56.296000Z,1786282856.296,0.00046637329511428036,cores,0.00046637329511428036,0.04663732951142804,,
whisper-stt,cpu_usage,whisper-stt,whisper-stt-847fd8d7b9-mp2kl,2026-08-09T14:40:56.296000Z,1786286456.296,0.00046010483808884797,cores,0.00046010483808884797,0.0460104838088848,,
whisper-stt,cpu_usage,whisper-stt,whisper-stt-847fd8d7b9-mp2kl,2026-08-09T15:40:56.296000Z,1786290056.296,0.000499318923181719,cores,0.000499318923181719,0.049931892318171904,,
whisper-stt,cpu_usage,whisper-stt,whisper-stt-847fd8d7b9-mp2kl,2026-08-09T16:40:56.296000Z,1786293656.296,0.0004609258029097818,cores,0.0004609258029097818,0.04609258029097818,,
whisper-stt,cpu_usage,whisper-stt,whisper-stt-847fd8d7b9-mp2kl,2026-08-09T17:40:56.296000Z,1786297256.296,0.0004407162813473686,cores,0.0004407162813473686,0.04407162813473686,,
whisper-stt,cpu_usage,whisper-stt,whisper-stt-847fd8d7b9-mp2kl,2026-08-09T18:40:56.296000Z,1786300856.296,0.0004418842475410751,cores,0.0004418842475410751,0.04418842475410751,,
whisper-stt,cpu_usage,whisper-stt,whisper-stt-847fd8d7b9-mp2kl,2026-08-09T19:40:56.296000Z,1786304456.296,0.00046092281284910086,cores,0.00046092281284910086,0.04609228128491009,,
whisper-stt,cpu_usage,whisper-stt,whisper-stt-847fd8d7b9-mp2kl,2026-08-09T20:40:56.296000Z,1786308056.296,0.0004162360866517288,cores,0.0004162360866517288,0.04162360866517288,,
whisper-stt,cpu_usage,whisper-stt,whisper-stt-847fd8d7b9-mp2kl,2026-08-09T21:40:56.296000Z,1786311656.296,0.0004338429080102202,cores,0.0004338429080102202,0.04338429080102202,,
whisper-stt,cpu_usage,whisper-stt,whisper-stt-847fd8d7b9-mp2kl,2026-08-09T22:40:56.296000Z,1786315256.296,0.00040650700784138907,cores,0.00040650700784138907,0.040650700784138905,,
whisper-stt,cpu_usage,whisper-stt,whisper-stt-847fd8d7b9-mp2kl,2026-08-09T23:40:56.296000Z,1786318856.296,0.0004363078216684386,cores,0.0004363078216684386,0.043630782166843865,,
whisper-stt,cpu_usage,whisper-stt,whisper-stt-847fd8d7b9-mp2kl,2026-08-10T00:40:56.296000Z,1786322456.296,0.0004124392044248194,cores,0.0004124392044248194,0.04124392044248194,,
whisper-stt,cpu_usage,whisper-stt,whisper-stt-847fd8d7b9-mp2kl,2026-08-10T01:40:56.296000Z,1786326056.296,0.0004582994448475465,cores,0.0004582994448475465,0.04582994448475465,,
whisper-stt,cpu_usage,whisper-stt,whisper-stt-847fd8d7b9-mp2kl,2026-08-10T02:40:56.296000Z,1786329656.296,0.00043120046829692307,cores,0.00043120046829692307,0.04312004682969231,,
whisper-stt,cpu_usage,whisper-stt,whisper-stt-847fd8d7b9-mp2kl,2026-08-10T03:40:56.296000Z,1786333256.296,0.00045414975469092986,cores,0.00045414975469092986,0.04541497546909298,,
whisper-stt,cpu_usage,whisper-stt,whisper-stt-847fd8d7b9-mp2kl,2026-08-10T04:40:56.296000Z,1786336856.296,0.00040587831255213476,cores,0.00040587831255213476,0.04058783125521347,,
whisper-stt,cpu_usage,whisper-stt,whisper-stt-847fd8d7b9-mp2kl,2026-08-10T05:40:56.296000Z,1786340456.296,0.0004690607952772512,cores,0.0004690607952772512,0.046906079527725124,,
whisper-stt,cpu_usage,whisper-stt,whisper-stt-847fd8d7b9-mp2kl,2026-08-10T06:40:56.296000Z,1786344056.296,0.00040832427036390217,cores,0.00040832427036390217,0.040832427036390215,,
whisper-stt,cpu_usage,whisper-stt,whisper-stt-847fd8d7b9-mp2kl,2026-08-10T07:40:56.296000Z,1786347656.296,0.000451635735573011,cores,0.000451635735573011,0.0451635735573011,,
whisper-stt,cpu_usage,whisper-stt,whisper-stt-847fd8d7b9-mp2kl,2026-08-10T08:40:56.296000Z,1786351256.296,0.00041477044026296493,cores,0.00041477044026296493,0.04147704402629649,,
whisper-stt,cpu_usage,whisper-stt,whisper-stt-847fd8d7b9-mp2kl,2026-08-10T09:40:56.296000Z,1786354856.296,0.0004416565580632192,cores,0.0004416565580632192,0.04416565580632192,,
whisper-stt,cpu_usage,whisper-stt,whisper-stt-847fd8d7b9-mp2kl,2026-08-10T10:40:56.296000Z,1786358456.296,0.0004468867619798811,cores,0.0004468867619798811,0.04468867619798811,,
whisper-stt,cpu_usage,whisper-stt,whisper-stt-847fd8d7b9-v2rs5,2026-07-30T18:40:56.296000Z,1785436856.296,4.07039197246027,cores,4.07039197246027,407.039197246027,,
whisper-stt,cpu_usage,whisper-stt,whisper-stt-847fd8d7b9-v2rs5,2026-07-30T19:40:56.296000Z,1785440456.296,0.000652057320926856,cores,0.000652057320926856,0.0652057320926856,,
whisper-stt,cpu_usage,whisper-stt,whisper-stt-847fd8d7b9-v2rs5,2026-07-30T20:40:56.296000Z,1785444056.296,0.0006214003876607469,cores,0.0006214003876607469,0.062140038766074684,,
whisper-stt,cpu_usage,whisper-stt,whisper-stt-847fd8d7b9-v2rs5,2026-07-30T21:40:56.296000Z,1785447656.296,0.0006080121223897665,cores,0.0006080121223897665,0.06080121223897665,,
whisper-stt,cpu_usage,whisper-stt,whisper-stt-847fd8d7b9-v2rs5,2026-07-30T22:40:56.296000Z,1785451256.296,0.0006141781918739478,cores,0.0006141781918739478,0.06141781918739478,,
whisper-stt,cpu_usage,whisper-stt,whisper-stt-847fd8d7b9-v2rs5,2026-07-30T23:40:56.296000Z,1785454856.296,0.0006078118704100808,cores,0.0006078118704100808,0.06078118704100808,,
whisper-stt,cpu_usage,whisper-stt,whisper-stt-847fd8d7b9-v2rs5,2026-07-31T00:40:56.296000Z,1785458456.296,0.0006038980457478013,cores,0.0006038980457478013,0.06038980457478013,,
whisper-stt,cpu_usage,whisper-stt,whisper-stt-847fd8d7b9-v2rs5,2026-07-31T01:40:56.296000Z,1785462056.296,0.0005466380205425158,cores,0.0005466380205425158,0.05466380205425158,,
whisper-stt,cpu_usage,whisper-stt,whisper-stt-847fd8d7b9-v2rs5,2026-07-31T02:40:56.296000Z,1785465656.296,0.0005649305740332535,cores,0.0005649305740332535,0.05649305740332535,,
whisper-stt,cpu_usage,whisper-stt,whisper-stt-847fd8d7b9-v2rs5,2026-07-31T03:40:56.296000Z,1785469256.296,0.0006009750066337077,cores,0.0006009750066337077,0.06009750066337077,,
whisper-stt,cpu_usage,whisper-stt,whisper-stt-847fd8d7b9-v2rs5,2026-07-31T04:40:56.296000Z,1785472856.296,0.0006192309529996446,cores,0.0006192309529996446,0.06192309529996446,,
whisper-stt,cpu_usage,whisper-stt,whisper-stt-847fd8d7b9-v2rs5,2026-07-31T05:40:56.296000Z,1785476456.296,0.0005921651597860044,cores,0.0005921651597860044,0.05921651597860044,,
whisper-stt,cpu_usage,whisper-stt,whisper-stt-847fd8d7b9-v2rs5,2026-07-31T06:40:56.296000Z,1785480056.296,0.000541916973944806,cores,0.000541916973944806,0.054191697394480605,,
whisper-stt,cpu_usage,whisper-stt,whisper-stt-847fd8d7b9-v2rs5,2026-07-31T07:40:56.296000Z,1785483656.296,0.0006051184322129335,cores,0.0006051184322129335,0.06051184322129335,,
whisper-stt,cpu_usage,whisper-stt,whisper-stt-847fd8d7b9-v2rs5,2026-07-31T08:40:56.296000Z,1785487256.296,0.0005899494345659168,cores,0.0005899494345659168,0.058994943456591675,,
whisper-stt,cpu_usage,whisper-stt,whisper-stt-847fd8d7b9-v2rs5,2026-07-31T09:40:56.296000Z,1785490856.296,0.0005864225661694181,cores,0.0005864225661694181,0.05864225661694181,,
whisper-stt,cpu_usage,whisper-stt,whisper-stt-847fd8d7b9-v2rs5,2026-07-31T10:40:56.296000Z,1785494456.296,0.0005513196691004704,cores,0.0005513196691004704,0.05513196691004704,,
whisper-stt,cpu_usage,whisper-stt,whisper-stt-847fd8d7b9-v2rs5,2026-07-31T11:40:56.296000Z,1785498056.296,0.0006020552240556871,cores,0.0006020552240556871,0.06020552240556871,,
whisper-stt,cpu_usage,whisper-stt,whisper-stt-847fd8d7b9-v2rs5,2026-07-31T12:40:56.296000Z,1785501656.296,0.0005775099621130723,cores,0.0005775099621130723,0.05775099621130723,,
whisper-stt,cpu_usage,whisper-stt,whisper-stt-847fd8d7b9-v2rs5,2026-07-31T13:40:56.296000Z,1785505256.296,0.0006133160642109265,cores,0.0006133160642109265,0.06133160642109266,,
whisper-stt,cpu_usage,whisper-stt,whisper-stt-847fd8d7b9-v2rs5,2026-07-31T14:40:56.296000Z,1785508856.296,0.0005768445590375979,cores,0.0005768445590375979,0.057684455903759785,,
whisper-stt,cpu_usage,whisper-stt,whisper-stt-847fd8d7b9-v2rs5,2026-07-31T15:40:56.296000Z,1785512456.296,0.0005750949612945904,cores,0.0005750949612945904,0.05750949612945904,,
whisper-stt,cpu_usage,whisper-stt,whisper-stt-847fd8d7b9-v2rs5,2026-07-31T16:40:56.296000Z,1785516056.296,0.5315380453519084,cores,0.5315380453519084,53.153804535190844,,
whisper-stt,cpu_usage,whisper-stt,whisper-stt-847fd8d7b9-v2rs5,2026-07-31T17:40:56.296000Z,1785519656.296,0.0005674092607153185,cores,0.0005674092607153185,0.056740926071531854,,
whisper-stt,cpu_usage,whisper-stt,whisper-stt-847fd8d7b9-v2rs5,2026-07-31T18:40:56.296000Z,1785523256.296,0.0005909666465980536,cores,0.0005909666465980536,0.059096664659805356,,
whisper-stt,cpu_usage,whisper-stt,whisper-stt-847fd8d7b9-v2rs5,2026-07-31T19:40:56.296000Z,1785526856.296,0.0006014410466162648,cores,0.0006014410466162648,0.06014410466162647,,
whisper-stt,cpu_usage,whisper-stt,whisper-stt-847fd8d7b9-v2rs5,2026-07-31T20:40:56.296000Z,1785530456.296,0.0006002155828533084,cores,0.0006002155828533084,0.060021558285330845,,
whisper-stt,cpu_usage,whisper-stt,whisper-stt-847fd8d7b9-v2rs5,2026-07-31T21:40:56.296000Z,1785534056.296,0.0005808828867079518,cores,0.0005808828867079518,0.05808828867079518,,
whisper-stt,cpu_usage,whisper-stt,whisper-stt-847fd8d7b9-v2rs5,2026-07-31T22:40:56.296000Z,1785537656.296,0.0005602529007668977,cores,0.0005602529007668977,0.05602529007668977,,
whisper-stt,cpu_usage,whisper-stt,whisper-stt-847fd8d7b9-v2rs5,2026-07-31T23:40:56.296000Z,1785541256.296,0.0005700297943386956,cores,0.0005700297943386956,0.05700297943386956,,
whisper-stt,cpu_usage,whisper-stt,whisper-stt-847fd8d7b9-v2rs5,2026-08-01T00:40:56.296000Z,1785544856.296,0.0006076227656794424,cores,0.0006076227656794424,0.060762276567944244,,
whisper-stt,cpu_usage,whisper-stt,whisper-stt-847fd8d7b9-v2rs5,2026-08-01T01:40:56.296000Z,1785548456.296,0.0006762238240330603,cores,0.0006762238240330603,0.06762238240330604,,
whisper-stt,cpu_usage,whisper-stt,whisper-stt-847fd8d7b9-v2rs5,2026-08-01T02:40:56.296000Z,1785552056.296,0.0006016807594516277,cores,0.0006016807594516277,0.06016807594516277,,
whisper-stt,cpu_usage,whisper-stt,whisper-stt-847fd8d7b9-v2rs5,2026-08-01T03:40:56.296000Z,1785555656.296,0.0006311755706384228,cores,0.0006311755706384228,0.06311755706384228,,
whisper-stt,cpu_usage,whisper-stt,whisper-stt-847fd8d7b9-v2rs5,2026-08-01T04:40:56.296000Z,1785559256.296,0.0006559707568945838,cores,0.0006559707568945838,0.06559707568945837,,
whisper-stt,cpu_usage,whisper-stt,whisper-stt-847fd8d7b9-v2rs5,2026-08-01T05:40:56.296000Z,1785562856.296,0.0006609864769717623,cores,0.0006609864769717623,0.06609864769717623,,
whisper-stt,cpu_usage,whisper-stt,whisper-stt-847fd8d7b9-v2rs5,2026-08-01T06:40:56.296000Z,1785566456.296,0.0006213237283254114,cores,0.0006213237283254114,0.06213237283254114,,
whisper-stt,cpu_usage,whisper-stt,whisper-stt-847fd8d7b9-v2rs5,2026-08-01T07:40:56.296000Z,1785570056.296,0.0006184006020201346,cores,0.0006184006020201346,0.06184006020201346,,
whisper-stt,cpu_usage,whisper-stt,whisper-stt-847fd8d7b9-v2rs5,2026-08-01T08:40:56.296000Z,1785573656.296,0.0006686069662473821,cores,0.0006686069662473821,0.06686069662473822,,
whisper-stt,cpu_usage,whisper-stt,whisper-stt-847fd8d7b9-v2rs5,2026-08-01T09:40:56.296000Z,1785577256.296,0.0006091160371173996,cores,0.0006091160371173996,0.06091160371173996,,
whisper-stt,cpu_usage,whisper-stt,whisper-stt-847fd8d7b9-v2rs5,2026-08-01T10:40:56.296000Z,1785580856.296,0.0006117004785505871,cores,0.0006117004785505871,0.061170047855058717,,
whisper-stt,cpu_usage,whisper-stt,whisper-stt-847fd8d7b9-v2rs5,2026-08-01T11:40:56.296000Z,1785584456.296,0.0005914213051955291,cores,0.0005914213051955291,0.05914213051955291,,
whisper-stt,cpu_usage,whisper-stt,whisper-stt-847fd8d7b9-v2rs5,2026-08-01T12:40:56.296000Z,1785588056.296,0.0006441278816292625,cores,0.0006441278816292625,0.06441278816292625,,
whisper-stt,cpu_usage,whisper-stt,whisper-stt-847fd8d7b9-v2rs5,2026-08-01T13:40:56.296000Z,1785591656.296,0.0006546783102066287,cores,0.0006546783102066287,0.06546783102066288,,
whisper-stt,cpu_usage,whisper-stt,whisper-stt-847fd8d7b9-v2rs5,2026-08-01T14:40:56.296000Z,1785595256.296,0.0005994036142944105,cores,0.0005994036142944105,0.05994036142944104,,
whisper-stt,cpu_usage,whisper-stt,whisper-stt-847fd8d7b9-v2rs5,2026-08-01T15:40:56.296000Z,1785598856.296,0.0006279899602500496,cores,0.0006279899602500496,0.06279899602500497,,
whisper-stt,cpu_usage,whisper-stt,whisper-stt-847fd8d7b9-v2rs5,2026-08-01T16:40:56.296000Z,1785602456.296,0.0005920839128425746,cores,0.0005920839128425746,0.059208391284257464,,
whisper-stt,cpu_usage,whisper-stt,whisper-stt-847fd8d7b9-v2rs5,2026-08-01T17:40:56.296000Z,1785606056.296,0.0006538706594427164,cores,0.0006538706594427164,0.06538706594427164,,
whisper-stt,cpu_usage,whisper-stt,whisper-stt-847fd8d7b9-v2rs5,2026-08-01T18:40:56.296000Z,1785609656.296,0.0006573749892309414,cores,0.0006573749892309414,0.06573749892309413,,
whisper-stt,cpu_usage,whisper-stt,whisper-stt-847fd8d7b9-v2rs5,2026-08-01T19:40:56.296000Z,1785613256.296,0.0006689228349032352,cores,0.0006689228349032352,0.06689228349032351,,
whisper-stt,cpu_usage,whisper-stt,whisper-stt-847fd8d7b9-v2rs5,2026-08-01T20:40:56.296000Z,1785616856.296,0.0006038934955484415,cores,0.0006038934955484415,0.060389349554844145,,
whisper-stt,cpu_usage,whisper-stt,whisper-stt-847fd8d7b9-v2rs5,2026-08-01T21:40:56.296000Z,1785620456.296,0.0006494358839213549,cores,0.0006494358839213549,0.06494358839213549,,
whisper-stt,cpu_usage,whisper-stt,whisper-stt-847fd8d7b9-v2rs5,2026-08-01T22:40:56.296000Z,1785624056.296,0.0005950581467663067,cores,0.0005950581467663067,0.059505814676630665,,
whisper-stt,cpu_usage,whisper-stt,whisper-stt-847fd8d7b9-v2rs5,2026-08-01T23:40:56.296000Z,1785627656.296,0.0006331819616664883,cores,0.0006331819616664883,0.06331819616664883,,
whisper-stt,cpu_usage,whisper-stt,whisper-stt-847fd8d7b9-v2rs5,2026-08-02T00:40:56.296000Z,1785631256.296,0.0005938130554902923,cores,0.0005938130554902923,0.05938130554902923,,
whisper-stt,cpu_usage,whisper-stt,whisper-stt-847fd8d7b9-v2rs5,2026-08-02T01:40:56.296000Z,1785634856.296,0.000617086441750913,cores,0.000617086441750913,0.061708644175091296,,
whisper-stt,cpu_usage,whisper-stt,whisper-stt-847fd8d7b9-v2rs5,2026-08-02T02:40:56.296000Z,1785638456.296,0.0006314538474012437,cores,0.0006314538474012437,0.06314538474012438,,
whisper-stt,cpu_usage,whisper-stt,whisper-stt-847fd8d7b9-v2rs5,2026-08-02T03:40:56.296000Z,1785642056.296,0.0006047551210703639,cores,0.0006047551210703639,0.06047551210703639,,
whisper-stt,cpu_usage,whisper-stt,whisper-stt-847fd8d7b9-v2rs5,2026-08-02T04:40:56.296000Z,1785645656.296,0.0006362021548799992,cores,0.0006362021548799992,0.06362021548799993,,
whisper-stt,cpu_usage,whisper-stt,whisper-stt-847fd8d7b9-v2rs5,2026-08-02T05:40:56.296000Z,1785649256.296,0.0005961564006777023,cores,0.0005961564006777023,0.05961564006777023,,
whisper-stt,cpu_usage,whisper-stt,whisper-stt-847fd8d7b9-v2rs5,2026-08-02T06:40:56.296000Z,1785652856.296,0.0006175039261567745,cores,0.0006175039261567745,0.06175039261567745,,
whisper-stt,cpu_usage,whisper-stt,whisper-stt-847fd8d7b9-v2rs5,2026-08-02T07:40:56.296000Z,1785656456.296,0.0006347306842636578,cores,0.0006347306842636578,0.06347306842636578,,
whisper-stt,cpu_usage,whisper-stt,whisper-stt-847fd8d7b9-v2rs5,2026-08-02T08:40:56.296000Z,1785660056.296,0.000627739543661938,cores,0.000627739543661938,0.0627739543661938,,
whisper-stt,cpu_usage,whisper-stt,whisper-stt-847fd8d7b9-v2rs5,2026-08-02T09:40:56.296000Z,1785663656.296,0.0006395064253632346,cores,0.0006395064253632346,0.06395064253632346,,
whisper-stt,cpu_usage,whisper-stt,whisper-stt-847fd8d7b9-v2rs5,2026-08-02T10:40:56.296000Z,1785667256.296,0.0005789773484666188,cores,0.0005789773484666188,0.05789773484666188,,
whisper-stt,cpu_usage,whisper-stt,whisper-stt-847fd8d7b9-v2rs5,2026-08-02T11:40:56.296000Z,1785670856.296,0.0006309642761416199,cores,0.0006309642761416199,0.063096427614162,,
whisper-stt,cpu_usage,whisper-stt,whisper-stt-847fd8d7b9-v2rs5,2026-08-02T12:40:56.296000Z,1785674456.296,0.0006347114547466578,cores,0.0006347114547466578,0.06347114547466579,,
whisper-stt,cpu_usage,whisper-stt,whisper-stt-847fd8d7b9-v2rs5,2026-08-02T13:40:56.296000Z,1785678056.296,0.0006202466483297236,cores,0.0006202466483297236,0.062024664832972365,,
whisper-stt,cpu_usage,whisper-stt,whisper-stt-847fd8d7b9-v2rs5,2026-08-02T14:40:56.296000Z,1785681656.296,0.0006238141462777847,cores,0.0006238141462777847,0.06238141462777847,,
whisper-stt,cpu_usage,whisper-stt,whisper-stt-847fd8d7b9-v2rs5,2026-08-02T15:40:56.296000Z,1785685256.296,0.0006483434211185463,cores,0.0006483434211185463,0.06483434211185463,,
whisper-stt,cpu_usage,whisper-stt,whisper-stt-847fd8d7b9-v2rs5,2026-08-02T16:40:56.296000Z,1785688856.296,0.000651215339299348,cores,0.000651215339299348,0.06512153392993479,,
whisper-stt,cpu_usage,whisper-stt,whisper-stt-847fd8d7b9-v2rs5,2026-08-02T17:40:56.296000Z,1785692456.296,0.0006067933590569736,cores,0.0006067933590569736,0.06067933590569736,,
whisper-stt,cpu_usage,whisper-stt,whisper-stt-847fd8d7b9-v2rs5,2026-08-02T18:40:56.296000Z,1785696056.296,0.0006598745852353968,cores,0.0006598745852353968,0.06598745852353968,,
whisper-stt,cpu_usage,whisper-stt,whisper-stt-847fd8d7b9-v2rs5,2026-08-02T19:40:56.296000Z,1785699656.296,0.0006317732161465401,cores,0.0006317732161465401,0.063177321614654,,
whisper-stt,cpu_usage,whisper-stt,whisper-stt-847fd8d7b9-v2rs5,2026-08-02T20:40:56.296000Z,1785703256.296,0.0005885135463100076,cores,0.0005885135463100076,0.05885135463100076,,
whisper-stt,cpu_usage,whisper-stt,whisper-stt-847fd8d7b9-v2rs5,2026-08-02T21:40:56.296000Z,1785706856.296,0.0006416819262300938,cores,0.0006416819262300938,0.06416819262300938,,
whisper-stt,cpu_usage,whisper-stt,whisper-stt-847fd8d7b9-v2rs5,2026-08-02T22:40:56.296000Z,1785710456.296,0.0006364449949129083,cores,0.0006364449949129083,0.06364449949129082,,
whisper-stt,cpu_usage,whisper-stt,whisper-stt-847fd8d7b9-v2rs5,2026-08-02T23:40:56.296000Z,1785714056.296,0.0006381943678202065,cores,0.0006381943678202065,0.06381943678202065,,
whisper-stt,cpu_usage,whisper-stt,whisper-stt-847fd8d7b9-v2rs5,2026-08-03T00:40:56.296000Z,1785717656.296,0.000650083987884596,cores,0.000650083987884596,0.0650083987884596,,
whisper-stt,cpu_usage,whisper-stt,whisper-stt-847fd8d7b9-v2rs5,2026-08-03T01:40:56.296000Z,1785721256.296,0.0006736745177556505,cores,0.0006736745177556505,0.06736745177556505,,
whisper-stt,cpu_usage,whisper-stt,whisper-stt-847fd8d7b9-v2rs5,2026-08-03T02:40:56.296000Z,1785724856.296,0.0005965215583708641,cores,0.0005965215583708641,0.05965215583708641,,
whisper-stt,cpu_usage,whisper-stt,whisper-stt-847fd8d7b9-v2rs5,2026-08-03T03:40:56.296000Z,1785728456.296,0.0006578751190457386,cores,0.0006578751190457386,0.06578751190457385,,
whisper-stt,cpu_usage,whisper-stt,whisper-stt-847fd8d7b9-v2rs5,2026-08-03T04:40:56.296000Z,1785732056.296,0.0006048082530071668,cores,0.0006048082530071668,0.06048082530071668,,
whisper-stt,cpu_usage,whisper-stt,whisper-stt-847fd8d7b9-v2rs5,2026-08-03T05:40:56.296000Z,1785735656.296,0.0006089722058397743,cores,0.0006089722058397743,0.06089722058397743,,
whisper-stt,cpu_usage,whisper-stt,whisper-stt-847fd8d7b9-v2rs5,2026-08-03T06:40:56.296000Z,1785739256.296,0.0006026172741691946,cores,0.0006026172741691946,0.06026172741691946,,
whisper-stt,cpu_usage,whisper-stt,whisper-stt-847fd8d7b9-v2rs5,2026-08-03T07:40:56.296000Z,1785742856.296,0.0006393634474744437,cores,0.0006393634474744437,0.06393634474744436,,
whisper-stt,cpu_usage,whisper-stt,whisper-stt-847fd8d7b9-v2rs5,2026-08-03T08:40:56.296000Z,1785746456.296,0.000625891924815748,cores,0.000625891924815748,0.0625891924815748,,
whisper-stt,cpu_usage,whisper-stt,whisper-stt-847fd8d7b9-v2rs5,2026-08-03T09:40:56.296000Z,1785750056.296,0.0006146710808903901,cores,0.0006146710808903901,0.06146710808903901,,
whisper-stt,cpu_usage,whisper-stt,whisper-stt-847fd8d7b9-v2rs5,2026-08-03T10:40:56.296000Z,1785753656.296,0.0006597222221838387,cores,0.0006597222221838387,0.06597222221838386,,
whisper-stt,cpu_usage,whisper-stt,whisper-stt-847fd8d7b9-v2rs5,2026-08-03T11:40:56.296000Z,1785757256.296,0.0005957487606008685,cores,0.0005957487606008685,0.05957487606008685,,
whisper-stt,cpu_usage,whisper-stt,whisper-stt-847fd8d7b9-v2rs5,2026-08-03T12:40:56.296000Z,1785760856.296,0.0006434704649747765,cores,0.0006434704649747765,0.06434704649747765,,
whisper-stt,cpu_usage,whisper-stt,whisper-stt-847fd8d7b9-v2rs5,2026-08-03T13:40:56.296000Z,1785764456.296,0.0006327934110491874,cores,0.0006327934110491874,0.06327934110491874,,
whisper-stt,cpu_usage,whisper-stt,whisper-stt-847fd8d7b9-v2rs5,2026-08-03T14:40:56.296000Z,1785768056.296,0.0006491451909482244,cores,0.0006491451909482244,0.06491451909482245,,
whisper-stt,cpu_usage,whisper-stt,whisper-stt-847fd8d7b9-v2rs5,2026-08-03T15:40:56.296000Z,1785771656.296,0.0006331027764907616,cores,0.0006331027764907616,0.06331027764907617,,
whisper-stt,cpu_usage,whisper-stt,whisper-stt-847fd8d7b9-v2rs5,2026-08-03T16:40:56.296000Z,1785775256.296,0.0006361264819558435,cores,0.0006361264819558435,0.06361264819558435,,
whisper-stt,cpu_usage,whisper-stt,whisper-stt-847fd8d7b9-v2rs5,2026-08-03T17:40:56.296000Z,1785778856.296,0.0006404327769844542,cores,0.0006404327769844542,0.06404327769844542,,
whisper-stt,cpu_usage,whisper-stt,whisper-stt-847fd8d7b9-v2rs5,2026-08-03T18:40:56.296000Z,1785782456.296,0.0006169115300239131,cores,0.0006169115300239131,0.061691153002391315,,
whisper-stt,cpu_usage,whisper-stt,whisper-stt-847fd8d7b9-v2rs5,2026-08-03T19:40:56.296000Z,1785786056.296,0.0006752258828266926,cores,0.0006752258828266926,0.06752258828266926,,
whisper-stt,cpu_usage,whisper-stt,whisper-stt-847fd8d7b9-v2rs5,2026-08-03T20:40:56.296000Z,1785789656.296,0.00062694148235796,cores,0.00062694148235796,0.062694148235796,,
whisper-stt,cpu_usage,whisper-stt,whisper-stt-847fd8d7b9-v2rs5,2026-08-03T21:40:56.296000Z,1785793256.296,0.0006385089607896245,cores,0.0006385089607896245,0.06385089607896245,,
whisper-stt,cpu_usage,whisper-stt,whisper-stt-847fd8d7b9-v2rs5,2026-08-03T22:40:56.296000Z,1785796856.296,0.0006317630211430915,cores,0.0006317630211430915,0.06317630211430915,,
whisper-stt,cpu_usage,whisper-stt,whisper-stt-847fd8d7b9-v2rs5,2026-08-03T23:40:56.296000Z,1785800456.296,0.0006491937556903924,cores,0.0006491937556903924,0.06491937556903923,,
whisper-stt,cpu_usage,whisper-stt,whisper-stt-847fd8d7b9-v2rs5,2026-08-04T00:40:56.296000Z,1785804056.296,0.0006591401904504259,cores,0.0006591401904504259,0.0659140190450426,,
whisper-stt,cpu_usage,whisper-stt,whisper-stt-847fd8d7b9-v2rs5,2026-08-04T01:40:56.296000Z,1785807656.296,0.0005873861582093628,cores,0.0005873861582093628,0.05873861582093628,,
whisper-stt,cpu_usage,whisper-stt,whisper-stt-847fd8d7b9-v2rs5,2026-08-04T02:40:56.296000Z,1785811256.296,0.0006256711186890113,cores,0.0006256711186890113,0.06256711186890113,,
whisper-stt,cpu_usage,whisper-stt,whisper-stt-847fd8d7b9-v2rs5,2026-08-04T03:40:56.296000Z,1785814856.296,0.0006261107410330715,cores,0.0006261107410330715,0.06261107410330716,,
whisper-stt,cpu_usage,whisper-stt,whisper-stt-847fd8d7b9-v2rs5,2026-08-04T04:40:56.296000Z,1785818456.296,0.0006502595085231519,cores,0.0006502595085231519,0.06502595085231519,,
whisper-stt,cpu_usage,whisper-stt,whisper-stt-847fd8d7b9-v2rs5,2026-08-04T05:40:56.296000Z,1785822056.296,0.0006447685674045979,cores,0.0006447685674045979,0.06447685674045979,,
whisper-stt,cpu_usage,whisper-stt,whisper-stt-847fd8d7b9-v2rs5,2026-08-04T06:40:56.296000Z,1785825656.296,0.000646501216872223,cores,0.000646501216872223,0.0646501216872223,,
whisper-stt,cpu_usage,whisper-stt,whisper-stt-847fd8d7b9-v2rs5,2026-08-04T07:40:56.296000Z,1785829256.296,0.0006084426515492713,cores,0.0006084426515492713,0.06084426515492713,,
whisper-stt,cpu_usage,whisper-stt,whisper-stt-847fd8d7b9-v2rs5,2026-08-04T08:40:56.296000Z,1785832856.296,0.0006303532446865792,cores,0.0006303532446865792,0.06303532446865792,,
whisper-stt,cpu_usage,whisper-stt,whisper-stt-847fd8d7b9-v2rs5,2026-08-04T09:40:56.296000Z,1785836456.296,0.0006760923977092645,cores,0.0006760923977092645,0.06760923977092645,,
whisper-stt,cpu_usage,whisper-stt,whisper-stt-847fd8d7b9-v2rs5,2026-08-04T10:40:56.296000Z,1785840056.296,0.0006185905557683969,cores,0.0006185905557683969,0.06185905557683969,,
whisper-stt,cpu_usage,whisper-stt,whisper-stt-847fd8d7b9-v2rs5,2026-08-04T11:40:56.296000Z,1785843656.296,0.0006556252310340807,cores,0.0006556252310340807,0.06556252310340807,,
whisper-stt,cpu_usage,whisper-stt,whisper-stt-847fd8d7b9-v2rs5,2026-08-04T12:40:56.296000Z,1785847256.296,0.000605217367402749,cores,0.000605217367402749,0.060521736740274897,,
whisper-stt,cpu_usage,whisper-stt,whisper-stt-847fd8d7b9-v2rs5,2026-08-04T13:40:56.296000Z,1785850856.296,0.0006279304013464168,cores,0.0006279304013464168,0.06279304013464168,,
whisper-stt,cpu_usage,whisper-stt,whisper-stt-847fd8d7b9-v2rs5,2026-08-04T14:40:56.296000Z,1785854456.296,0.0006483104366655826,cores,0.0006483104366655826,0.06483104366655826,,
whisper-stt,cpu_usage,whisper-stt,whisper-stt-847fd8d7b9-v2rs5,2026-08-04T15:40:56.296000Z,1785858056.296,0.0006443413347331565,cores,0.0006443413347331565,0.06443413347331566,,
whisper-stt,cpu_usage,whisper-stt,whisper-stt-847fd8d7b9-v2rs5,2026-08-04T16:40:56.296000Z,1785861656.296,0.0006017691385838592,cores,0.0006017691385838592,0.060176913858385916,,
whisper-stt,cpu_usage,whisper-stt,whisper-stt-847fd8d7b9-v2rs5,2026-08-04T17:40:56.296000Z,1785865256.296,3.94323585341493,cores,3.94323585341493,394.323585341493,,
whisper-stt,cpu_usage,whisper-stt,whisper-stt-847fd8d7b9-v2rs5,2026-08-04T18:40:56.296000Z,1785868856.296,0.0006249268197463055,cores,0.0006249268197463055,0.06249268197463055,,
whisper-stt,cpu_usage,whisper-stt,whisper-stt-847fd8d7b9-v2rs5,2026-08-04T19:40:56.296000Z,1785872456.296,0.0006242671105950034,cores,0.0006242671105950034,0.06242671105950034,,
whisper-stt,cpu_usage,whisper-stt,whisper-stt-847fd8d7b9-v2rs5,2026-08-04T20:40:56.296000Z,1785876056.296,0.000670073832133749,cores,0.000670073832133749,0.0670073832133749,,
whisper-stt,cpu_usage,whisper-stt,whisper-stt-847fd8d7b9-v2rs5,2026-08-04T21:40:56.296000Z,1785879656.296,0.0006463306049012619,cores,0.0006463306049012619,0.06463306049012618,,
whisper-stt,cpu_usage,whisper-stt,whisper-stt-847fd8d7b9-v2rs5,2026-08-04T22:40:56.296000Z,1785883256.296,0.0006463294725341619,cores,0.0006463294725341619,0.06463294725341619,,
whisper-stt,cpu_usage,whisper-stt,whisper-stt-847fd8d7b9-v2rs5,2026-08-04T23:40:56.296000Z,1785886856.296,0.0006280819795348921,cores,0.0006280819795348921,0.0628081979534892,,
whisper-stt,cpu_usage,whisper-stt,whisper-stt-847fd8d7b9-v2rs5,2026-08-05T00:40:56.296000Z,1785890456.296,0.0005656423939390424,cores,0.0005656423939390424,0.05656423939390424,,
whisper-stt,cpu_usage,whisper-stt,whisper-stt-847fd8d7b9-v2rs5,2026-08-05T01:40:56.296000Z,1785894056.296,0.0005238512066044774,cores,0.0005238512066044774,0.052385120660447745,,
whisper-stt,cpu_usage,whisper-stt,whisper-stt-847fd8d7b9-v2rs5,2026-08-05T02:40:56.296000Z,1785897656.296,0.0005033887321104439,cores,0.0005033887321104439,0.05033887321104439,,
whisper-stt,cpu_usage,whisper-stt,whisper-stt-847fd8d7b9-v2rs5,2026-08-05T03:40:56.296000Z,1785901256.296,0.0005556123663180553,cores,0.0005556123663180553,0.05556123663180554,,
whisper-stt,cpu_usage,whisper-stt,whisper-stt-847fd8d7b9-v2rs5,2026-08-05T04:40:56.296000Z,1785904856.296,0.0004999782168456198,cores,0.0004999782168456198,0.04999782168456198,,
whisper-stt,cpu_usage,whisper-stt,whisper-stt-847fd8d7b9-v2rs5,2026-08-05T05:40:56.296000Z,1785908456.296,0.0005449534999076521,cores,0.0005449534999076521,0.05449534999076521,,
whisper-stt,cpu_usage,whisper-stt,whisper-stt-847fd8d7b9-v2rs5,2026-08-05T06:40:56.296000Z,1785912056.296,0.0005338743004434851,cores,0.0005338743004434851,0.05338743004434851,,
whisper-stt,cpu_usage,whisper-stt,whisper-stt-847fd8d7b9-v2rs5,2026-08-05T07:40:56.296000Z,1785915656.296,0.0005519170230950634,cores,0.0005519170230950634,0.05519170230950634,,
whisper-stt,cpu_usage,whisper-stt,whisper-stt-847fd8d7b9-v2rs5,2026-08-05T08:40:56.296000Z,1785919256.296,0.0005877082508573536,cores,0.0005877082508573536,0.05877082508573536,,
whisper-stt,cpu_usage,whisper-stt,whisper-stt-847fd8d7b9-v2rs5,2026-08-05T09:40:56.296000Z,1785922856.296,0.000579217366527979,cores,0.000579217366527979,0.0579217366527979,,
whisper-stt,cpu_usage,whisper-stt,whisper-stt-847fd8d7b9-v2rs5,2026-08-05T10:40:56.296000Z,1785926456.296,0.0005400557041707784,cores,0.0005400557041707784,0.05400557041707785,,
whisper-stt,cpu_usage,whisper-stt,whisper-stt-847fd8d7b9-v2rs5,2026-08-05T11:40:56.296000Z,1785930056.296,0.0005003251619696187,cores,0.0005003251619696187,0.050032516196961876,,
whisper-stt,cpu_usage,whisper-stt,whisper-stt-847fd8d7b9-v2rs5,2026-08-05T12:40:56.296000Z,1785933656.296,0.0005297026002436592,cores,0.0005297026002436592,0.05297026002436592,,
whisper-stt,cpu_usage,whisper-stt,whisper-stt-847fd8d7b9-v2rs5,2026-08-05T13:40:56.296000Z,1785937256.296,0.0005048002828273102,cores,0.0005048002828273102,0.05048002828273102,,
whisper-stt,cpu_usage,whisper-stt,whisper-stt-847fd8d7b9-v2rs5,2026-08-05T14:40:56.296000Z,1785940856.296,0.00053637410912569,cores,0.00053637410912569,0.053637410912568996,,
whisper-stt,cpu_usage,whisper-stt,whisper-stt-847fd8d7b9-v2rs5,2026-08-05T15:40:56.296000Z,1785944456.296,0.0005088052424760158,cores,0.0005088052424760158,0.05088052424760158,,
whisper-stt,cpu_usage,whisper-stt,whisper-stt-847fd8d7b9-v2rs5,2026-08-05T16:40:56.296000Z,1785948056.296,0.0005273715016777666,cores,0.0005273715016777666,0.052737150167776664,,
whisper-stt,cpu_usage,whisper-stt,whisper-stt-847fd8d7b9-v2rs5,2026-08-05T17:40:56.296000Z,1785951656.296,0.0005356276110541294,cores,0.0005356276110541294,0.053562761105412936,,
whisper-stt,cpu_usage,whisper-stt,whisper-stt-847fd8d7b9-v2rs5,2026-08-05T18:40:56.296000Z,1785955256.296,0.0005802269552788969,cores,0.0005802269552788969,0.05802269552788969,,
whisper-stt,cpu_usage,whisper-stt,whisper-stt-847fd8d7b9-v2rs5,2026-08-05T19:40:56.296000Z,1785958856.296,0.0005329521101400423,cores,0.0005329521101400423,0.05329521101400423,,
whisper-stt,cpu_usage,whisper-stt,whisper-stt-847fd8d7b9-v2rs5,2026-08-05T20:40:56.296000Z,1785962456.296,0.0005217658800836361,cores,0.0005217658800836361,0.052176588008363604,,
whisper-stt,cpu_usage,whisper-stt,whisper-stt-847fd8d7b9-v2rs5,2026-08-05T21:40:56.296000Z,1785966056.296,0.0005258927390311007,cores,0.0005258927390311007,0.052589273903110065,,
whisper-stt,cpu_usage,whisper-stt,whisper-stt-847fd8d7b9-v2rs5,2026-08-05T22:40:56.296000Z,1785969656.296,0.0005096021118169042,cores,0.0005096021118169042,0.05096021118169042,,
whisper-stt,cpu_usage,whisper-stt,whisper-stt-847fd8d7b9-v2rs5,2026-08-05T23:40:56.296000Z,1785973256.296,0.0005327810721508962,cores,0.0005327810721508962,0.053278107215089625,,
whisper-stt,cpu_usage,whisper-stt,whisper-stt-847fd8d7b9-v2rs5,2026-08-06T00:40:56.296000Z,1785976856.296,0.0005838280094247984,cores,0.0005838280094247984,0.05838280094247984,,
whisper-stt,cpu_usage,whisper-stt,whisper-stt-847fd8d7b9-v2rs5,2026-08-06T01:40:56.296000Z,1785980456.296,4.0011244053793575,cores,4.0011244053793575,400.11244053793575,,
whisper-stt,cpu_usage,whisper-stt,whisper-stt-847fd8d7b9-v2rs5,2026-08-06T02:40:56.296000Z,1785984056.296,0.0006260657012158197,cores,0.0006260657012158197,0.06260657012158197,,
whisper-stt,cpu_usage,whisper-stt,whisper-stt-847fd8d7b9-v2rs5,2026-08-06T03:40:56.296000Z,1785987656.296,0.0006399047259443503,cores,0.0006399047259443503,0.06399047259443502,,
whisper-stt,cpu_usage,whisper-stt,whisper-stt-847fd8d7b9-v2rs5,2026-08-06T04:40:56.296000Z,1785991256.296,0.0005907840922557437,cores,0.0005907840922557437,0.05907840922557438,,
whisper-stt,cpu_usage,whisper-stt,whisper-stt-847fd8d7b9-v2rs5,2026-08-06T05:40:56.296000Z,1785994856.296,0.0006351960591316875,cores,0.0006351960591316875,0.06351960591316874,,
whisper-stt,cpu_usage,whisper-stt,whisper-stt-847fd8d7b9-v2rs5,2026-08-06T06:40:56.296000Z,1785998456.296,0.0006350466773231858,cores,0.0006350466773231858,0.06350466773231858,,
whisper-stt,cpu_usage,whisper-stt,whisper-stt-847fd8d7b9-v2rs5,2026-08-06T07:40:56.296000Z,1786002056.296,0.0006145949974591159,cores,0.0006145949974591159,0.0614594997459116,,
whisper-stt,cpu_usage,whisper-stt,whisper-stt-847fd8d7b9-v2rs5,2026-08-06T08:40:56.296000Z,1786005656.296,0.0006173643592965889,cores,0.0006173643592965889,0.06173643592965889,,
whisper-stt,cpu_usage,whisper-stt,whisper-stt-847fd8d7b9-v2rs5,2026-08-06T09:40:56.296000Z,1786009256.296,0.0006547444399633336,cores,0.0006547444399633336,0.06547444399633337,,
whisper-stt,cpu_usage,whisper-stt,whisper-stt-847fd8d7b9-v2rs5,2026-08-06T10:40:56.296000Z,1786012856.296,0.0006360010436145337,cores,0.0006360010436145337,0.06360010436145337,,
whisper-stt,cpu_usage,whisper-stt,whisper-stt-847fd8d7b9-v2rs5,2026-08-06T11:40:56.296000Z,1786016456.296,0.0006116851418336698,cores,0.0006116851418336698,0.061168514183366975,,
whisper-stt,cpu_usage,whisper-stt,whisper-stt-847fd8d7b9-v2rs5,2026-08-06T12:40:56.296000Z,1786020056.296,0.000624973011900513,cores,0.000624973011900513,0.062497301190051306,,
whisper-stt,cpu_usage,whisper-stt,whisper-stt-847fd8d7b9-v2rs5,2026-08-06T13:40:56.296000Z,1786023656.296,0.0006244966642430872,cores,0.0006244966642430872,0.062449666424308714,,
whisper-stt,cpu_usage,whisper-stt,whisper-stt-847fd8d7b9-v2rs5,2026-08-06T14:40:56.296000Z,1786027256.296,0.000577054829686728,cores,0.000577054829686728,0.0577054829686728,,
whisper-stt,cpu_usage,whisper-stt,whisper-stt-847fd8d7b9-v2rs5,2026-08-06T15:40:56.296000Z,1786030856.296,0.0006317067747076913,cores,0.0006317067747076913,0.06317067747076913,,
whisper-stt,cpu_usage,whisper-stt,whisper-stt-847fd8d7b9-v2rs5,2026-08-06T16:40:56.296000Z,1786034456.296,0.0006044471565145472,cores,0.0006044471565145472,0.060444715651454727,,
whisper-stt,cpu_usage,whisper-stt,whisper-stt-847fd8d7b9-v2rs5,2026-08-06T17:40:56.296000Z,1786038056.296,0.0005870369580071801,cores,0.0005870369580071801,0.058703695800718006,,
whisper-stt,cpu_usage,whisper-stt,whisper-stt-847fd8d7b9-v2rs5,2026-08-06T18:40:56.296000Z,1786041656.296,0.0006442849838032774,cores,0.0006442849838032774,0.06442849838032774,,
whisper-stt,cpu_usage,whisper-stt,whisper-stt-847fd8d7b9-v2rs5,2026-08-06T19:40:56.296000Z,1786045256.296,0.0006708128484730154,cores,0.0006708128484730154,0.06708128484730154,,
whisper-stt,cpu_usage,whisper-stt,whisper-stt-847fd8d7b9-v2rs5,2026-08-06T20:40:56.296000Z,1786048856.296,0.0006663056617198575,cores,0.0006663056617198575,0.06663056617198575,,
whisper-stt,cpu_usage,whisper-stt,whisper-stt-847fd8d7b9-v2rs5,2026-08-06T21:40:56.296000Z,1786052456.296,0.0005998971725881748,cores,0.0005998971725881748,0.05998971725881748,,
whisper-stt,cpu_usage,whisper-stt,whisper-stt-847fd8d7b9-v2rs5,2026-08-06T22:40:56.296000Z,1786056056.296,0.0006109250982839417,cores,0.0006109250982839417,0.06109250982839416,,
whisper-stt,cpu_usage,whisper-stt,whisper-stt-847fd8d7b9-v2rs5,2026-08-06T23:40:56.296000Z,1786059656.296,0.0005735560802747902,cores,0.0005735560802747902,0.05735560802747902,,
whisper-stt,cpu_usage,whisper-stt,whisper-stt-847fd8d7b9-v2rs5,2026-08-07T00:40:56.296000Z,1786063256.296,0.0006435851016839057,cores,0.0006435851016839057,0.06435851016839057,,
whisper-stt,cpu_usage,whisper-stt,whisper-stt-847fd8d7b9-v2rs5,2026-08-07T01:40:56.296000Z,1786066856.296,0.0006234549195825961,cores,0.0006234549195825961,0.06234549195825961,,
whisper-stt,cpu_usage,whisper-stt,whisper-stt-847fd8d7b9-v2rs5,2026-08-07T02:40:56.296000Z,1786070456.296,0.0006269007167723785,cores,0.0006269007167723785,0.06269007167723785,,
whisper-stt,cpu_usage,whisper-stt,whisper-stt-847fd8d7b9-v2rs5,2026-08-07T03:40:56.296000Z,1786074056.296,0.0005893228026990754,cores,0.0005893228026990754,0.05893228026990754,,
whisper-stt,cpu_usage,whisper-stt,whisper-stt-847fd8d7b9-v2rs5,2026-08-07T04:40:56.296000Z,1786077656.296,0.0006417616480223826,cores,0.0006417616480223826,0.06417616480223827,,
whisper-stt,cpu_usage,whisper-stt,whisper-stt-847fd8d7b9-v2rs5,2026-08-07T05:40:56.296000Z,1786081256.296,0.000672288784571836,cores,0.000672288784571836,0.0672288784571836,,
whisper-stt,cpu_usage,whisper-stt,whisper-stt-847fd8d7b9-v2rs5,2026-08-07T06:40:56.296000Z,1786084856.296,0.000610229220552929,cores,0.000610229220552929,0.0610229220552929,,
whisper-stt,cpu_usage,whisper-stt,whisper-stt-847fd8d7b9-v2rs5,2026-08-07T07:40:56.296000Z,1786088456.296,0.0006204253462242637,cores,0.0006204253462242637,0.06204253462242638,,
whisper-stt,cpu_usage,whisper-stt,whisper-stt-847fd8d7b9-v2rs5,2026-08-07T08:40:56.296000Z,1786092056.296,0.0006067326988989276,cores,0.0006067326988989276,0.06067326988989276,,
whisper-stt,cpu_usage,whisper-stt,whisper-stt-847fd8d7b9-v2rs5,2026-08-07T09:40:56.296000Z,1786095656.296,0.0006584212015895269,cores,0.0006584212015895269,0.06584212015895269,,
whisper-stt,cpu_usage,whisper-stt,whisper-stt-847fd8d7b9-v2rs5,2026-08-07T10:40:56.296000Z,1786099256.296,0.0006396600486641558,cores,0.0006396600486641558,0.06396600486641559,,
whisper-stt,cpu_usage,whisper-stt,whisper-stt-847fd8d7b9-v2rs5,2026-08-07T11:40:56.296000Z,1786102856.296,0.0006409766564649499,cores,0.0006409766564649499,0.064097665646495,,
whisper-stt,cpu_usage,whisper-stt,whisper-stt-847fd8d7b9-v2rs5,2026-08-07T12:40:56.296000Z,1786106456.296,0.0006020771929781818,cores,0.0006020771929781818,0.06020771929781819,,
whisper-stt,cpu_usage,whisper-stt,whisper-stt-847fd8d7b9-v2rs5,2026-08-07T13:40:56.296000Z,1786110056.296,0.0005773234983556056,cores,0.0005773234983556056,0.05773234983556056,,
whisper-stt,cpu_usage,whisper-stt,whisper-stt-847fd8d7b9-v2rs5,2026-08-07T14:40:56.296000Z,1786113656.296,0.0006523887449894862,cores,0.0006523887449894862,0.06523887449894862,,
whisper-stt,cpu_usage,whisper-stt,whisper-stt-847fd8d7b9-v2rs5,2026-08-07T15:40:56.296000Z,1786117256.296,0.0006292953992811992,cores,0.0006292953992811992,0.06292953992811992,,
whisper-stt,cpu_usage,whisper-stt,whisper-stt-847fd8d7b9-v2rs5,2026-08-07T16:40:56.296000Z,1786120856.296,0.0006759727936786316,cores,0.0006759727936786316,0.06759727936786315,,
whisper-stt,cpu_usage,whisper-stt,whisper-stt-847fd8d7b9-v2rs5,2026-08-07T17:40:56.296000Z,1786124456.296,0.0006192019130321607,cores,0.0006192019130321607,0.06192019130321607,,
whisper-stt,cpu_usage,whisper-stt,whisper-stt-847fd8d7b9-v2rs5,2026-08-07T18:40:56.296000Z,1786128056.296,0.0006223000233365075,cores,0.0006223000233365075,0.06223000233365075,,
whisper-stt,cpu_usage,whisper-stt,whisper-stt-847fd8d7b9-v2rs5,2026-08-07T19:40:56.296000Z,1786131656.296,0.6574632000735906,cores,0.6574632000735906,65.74632000735906,,
whisper-stt,cpu_usage,whisper-stt,whisper-stt-847fd8d7b9-v2rs5,2026-08-07T20:40:56.296000Z,1786135256.296,0.0005959648480427065,cores,0.0005959648480427065,0.059596484804270655,,
whisper-stt,cpu_usage,whisper-stt,whisper-stt-847fd8d7b9-v2rs5,2026-08-07T21:40:56.296000Z,1786138856.296,0.000606106190520404,cores,0.000606106190520404,0.0606106190520404,,
whisper-stt,cpu_usage,whisper-stt,whisper-stt-847fd8d7b9-v2rs5,2026-08-07T22:40:56.296000Z,1786142456.296,0.0006153942504568405,cores,0.0006153942504568405,0.06153942504568405,,
whisper-stt,cpu_usage,whisper-stt,whisper-stt-847fd8d7b9-v2rs5,2026-08-07T23:40:56.296000Z,1786146056.296,0.0006490396554614596,cores,0.0006490396554614596,0.06490396554614597,,
whisper-stt,cpu_usage,whisper-stt,whisper-stt-847fd8d7b9-v2rs5,2026-08-08T00:40:56.296000Z,1786149656.296,0.0006088806121430687,cores,0.0006088806121430687,0.060888061214306864,,
whisper-stt,cpu_usage,whisper-stt,whisper-stt-847fd8d7b9-v2rs5,2026-08-08T01:40:56.296000Z,1786153256.296,0.0006002179890975271,cores,0.0006002179890975271,0.060021798909752705,,
whisper-stt,cpu_usage,whisper-stt,whisper-stt-847fd8d7b9-v2rs5,2026-08-08T02:40:56.296000Z,1786156856.296,0.0006050300035820196,cores,0.0006050300035820196,0.060503000358201955,,
whisper-stt,cpu_usage,whisper-stt,whisper-stt-847fd8d7b9-v2rs5,2026-08-08T03:40:56.296000Z,1786160456.296,0.0006263333088153042,cores,0.0006263333088153042,0.06263333088153042,,
whisper-stt,cpu_usage,whisper-stt,whisper-stt-847fd8d7b9-v2rs5,2026-08-08T04:40:56.296000Z,1786164056.296,0.0005816347546946571,cores,0.0005816347546946571,0.05816347546946571,,
whisper-stt,cpu_usage,whisper-stt,whisper-stt-847fd8d7b9-v2rs5,2026-08-08T05:40:56.296000Z,1786167656.296,0.0006386083593476472,cores,0.0006386083593476472,0.06386083593476471,,
whisper-stt,cpu_usage,whisper-stt,whisper-stt-847fd8d7b9-v2rs5,2026-08-08T06:40:56.296000Z,1786171256.296,0.0006156646669942281,cores,0.0006156646669942281,0.06156646669942281,,
whisper-stt,cpu_usage,whisper-stt,whisper-stt-847fd8d7b9-v2rs5,2026-08-08T07:40:56.296000Z,1786174856.296,0.0005773784591467149,cores,0.0005773784591467149,0.057737845914671494,,
whisper-stt,cpu_usage,whisper-stt,whisper-stt-847fd8d7b9-v2rs5,2026-08-08T08:40:56.296000Z,1786178456.296,0.0006286351879975076,cores,0.0006286351879975076,0.06286351879975076,,
whisper-stt,cpu_usage,whisper-stt,whisper-stt-847fd8d7b9-v2rs5,2026-08-08T09:40:56.296000Z,1786182056.296,0.0006346752885060306,cores,0.0006346752885060306,0.06346752885060306,,
whisper-stt,cpu_usage,whisper-stt,whisper-stt-847fd8d7b9-v2rs5,2026-08-08T10:40:56.296000Z,1786185656.296,0.0006460027446825357,cores,0.0006460027446825357,0.06460027446825357,,
whisper-stt,cpu_usage,whisper-stt,whisper-stt-847fd8d7b9-v2rs5,2026-08-08T11:40:56.296000Z,1786189256.296,0.0005710661031288542,cores,0.0005710661031288542,0.057106610312885414,,
whisper-stt,cpu_usage,whisper-stt,whisper-stt-847fd8d7b9-v2rs5,2026-08-08T12:40:56.296000Z,1786192856.296,0.0005786312097148198,cores,0.0005786312097148198,0.057863120971481975,,
whisper-stt,cpu_usage,whisper-stt,whisper-stt-847fd8d7b9-v2rs5,2026-08-08T13:40:56.296000Z,1786196456.296,0.0005470191198432226,cores,0.0005470191198432226,0.05470191198432226,,
whisper-stt,cpu_usage,whisper-stt,whisper-stt-847fd8d7b9-v2rs5,2026-08-08T14:40:56.296000Z,1786200056.296,0.0005740566182738141,cores,0.0005740566182738141,0.05740566182738141,,
whisper-stt,cpu_usage,whisper-stt,whisper-stt-847fd8d7b9-v2rs5,2026-08-08T15:40:56.296000Z,1786203656.296,0.0005784343464749265,cores,0.0005784343464749265,0.05784343464749265,,
whisper-stt,cpu_usage,whisper-stt,whisper-stt-847fd8d7b9-v2rs5,2026-08-08T16:40:56.296000Z,1786207256.296,0.000633044043736556,cores,0.000633044043736556,0.0633044043736556,,
whisper-stt,cpu_usage,whisper-stt,whisper-stt-847fd8d7b9-v2rs5,2026-08-08T17:40:56.296000Z,1786210856.296,0.00057150547737331,cores,0.00057150547737331,0.057150547737331,,
whisper-stt,cpu_usage,whisper-stt,whisper-stt-847fd8d7b9-v2rs5,2026-08-08T18:40:56.296000Z,1786214456.296,0.0005692994468540573,cores,0.0005692994468540573,0.056929944685405735,,
whisper-stt,memory_working_set,whisper-stt,whisper-openai-68966786fb-jsb5d,2026-07-30T18:40:56.296000Z,1785436856.296,5848395776.0,bytes,,,5848395776.0,5577.46484375
whisper-stt,memory_working_set,whisper-stt,whisper-openai-68966786fb-jsb5d,2026-07-30T19:40:56.296000Z,1785440456.296,5848395776.0,bytes,,,5848395776.0,5577.46484375
whisper-stt,memory_working_set,whisper-stt,whisper-openai-68966786fb-jsb5d,2026-07-30T20:40:56.296000Z,1785444056.296,5848395776.0,bytes,,,5848395776.0,5577.46484375
whisper-stt,memory_working_set,whisper-stt,whisper-openai-68966786fb-jsb5d,2026-07-30T21:40:56.296000Z,1785447656.296,5848395776.0,bytes,,,5848395776.0,5577.46484375
whisper-stt,memory_working_set,whisper-stt,whisper-openai-68966786fb-jsb5d,2026-07-30T22:40:56.296000Z,1785451256.296,5848395776.0,bytes,,,5848395776.0,5577.46484375
whisper-stt,memory_working_set,whisper-stt,whisper-openai-68966786fb-jsb5d,2026-07-30T23:40:56.296000Z,1785454856.296,5848358912.0,bytes,,,5848358912.0,5577.4296875
whisper-stt,memory_working_set,whisper-stt,whisper-openai-68966786fb-jsb5d,2026-07-31T00:40:56.296000Z,1785458456.296,5848342528.0,bytes,,,5848342528.0,5577.4140625
whisper-stt,memory_working_set,whisper-stt,whisper-openai-68966786fb-jsb5d,2026-07-31T01:40:56.296000Z,1785462056.296,5848342528.0,bytes,,,5848342528.0,5577.4140625
whisper-stt,memory_working_set,whisper-stt,whisper-openai-68966786fb-jsb5d,2026-07-31T02:40:56.296000Z,1785465656.296,5848342528.0,bytes,,,5848342528.0,5577.4140625
whisper-stt,memory_working_set,whisper-stt,whisper-openai-68966786fb-jsb5d,2026-07-31T03:40:56.296000Z,1785469256.296,5848338432.0,bytes,,,5848338432.0,5577.41015625
whisper-stt,memory_working_set,whisper-stt,whisper-openai-68966786fb-jsb5d,2026-07-31T04:40:56.296000Z,1785472856.296,5848322048.0,bytes,,,5848322048.0,5577.39453125
whisper-stt,memory_working_set,whisper-stt,whisper-openai-68966786fb-jsb5d,2026-07-31T05:40:56.296000Z,1785476456.296,5848305664.0,bytes,,,5848305664.0,5577.37890625
whisper-stt,memory_working_set,whisper-stt,whisper-openai-68966786fb-jsb5d,2026-07-31T06:40:56.296000Z,1785480056.296,5848223744.0,bytes,,,5848223744.0,5577.30078125
whisper-stt,memory_working_set,whisper-stt,whisper-openai-68966786fb-jsb5d,2026-07-31T07:40:56.296000Z,1785483656.296,5848203264.0,bytes,,,5848203264.0,5577.28125
whisper-stt,memory_working_set,whisper-stt,whisper-openai-68966786fb-jsb5d,2026-07-31T08:40:56.296000Z,1785487256.296,5848203264.0,bytes,,,5848203264.0,5577.28125
whisper-stt,memory_working_set,whisper-stt,whisper-openai-68966786fb-jsb5d,2026-07-31T09:40:56.296000Z,1785490856.296,5848203264.0,bytes,,,5848203264.0,5577.28125
whisper-stt,memory_working_set,whisper-stt,whisper-openai-68966786fb-jsb5d,2026-07-31T10:40:56.296000Z,1785494456.296,5848199168.0,bytes,,,5848199168.0,5577.27734375
whisper-stt,memory_working_set,whisper-stt,whisper-openai-68966786fb-jsb5d,2026-07-31T11:40:56.296000Z,1785498056.296,5848121344.0,bytes,,,5848121344.0,5577.203125
whisper-stt,memory_working_set,whisper-stt,whisper-openai-68966786fb-jsb5d,2026-07-31T12:40:56.296000Z,1785501656.296,5848117248.0,bytes,,,5848117248.0,5577.19921875
whisper-stt,memory_working_set,whisper-stt,whisper-openai-68966786fb-jsb5d,2026-07-31T13:40:56.296000Z,1785505256.296,5848092672.0,bytes,,,5848092672.0,5577.17578125
whisper-stt,memory_working_set,whisper-stt,whisper-openai-68966786fb-jsb5d,2026-07-31T14:40:56.296000Z,1785508856.296,5848023040.0,bytes,,,5848023040.0,5577.109375
whisper-stt,memory_working_set,whisper-stt,whisper-openai-68966786fb-jsb5d,2026-07-31T15:40:56.296000Z,1785512456.296,5848002560.0,bytes,,,5848002560.0,5577.08984375
whisper-stt,memory_working_set,whisper-stt,whisper-openai-68966786fb-jsb5d,2026-07-31T16:40:56.296000Z,1785516056.296,5848002560.0,bytes,,,5848002560.0,5577.08984375
whisper-stt,memory_working_set,whisper-stt,whisper-openai-68966786fb-jsb5d,2026-07-31T17:40:56.296000Z,1785519656.296,5848002560.0,bytes,,,5848002560.0,5577.08984375
whisper-stt,memory_working_set,whisper-stt,whisper-openai-68966786fb-jsb5d,2026-07-31T18:40:56.296000Z,1785523256.296,5847986176.0,bytes,,,5847986176.0,5577.07421875
whisper-stt,memory_working_set,whisper-stt,whisper-openai-68966786fb-jsb5d,2026-07-31T19:40:56.296000Z,1785526856.296,5847957504.0,bytes,,,5847957504.0,5577.046875
whisper-stt,memory_working_set,whisper-stt,whisper-openai-68966786fb-jsb5d,2026-07-31T20:40:56.296000Z,1785530456.296,5847891968.0,bytes,,,5847891968.0,5576.984375
whisper-stt,memory_working_set,whisper-stt,whisper-openai-68966786fb-jsb5d,2026-07-31T21:40:56.296000Z,1785534056.296,5847801856.0,bytes,,,5847801856.0,5576.8984375
whisper-stt,memory_working_set,whisper-stt,whisper-openai-68966786fb-jsb5d,2026-07-31T22:40:56.296000Z,1785537656.296,5847724032.0,bytes,,,5847724032.0,5576.82421875
whisper-stt,memory_working_set,whisper-stt,whisper-openai-68966786fb-jsb5d,2026-07-31T23:40:56.296000Z,1785541256.296,5847658496.0,bytes,,,5847658496.0,5576.76171875
whisper-stt,memory_working_set,whisper-stt,whisper-openai-68966786fb-jsb5d,2026-08-01T00:40:56.296000Z,1785544856.296,5847654400.0,bytes,,,5847654400.0,5576.7578125
whisper-stt,memory_working_set,whisper-stt,whisper-openai-68966786fb-jsb5d,2026-08-01T01:40:56.296000Z,1785548456.296,5847613440.0,bytes,,,5847613440.0,5576.71875
whisper-stt,memory_working_set,whisper-stt,whisper-openai-68966786fb-jsb5d,2026-08-01T02:40:56.296000Z,1785552056.296,5847552000.0,bytes,,,5847552000.0,5576.66015625
whisper-stt,memory_working_set,whisper-stt,whisper-openai-68966786fb-jsb5d,2026-08-01T03:40:56.296000Z,1785555656.296,5847515136.0,bytes,,,5847515136.0,5576.625
whisper-stt,memory_working_set,whisper-stt,whisper-openai-68966786fb-jsb5d,2026-08-01T04:40:56.296000Z,1785559256.296,5847379968.0,bytes,,,5847379968.0,5576.49609375
whisper-stt,memory_working_set,whisper-stt,whisper-openai-68966786fb-jsb5d,2026-08-01T05:40:56.296000Z,1785562856.296,5847252992.0,bytes,,,5847252992.0,5576.375
whisper-stt,memory_working_set,whisper-stt,whisper-openai-68966786fb-jsb5d,2026-08-01T06:40:56.296000Z,1785566456.296,5847207936.0,bytes,,,5847207936.0,5576.33203125
whisper-stt,memory_working_set,whisper-stt,whisper-openai-68966786fb-jsb5d,2026-08-01T07:40:56.296000Z,1785570056.296,5847207936.0,bytes,,,5847207936.0,5576.33203125
whisper-stt,memory_working_set,whisper-stt,whisper-openai-68966786fb-jsb5d,2026-08-01T08:40:56.296000Z,1785573656.296,5847207936.0,bytes,,,5847207936.0,5576.33203125
whisper-stt,memory_working_set,whisper-stt,whisper-openai-68966786fb-jsb5d,2026-08-01T09:40:56.296000Z,1785577256.296,5847109632.0,bytes,,,5847109632.0,5576.23828125
whisper-stt,memory_working_set,whisper-stt,whisper-openai-68966786fb-jsb5d,2026-08-01T10:40:56.296000Z,1785580856.296,5847035904.0,bytes,,,5847035904.0,5576.16796875
whisper-stt,memory_working_set,whisper-stt,whisper-openai-68966786fb-jsb5d,2026-08-01T11:40:56.296000Z,1785584456.296,5846892544.0,bytes,,,5846892544.0,5576.03125
whisper-stt,memory_working_set,whisper-stt,whisper-openai-68966786fb-jsb5d,2026-08-01T12:40:56.296000Z,1785588056.296,5846728704.0,bytes,,,5846728704.0,5575.875
whisper-stt,memory_working_set,whisper-stt,whisper-openai-68966786fb-jsb5d,2026-08-01T13:40:56.296000Z,1785591656.296,5846585344.0,bytes,,,5846585344.0,5575.73828125
whisper-stt,memory_working_set,whisper-stt,whisper-openai-68966786fb-jsb5d,2026-08-01T14:40:56.296000Z,1785595256.296,5846470656.0,bytes,,,5846470656.0,5575.62890625
whisper-stt,memory_working_set,whisper-stt,whisper-openai-68966786fb-jsb5d,2026-08-01T15:40:56.296000Z,1785598856.296,5846392832.0,bytes,,,5846392832.0,5575.5546875
whisper-stt,memory_working_set,whisper-stt,whisper-openai-68966786fb-jsb5d,2026-08-01T16:40:56.296000Z,1785602456.296,5846355968.0,bytes,,,5846355968.0,5575.51953125
whisper-stt,memory_working_set,whisper-stt,whisper-openai-68966786fb-jsb5d,2026-08-01T17:40:56.296000Z,1785606056.296,5846249472.0,bytes,,,5846249472.0,5575.41796875
whisper-stt,memory_working_set,whisper-stt,whisper-openai-68966786fb-jsb5d,2026-08-01T18:40:56.296000Z,1785609656.296,5846073344.0,bytes,,,5846073344.0,5575.25
whisper-stt,memory_working_set,whisper-stt,whisper-openai-68966786fb-jsb5d,2026-08-01T19:40:56.296000Z,1785613256.296,5845934080.0,bytes,,,5845934080.0,5575.1171875
whisper-stt,memory_working_set,whisper-stt,whisper-openai-68966786fb-jsb5d,2026-08-01T20:40:56.296000Z,1785616856.296,5845798912.0,bytes,,,5845798912.0,5574.98828125
whisper-stt,memory_working_set,whisper-stt,whisper-openai-68966786fb-jsb5d,2026-08-01T21:40:56.296000Z,1785620456.296,5845520384.0,bytes,,,5845520384.0,5574.72265625
whisper-stt,memory_working_set,whisper-stt,whisper-openai-68966786fb-jsb5d,2026-08-01T22:40:56.296000Z,1785624056.296,5845360640.0,bytes,,,5845360640.0,5574.5703125
whisper-stt,memory_working_set,whisper-stt,whisper-openai-68966786fb-jsb5d,2026-08-01T23:40:56.296000Z,1785627656.296,5845094400.0,bytes,,,5845094400.0,5574.31640625
whisper-stt,memory_working_set,whisper-stt,whisper-openai-68966786fb-jsb5d,2026-08-02T00:40:56.296000Z,1785631256.296,5844926464.0,bytes,,,5844926464.0,5574.15625
whisper-stt,memory_working_set,whisper-stt,whisper-openai-68966786fb-jsb5d,2026-08-02T01:40:56.296000Z,1785634856.296,5844881408.0,bytes,,,5844881408.0,5574.11328125
whisper-stt,memory_working_set,whisper-stt,whisper-openai-68966786fb-jsb5d,2026-08-02T02:40:56.296000Z,1785638456.296,5844770816.0,bytes,,,5844770816.0,5574.0078125
whisper-stt,memory_working_set,whisper-stt,whisper-openai-68966786fb-jsb5d,2026-08-02T03:40:56.296000Z,1785642056.296,5844770816.0,bytes,,,5844770816.0,5574.0078125
whisper-stt,memory_working_set,whisper-stt,whisper-openai-68966786fb-jsb5d,2026-08-02T04:40:56.296000Z,1785645656.296,5844676608.0,bytes,,,5844676608.0,5573.91796875
whisper-stt,memory_working_set,whisper-stt,whisper-openai-68966786fb-jsb5d,2026-08-02T05:40:56.296000Z,1785649256.296,5844484096.0,bytes,,,5844484096.0,5573.734375
whisper-stt,memory_working_set,whisper-stt,whisper-openai-68966786fb-jsb5d,2026-08-02T06:40:56.296000Z,1785652856.296,5844303872.0,bytes,,,5844303872.0,5573.5625
whisper-stt,memory_working_set,whisper-stt,whisper-openai-68966786fb-jsb5d,2026-08-02T07:40:56.296000Z,1785656456.296,5844025344.0,bytes,,,5844025344.0,5573.296875
whisper-stt,memory_working_set,whisper-stt,whisper-openai-68966786fb-jsb5d,2026-08-02T08:40:56.296000Z,1785660056.296,5843791872.0,bytes,,,5843791872.0,5573.07421875
whisper-stt,memory_working_set,whisper-stt,whisper-openai-68966786fb-jsb5d,2026-08-02T09:40:56.296000Z,1785663656.296,5843779584.0,bytes,,,5843779584.0,5573.0625
whisper-stt,memory_working_set,whisper-stt,whisper-openai-68966786fb-jsb5d,2026-08-02T10:40:56.296000Z,1785667256.296,5843660800.0,bytes,,,5843660800.0,5572.94921875
whisper-stt,memory_working_set,whisper-stt,whisper-openai-68966786fb-jsb5d,2026-08-02T11:40:56.296000Z,1785670856.296,5843435520.0,bytes,,,5843435520.0,5572.734375
whisper-stt,memory_working_set,whisper-stt,whisper-openai-68966786fb-jsb5d,2026-08-02T12:40:56.296000Z,1785674456.296,5843283968.0,bytes,,,5843283968.0,5572.58984375
whisper-stt,memory_working_set,whisper-stt,whisper-openai-68966786fb-jsb5d,2026-08-02T13:40:56.296000Z,1785678056.296,5843189760.0,bytes,,,5843189760.0,5572.5
whisper-stt,memory_working_set,whisper-stt,whisper-openai-68966786fb-jsb5d,2026-08-02T14:40:56.296000Z,1785681656.296,5842993152.0,bytes,,,5842993152.0,5572.3125
whisper-stt,memory_working_set,whisper-stt,whisper-openai-68966786fb-jsb5d,2026-08-02T15:40:56.296000Z,1785685256.296,5842763776.0,bytes,,,5842763776.0,5572.09375
whisper-stt,memory_working_set,whisper-stt,whisper-openai-68966786fb-jsb5d,2026-08-02T16:40:56.296000Z,1785688856.296,5842653184.0,bytes,,,5842653184.0,5571.98828125
whisper-stt,memory_working_set,whisper-stt,whisper-openai-68966786fb-jsb5d,2026-08-02T17:40:56.296000Z,1785692456.296,5842591744.0,bytes,,,5842591744.0,5571.9296875
whisper-stt,memory_working_set,whisper-stt,whisper-openai-68966786fb-jsb5d,2026-08-02T18:40:56.296000Z,1785696056.296,5842542592.0,bytes,,,5842542592.0,5571.8828125
whisper-stt,memory_working_set,whisper-stt,whisper-openai-68966786fb-jsb5d,2026-08-02T19:40:56.296000Z,1785699656.296,5842350080.0,bytes,,,5842350080.0,5571.69921875
whisper-stt,memory_working_set,whisper-stt,whisper-openai-68966786fb-jsb5d,2026-08-02T20:40:56.296000Z,1785703256.296,5842210816.0,bytes,,,5842210816.0,5571.56640625
whisper-stt,memory_working_set,whisper-stt,whisper-openai-68966786fb-jsb5d,2026-08-02T21:40:56.296000Z,1785706856.296,5841981440.0,bytes,,,5841981440.0,5571.34765625
whisper-stt,memory_working_set,whisper-stt,whisper-openai-68966786fb-jsb5d,2026-08-02T22:40:56.296000Z,1785710456.296,5841690624.0,bytes,,,5841690624.0,5571.0703125
whisper-stt,memory_working_set,whisper-stt,whisper-openai-68966786fb-jsb5d,2026-08-02T23:40:56.296000Z,1785714056.296,5841514496.0,bytes,,,5841514496.0,5570.90234375
whisper-stt,memory_working_set,whisper-stt,whisper-openai-68966786fb-jsb5d,2026-08-03T00:40:56.296000Z,1785717656.296,5841272832.0,bytes,,,5841272832.0,5570.671875
whisper-stt,memory_working_set,whisper-stt,whisper-openai-68966786fb-jsb5d,2026-08-03T01:40:56.296000Z,1785721256.296,5841117184.0,bytes,,,5841117184.0,5570.5234375
whisper-stt,memory_working_set,whisper-stt,whisper-openai-68966786fb-jsb5d,2026-08-03T02:40:56.296000Z,1785724856.296,5841039360.0,bytes,,,5841039360.0,5570.44921875
whisper-stt,memory_working_set,whisper-stt,whisper-openai-68966786fb-jsb5d,2026-08-03T03:40:56.296000Z,1785728456.296,5840941056.0,bytes,,,5840941056.0,5570.35546875
whisper-stt,memory_working_set,whisper-stt,whisper-openai-68966786fb-jsb5d,2026-08-03T04:40:56.296000Z,1785732056.296,5840748544.0,bytes,,,5840748544.0,5570.171875
whisper-stt,memory_working_set,whisper-stt,whisper-openai-68966786fb-jsb5d,2026-08-03T05:40:56.296000Z,1785735656.296,5840707584.0,bytes,,,5840707584.0,5570.1328125
whisper-stt,memory_working_set,whisper-stt,whisper-openai-68966786fb-jsb5d,2026-08-03T06:40:56.296000Z,1785739256.296,5840707584.0,bytes,,,5840707584.0,5570.1328125
whisper-stt,memory_working_set,whisper-stt,whisper-openai-68966786fb-jsb5d,2026-08-03T07:40:56.296000Z,1785742856.296,5840592896.0,bytes,,,5840592896.0,5570.0234375
whisper-stt,memory_working_set,whisper-stt,whisper-openai-68966786fb-jsb5d,2026-08-03T08:40:56.296000Z,1785746456.296,5840547840.0,bytes,,,5840547840.0,5569.98046875
whisper-stt,memory_working_set,whisper-stt,whisper-openai-68966786fb-jsb5d,2026-08-03T09:40:56.296000Z,1785750056.296,5840547840.0,bytes,,,5840547840.0,5569.98046875
whisper-stt,memory_working_set,whisper-stt,whisper-openai-68966786fb-jsb5d,2026-08-03T10:40:56.296000Z,1785753656.296,5840547840.0,bytes,,,5840547840.0,5569.98046875
whisper-stt,memory_working_set,whisper-stt,whisper-openai-68966786fb-jsb5d,2026-08-03T11:40:56.296000Z,1785757256.296,5840531456.0,bytes,,,5840531456.0,5569.96484375
whisper-stt,memory_working_set,whisper-stt,whisper-openai-68966786fb-jsb5d,2026-08-03T12:40:56.296000Z,1785760856.296,5840486400.0,bytes,,,5840486400.0,5569.921875
whisper-stt,memory_working_set,whisper-stt,whisper-openai-68966786fb-jsb5d,2026-08-03T13:40:56.296000Z,1785764456.296,5840486400.0,bytes,,,5840486400.0,5569.921875
whisper-stt,memory_working_set,whisper-stt,whisper-openai-68966786fb-jsb5d,2026-08-03T14:40:56.296000Z,1785768056.296,5840318464.0,bytes,,,5840318464.0,5569.76171875
whisper-stt,memory_working_set,whisper-stt,whisper-openai-68966786fb-jsb5d,2026-08-03T15:40:56.296000Z,1785771656.296,5840105472.0,bytes,,,5840105472.0,5569.55859375
whisper-stt,memory_working_set,whisper-stt,whisper-openai-68966786fb-jsb5d,2026-08-03T16:40:56.296000Z,1785775256.296,5840027648.0,bytes,,,5840027648.0,5569.484375
whisper-stt,memory_working_set,whisper-stt,whisper-openai-68966786fb-jsb5d,2026-08-03T17:40:56.296000Z,1785778856.296,5839986688.0,bytes,,,5839986688.0,5569.4453125
whisper-stt,memory_working_set,whisper-stt,whisper-openai-68966786fb-jsb5d,2026-08-03T18:40:56.296000Z,1785782456.296,5839986688.0,bytes,,,5839986688.0,5569.4453125
whisper-stt,memory_working_set,whisper-stt,whisper-openai-68966786fb-jsb5d,2026-08-03T19:40:56.296000Z,1785786056.296,5839917056.0,bytes,,,5839917056.0,5569.37890625
whisper-stt,memory_working_set,whisper-stt,whisper-openai-68966786fb-jsb5d,2026-08-03T20:40:56.296000Z,1785789656.296,5839822848.0,bytes,,,5839822848.0,5569.2890625
whisper-stt,memory_working_set,whisper-stt,whisper-openai-68966786fb-jsb5d,2026-08-03T21:40:56.296000Z,1785793256.296,5839675392.0,bytes,,,5839675392.0,5569.1484375
whisper-stt,memory_working_set,whisper-stt,whisper-openai-68966786fb-jsb5d,2026-08-03T22:40:56.296000Z,1785796856.296,5839630336.0,bytes,,,5839630336.0,5569.10546875
whisper-stt,memory_working_set,whisper-stt,whisper-openai-68966786fb-jsb5d,2026-08-03T23:40:56.296000Z,1785800456.296,5839630336.0,bytes,,,5839630336.0,5569.10546875
whisper-stt,memory_working_set,whisper-stt,whisper-openai-68966786fb-jsb5d,2026-08-04T00:40:56.296000Z,1785804056.296,5839630336.0,bytes,,,5839630336.0,5569.10546875
whisper-stt,memory_working_set,whisper-stt,whisper-openai-68966786fb-jsb5d,2026-08-04T01:40:56.296000Z,1785807656.296,5839630336.0,bytes,,,5839630336.0,5569.10546875
whisper-stt,memory_working_set,whisper-stt,whisper-openai-68966786fb-jsb5d,2026-08-04T02:40:56.296000Z,1785811256.296,5839630336.0,bytes,,,5839630336.0,5569.10546875
whisper-stt,memory_working_set,whisper-stt,whisper-openai-68966786fb-jsb5d,2026-08-04T03:40:56.296000Z,1785814856.296,5839630336.0,bytes,,,5839630336.0,5569.10546875
whisper-stt,memory_working_set,whisper-stt,whisper-openai-68966786fb-jsb5d,2026-08-04T04:40:56.296000Z,1785818456.296,5839630336.0,bytes,,,5839630336.0,5569.10546875
whisper-stt,memory_working_set,whisper-stt,whisper-openai-68966786fb-jsb5d,2026-08-04T05:40:56.296000Z,1785822056.296,5839630336.0,bytes,,,5839630336.0,5569.10546875
whisper-stt,memory_working_set,whisper-stt,whisper-openai-68966786fb-jsb5d,2026-08-04T06:40:56.296000Z,1785825656.296,5839630336.0,bytes,,,5839630336.0,5569.10546875
whisper-stt,memory_working_set,whisper-stt,whisper-openai-68966786fb-jsb5d,2026-08-04T07:40:56.296000Z,1785829256.296,5839630336.0,bytes,,,5839630336.0,5569.10546875
whisper-stt,memory_working_set,whisper-stt,whisper-openai-68966786fb-jsb5d,2026-08-04T08:40:56.296000Z,1785832856.296,5839630336.0,bytes,,,5839630336.0,5569.10546875
whisper-stt,memory_working_set,whisper-stt,whisper-openai-68966786fb-jsb5d,2026-08-04T09:40:56.296000Z,1785836456.296,5839630336.0,bytes,,,5839630336.0,5569.10546875
whisper-stt,memory_working_set,whisper-stt,whisper-openai-68966786fb-jsb5d,2026-08-04T10:40:56.296000Z,1785840056.296,5839630336.0,bytes,,,5839630336.0,5569.10546875
whisper-stt,memory_working_set,whisper-stt,whisper-openai-68966786fb-jsb5d,2026-08-04T11:40:56.296000Z,1785843656.296,5839630336.0,bytes,,,5839630336.0,5569.10546875
whisper-stt,memory_working_set,whisper-stt,whisper-openai-68966786fb-jsb5d,2026-08-04T12:40:56.296000Z,1785847256.296,5839630336.0,bytes,,,5839630336.0,5569.10546875
whisper-stt,memory_working_set,whisper-stt,whisper-openai-68966786fb-jsb5d,2026-08-04T13:40:56.296000Z,1785850856.296,5839630336.0,bytes,,,5839630336.0,5569.10546875
whisper-stt,memory_working_set,whisper-stt,whisper-openai-68966786fb-jsb5d,2026-08-04T14:40:56.296000Z,1785854456.296,5839630336.0,bytes,,,5839630336.0,5569.10546875
whisper-stt,memory_working_set,whisper-stt,whisper-openai-68966786fb-jsb5d,2026-08-04T15:40:56.296000Z,1785858056.296,5839630336.0,bytes,,,5839630336.0,5569.10546875
whisper-stt,memory_working_set,whisper-stt,whisper-openai-68966786fb-jsb5d,2026-08-04T16:40:56.296000Z,1785861656.296,5839630336.0,bytes,,,5839630336.0,5569.10546875
whisper-stt,memory_working_set,whisper-stt,whisper-openai-68966786fb-jsb5d,2026-08-04T17:40:56.296000Z,1785865256.296,5839630336.0,bytes,,,5839630336.0,5569.10546875
whisper-stt,memory_working_set,whisper-stt,whisper-openai-68966786fb-jsb5d,2026-08-04T18:40:56.296000Z,1785868856.296,5839630336.0,bytes,,,5839630336.0,5569.10546875
whisper-stt,memory_working_set,whisper-stt,whisper-openai-68966786fb-jsb5d,2026-08-04T19:40:56.296000Z,1785872456.296,5839630336.0,bytes,,,5839630336.0,5569.10546875
whisper-stt,memory_working_set,whisper-stt,whisper-openai-68966786fb-jsb5d,2026-08-04T20:40:56.296000Z,1785876056.296,5839630336.0,bytes,,,5839630336.0,5569.10546875
whisper-stt,memory_working_set,whisper-stt,whisper-openai-68966786fb-jsb5d,2026-08-04T21:40:56.296000Z,1785879656.296,5839630336.0,bytes,,,5839630336.0,5569.10546875
whisper-stt,memory_working_set,whisper-stt,whisper-openai-68966786fb-jsb5d,2026-08-04T22:40:56.296000Z,1785883256.296,5839630336.0,bytes,,,5839630336.0,5569.10546875
whisper-stt,memory_working_set,whisper-stt,whisper-openai-68966786fb-jsb5d,2026-08-04T23:40:56.296000Z,1785886856.296,5839630336.0,bytes,,,5839630336.0,5569.10546875
whisper-stt,memory_working_set,whisper-stt,whisper-openai-68966786fb-jsb5d,2026-08-05T00:40:56.296000Z,1785890456.296,5839630336.0,bytes,,,5839630336.0,5569.10546875
whisper-stt,memory_working_set,whisper-stt,whisper-openai-68966786fb-jsb5d,2026-08-05T01:40:56.296000Z,1785894056.296,5839630336.0,bytes,,,5839630336.0,5569.10546875
whisper-stt,memory_working_set,whisper-stt,whisper-openai-68966786fb-jsb5d,2026-08-05T02:40:56.296000Z,1785897656.296,5839630336.0,bytes,,,5839630336.0,5569.10546875
whisper-stt,memory_working_set,whisper-stt,whisper-openai-68966786fb-jsb5d,2026-08-05T03:40:56.296000Z,1785901256.296,5839630336.0,bytes,,,5839630336.0,5569.10546875
whisper-stt,memory_working_set,whisper-stt,whisper-openai-68966786fb-jsb5d,2026-08-05T04:40:56.296000Z,1785904856.296,5839630336.0,bytes,,,5839630336.0,5569.10546875
whisper-stt,memory_working_set,whisper-stt,whisper-openai-68966786fb-jsb5d,2026-08-05T05:40:56.296000Z,1785908456.296,5839630336.0,bytes,,,5839630336.0,5569.10546875
whisper-stt,memory_working_set,whisper-stt,whisper-openai-68966786fb-jsb5d,2026-08-05T06:40:56.296000Z,1785912056.296,5839630336.0,bytes,,,5839630336.0,5569.10546875
whisper-stt,memory_working_set,whisper-stt,whisper-openai-68966786fb-jsb5d,2026-08-05T07:40:56.296000Z,1785915656.296,5839630336.0,bytes,,,5839630336.0,5569.10546875
whisper-stt,memory_working_set,whisper-stt,whisper-openai-68966786fb-jsb5d,2026-08-05T08:40:56.296000Z,1785919256.296,5839630336.0,bytes,,,5839630336.0,5569.10546875
whisper-stt,memory_working_set,whisper-stt,whisper-openai-68966786fb-jsb5d,2026-08-05T09:40:56.296000Z,1785922856.296,5839630336.0,bytes,,,5839630336.0,5569.10546875
whisper-stt,memory_working_set,whisper-stt,whisper-openai-68966786fb-jsb5d,2026-08-05T10:40:56.296000Z,1785926456.296,5839630336.0,bytes,,,5839630336.0,5569.10546875
whisper-stt,memory_working_set,whisper-stt,whisper-openai-68966786fb-jsb5d,2026-08-05T11:40:56.296000Z,1785930056.296,5839630336.0,bytes,,,5839630336.0,5569.10546875
whisper-stt,memory_working_set,whisper-stt,whisper-openai-68966786fb-jsb5d,2026-08-05T12:40:56.296000Z,1785933656.296,5839630336.0,bytes,,,5839630336.0,5569.10546875
whisper-stt,memory_working_set,whisper-stt,whisper-openai-68966786fb-jsb5d,2026-08-05T13:40:56.296000Z,1785937256.296,5839630336.0,bytes,,,5839630336.0,5569.10546875
whisper-stt,memory_working_set,whisper-stt,whisper-openai-68966786fb-jsb5d,2026-08-05T14:40:56.296000Z,1785940856.296,5839630336.0,bytes,,,5839630336.0,5569.10546875
whisper-stt,memory_working_set,whisper-stt,whisper-openai-68966786fb-jsb5d,2026-08-05T15:40:56.296000Z,1785944456.296,5839630336.0,bytes,,,5839630336.0,5569.10546875
whisper-stt,memory_working_set,whisper-stt,whisper-openai-68966786fb-jsb5d,2026-08-05T16:40:56.296000Z,1785948056.296,5839630336.0,bytes,,,5839630336.0,5569.10546875
whisper-stt,memory_working_set,whisper-stt,whisper-openai-68966786fb-jsb5d,2026-08-05T17:40:56.296000Z,1785951656.296,5839630336.0,bytes,,,5839630336.0,5569.10546875
whisper-stt,memory_working_set,whisper-stt,whisper-openai-68966786fb-jsb5d,2026-08-05T18:40:56.296000Z,1785955256.296,5839630336.0,bytes,,,5839630336.0,5569.10546875
whisper-stt,memory_working_set,whisper-stt,whisper-openai-68966786fb-jsb5d,2026-08-05T19:40:56.296000Z,1785958856.296,5839630336.0,bytes,,,5839630336.0,5569.10546875
whisper-stt,memory_working_set,whisper-stt,whisper-openai-68966786fb-jsb5d,2026-08-05T20:40:56.296000Z,1785962456.296,5839630336.0,bytes,,,5839630336.0,5569.10546875
whisper-stt,memory_working_set,whisper-stt,whisper-openai-68966786fb-jsb5d,2026-08-05T21:40:56.296000Z,1785966056.296,5839630336.0,bytes,,,5839630336.0,5569.10546875
whisper-stt,memory_working_set,whisper-stt,whisper-openai-68966786fb-jsb5d,2026-08-05T22:40:56.296000Z,1785969656.296,5839630336.0,bytes,,,5839630336.0,5569.10546875
whisper-stt,memory_working_set,whisper-stt,whisper-openai-68966786fb-jsb5d,2026-08-05T23:40:56.296000Z,1785973256.296,5839630336.0,bytes,,,5839630336.0,5569.10546875
whisper-stt,memory_working_set,whisper-stt,whisper-openai-68966786fb-jsb5d,2026-08-06T00:40:56.296000Z,1785976856.296,5839634432.0,bytes,,,5839634432.0,5569.109375
whisper-stt,memory_working_set,whisper-stt,whisper-openai-68966786fb-jsb5d,2026-08-06T01:40:56.296000Z,1785980456.296,5839630336.0,bytes,,,5839630336.0,5569.10546875
whisper-stt,memory_working_set,whisper-stt,whisper-openai-68966786fb-jsb5d,2026-08-06T02:40:56.296000Z,1785984056.296,5839634432.0,bytes,,,5839634432.0,5569.109375
whisper-stt,memory_working_set,whisper-stt,whisper-openai-68966786fb-jsb5d,2026-08-06T03:40:56.296000Z,1785987656.296,5839634432.0,bytes,,,5839634432.0,5569.109375
whisper-stt,memory_working_set,whisper-stt,whisper-openai-68966786fb-jsb5d,2026-08-06T04:40:56.296000Z,1785991256.296,5839630336.0,bytes,,,5839630336.0,5569.10546875
whisper-stt,memory_working_set,whisper-stt,whisper-openai-68966786fb-jsb5d,2026-08-06T05:40:56.296000Z,1785994856.296,5839634432.0,bytes,,,5839634432.0,5569.109375
whisper-stt,memory_working_set,whisper-stt,whisper-openai-68966786fb-jsb5d,2026-08-06T06:40:56.296000Z,1785998456.296,5839634432.0,bytes,,,5839634432.0,5569.109375
whisper-stt,memory_working_set,whisper-stt,whisper-openai-68966786fb-jsb5d,2026-08-06T07:40:56.296000Z,1786002056.296,5839634432.0,bytes,,,5839634432.0,5569.109375
whisper-stt,memory_working_set,whisper-stt,whisper-openai-68966786fb-jsb5d,2026-08-06T08:40:56.296000Z,1786005656.296,5839634432.0,bytes,,,5839634432.0,5569.109375
whisper-stt,memory_working_set,whisper-stt,whisper-openai-68966786fb-jsb5d,2026-08-06T09:40:56.296000Z,1786009256.296,5839630336.0,bytes,,,5839630336.0,5569.10546875
whisper-stt,memory_working_set,whisper-stt,whisper-openai-68966786fb-jsb5d,2026-08-06T10:40:56.296000Z,1786012856.296,5839634432.0,bytes,,,5839634432.0,5569.109375
whisper-stt,memory_working_set,whisper-stt,whisper-openai-68966786fb-jsb5d,2026-08-06T11:40:56.296000Z,1786016456.296,5839630336.0,bytes,,,5839630336.0,5569.10546875
whisper-stt,memory_working_set,whisper-stt,whisper-openai-68966786fb-jsb5d,2026-08-06T12:40:56.296000Z,1786020056.296,5839630336.0,bytes,,,5839630336.0,5569.10546875
whisper-stt,memory_working_set,whisper-stt,whisper-openai-68966786fb-jsb5d,2026-08-06T13:40:56.296000Z,1786023656.296,5839630336.0,bytes,,,5839630336.0,5569.10546875
whisper-stt,memory_working_set,whisper-stt,whisper-openai-68966786fb-jsb5d,2026-08-06T14:40:56.296000Z,1786027256.296,5839634432.0,bytes,,,5839634432.0,5569.109375
whisper-stt,memory_working_set,whisper-stt,whisper-openai-68966786fb-jsb5d,2026-08-06T15:40:56.296000Z,1786030856.296,5839634432.0,bytes,,,5839634432.0,5569.109375
whisper-stt,memory_working_set,whisper-stt,whisper-openai-68966786fb-jsb5d,2026-08-06T16:40:56.296000Z,1786034456.296,5839630336.0,bytes,,,5839630336.0,5569.10546875
whisper-stt,memory_working_set,whisper-stt,whisper-openai-68966786fb-jsb5d,2026-08-06T17:40:56.296000Z,1786038056.296,5839634432.0,bytes,,,5839634432.0,5569.109375
whisper-stt,memory_working_set,whisper-stt,whisper-openai-68966786fb-jsb5d,2026-08-06T18:40:56.296000Z,1786041656.296,5839634432.0,bytes,,,5839634432.0,5569.109375
whisper-stt,memory_working_set,whisper-stt,whisper-openai-68966786fb-jsb5d,2026-08-06T19:40:56.296000Z,1786045256.296,5839634432.0,bytes,,,5839634432.0,5569.109375
whisper-stt,memory_working_set,whisper-stt,whisper-openai-68966786fb-jsb5d,2026-08-06T20:40:56.296000Z,1786048856.296,5839630336.0,bytes,,,5839630336.0,5569.10546875
whisper-stt,memory_working_set,whisper-stt,whisper-openai-68966786fb-jsb5d,2026-08-06T21:40:56.296000Z,1786052456.296,5839630336.0,bytes,,,5839630336.0,5569.10546875
whisper-stt,memory_working_set,whisper-stt,whisper-openai-68966786fb-jsb5d,2026-08-06T22:40:56.296000Z,1786056056.296,5839638528.0,bytes,,,5839638528.0,5569.11328125
whisper-stt,memory_working_set,whisper-stt,whisper-openai-68966786fb-jsb5d,2026-08-06T23:40:56.296000Z,1786059656.296,5839634432.0,bytes,,,5839634432.0,5569.109375
whisper-stt,memory_working_set,whisper-stt,whisper-openai-68966786fb-jsb5d,2026-08-07T00:40:56.296000Z,1786063256.296,5839630336.0,bytes,,,5839630336.0,5569.10546875
whisper-stt,memory_working_set,whisper-stt,whisper-openai-68966786fb-jsb5d,2026-08-07T01:40:56.296000Z,1786066856.296,5839634432.0,bytes,,,5839634432.0,5569.109375
whisper-stt,memory_working_set,whisper-stt,whisper-openai-68966786fb-jsb5d,2026-08-07T02:40:56.296000Z,1786070456.296,5839634432.0,bytes,,,5839634432.0,5569.109375
whisper-stt,memory_working_set,whisper-stt,whisper-openai-68966786fb-jsb5d,2026-08-07T03:40:56.296000Z,1786074056.296,5839630336.0,bytes,,,5839630336.0,5569.10546875
whisper-stt,memory_working_set,whisper-stt,whisper-openai-68966786fb-jsb5d,2026-08-07T04:40:56.296000Z,1786077656.296,5839630336.0,bytes,,,5839630336.0,5569.10546875
whisper-stt,memory_working_set,whisper-stt,whisper-openai-68966786fb-jsb5d,2026-08-07T05:40:56.296000Z,1786081256.296,5839630336.0,bytes,,,5839630336.0,5569.10546875
whisper-stt,memory_working_set,whisper-stt,whisper-openai-68966786fb-jsb5d,2026-08-07T06:40:56.296000Z,1786084856.296,5839634432.0,bytes,,,5839634432.0,5569.109375
whisper-stt,memory_working_set,whisper-stt,whisper-openai-68966786fb-jsb5d,2026-08-07T07:40:56.296000Z,1786088456.296,5839634432.0,bytes,,,5839634432.0,5569.109375
whisper-stt,memory_working_set,whisper-stt,whisper-openai-68966786fb-jsb5d,2026-08-07T08:40:56.296000Z,1786092056.296,5839634432.0,bytes,,,5839634432.0,5569.109375
whisper-stt,memory_working_set,whisper-stt,whisper-openai-68966786fb-jsb5d,2026-08-07T09:40:56.296000Z,1786095656.296,5839634432.0,bytes,,,5839634432.0,5569.109375
whisper-stt,memory_working_set,whisper-stt,whisper-openai-68966786fb-jsb5d,2026-08-07T10:40:56.296000Z,1786099256.296,5839630336.0,bytes,,,5839630336.0,5569.10546875
whisper-stt,memory_working_set,whisper-stt,whisper-openai-68966786fb-jsb5d,2026-08-07T11:40:56.296000Z,1786102856.296,5839634432.0,bytes,,,5839634432.0,5569.109375
whisper-stt,memory_working_set,whisper-stt,whisper-openai-68966786fb-jsb5d,2026-08-07T12:40:56.296000Z,1786106456.296,5839634432.0,bytes,,,5839634432.0,5569.109375
whisper-stt,memory_working_set,whisper-stt,whisper-openai-68966786fb-jsb5d,2026-08-07T13:40:56.296000Z,1786110056.296,5839634432.0,bytes,,,5839634432.0,5569.109375
whisper-stt,memory_working_set,whisper-stt,whisper-openai-68966786fb-jsb5d,2026-08-07T14:40:56.296000Z,1786113656.296,5839630336.0,bytes,,,5839630336.0,5569.10546875
whisper-stt,memory_working_set,whisper-stt,whisper-openai-68966786fb-jsb5d,2026-08-07T15:40:56.296000Z,1786117256.296,5839634432.0,bytes,,,5839634432.0,5569.109375
whisper-stt,memory_working_set,whisper-stt,whisper-openai-68966786fb-jsb5d,2026-08-07T16:40:56.296000Z,1786120856.296,5839630336.0,bytes,,,5839630336.0,5569.10546875
whisper-stt,memory_working_set,whisper-stt,whisper-openai-68966786fb-jsb5d,2026-08-07T17:40:56.296000Z,1786124456.296,5839630336.0,bytes,,,5839630336.0,5569.10546875
whisper-stt,memory_working_set,whisper-stt,whisper-openai-68966786fb-jsb5d,2026-08-07T18:40:56.296000Z,1786128056.296,5839630336.0,bytes,,,5839630336.0,5569.10546875
whisper-stt,memory_working_set,whisper-stt,whisper-openai-68966786fb-jsb5d,2026-08-07T19:40:56.296000Z,1786131656.296,5839634432.0,bytes,,,5839634432.0,5569.109375
whisper-stt,memory_working_set,whisper-stt,whisper-openai-68966786fb-jsb5d,2026-08-07T20:40:56.296000Z,1786135256.296,5839630336.0,bytes,,,5839630336.0,5569.10546875
whisper-stt,memory_working_set,whisper-stt,whisper-openai-68966786fb-jsb5d,2026-08-07T21:40:56.296000Z,1786138856.296,5839630336.0,bytes,,,5839630336.0,5569.10546875
whisper-stt,memory_working_set,whisper-stt,whisper-openai-68966786fb-jsb5d,2026-08-07T22:40:56.296000Z,1786142456.296,5839634432.0,bytes,,,5839634432.0,5569.109375
whisper-stt,memory_working_set,whisper-stt,whisper-openai-68966786fb-jsb5d,2026-08-07T23:40:56.296000Z,1786146056.296,5839630336.0,bytes,,,5839630336.0,5569.10546875
whisper-stt,memory_working_set,whisper-stt,whisper-openai-68966786fb-jsb5d,2026-08-08T00:40:56.296000Z,1786149656.296,5839630336.0,bytes,,,5839630336.0,5569.10546875
whisper-stt,memory_working_set,whisper-stt,whisper-openai-68966786fb-jsb5d,2026-08-08T01:40:56.296000Z,1786153256.296,5839634432.0,bytes,,,5839634432.0,5569.109375
whisper-stt,memory_working_set,whisper-stt,whisper-openai-68966786fb-jsb5d,2026-08-08T02:40:56.296000Z,1786156856.296,5839630336.0,bytes,,,5839630336.0,5569.10546875
whisper-stt,memory_working_set,whisper-stt,whisper-openai-68966786fb-jsb5d,2026-08-08T03:40:56.296000Z,1786160456.296,5839634432.0,bytes,,,5839634432.0,5569.109375
whisper-stt,memory_working_set,whisper-stt,whisper-openai-68966786fb-jsb5d,2026-08-08T04:40:56.296000Z,1786164056.296,5839630336.0,bytes,,,5839630336.0,5569.10546875
whisper-stt,memory_working_set,whisper-stt,whisper-openai-68966786fb-jsb5d,2026-08-08T05:40:56.296000Z,1786167656.296,5839630336.0,bytes,,,5839630336.0,5569.10546875
whisper-stt,memory_working_set,whisper-stt,whisper-openai-68966786fb-jsb5d,2026-08-08T06:40:56.296000Z,1786171256.296,5839634432.0,bytes,,,5839634432.0,5569.109375
whisper-stt,memory_working_set,whisper-stt,whisper-openai-68966786fb-jsb5d,2026-08-08T07:40:56.296000Z,1786174856.296,5839634432.0,bytes,,,5839634432.0,5569.109375
whisper-stt,memory_working_set,whisper-stt,whisper-openai-68966786fb-jsb5d,2026-08-08T08:40:56.296000Z,1786178456.296,5839630336.0,bytes,,,5839630336.0,5569.10546875
whisper-stt,memory_working_set,whisper-stt,whisper-openai-68966786fb-jsb5d,2026-08-08T09:40:56.296000Z,1786182056.296,5839630336.0,bytes,,,5839630336.0,5569.10546875
whisper-stt,memory_working_set,whisper-stt,whisper-openai-68966786fb-jsb5d,2026-08-08T10:40:56.296000Z,1786185656.296,5839634432.0,bytes,,,5839634432.0,5569.109375
whisper-stt,memory_working_set,whisper-stt,whisper-openai-68966786fb-jsb5d,2026-08-08T11:40:56.296000Z,1786189256.296,5839630336.0,bytes,,,5839630336.0,5569.10546875
whisper-stt,memory_working_set,whisper-stt,whisper-openai-68966786fb-jsb5d,2026-08-08T12:40:56.296000Z,1786192856.296,5839634432.0,bytes,,,5839634432.0,5569.109375
whisper-stt,memory_working_set,whisper-stt,whisper-openai-68966786fb-jsb5d,2026-08-08T13:40:56.296000Z,1786196456.296,5839630336.0,bytes,,,5839630336.0,5569.10546875
whisper-stt,memory_working_set,whisper-stt,whisper-openai-68966786fb-jsb5d,2026-08-08T14:40:56.296000Z,1786200056.296,5839634432.0,bytes,,,5839634432.0,5569.109375
whisper-stt,memory_working_set,whisper-stt,whisper-openai-68966786fb-jsb5d,2026-08-08T15:40:56.296000Z,1786203656.296,5839630336.0,bytes,,,5839630336.0,5569.10546875
whisper-stt,memory_working_set,whisper-stt,whisper-openai-68966786fb-jsb5d,2026-08-08T16:40:56.296000Z,1786207256.296,5839630336.0,bytes,,,5839630336.0,5569.10546875
whisper-stt,memory_working_set,whisper-stt,whisper-openai-68966786fb-jsb5d,2026-08-08T17:40:56.296000Z,1786210856.296,5838434304.0,bytes,,,5838434304.0,5567.96484375
whisper-stt,memory_working_set,whisper-stt,whisper-openai-68966786fb-jsb5d,2026-08-08T18:40:56.296000Z,1786214456.296,5838434304.0,bytes,,,5838434304.0,5567.96484375
whisper-stt,memory_working_set,whisper-stt,whisper-openai-68966786fb-jsb5d,2026-08-08T19:40:56.296000Z,1786218056.296,5837660160.0,bytes,,,5837660160.0,5567.2265625
whisper-stt,memory_working_set,whisper-stt,whisper-openai-68966786fb-jsb5d,2026-08-08T20:40:56.296000Z,1786221656.296,5837291520.0,bytes,,,5837291520.0,5566.875
whisper-stt,memory_working_set,whisper-stt,whisper-openai-68966786fb-jsb5d,2026-08-08T21:40:56.296000Z,1786225256.296,5837287424.0,bytes,,,5837287424.0,5566.87109375
whisper-stt,memory_working_set,whisper-stt,whisper-openai-68966786fb-jsb5d,2026-08-08T22:40:56.296000Z,1786228856.296,5837258752.0,bytes,,,5837258752.0,5566.84375
whisper-stt,memory_working_set,whisper-stt,whisper-openai-68966786fb-jsb5d,2026-08-08T23:40:56.296000Z,1786232456.296,5837225984.0,bytes,,,5837225984.0,5566.8125
whisper-stt,memory_working_set,whisper-stt,whisper-openai-68966786fb-jsb5d,2026-08-09T00:40:56.296000Z,1786236056.296,5837221888.0,bytes,,,5837221888.0,5566.80859375
whisper-stt,memory_working_set,whisper-stt,whisper-openai-68966786fb-jsb5d,2026-08-09T01:40:56.296000Z,1786239656.296,5837221888.0,bytes,,,5837221888.0,5566.80859375
whisper-stt,memory_working_set,whisper-stt,whisper-openai-68966786fb-jsb5d,2026-08-09T02:40:56.296000Z,1786243256.296,5837217792.0,bytes,,,5837217792.0,5566.8046875
whisper-stt,memory_working_set,whisper-stt,whisper-openai-68966786fb-jsb5d,2026-08-09T03:40:56.296000Z,1786246856.296,5837217792.0,bytes,,,5837217792.0,5566.8046875
whisper-stt,memory_working_set,whisper-stt,whisper-openai-68966786fb-jsb5d,2026-08-09T04:40:56.296000Z,1786250456.296,5837221888.0,bytes,,,5837221888.0,5566.80859375
whisper-stt,memory_working_set,whisper-stt,whisper-openai-68966786fb-jsb5d,2026-08-09T05:40:56.296000Z,1786254056.296,5837221888.0,bytes,,,5837221888.0,5566.80859375
whisper-stt,memory_working_set,whisper-stt,whisper-openai-68966786fb-jsb5d,2026-08-09T06:40:56.296000Z,1786257656.296,5837221888.0,bytes,,,5837221888.0,5566.80859375
whisper-stt,memory_working_set,whisper-stt,whisper-openai-68966786fb-jsb5d,2026-08-09T07:40:56.296000Z,1786261256.296,5837221888.0,bytes,,,5837221888.0,5566.80859375
whisper-stt,memory_working_set,whisper-stt,whisper-openai-68966786fb-jsb5d,2026-08-09T08:40:56.296000Z,1786264856.296,5837217792.0,bytes,,,5837217792.0,5566.8046875
whisper-stt,memory_working_set,whisper-stt,whisper-openai-68966786fb-jsb5d,2026-08-09T09:40:56.296000Z,1786268456.296,5837221888.0,bytes,,,5837221888.0,5566.80859375
whisper-stt,memory_working_set,whisper-stt,whisper-openai-68966786fb-jsb5d,2026-08-09T10:40:56.296000Z,1786272056.296,5837217792.0,bytes,,,5837217792.0,5566.8046875
whisper-stt,memory_working_set,whisper-stt,whisper-openai-68966786fb-jsb5d,2026-08-09T11:40:56.296000Z,1786275656.296,5837217792.0,bytes,,,5837217792.0,5566.8046875
whisper-stt,memory_working_set,whisper-stt,whisper-openai-68966786fb-jsb5d,2026-08-09T12:40:56.296000Z,1786279256.296,5837221888.0,bytes,,,5837221888.0,5566.80859375
whisper-stt,memory_working_set,whisper-stt,whisper-openai-68966786fb-jsb5d,2026-08-09T13:40:56.296000Z,1786282856.296,5837217792.0,bytes,,,5837217792.0,5566.8046875
whisper-stt,memory_working_set,whisper-stt,whisper-openai-68966786fb-jsb5d,2026-08-09T14:40:56.296000Z,1786286456.296,5837221888.0,bytes,,,5837221888.0,5566.80859375
whisper-stt,memory_working_set,whisper-stt,whisper-openai-68966786fb-jsb5d,2026-08-09T15:40:56.296000Z,1786290056.296,5837217792.0,bytes,,,5837217792.0,5566.8046875
whisper-stt,memory_working_set,whisper-stt,whisper-openai-68966786fb-jsb5d,2026-08-09T16:40:56.296000Z,1786293656.296,5837221888.0,bytes,,,5837221888.0,5566.80859375
whisper-stt,memory_working_set,whisper-stt,whisper-openai-68966786fb-jsb5d,2026-08-09T17:40:56.296000Z,1786297256.296,5837221888.0,bytes,,,5837221888.0,5566.80859375
whisper-stt,memory_working_set,whisper-stt,whisper-openai-68966786fb-jsb5d,2026-08-09T18:40:56.296000Z,1786300856.296,5837217792.0,bytes,,,5837217792.0,5566.8046875
whisper-stt,memory_working_set,whisper-stt,whisper-openai-68966786fb-jsb5d,2026-08-09T19:40:56.296000Z,1786304456.296,5837217792.0,bytes,,,5837217792.0,5566.8046875
whisper-stt,memory_working_set,whisper-stt,whisper-openai-68966786fb-jsb5d,2026-08-09T20:40:56.296000Z,1786308056.296,5837221888.0,bytes,,,5837221888.0,5566.80859375
whisper-stt,memory_working_set,whisper-stt,whisper-openai-68966786fb-jsb5d,2026-08-09T21:40:56.296000Z,1786311656.296,5837221888.0,bytes,,,5837221888.0,5566.80859375
whisper-stt,memory_working_set,whisper-stt,whisper-openai-68966786fb-jsb5d,2026-08-09T22:40:56.296000Z,1786315256.296,5837221888.0,bytes,,,5837221888.0,5566.80859375
whisper-stt,memory_working_set,whisper-stt,whisper-openai-68966786fb-jsb5d,2026-08-09T23:40:56.296000Z,1786318856.296,5837217792.0,bytes,,,5837217792.0,5566.8046875
whisper-stt,memory_working_set,whisper-stt,whisper-openai-68966786fb-jsb5d,2026-08-10T00:40:56.296000Z,1786322456.296,5837217792.0,bytes,,,5837217792.0,5566.8046875
whisper-stt,memory_working_set,whisper-stt,whisper-openai-68966786fb-jsb5d,2026-08-10T01:40:56.296000Z,1786326056.296,5837221888.0,bytes,,,5837221888.0,5566.80859375
whisper-stt,memory_working_set,whisper-stt,whisper-openai-68966786fb-jsb5d,2026-08-10T02:40:56.296000Z,1786329656.296,5837221888.0,bytes,,,5837221888.0,5566.80859375
whisper-stt,memory_working_set,whisper-stt,whisper-openai-68966786fb-jsb5d,2026-08-10T03:40:56.296000Z,1786333256.296,5836828672.0,bytes,,,5836828672.0,5566.43359375
whisper-stt,memory_working_set,whisper-stt,whisper-openai-68966786fb-jsb5d,2026-08-10T04:40:56.296000Z,1786336856.296,5836828672.0,bytes,,,5836828672.0,5566.43359375
whisper-stt,memory_working_set,whisper-stt,whisper-openai-68966786fb-jsb5d,2026-08-10T05:40:56.296000Z,1786340456.296,5836828672.0,bytes,,,5836828672.0,5566.43359375
whisper-stt,memory_working_set,whisper-stt,whisper-openai-68966786fb-jsb5d,2026-08-10T06:40:56.296000Z,1786344056.296,5836828672.0,bytes,,,5836828672.0,5566.43359375
whisper-stt,memory_working_set,whisper-stt,whisper-openai-68966786fb-jsb5d,2026-08-10T07:40:56.296000Z,1786347656.296,5836828672.0,bytes,,,5836828672.0,5566.43359375
whisper-stt,memory_working_set,whisper-stt,whisper-openai-68966786fb-jsb5d,2026-08-10T08:40:56.296000Z,1786351256.296,5836824576.0,bytes,,,5836824576.0,5566.4296875
whisper-stt,memory_working_set,whisper-stt,whisper-openai-68966786fb-jsb5d,2026-08-10T09:40:56.296000Z,1786354856.296,5836828672.0,bytes,,,5836828672.0,5566.43359375
whisper-stt,memory_working_set,whisper-stt,whisper-openai-68966786fb-jsb5d,2026-08-10T10:40:56.296000Z,1786358456.296,5836828672.0,bytes,,,5836828672.0,5566.43359375
whisper-stt,memory_working_set,whisper-stt,whisper-stt-5b884b75f4-hwczc,2026-08-08T19:40:56.296000Z,1786218056.296,2175877120.0,bytes,,,2175877120.0,2075.078125
whisper-stt,memory_working_set,whisper-stt,whisper-stt-847fd8d7b9-mp2kl,2026-08-08T20:40:56.296000Z,1786221656.296,2166865920.0,bytes,,,2166865920.0,2066.484375
whisper-stt,memory_working_set,whisper-stt,whisper-stt-847fd8d7b9-mp2kl,2026-08-08T21:40:56.296000Z,1786225256.296,2363383808.0,bytes,,,2363383808.0,2253.8984375
whisper-stt,memory_working_set,whisper-stt,whisper-stt-847fd8d7b9-mp2kl,2026-08-08T22:40:56.296000Z,1786228856.296,2430619648.0,bytes,,,2430619648.0,2318.01953125
whisper-stt,memory_working_set,whisper-stt,whisper-stt-847fd8d7b9-mp2kl,2026-08-08T23:40:56.296000Z,1786232456.296,2430623744.0,bytes,,,2430623744.0,2318.0234375
whisper-stt,memory_working_set,whisper-stt,whisper-stt-847fd8d7b9-mp2kl,2026-08-09T00:40:56.296000Z,1786236056.296,2430623744.0,bytes,,,2430623744.0,2318.0234375
whisper-stt,memory_working_set,whisper-stt,whisper-stt-847fd8d7b9-mp2kl,2026-08-09T01:40:56.296000Z,1786239656.296,2430619648.0,bytes,,,2430619648.0,2318.01953125
whisper-stt,memory_working_set,whisper-stt,whisper-stt-847fd8d7b9-mp2kl,2026-08-09T02:40:56.296000Z,1786243256.296,2432716800.0,bytes,,,2432716800.0,2320.01953125
whisper-stt,memory_working_set,whisper-stt,whisper-stt-847fd8d7b9-mp2kl,2026-08-09T03:40:56.296000Z,1786246856.296,2445275136.0,bytes,,,2445275136.0,2331.99609375
whisper-stt,memory_working_set,whisper-stt,whisper-stt-847fd8d7b9-mp2kl,2026-08-09T04:40:56.296000Z,1786250456.296,2445275136.0,bytes,,,2445275136.0,2331.99609375
whisper-stt,memory_working_set,whisper-stt,whisper-stt-847fd8d7b9-mp2kl,2026-08-09T05:40:56.296000Z,1786254056.296,2445275136.0,bytes,,,2445275136.0,2331.99609375
whisper-stt,memory_working_set,whisper-stt,whisper-stt-847fd8d7b9-mp2kl,2026-08-09T06:40:56.296000Z,1786257656.296,2445275136.0,bytes,,,2445275136.0,2331.99609375
whisper-stt,memory_working_set,whisper-stt,whisper-stt-847fd8d7b9-mp2kl,2026-08-09T07:40:56.296000Z,1786261256.296,2445275136.0,bytes,,,2445275136.0,2331.99609375
whisper-stt,memory_working_set,whisper-stt,whisper-stt-847fd8d7b9-mp2kl,2026-08-09T08:40:56.296000Z,1786264856.296,2445287424.0,bytes,,,2445287424.0,2332.0078125
whisper-stt,memory_working_set,whisper-stt,whisper-stt-847fd8d7b9-mp2kl,2026-08-09T09:40:56.296000Z,1786268456.296,2445291520.0,bytes,,,2445291520.0,2332.01171875
whisper-stt,memory_working_set,whisper-stt,whisper-stt-847fd8d7b9-mp2kl,2026-08-09T10:40:56.296000Z,1786272056.296,2445291520.0,bytes,,,2445291520.0,2332.01171875
whisper-stt,memory_working_set,whisper-stt,whisper-stt-847fd8d7b9-mp2kl,2026-08-09T11:40:56.296000Z,1786275656.296,2445287424.0,bytes,,,2445287424.0,2332.0078125
whisper-stt,memory_working_set,whisper-stt,whisper-stt-847fd8d7b9-mp2kl,2026-08-09T12:40:56.296000Z,1786279256.296,2445291520.0,bytes,,,2445291520.0,2332.01171875
whisper-stt,memory_working_set,whisper-stt,whisper-stt-847fd8d7b9-mp2kl,2026-08-09T13:40:56.296000Z,1786282856.296,2445291520.0,bytes,,,2445291520.0,2332.01171875
whisper-stt,memory_working_set,whisper-stt,whisper-stt-847fd8d7b9-mp2kl,2026-08-09T14:40:56.296000Z,1786286456.296,2445291520.0,bytes,,,2445291520.0,2332.01171875
whisper-stt,memory_working_set,whisper-stt,whisper-stt-847fd8d7b9-mp2kl,2026-08-09T15:40:56.296000Z,1786290056.296,2445291520.0,bytes,,,2445291520.0,2332.01171875
whisper-stt,memory_working_set,whisper-stt,whisper-stt-847fd8d7b9-mp2kl,2026-08-09T16:40:56.296000Z,1786293656.296,2445287424.0,bytes,,,2445287424.0,2332.0078125
whisper-stt,memory_working_set,whisper-stt,whisper-stt-847fd8d7b9-mp2kl,2026-08-09T17:40:56.296000Z,1786297256.296,2445291520.0,bytes,,,2445291520.0,2332.01171875
whisper-stt,memory_working_set,whisper-stt,whisper-stt-847fd8d7b9-mp2kl,2026-08-09T18:40:56.296000Z,1786300856.296,2445291520.0,bytes,,,2445291520.0,2332.01171875
whisper-stt,memory_working_set,whisper-stt,whisper-stt-847fd8d7b9-mp2kl,2026-08-09T19:40:56.296000Z,1786304456.296,2445291520.0,bytes,,,2445291520.0,2332.01171875
whisper-stt,memory_working_set,whisper-stt,whisper-stt-847fd8d7b9-mp2kl,2026-08-09T20:40:56.296000Z,1786308056.296,2445291520.0,bytes,,,2445291520.0,2332.01171875
whisper-stt,memory_working_set,whisper-stt,whisper-stt-847fd8d7b9-mp2kl,2026-08-09T21:40:56.296000Z,1786311656.296,2445291520.0,bytes,,,2445291520.0,2332.01171875
whisper-stt,memory_working_set,whisper-stt,whisper-stt-847fd8d7b9-mp2kl,2026-08-09T22:40:56.296000Z,1786315256.296,2445287424.0,bytes,,,2445287424.0,2332.0078125
whisper-stt,memory_working_set,whisper-stt,whisper-stt-847fd8d7b9-mp2kl,2026-08-09T23:40:56.296000Z,1786318856.296,2445291520.0,bytes,,,2445291520.0,2332.01171875
whisper-stt,memory_working_set,whisper-stt,whisper-stt-847fd8d7b9-mp2kl,2026-08-10T00:40:56.296000Z,1786322456.296,2445291520.0,bytes,,,2445291520.0,2332.01171875
whisper-stt,memory_working_set,whisper-stt,whisper-stt-847fd8d7b9-mp2kl,2026-08-10T01:40:56.296000Z,1786326056.296,2445287424.0,bytes,,,2445287424.0,2332.0078125
whisper-stt,memory_working_set,whisper-stt,whisper-stt-847fd8d7b9-mp2kl,2026-08-10T02:40:56.296000Z,1786329656.296,2445291520.0,bytes,,,2445291520.0,2332.01171875
whisper-stt,memory_working_set,whisper-stt,whisper-stt-847fd8d7b9-mp2kl,2026-08-10T03:40:56.296000Z,1786333256.296,2445291520.0,bytes,,,2445291520.0,2332.01171875
whisper-stt,memory_working_set,whisper-stt,whisper-stt-847fd8d7b9-mp2kl,2026-08-10T04:40:56.296000Z,1786336856.296,2445291520.0,bytes,,,2445291520.0,2332.01171875
whisper-stt,memory_working_set,whisper-stt,whisper-stt-847fd8d7b9-mp2kl,2026-08-10T05:40:56.296000Z,1786340456.296,2445287424.0,bytes,,,2445287424.0,2332.0078125
whisper-stt,memory_working_set,whisper-stt,whisper-stt-847fd8d7b9-mp2kl,2026-08-10T06:40:56.296000Z,1786344056.296,2445295616.0,bytes,,,2445295616.0,2332.015625
whisper-stt,memory_working_set,whisper-stt,whisper-stt-847fd8d7b9-mp2kl,2026-08-10T07:40:56.296000Z,1786347656.296,2445570048.0,bytes,,,2445570048.0,2332.27734375
whisper-stt,memory_working_set,whisper-stt,whisper-stt-847fd8d7b9-mp2kl,2026-08-10T08:40:56.296000Z,1786351256.296,2445299712.0,bytes,,,2445299712.0,2332.01953125
whisper-stt,memory_working_set,whisper-stt,whisper-stt-847fd8d7b9-mp2kl,2026-08-10T09:40:56.296000Z,1786354856.296,2445299712.0,bytes,,,2445299712.0,2332.01953125
whisper-stt,memory_working_set,whisper-stt,whisper-stt-847fd8d7b9-mp2kl,2026-08-10T10:40:56.296000Z,1786358456.296,2445299712.0,bytes,,,2445299712.0,2332.01953125
whisper-stt,memory_working_set,whisper-stt,whisper-stt-847fd8d7b9-v2rs5,2026-07-30T18:40:56.296000Z,1785436856.296,3250135040.0,bytes,,,3250135040.0,3099.5703125
whisper-stt,memory_working_set,whisper-stt,whisper-stt-847fd8d7b9-v2rs5,2026-07-30T19:40:56.296000Z,1785440456.296,3251126272.0,bytes,,,3251126272.0,3100.515625
whisper-stt,memory_working_set,whisper-stt,whisper-stt-847fd8d7b9-v2rs5,2026-07-30T20:40:56.296000Z,1785444056.296,3251122176.0,bytes,,,3251122176.0,3100.51171875
whisper-stt,memory_working_set,whisper-stt,whisper-stt-847fd8d7b9-v2rs5,2026-07-30T21:40:56.296000Z,1785447656.296,3251126272.0,bytes,,,3251126272.0,3100.515625
whisper-stt,memory_working_set,whisper-stt,whisper-stt-847fd8d7b9-v2rs5,2026-07-30T22:40:56.296000Z,1785451256.296,3251122176.0,bytes,,,3251122176.0,3100.51171875
whisper-stt,memory_working_set,whisper-stt,whisper-stt-847fd8d7b9-v2rs5,2026-07-30T23:40:56.296000Z,1785454856.296,3251122176.0,bytes,,,3251122176.0,3100.51171875
whisper-stt,memory_working_set,whisper-stt,whisper-stt-847fd8d7b9-v2rs5,2026-07-31T00:40:56.296000Z,1785458456.296,3251122176.0,bytes,,,3251122176.0,3100.51171875
whisper-stt,memory_working_set,whisper-stt,whisper-stt-847fd8d7b9-v2rs5,2026-07-31T01:40:56.296000Z,1785462056.296,3251126272.0,bytes,,,3251126272.0,3100.515625
whisper-stt,memory_working_set,whisper-stt,whisper-stt-847fd8d7b9-v2rs5,2026-07-31T02:40:56.296000Z,1785465656.296,3251122176.0,bytes,,,3251122176.0,3100.51171875
whisper-stt,memory_working_set,whisper-stt,whisper-stt-847fd8d7b9-v2rs5,2026-07-31T03:40:56.296000Z,1785469256.296,3251122176.0,bytes,,,3251122176.0,3100.51171875
whisper-stt,memory_working_set,whisper-stt,whisper-stt-847fd8d7b9-v2rs5,2026-07-31T04:40:56.296000Z,1785472856.296,3251126272.0,bytes,,,3251126272.0,3100.515625
whisper-stt,memory_working_set,whisper-stt,whisper-stt-847fd8d7b9-v2rs5,2026-07-31T05:40:56.296000Z,1785476456.296,3251122176.0,bytes,,,3251122176.0,3100.51171875
whisper-stt,memory_working_set,whisper-stt,whisper-stt-847fd8d7b9-v2rs5,2026-07-31T06:40:56.296000Z,1785480056.296,3251126272.0,bytes,,,3251126272.0,3100.515625
whisper-stt,memory_working_set,whisper-stt,whisper-stt-847fd8d7b9-v2rs5,2026-07-31T07:40:56.296000Z,1785483656.296,3251126272.0,bytes,,,3251126272.0,3100.515625
whisper-stt,memory_working_set,whisper-stt,whisper-stt-847fd8d7b9-v2rs5,2026-07-31T08:40:56.296000Z,1785487256.296,3251122176.0,bytes,,,3251122176.0,3100.51171875
whisper-stt,memory_working_set,whisper-stt,whisper-stt-847fd8d7b9-v2rs5,2026-07-31T09:40:56.296000Z,1785490856.296,3251122176.0,bytes,,,3251122176.0,3100.51171875
whisper-stt,memory_working_set,whisper-stt,whisper-stt-847fd8d7b9-v2rs5,2026-07-31T10:40:56.296000Z,1785494456.296,3251126272.0,bytes,,,3251126272.0,3100.515625
whisper-stt,memory_working_set,whisper-stt,whisper-stt-847fd8d7b9-v2rs5,2026-07-31T11:40:56.296000Z,1785498056.296,3251126272.0,bytes,,,3251126272.0,3100.515625
whisper-stt,memory_working_set,whisper-stt,whisper-stt-847fd8d7b9-v2rs5,2026-07-31T12:40:56.296000Z,1785501656.296,3251122176.0,bytes,,,3251122176.0,3100.51171875
whisper-stt,memory_working_set,whisper-stt,whisper-stt-847fd8d7b9-v2rs5,2026-07-31T13:40:56.296000Z,1785505256.296,3251126272.0,bytes,,,3251126272.0,3100.515625
whisper-stt,memory_working_set,whisper-stt,whisper-stt-847fd8d7b9-v2rs5,2026-07-31T14:40:56.296000Z,1785508856.296,3251122176.0,bytes,,,3251122176.0,3100.51171875
whisper-stt,memory_working_set,whisper-stt,whisper-stt-847fd8d7b9-v2rs5,2026-07-31T15:40:56.296000Z,1785512456.296,3251126272.0,bytes,,,3251126272.0,3100.515625
whisper-stt,memory_working_set,whisper-stt,whisper-stt-847fd8d7b9-v2rs5,2026-07-31T16:40:56.296000Z,1785516056.296,3251122176.0,bytes,,,3251122176.0,3100.51171875
whisper-stt,memory_working_set,whisper-stt,whisper-stt-847fd8d7b9-v2rs5,2026-07-31T17:40:56.296000Z,1785519656.296,3251126272.0,bytes,,,3251126272.0,3100.515625
whisper-stt,memory_working_set,whisper-stt,whisper-stt-847fd8d7b9-v2rs5,2026-07-31T18:40:56.296000Z,1785523256.296,3251126272.0,bytes,,,3251126272.0,3100.515625
whisper-stt,memory_working_set,whisper-stt,whisper-stt-847fd8d7b9-v2rs5,2026-07-31T19:40:56.296000Z,1785526856.296,3251122176.0,bytes,,,3251122176.0,3100.51171875
whisper-stt,memory_working_set,whisper-stt,whisper-stt-847fd8d7b9-v2rs5,2026-07-31T20:40:56.296000Z,1785530456.296,3251126272.0,bytes,,,3251126272.0,3100.515625
whisper-stt,memory_working_set,whisper-stt,whisper-stt-847fd8d7b9-v2rs5,2026-07-31T21:40:56.296000Z,1785534056.296,3251126272.0,bytes,,,3251126272.0,3100.515625
whisper-stt,memory_working_set,whisper-stt,whisper-stt-847fd8d7b9-v2rs5,2026-07-31T22:40:56.296000Z,1785537656.296,3251122176.0,bytes,,,3251122176.0,3100.51171875
whisper-stt,memory_working_set,whisper-stt,whisper-stt-847fd8d7b9-v2rs5,2026-07-31T23:40:56.296000Z,1785541256.296,3251126272.0,bytes,,,3251126272.0,3100.515625
whisper-stt,memory_working_set,whisper-stt,whisper-stt-847fd8d7b9-v2rs5,2026-08-01T00:40:56.296000Z,1785544856.296,3251126272.0,bytes,,,3251126272.0,3100.515625
whisper-stt,memory_working_set,whisper-stt,whisper-stt-847fd8d7b9-v2rs5,2026-08-01T01:40:56.296000Z,1785548456.296,3251122176.0,bytes,,,3251122176.0,3100.51171875
whisper-stt,memory_working_set,whisper-stt,whisper-stt-847fd8d7b9-v2rs5,2026-08-01T02:40:56.296000Z,1785552056.296,3251126272.0,bytes,,,3251126272.0,3100.515625
whisper-stt,memory_working_set,whisper-stt,whisper-stt-847fd8d7b9-v2rs5,2026-08-01T03:40:56.296000Z,1785555656.296,3251122176.0,bytes,,,3251122176.0,3100.51171875
whisper-stt,memory_working_set,whisper-stt,whisper-stt-847fd8d7b9-v2rs5,2026-08-01T04:40:56.296000Z,1785559256.296,3251126272.0,bytes,,,3251126272.0,3100.515625
whisper-stt,memory_working_set,whisper-stt,whisper-stt-847fd8d7b9-v2rs5,2026-08-01T05:40:56.296000Z,1785562856.296,3251126272.0,bytes,,,3251126272.0,3100.515625
whisper-stt,memory_working_set,whisper-stt,whisper-stt-847fd8d7b9-v2rs5,2026-08-01T06:40:56.296000Z,1785566456.296,3251126272.0,bytes,,,3251126272.0,3100.515625
whisper-stt,memory_working_set,whisper-stt,whisper-stt-847fd8d7b9-v2rs5,2026-08-01T07:40:56.296000Z,1785570056.296,3251122176.0,bytes,,,3251122176.0,3100.51171875
whisper-stt,memory_working_set,whisper-stt,whisper-stt-847fd8d7b9-v2rs5,2026-08-01T08:40:56.296000Z,1785573656.296,3251126272.0,bytes,,,3251126272.0,3100.515625
whisper-stt,memory_working_set,whisper-stt,whisper-stt-847fd8d7b9-v2rs5,2026-08-01T09:40:56.296000Z,1785577256.296,3251122176.0,bytes,,,3251122176.0,3100.51171875
whisper-stt,memory_working_set,whisper-stt,whisper-stt-847fd8d7b9-v2rs5,2026-08-01T10:40:56.296000Z,1785580856.296,3251122176.0,bytes,,,3251122176.0,3100.51171875
whisper-stt,memory_working_set,whisper-stt,whisper-stt-847fd8d7b9-v2rs5,2026-08-01T11:40:56.296000Z,1785584456.296,3251122176.0,bytes,,,3251122176.0,3100.51171875
whisper-stt,memory_working_set,whisper-stt,whisper-stt-847fd8d7b9-v2rs5,2026-08-01T12:40:56.296000Z,1785588056.296,3251126272.0,bytes,,,3251126272.0,3100.515625
whisper-stt,memory_working_set,whisper-stt,whisper-stt-847fd8d7b9-v2rs5,2026-08-01T13:40:56.296000Z,1785591656.296,3251126272.0,bytes,,,3251126272.0,3100.515625
whisper-stt,memory_working_set,whisper-stt,whisper-stt-847fd8d7b9-v2rs5,2026-08-01T14:40:56.296000Z,1785595256.296,3251126272.0,bytes,,,3251126272.0,3100.515625
whisper-stt,memory_working_set,whisper-stt,whisper-stt-847fd8d7b9-v2rs5,2026-08-01T15:40:56.296000Z,1785598856.296,3251122176.0,bytes,,,3251122176.0,3100.51171875
whisper-stt,memory_working_set,whisper-stt,whisper-stt-847fd8d7b9-v2rs5,2026-08-01T16:40:56.296000Z,1785602456.296,3251126272.0,bytes,,,3251126272.0,3100.515625
whisper-stt,memory_working_set,whisper-stt,whisper-stt-847fd8d7b9-v2rs5,2026-08-01T17:40:56.296000Z,1785606056.296,3251122176.0,bytes,,,3251122176.0,3100.51171875
whisper-stt,memory_working_set,whisper-stt,whisper-stt-847fd8d7b9-v2rs5,2026-08-01T18:40:56.296000Z,1785609656.296,3251122176.0,bytes,,,3251122176.0,3100.51171875
whisper-stt,memory_working_set,whisper-stt,whisper-stt-847fd8d7b9-v2rs5,2026-08-01T19:40:56.296000Z,1785613256.296,3251126272.0,bytes,,,3251126272.0,3100.515625
whisper-stt,memory_working_set,whisper-stt,whisper-stt-847fd8d7b9-v2rs5,2026-08-01T20:40:56.296000Z,1785616856.296,3251122176.0,bytes,,,3251122176.0,3100.51171875
whisper-stt,memory_working_set,whisper-stt,whisper-stt-847fd8d7b9-v2rs5,2026-08-01T21:40:56.296000Z,1785620456.296,3251126272.0,bytes,,,3251126272.0,3100.515625
whisper-stt,memory_working_set,whisper-stt,whisper-stt-847fd8d7b9-v2rs5,2026-08-01T22:40:56.296000Z,1785624056.296,3251122176.0,bytes,,,3251122176.0,3100.51171875
whisper-stt,memory_working_set,whisper-stt,whisper-stt-847fd8d7b9-v2rs5,2026-08-01T23:40:56.296000Z,1785627656.296,3251122176.0,bytes,,,3251122176.0,3100.51171875
whisper-stt,memory_working_set,whisper-stt,whisper-stt-847fd8d7b9-v2rs5,2026-08-02T00:40:56.296000Z,1785631256.296,3251122176.0,bytes,,,3251122176.0,3100.51171875
whisper-stt,memory_working_set,whisper-stt,whisper-stt-847fd8d7b9-v2rs5,2026-08-02T01:40:56.296000Z,1785634856.296,3251122176.0,bytes,,,3251122176.0,3100.51171875
whisper-stt,memory_working_set,whisper-stt,whisper-stt-847fd8d7b9-v2rs5,2026-08-02T02:40:56.296000Z,1785638456.296,3251126272.0,bytes,,,3251126272.0,3100.515625
whisper-stt,memory_working_set,whisper-stt,whisper-stt-847fd8d7b9-v2rs5,2026-08-02T03:40:56.296000Z,1785642056.296,3251122176.0,bytes,,,3251122176.0,3100.51171875
whisper-stt,memory_working_set,whisper-stt,whisper-stt-847fd8d7b9-v2rs5,2026-08-02T04:40:56.296000Z,1785645656.296,3251126272.0,bytes,,,3251126272.0,3100.515625
whisper-stt,memory_working_set,whisper-stt,whisper-stt-847fd8d7b9-v2rs5,2026-08-02T05:40:56.296000Z,1785649256.296,3251126272.0,bytes,,,3251126272.0,3100.515625
whisper-stt,memory_working_set,whisper-stt,whisper-stt-847fd8d7b9-v2rs5,2026-08-02T06:40:56.296000Z,1785652856.296,3251122176.0,bytes,,,3251122176.0,3100.51171875
whisper-stt,memory_working_set,whisper-stt,whisper-stt-847fd8d7b9-v2rs5,2026-08-02T07:40:56.296000Z,1785656456.296,3251122176.0,bytes,,,3251122176.0,3100.51171875
whisper-stt,memory_working_set,whisper-stt,whisper-stt-847fd8d7b9-v2rs5,2026-08-02T08:40:56.296000Z,1785660056.296,3251126272.0,bytes,,,3251126272.0,3100.515625
whisper-stt,memory_working_set,whisper-stt,whisper-stt-847fd8d7b9-v2rs5,2026-08-02T09:40:56.296000Z,1785663656.296,3251126272.0,bytes,,,3251126272.0,3100.515625
whisper-stt,memory_working_set,whisper-stt,whisper-stt-847fd8d7b9-v2rs5,2026-08-02T10:40:56.296000Z,1785667256.296,3251122176.0,bytes,,,3251122176.0,3100.51171875
whisper-stt,memory_working_set,whisper-stt,whisper-stt-847fd8d7b9-v2rs5,2026-08-02T11:40:56.296000Z,1785670856.296,3251126272.0,bytes,,,3251126272.0,3100.515625
whisper-stt,memory_working_set,whisper-stt,whisper-stt-847fd8d7b9-v2rs5,2026-08-02T12:40:56.296000Z,1785674456.296,3251126272.0,bytes,,,3251126272.0,3100.515625
whisper-stt,memory_working_set,whisper-stt,whisper-stt-847fd8d7b9-v2rs5,2026-08-02T13:40:56.296000Z,1785678056.296,3251122176.0,bytes,,,3251122176.0,3100.51171875
whisper-stt,memory_working_set,whisper-stt,whisper-stt-847fd8d7b9-v2rs5,2026-08-02T14:40:56.296000Z,1785681656.296,3251126272.0,bytes,,,3251126272.0,3100.515625
whisper-stt,memory_working_set,whisper-stt,whisper-stt-847fd8d7b9-v2rs5,2026-08-02T15:40:56.296000Z,1785685256.296,3251126272.0,bytes,,,3251126272.0,3100.515625
whisper-stt,memory_working_set,whisper-stt,whisper-stt-847fd8d7b9-v2rs5,2026-08-02T16:40:56.296000Z,1785688856.296,3251122176.0,bytes,,,3251122176.0,3100.51171875
whisper-stt,memory_working_set,whisper-stt,whisper-stt-847fd8d7b9-v2rs5,2026-08-02T17:40:56.296000Z,1785692456.296,3251126272.0,bytes,,,3251126272.0,3100.515625
whisper-stt,memory_working_set,whisper-stt,whisper-stt-847fd8d7b9-v2rs5,2026-08-02T18:40:56.296000Z,1785696056.296,3251122176.0,bytes,,,3251122176.0,3100.51171875
whisper-stt,memory_working_set,whisper-stt,whisper-stt-847fd8d7b9-v2rs5,2026-08-02T19:40:56.296000Z,1785699656.296,3251122176.0,bytes,,,3251122176.0,3100.51171875
whisper-stt,memory_working_set,whisper-stt,whisper-stt-847fd8d7b9-v2rs5,2026-08-02T20:40:56.296000Z,1785703256.296,3251122176.0,bytes,,,3251122176.0,3100.51171875
whisper-stt,memory_working_set,whisper-stt,whisper-stt-847fd8d7b9-v2rs5,2026-08-02T21:40:56.296000Z,1785706856.296,3251122176.0,bytes,,,3251122176.0,3100.51171875
whisper-stt,memory_working_set,whisper-stt,whisper-stt-847fd8d7b9-v2rs5,2026-08-02T22:40:56.296000Z,1785710456.296,3251126272.0,bytes,,,3251126272.0,3100.515625
whisper-stt,memory_working_set,whisper-stt,whisper-stt-847fd8d7b9-v2rs5,2026-08-02T23:40:56.296000Z,1785714056.296,3251126272.0,bytes,,,3251126272.0,3100.515625
whisper-stt,memory_working_set,whisper-stt,whisper-stt-847fd8d7b9-v2rs5,2026-08-03T00:40:56.296000Z,1785717656.296,3251122176.0,bytes,,,3251122176.0,3100.51171875
whisper-stt,memory_working_set,whisper-stt,whisper-stt-847fd8d7b9-v2rs5,2026-08-03T01:40:56.296000Z,1785721256.296,3251150848.0,bytes,,,3251150848.0,3100.5390625
whisper-stt,memory_working_set,whisper-stt,whisper-stt-847fd8d7b9-v2rs5,2026-08-03T02:40:56.296000Z,1785724856.296,3251126272.0,bytes,,,3251126272.0,3100.515625
whisper-stt,memory_working_set,whisper-stt,whisper-stt-847fd8d7b9-v2rs5,2026-08-03T03:40:56.296000Z,1785728456.296,3251122176.0,bytes,,,3251122176.0,3100.51171875
whisper-stt,memory_working_set,whisper-stt,whisper-stt-847fd8d7b9-v2rs5,2026-08-03T04:40:56.296000Z,1785732056.296,3251126272.0,bytes,,,3251126272.0,3100.515625
whisper-stt,memory_working_set,whisper-stt,whisper-stt-847fd8d7b9-v2rs5,2026-08-03T05:40:56.296000Z,1785735656.296,3251126272.0,bytes,,,3251126272.0,3100.515625
whisper-stt,memory_working_set,whisper-stt,whisper-stt-847fd8d7b9-v2rs5,2026-08-03T06:40:56.296000Z,1785739256.296,3251126272.0,bytes,,,3251126272.0,3100.515625
whisper-stt,memory_working_set,whisper-stt,whisper-stt-847fd8d7b9-v2rs5,2026-08-03T07:40:56.296000Z,1785742856.296,3251122176.0,bytes,,,3251122176.0,3100.51171875
whisper-stt,memory_working_set,whisper-stt,whisper-stt-847fd8d7b9-v2rs5,2026-08-03T08:40:56.296000Z,1785746456.296,3251126272.0,bytes,,,3251126272.0,3100.515625
whisper-stt,memory_working_set,whisper-stt,whisper-stt-847fd8d7b9-v2rs5,2026-08-03T09:40:56.296000Z,1785750056.296,3251122176.0,bytes,,,3251122176.0,3100.51171875
whisper-stt,memory_working_set,whisper-stt,whisper-stt-847fd8d7b9-v2rs5,2026-08-03T10:40:56.296000Z,1785753656.296,3251126272.0,bytes,,,3251126272.0,3100.515625
whisper-stt,memory_working_set,whisper-stt,whisper-stt-847fd8d7b9-v2rs5,2026-08-03T11:40:56.296000Z,1785757256.296,3251126272.0,bytes,,,3251126272.0,3100.515625
whisper-stt,memory_working_set,whisper-stt,whisper-stt-847fd8d7b9-v2rs5,2026-08-03T12:40:56.296000Z,1785760856.296,3251122176.0,bytes,,,3251122176.0,3100.51171875
whisper-stt,memory_working_set,whisper-stt,whisper-stt-847fd8d7b9-v2rs5,2026-08-03T13:40:56.296000Z,1785764456.296,3251126272.0,bytes,,,3251126272.0,3100.515625
whisper-stt,memory_working_set,whisper-stt,whisper-stt-847fd8d7b9-v2rs5,2026-08-03T14:40:56.296000Z,1785768056.296,3251126272.0,bytes,,,3251126272.0,3100.515625
whisper-stt,memory_working_set,whisper-stt,whisper-stt-847fd8d7b9-v2rs5,2026-08-03T15:40:56.296000Z,1785771656.296,3251126272.0,bytes,,,3251126272.0,3100.515625
whisper-stt,memory_working_set,whisper-stt,whisper-stt-847fd8d7b9-v2rs5,2026-08-03T16:40:56.296000Z,1785775256.296,3251130368.0,bytes,,,3251130368.0,3100.51953125
whisper-stt,memory_working_set,whisper-stt,whisper-stt-847fd8d7b9-v2rs5,2026-08-03T17:40:56.296000Z,1785778856.296,3251122176.0,bytes,,,3251122176.0,3100.51171875
whisper-stt,memory_working_set,whisper-stt,whisper-stt-847fd8d7b9-v2rs5,2026-08-03T18:40:56.296000Z,1785782456.296,3251126272.0,bytes,,,3251126272.0,3100.515625
whisper-stt,memory_working_set,whisper-stt,whisper-stt-847fd8d7b9-v2rs5,2026-08-03T19:40:56.296000Z,1785786056.296,3251126272.0,bytes,,,3251126272.0,3100.515625
whisper-stt,memory_working_set,whisper-stt,whisper-stt-847fd8d7b9-v2rs5,2026-08-03T20:40:56.296000Z,1785789656.296,3251126272.0,bytes,,,3251126272.0,3100.515625
whisper-stt,memory_working_set,whisper-stt,whisper-stt-847fd8d7b9-v2rs5,2026-08-03T21:40:56.296000Z,1785793256.296,3251126272.0,bytes,,,3251126272.0,3100.515625
whisper-stt,memory_working_set,whisper-stt,whisper-stt-847fd8d7b9-v2rs5,2026-08-03T22:40:56.296000Z,1785796856.296,3251126272.0,bytes,,,3251126272.0,3100.515625
whisper-stt,memory_working_set,whisper-stt,whisper-stt-847fd8d7b9-v2rs5,2026-08-03T23:40:56.296000Z,1785800456.296,3251122176.0,bytes,,,3251122176.0,3100.51171875
whisper-stt,memory_working_set,whisper-stt,whisper-stt-847fd8d7b9-v2rs5,2026-08-04T00:40:56.296000Z,1785804056.296,3251122176.0,bytes,,,3251122176.0,3100.51171875
whisper-stt,memory_working_set,whisper-stt,whisper-stt-847fd8d7b9-v2rs5,2026-08-04T01:40:56.296000Z,1785807656.296,3251126272.0,bytes,,,3251126272.0,3100.515625
whisper-stt,memory_working_set,whisper-stt,whisper-stt-847fd8d7b9-v2rs5,2026-08-04T02:40:56.296000Z,1785811256.296,3251126272.0,bytes,,,3251126272.0,3100.515625
whisper-stt,memory_working_set,whisper-stt,whisper-stt-847fd8d7b9-v2rs5,2026-08-04T03:40:56.296000Z,1785814856.296,3251126272.0,bytes,,,3251126272.0,3100.515625
whisper-stt,memory_working_set,whisper-stt,whisper-stt-847fd8d7b9-v2rs5,2026-08-04T04:40:56.296000Z,1785818456.296,3251122176.0,bytes,,,3251122176.0,3100.51171875
whisper-stt,memory_working_set,whisper-stt,whisper-stt-847fd8d7b9-v2rs5,2026-08-04T05:40:56.296000Z,1785822056.296,3251650560.0,bytes,,,3251650560.0,3101.015625
whisper-stt,memory_working_set,whisper-stt,whisper-stt-847fd8d7b9-v2rs5,2026-08-04T06:40:56.296000Z,1785825656.296,3251122176.0,bytes,,,3251122176.0,3100.51171875
whisper-stt,memory_working_set,whisper-stt,whisper-stt-847fd8d7b9-v2rs5,2026-08-04T07:40:56.296000Z,1785829256.296,3251367936.0,bytes,,,3251367936.0,3100.74609375
whisper-stt,memory_working_set,whisper-stt,whisper-stt-847fd8d7b9-v2rs5,2026-08-04T08:40:56.296000Z,1785832856.296,3251122176.0,bytes,,,3251122176.0,3100.51171875
whisper-stt,memory_working_set,whisper-stt,whisper-stt-847fd8d7b9-v2rs5,2026-08-04T09:40:56.296000Z,1785836456.296,3251126272.0,bytes,,,3251126272.0,3100.515625
whisper-stt,memory_working_set,whisper-stt,whisper-stt-847fd8d7b9-v2rs5,2026-08-04T10:40:56.296000Z,1785840056.296,3251126272.0,bytes,,,3251126272.0,3100.515625
whisper-stt,memory_working_set,whisper-stt,whisper-stt-847fd8d7b9-v2rs5,2026-08-04T11:40:56.296000Z,1785843656.296,3251126272.0,bytes,,,3251126272.0,3100.515625
whisper-stt,memory_working_set,whisper-stt,whisper-stt-847fd8d7b9-v2rs5,2026-08-04T12:40:56.296000Z,1785847256.296,3251126272.0,bytes,,,3251126272.0,3100.515625
whisper-stt,memory_working_set,whisper-stt,whisper-stt-847fd8d7b9-v2rs5,2026-08-04T13:40:56.296000Z,1785850856.296,3251126272.0,bytes,,,3251126272.0,3100.515625
whisper-stt,memory_working_set,whisper-stt,whisper-stt-847fd8d7b9-v2rs5,2026-08-04T14:40:56.296000Z,1785854456.296,3251126272.0,bytes,,,3251126272.0,3100.515625
whisper-stt,memory_working_set,whisper-stt,whisper-stt-847fd8d7b9-v2rs5,2026-08-04T15:40:56.296000Z,1785858056.296,3251126272.0,bytes,,,3251126272.0,3100.515625
whisper-stt,memory_working_set,whisper-stt,whisper-stt-847fd8d7b9-v2rs5,2026-08-04T16:40:56.296000Z,1785861656.296,3251122176.0,bytes,,,3251122176.0,3100.51171875
whisper-stt,memory_working_set,whisper-stt,whisper-stt-847fd8d7b9-v2rs5,2026-08-04T17:40:56.296000Z,1785865256.296,3262418944.0,bytes,,,3262418944.0,3111.28515625
whisper-stt,memory_working_set,whisper-stt,whisper-stt-847fd8d7b9-v2rs5,2026-08-04T18:40:56.296000Z,1785868856.296,3249102848.0,bytes,,,3249102848.0,3098.5859375
whisper-stt,memory_working_set,whisper-stt,whisper-stt-847fd8d7b9-v2rs5,2026-08-04T19:40:56.296000Z,1785872456.296,3249070080.0,bytes,,,3249070080.0,3098.5546875
whisper-stt,memory_working_set,whisper-stt,whisper-stt-847fd8d7b9-v2rs5,2026-08-04T20:40:56.296000Z,1785876056.296,3249070080.0,bytes,,,3249070080.0,3098.5546875
whisper-stt,memory_working_set,whisper-stt,whisper-stt-847fd8d7b9-v2rs5,2026-08-04T21:40:56.296000Z,1785879656.296,3249065984.0,bytes,,,3249065984.0,3098.55078125
whisper-stt,memory_working_set,whisper-stt,whisper-stt-847fd8d7b9-v2rs5,2026-08-04T22:40:56.296000Z,1785883256.296,3249070080.0,bytes,,,3249070080.0,3098.5546875
whisper-stt,memory_working_set,whisper-stt,whisper-stt-847fd8d7b9-v2rs5,2026-08-04T23:40:56.296000Z,1785886856.296,3249065984.0,bytes,,,3249065984.0,3098.55078125
whisper-stt,memory_working_set,whisper-stt,whisper-stt-847fd8d7b9-v2rs5,2026-08-05T00:40:56.296000Z,1785890456.296,3249307648.0,bytes,,,3249307648.0,3098.78125
whisper-stt,memory_working_set,whisper-stt,whisper-stt-847fd8d7b9-v2rs5,2026-08-05T01:40:56.296000Z,1785894056.296,3249065984.0,bytes,,,3249065984.0,3098.55078125
whisper-stt,memory_working_set,whisper-stt,whisper-stt-847fd8d7b9-v2rs5,2026-08-05T02:40:56.296000Z,1785897656.296,3249065984.0,bytes,,,3249065984.0,3098.55078125
whisper-stt,memory_working_set,whisper-stt,whisper-stt-847fd8d7b9-v2rs5,2026-08-05T03:40:56.296000Z,1785901256.296,3249065984.0,bytes,,,3249065984.0,3098.55078125
whisper-stt,memory_working_set,whisper-stt,whisper-stt-847fd8d7b9-v2rs5,2026-08-05T04:40:56.296000Z,1785904856.296,3249065984.0,bytes,,,3249065984.0,3098.55078125
whisper-stt,memory_working_set,whisper-stt,whisper-stt-847fd8d7b9-v2rs5,2026-08-05T05:40:56.296000Z,1785908456.296,3249065984.0,bytes,,,3249065984.0,3098.55078125
whisper-stt,memory_working_set,whisper-stt,whisper-stt-847fd8d7b9-v2rs5,2026-08-05T06:40:56.296000Z,1785912056.296,3249065984.0,bytes,,,3249065984.0,3098.55078125
whisper-stt,memory_working_set,whisper-stt,whisper-stt-847fd8d7b9-v2rs5,2026-08-05T07:40:56.296000Z,1785915656.296,3249065984.0,bytes,,,3249065984.0,3098.55078125
whisper-stt,memory_working_set,whisper-stt,whisper-stt-847fd8d7b9-v2rs5,2026-08-05T08:40:56.296000Z,1785919256.296,3249065984.0,bytes,,,3249065984.0,3098.55078125
whisper-stt,memory_working_set,whisper-stt,whisper-stt-847fd8d7b9-v2rs5,2026-08-05T09:40:56.296000Z,1785922856.296,3249065984.0,bytes,,,3249065984.0,3098.55078125
whisper-stt,memory_working_set,whisper-stt,whisper-stt-847fd8d7b9-v2rs5,2026-08-05T10:40:56.296000Z,1785926456.296,3249070080.0,bytes,,,3249070080.0,3098.5546875
whisper-stt,memory_working_set,whisper-stt,whisper-stt-847fd8d7b9-v2rs5,2026-08-05T11:40:56.296000Z,1785930056.296,3249094656.0,bytes,,,3249094656.0,3098.578125
whisper-stt,memory_working_set,whisper-stt,whisper-stt-847fd8d7b9-v2rs5,2026-08-05T12:40:56.296000Z,1785933656.296,3249065984.0,bytes,,,3249065984.0,3098.55078125
whisper-stt,memory_working_set,whisper-stt,whisper-stt-847fd8d7b9-v2rs5,2026-08-05T13:40:56.296000Z,1785937256.296,3248529408.0,bytes,,,3248529408.0,3098.0390625
whisper-stt,memory_working_set,whisper-stt,whisper-stt-847fd8d7b9-v2rs5,2026-08-05T14:40:56.296000Z,1785940856.296,3248496640.0,bytes,,,3248496640.0,3098.0078125
whisper-stt,memory_working_set,whisper-stt,whisper-stt-847fd8d7b9-v2rs5,2026-08-05T15:40:56.296000Z,1785944456.296,3248500736.0,bytes,,,3248500736.0,3098.01171875
whisper-stt,memory_working_set,whisper-stt,whisper-stt-847fd8d7b9-v2rs5,2026-08-05T16:40:56.296000Z,1785948056.296,3248525312.0,bytes,,,3248525312.0,3098.03515625
whisper-stt,memory_working_set,whisper-stt,whisper-stt-847fd8d7b9-v2rs5,2026-08-05T17:40:56.296000Z,1785951656.296,3248476160.0,bytes,,,3248476160.0,3097.98828125
whisper-stt,memory_working_set,whisper-stt,whisper-stt-847fd8d7b9-v2rs5,2026-08-05T18:40:56.296000Z,1785955256.296,3248476160.0,bytes,,,3248476160.0,3097.98828125
whisper-stt,memory_working_set,whisper-stt,whisper-stt-847fd8d7b9-v2rs5,2026-08-05T19:40:56.296000Z,1785958856.296,3248410624.0,bytes,,,3248410624.0,3097.92578125
whisper-stt,memory_working_set,whisper-stt,whisper-stt-847fd8d7b9-v2rs5,2026-08-05T20:40:56.296000Z,1785962456.296,3288637440.0,bytes,,,3288637440.0,3136.2890625
whisper-stt,memory_working_set,whisper-stt,whisper-stt-847fd8d7b9-v2rs5,2026-08-05T21:40:56.296000Z,1785966056.296,3288657920.0,bytes,,,3288657920.0,3136.30859375
whisper-stt,memory_working_set,whisper-stt,whisper-stt-847fd8d7b9-v2rs5,2026-08-05T22:40:56.296000Z,1785969656.296,3288641536.0,bytes,,,3288641536.0,3136.29296875
whisper-stt,memory_working_set,whisper-stt,whisper-stt-847fd8d7b9-v2rs5,2026-08-05T23:40:56.296000Z,1785973256.296,3288637440.0,bytes,,,3288637440.0,3136.2890625
whisper-stt,memory_working_set,whisper-stt,whisper-stt-847fd8d7b9-v2rs5,2026-08-06T00:40:56.296000Z,1785976856.296,3287683072.0,bytes,,,3287683072.0,3135.37890625
whisper-stt,memory_working_set,whisper-stt,whisper-stt-847fd8d7b9-v2rs5,2026-08-06T01:40:56.296000Z,1785980456.296,3543457792.0,bytes,,,3543457792.0,3379.3046875
whisper-stt,memory_working_set,whisper-stt,whisper-stt-847fd8d7b9-v2rs5,2026-08-06T02:40:56.296000Z,1785984056.296,3290107904.0,bytes,,,3290107904.0,3137.69140625
whisper-stt,memory_working_set,whisper-stt,whisper-stt-847fd8d7b9-v2rs5,2026-08-06T03:40:56.296000Z,1785987656.296,3289866240.0,bytes,,,3289866240.0,3137.4609375
whisper-stt,memory_working_set,whisper-stt,whisper-stt-847fd8d7b9-v2rs5,2026-08-06T04:40:56.296000Z,1785991256.296,3289866240.0,bytes,,,3289866240.0,3137.4609375
whisper-stt,memory_working_set,whisper-stt,whisper-stt-847fd8d7b9-v2rs5,2026-08-06T05:40:56.296000Z,1785994856.296,3289866240.0,bytes,,,3289866240.0,3137.4609375
whisper-stt,memory_working_set,whisper-stt,whisper-stt-847fd8d7b9-v2rs5,2026-08-06T06:40:56.296000Z,1785998456.296,3289866240.0,bytes,,,3289866240.0,3137.4609375
whisper-stt,memory_working_set,whisper-stt,whisper-stt-847fd8d7b9-v2rs5,2026-08-06T07:40:56.296000Z,1786002056.296,3289870336.0,bytes,,,3289870336.0,3137.46484375
whisper-stt,memory_working_set,whisper-stt,whisper-stt-847fd8d7b9-v2rs5,2026-08-06T08:40:56.296000Z,1786005656.296,3289870336.0,bytes,,,3289870336.0,3137.46484375
whisper-stt,memory_working_set,whisper-stt,whisper-stt-847fd8d7b9-v2rs5,2026-08-06T09:40:56.296000Z,1786009256.296,3289866240.0,bytes,,,3289866240.0,3137.4609375
whisper-stt,memory_working_set,whisper-stt,whisper-stt-847fd8d7b9-v2rs5,2026-08-06T10:40:56.296000Z,1786012856.296,3289870336.0,bytes,,,3289870336.0,3137.46484375
whisper-stt,memory_working_set,whisper-stt,whisper-stt-847fd8d7b9-v2rs5,2026-08-06T11:40:56.296000Z,1786016456.296,3289870336.0,bytes,,,3289870336.0,3137.46484375
whisper-stt,memory_working_set,whisper-stt,whisper-stt-847fd8d7b9-v2rs5,2026-08-06T12:40:56.296000Z,1786020056.296,3289866240.0,bytes,,,3289866240.0,3137.4609375
whisper-stt,memory_working_set,whisper-stt,whisper-stt-847fd8d7b9-v2rs5,2026-08-06T13:40:56.296000Z,1786023656.296,3289866240.0,bytes,,,3289866240.0,3137.4609375
whisper-stt,memory_working_set,whisper-stt,whisper-stt-847fd8d7b9-v2rs5,2026-08-06T14:40:56.296000Z,1786027256.296,3289866240.0,bytes,,,3289866240.0,3137.4609375
whisper-stt,memory_working_set,whisper-stt,whisper-stt-847fd8d7b9-v2rs5,2026-08-06T15:40:56.296000Z,1786030856.296,3289866240.0,bytes,,,3289866240.0,3137.4609375
whisper-stt,memory_working_set,whisper-stt,whisper-stt-847fd8d7b9-v2rs5,2026-08-06T16:40:56.296000Z,1786034456.296,3289866240.0,bytes,,,3289866240.0,3137.4609375
whisper-stt,memory_working_set,whisper-stt,whisper-stt-847fd8d7b9-v2rs5,2026-08-06T17:40:56.296000Z,1786038056.296,3289870336.0,bytes,,,3289870336.0,3137.46484375
whisper-stt,memory_working_set,whisper-stt,whisper-stt-847fd8d7b9-v2rs5,2026-08-06T18:40:56.296000Z,1786041656.296,3289866240.0,bytes,,,3289866240.0,3137.4609375
whisper-stt,memory_working_set,whisper-stt,whisper-stt-847fd8d7b9-v2rs5,2026-08-06T19:40:56.296000Z,1786045256.296,3289870336.0,bytes,,,3289870336.0,3137.46484375
whisper-stt,memory_working_set,whisper-stt,whisper-stt-847fd8d7b9-v2rs5,2026-08-06T20:40:56.296000Z,1786048856.296,3289870336.0,bytes,,,3289870336.0,3137.46484375
whisper-stt,memory_working_set,whisper-stt,whisper-stt-847fd8d7b9-v2rs5,2026-08-06T21:40:56.296000Z,1786052456.296,3289870336.0,bytes,,,3289870336.0,3137.46484375
whisper-stt,memory_working_set,whisper-stt,whisper-stt-847fd8d7b9-v2rs5,2026-08-06T22:40:56.296000Z,1786056056.296,3289870336.0,bytes,,,3289870336.0,3137.46484375
whisper-stt,memory_working_set,whisper-stt,whisper-stt-847fd8d7b9-v2rs5,2026-08-06T23:40:56.296000Z,1786059656.296,3289866240.0,bytes,,,3289866240.0,3137.4609375
whisper-stt,memory_working_set,whisper-stt,whisper-stt-847fd8d7b9-v2rs5,2026-08-07T00:40:56.296000Z,1786063256.296,3289870336.0,bytes,,,3289870336.0,3137.46484375
whisper-stt,memory_working_set,whisper-stt,whisper-stt-847fd8d7b9-v2rs5,2026-08-07T01:40:56.296000Z,1786066856.296,3290636288.0,bytes,,,3290636288.0,3138.1953125
whisper-stt,memory_working_set,whisper-stt,whisper-stt-847fd8d7b9-v2rs5,2026-08-07T02:40:56.296000Z,1786070456.296,3290632192.0,bytes,,,3290632192.0,3138.19140625
whisper-stt,memory_working_set,whisper-stt,whisper-stt-847fd8d7b9-v2rs5,2026-08-07T03:40:56.296000Z,1786074056.296,3290636288.0,bytes,,,3290636288.0,3138.1953125
whisper-stt,memory_working_set,whisper-stt,whisper-stt-847fd8d7b9-v2rs5,2026-08-07T04:40:56.296000Z,1786077656.296,3290648576.0,bytes,,,3290648576.0,3138.20703125
whisper-stt,memory_working_set,whisper-stt,whisper-stt-847fd8d7b9-v2rs5,2026-08-07T05:40:56.296000Z,1786081256.296,3290648576.0,bytes,,,3290648576.0,3138.20703125
whisper-stt,memory_working_set,whisper-stt,whisper-stt-847fd8d7b9-v2rs5,2026-08-07T06:40:56.296000Z,1786084856.296,3290652672.0,bytes,,,3290652672.0,3138.2109375
whisper-stt,memory_working_set,whisper-stt,whisper-stt-847fd8d7b9-v2rs5,2026-08-07T07:40:56.296000Z,1786088456.296,3290648576.0,bytes,,,3290648576.0,3138.20703125
whisper-stt,memory_working_set,whisper-stt,whisper-stt-847fd8d7b9-v2rs5,2026-08-07T08:40:56.296000Z,1786092056.296,3290652672.0,bytes,,,3290652672.0,3138.2109375
whisper-stt,memory_working_set,whisper-stt,whisper-stt-847fd8d7b9-v2rs5,2026-08-07T09:40:56.296000Z,1786095656.296,3290652672.0,bytes,,,3290652672.0,3138.2109375
whisper-stt,memory_working_set,whisper-stt,whisper-stt-847fd8d7b9-v2rs5,2026-08-07T10:40:56.296000Z,1786099256.296,3290652672.0,bytes,,,3290652672.0,3138.2109375
whisper-stt,memory_working_set,whisper-stt,whisper-stt-847fd8d7b9-v2rs5,2026-08-07T11:40:56.296000Z,1786102856.296,3290648576.0,bytes,,,3290648576.0,3138.20703125
whisper-stt,memory_working_set,whisper-stt,whisper-stt-847fd8d7b9-v2rs5,2026-08-07T12:40:56.296000Z,1786106456.296,3290648576.0,bytes,,,3290648576.0,3138.20703125
whisper-stt,memory_working_set,whisper-stt,whisper-stt-847fd8d7b9-v2rs5,2026-08-07T13:40:56.296000Z,1786110056.296,3290652672.0,bytes,,,3290652672.0,3138.2109375
whisper-stt,memory_working_set,whisper-stt,whisper-stt-847fd8d7b9-v2rs5,2026-08-07T14:40:56.296000Z,1786113656.296,3290652672.0,bytes,,,3290652672.0,3138.2109375
whisper-stt,memory_working_set,whisper-stt,whisper-stt-847fd8d7b9-v2rs5,2026-08-07T15:40:56.296000Z,1786117256.296,3290652672.0,bytes,,,3290652672.0,3138.2109375
whisper-stt,memory_working_set,whisper-stt,whisper-stt-847fd8d7b9-v2rs5,2026-08-07T16:40:56.296000Z,1786120856.296,3294150656.0,bytes,,,3294150656.0,3141.546875
whisper-stt,memory_working_set,whisper-stt,whisper-stt-847fd8d7b9-v2rs5,2026-08-07T17:40:56.296000Z,1786124456.296,3294138368.0,bytes,,,3294138368.0,3141.53515625
whisper-stt,memory_working_set,whisper-stt,whisper-stt-847fd8d7b9-v2rs5,2026-08-07T18:40:56.296000Z,1786128056.296,3294052352.0,bytes,,,3294052352.0,3141.453125
whisper-stt,memory_working_set,whisper-stt,whisper-stt-847fd8d7b9-v2rs5,2026-08-07T19:40:56.296000Z,1786131656.296,3294035968.0,bytes,,,3294035968.0,3141.4375
whisper-stt,memory_working_set,whisper-stt,whisper-stt-847fd8d7b9-v2rs5,2026-08-07T20:40:56.296000Z,1786135256.296,3292712960.0,bytes,,,3292712960.0,3140.17578125
whisper-stt,memory_working_set,whisper-stt,whisper-stt-847fd8d7b9-v2rs5,2026-08-07T21:40:56.296000Z,1786138856.296,3292717056.0,bytes,,,3292717056.0,3140.1796875
whisper-stt,memory_working_set,whisper-stt,whisper-stt-847fd8d7b9-v2rs5,2026-08-07T22:40:56.296000Z,1786142456.296,3292712960.0,bytes,,,3292712960.0,3140.17578125
whisper-stt,memory_working_set,whisper-stt,whisper-stt-847fd8d7b9-v2rs5,2026-08-07T23:40:56.296000Z,1786146056.296,3292704768.0,bytes,,,3292704768.0,3140.16796875
whisper-stt,memory_working_set,whisper-stt,whisper-stt-847fd8d7b9-v2rs5,2026-08-08T00:40:56.296000Z,1786149656.296,3292700672.0,bytes,,,3292700672.0,3140.1640625
whisper-stt,memory_working_set,whisper-stt,whisper-stt-847fd8d7b9-v2rs5,2026-08-08T01:40:56.296000Z,1786153256.296,3292700672.0,bytes,,,3292700672.0,3140.1640625
whisper-stt,memory_working_set,whisper-stt,whisper-stt-847fd8d7b9-v2rs5,2026-08-08T02:40:56.296000Z,1786156856.296,3292729344.0,bytes,,,3292729344.0,3140.19140625
whisper-stt,memory_working_set,whisper-stt,whisper-stt-847fd8d7b9-v2rs5,2026-08-08T03:40:56.296000Z,1786160456.296,3292479488.0,bytes,,,3292479488.0,3139.953125
whisper-stt,memory_working_set,whisper-stt,whisper-stt-847fd8d7b9-v2rs5,2026-08-08T04:40:56.296000Z,1786164056.296,3292483584.0,bytes,,,3292483584.0,3139.95703125
whisper-stt,memory_working_set,whisper-stt,whisper-stt-847fd8d7b9-v2rs5,2026-08-08T05:40:56.296000Z,1786167656.296,3292479488.0,bytes,,,3292479488.0,3139.953125
whisper-stt,memory_working_set,whisper-stt,whisper-stt-847fd8d7b9-v2rs5,2026-08-08T06:40:56.296000Z,1786171256.296,3292483584.0,bytes,,,3292483584.0,3139.95703125
whisper-stt,memory_working_set,whisper-stt,whisper-stt-847fd8d7b9-v2rs5,2026-08-08T07:40:56.296000Z,1786174856.296,3292479488.0,bytes,,,3292479488.0,3139.953125
whisper-stt,memory_working_set,whisper-stt,whisper-stt-847fd8d7b9-v2rs5,2026-08-08T08:40:56.296000Z,1786178456.296,3292479488.0,bytes,,,3292479488.0,3139.953125
whisper-stt,memory_working_set,whisper-stt,whisper-stt-847fd8d7b9-v2rs5,2026-08-08T09:40:56.296000Z,1786182056.296,3292479488.0,bytes,,,3292479488.0,3139.953125
whisper-stt,memory_working_set,whisper-stt,whisper-stt-847fd8d7b9-v2rs5,2026-08-08T10:40:56.296000Z,1786185656.296,3292479488.0,bytes,,,3292479488.0,3139.953125
whisper-stt,memory_working_set,whisper-stt,whisper-stt-847fd8d7b9-v2rs5,2026-08-08T11:40:56.296000Z,1786189256.296,3292479488.0,bytes,,,3292479488.0,3139.953125
whisper-stt,memory_working_set,whisper-stt,whisper-stt-847fd8d7b9-v2rs5,2026-08-08T12:40:56.296000Z,1786192856.296,3292471296.0,bytes,,,3292471296.0,3139.9453125
whisper-stt,memory_working_set,whisper-stt,whisper-stt-847fd8d7b9-v2rs5,2026-08-08T13:40:56.296000Z,1786196456.296,3292467200.0,bytes,,,3292467200.0,3139.94140625
whisper-stt,memory_working_set,whisper-stt,whisper-stt-847fd8d7b9-v2rs5,2026-08-08T14:40:56.296000Z,1786200056.296,3292467200.0,bytes,,,3292467200.0,3139.94140625
whisper-stt,memory_working_set,whisper-stt,whisper-stt-847fd8d7b9-v2rs5,2026-08-08T15:40:56.296000Z,1786203656.296,3292467200.0,bytes,,,3292467200.0,3139.94140625
whisper-stt,memory_working_set,whisper-stt,whisper-stt-847fd8d7b9-v2rs5,2026-08-08T16:40:56.296000Z,1786207256.296,3292467200.0,bytes,,,3292467200.0,3139.94140625
whisper-stt,memory_working_set,whisper-stt,whisper-stt-847fd8d7b9-v2rs5,2026-08-08T17:40:56.296000Z,1786210856.296,3292340224.0,bytes,,,3292340224.0,3139.8203125
whisper-stt,memory_working_set,whisper-stt,whisper-stt-847fd8d7b9-v2rs5,2026-08-08T18:40:56.296000Z,1786214456.296,3292344320.0,bytes,,,3292344320.0,3139.82421875
