service,metric,namespace,pod,timestamp,timestamp_unix,value,unit,cpu_cores,cpu_percent_of_one_core,memory_bytes,memory_mib
pbx-web,cpu_usage,pbx-web,lab-rebuild-relay-79957dbd4-xsqhl,2026-07-31T12:07:53.151000Z,1785499673.151,0.0003887231035024678,cores,0.0003887231035024678,0.03887231035024678,,
pbx-web,cpu_usage,pbx-web,lab-rebuild-relay-79957dbd4-xsqhl,2026-07-31T13:07:53.151000Z,1785503273.151,0.00040116258512546424,cores,0.00040116258512546424,0.040116258512546424,,
pbx-web,cpu_usage,pbx-web,lab-rebuild-relay-79957dbd4-xsqhl,2026-07-31T14:07:53.151000Z,1785506873.151,0.0003810140415125966,cores,0.0003810140415125966,0.038101404151259656,,
pbx-web,cpu_usage,pbx-web,lab-rebuild-relay-79957dbd4-xsqhl,2026-07-31T15:07:53.151000Z,1785510473.151,0.0004071411479520125,cores,0.0004071411479520125,0.04071411479520125,,
pbx-web,cpu_usage,pbx-web,lab-rebuild-relay-79957dbd4-xsqhl,2026-07-31T16:07:53.151000Z,1785514073.151,0.00041244676148439807,cores,0.00041244676148439807,0.04124467614843981,,
pbx-web,cpu_usage,pbx-web,lab-rebuild-relay-79957dbd4-xsqhl,2026-07-31T17:07:53.151000Z,1785517673.151,0.0004068205090638861,cores,0.0004068205090638861,0.040682050906388614,,
pbx-web,cpu_usage,pbx-web,lab-rebuild-relay-79957dbd4-xsqhl,2026-07-31T18:07:53.151000Z,1785521273.151,0.0004027073975475085,cores,0.0004027073975475085,0.04027073975475085,,
pbx-web,cpu_usage,pbx-web,lab-rebuild-relay-79957dbd4-xsqhl,2026-07-31T19:07:53.151000Z,1785524873.151,0.00040663176265273764,cores,0.00040663176265273764,0.040663176265273764,,
pbx-web,cpu_usage,pbx-web,lab-rebuild-relay-79957dbd4-xsqhl,2026-07-31T20:07:53.151000Z,1785528473.151,0.0004117819228610424,cores,0.0004117819228610424,0.04117819228610424,,
pbx-web,cpu_usage,pbx-web,lab-rebuild-relay-79957dbd4-xsqhl,2026-07-31T21:07:53.151000Z,1785532073.151,0.000412196503125159,cores,0.000412196503125159,0.0412196503125159,,
pbx-web,cpu_usage,pbx-web,lab-rebuild-relay-79957dbd4-xsqhl,2026-07-31T22:07:53.151000Z,1785535673.151,0.000421937358096828,cores,0.000421937358096828,0.0421937358096828,,
pbx-web,cpu_usage,pbx-web,lab-rebuild-relay-79957dbd4-xsqhl,2026-07-31T23:07:53.151000Z,1785539273.151,0.000400908063034382,cores,0.000400908063034382,0.040090806303438205,,
pbx-web,cpu_usage,pbx-web,lab-rebuild-relay-79957dbd4-xsqhl,2026-08-01T00:07:53.151000Z,1785542873.151,0.000391638135987584,cores,0.000391638135987584,0.0391638135987584,,
pbx-web,cpu_usage,pbx-web,lab-rebuild-relay-79957dbd4-xsqhl,2026-08-01T01:07:53.151000Z,1785546473.151,0.00040410291016448245,cores,0.00040410291016448245,0.040410291016448247,,
pbx-web,cpu_usage,pbx-web,lab-rebuild-relay-79957dbd4-xsqhl,2026-08-01T02:07:53.151000Z,1785550073.151,0.0003977308302285295,cores,0.0003977308302285295,0.03977308302285295,,
pbx-web,cpu_usage,pbx-web,lab-rebuild-relay-79957dbd4-xsqhl,2026-08-01T03:07:53.151000Z,1785553673.151,0.00039504718214364396,cores,0.00039504718214364396,0.039504718214364395,,
pbx-web,cpu_usage,pbx-web,lab-rebuild-relay-79957dbd4-xsqhl,2026-08-01T04:07:53.151000Z,1785557273.151,0.0004155118755699684,cores,0.0004155118755699684,0.04155118755699684,,
pbx-web,cpu_usage,pbx-web,lab-rebuild-relay-79957dbd4-xsqhl,2026-08-01T05:07:53.151000Z,1785560873.151,0.000408222734742905,cores,0.000408222734742905,0.0408222734742905,,
pbx-web,cpu_usage,pbx-web,lab-rebuild-relay-79957dbd4-xsqhl,2026-08-01T06:07:53.151000Z,1785564473.151,0.00037756705176106455,cores,0.00037756705176106455,0.03775670517610646,,
pbx-web,cpu_usage,pbx-web,lab-rebuild-relay-79957dbd4-xsqhl,2026-08-01T07:07:53.151000Z,1785568073.151,0.00037350555431956637,cores,0.00037350555431956637,0.03735055543195664,,
pbx-web,cpu_usage,pbx-web,lab-rebuild-relay-79957dbd4-xsqhl,2026-08-01T08:07:53.151000Z,1785571673.151,0.00037995746866211215,cores,0.00037995746866211215,0.03799574686621122,,
pbx-web,cpu_usage,pbx-web,lab-rebuild-relay-79957dbd4-xsqhl,2026-08-01T09:07:53.151000Z,1785575273.151,0.0003944532532588911,cores,0.0003944532532588911,0.03944532532588911,,
pbx-web,cpu_usage,pbx-web,lab-rebuild-relay-79957dbd4-xsqhl,2026-08-01T10:07:53.151000Z,1785578873.151,0.00039375097210243707,cores,0.00039375097210243707,0.03937509721024371,,
pbx-web,cpu_usage,pbx-web,lab-rebuild-relay-79957dbd4-xsqhl,2026-08-01T11:07:53.151000Z,1785582473.151,0.0004037477500415296,cores,0.0004037477500415296,0.040374775004152964,,
pbx-web,cpu_usage,pbx-web,lab-rebuild-relay-79957dbd4-xsqhl,2026-08-01T12:07:53.151000Z,1785586073.151,0.0003932205137016044,cores,0.0003932205137016044,0.03932205137016044,,
pbx-web,cpu_usage,pbx-web,lab-rebuild-relay-79957dbd4-xsqhl,2026-08-01T13:07:53.151000Z,1785589673.151,0.0003679923646365066,cores,0.0003679923646365066,0.03679923646365066,,
pbx-web,cpu_usage,pbx-web,lab-rebuild-relay-79957dbd4-xsqhl,2026-08-01T14:07:53.151000Z,1785593273.151,0.000389762984839933,cores,0.000389762984839933,0.0389762984839933,,
pbx-web,cpu_usage,pbx-web,lab-rebuild-relay-79957dbd4-xsqhl,2026-08-01T15:07:53.151000Z,1785596873.151,0.0003850652253502919,cores,0.0003850652253502919,0.03850652253502919,,
pbx-web,cpu_usage,pbx-web,lab-rebuild-relay-79957dbd4-xsqhl,2026-08-01T16:07:53.151000Z,1785600473.151,0.00042691186237217625,cores,0.00042691186237217625,0.042691186237217627,,
pbx-web,cpu_usage,pbx-web,lab-rebuild-relay-79957dbd4-xsqhl,2026-08-01T17:07:53.151000Z,1785604073.151,0.0004265628753049208,cores,0.0004265628753049208,0.04265628753049208,,
pbx-web,cpu_usage,pbx-web,lab-rebuild-relay-79957dbd4-xsqhl,2026-08-01T18:07:53.151000Z,1785607673.151,0.00041053319670683564,cores,0.00041053319670683564,0.04105331967068356,,
pbx-web,cpu_usage,pbx-web,lab-rebuild-relay-79957dbd4-xsqhl,2026-08-01T19:07:53.151000Z,1785611273.151,0.00040843317419907767,cores,0.00040843317419907767,0.040843317419907765,,
pbx-web,cpu_usage,pbx-web,lab-rebuild-relay-79957dbd4-xsqhl,2026-08-01T20:07:53.151000Z,1785614873.151,0.00041649480825632743,cores,0.00041649480825632743,0.041649480825632745,,
pbx-web,cpu_usage,pbx-web,lab-rebuild-relay-79957dbd4-xsqhl,2026-08-01T21:07:53.151000Z,1785618473.151,0.00040098497185795014,cores,0.00040098497185795014,0.040098497185795015,,
pbx-web,cpu_usage,pbx-web,lab-rebuild-relay-79957dbd4-xsqhl,2026-08-01T22:07:53.151000Z,1785622073.151,0.0003716221555672219,cores,0.0003716221555672219,0.037162215556722195,,
pbx-web,cpu_usage,pbx-web,lab-rebuild-relay-79957dbd4-xsqhl,2026-08-01T23:07:53.151000Z,1785625673.151,0.00037864336409795254,cores,0.00037864336409795254,0.03786433640979525,,
pbx-web,cpu_usage,pbx-web,lab-rebuild-relay-79957dbd4-xsqhl,2026-08-02T00:07:53.151000Z,1785629273.151,0.0004196433078759201,cores,0.0004196433078759201,0.041964330787592014,,
pbx-web,cpu_usage,pbx-web,lab-rebuild-relay-79957dbd4-xsqhl,2026-08-02T01:07:53.151000Z,1785632873.151,0.0003940904952465332,cores,0.0003940904952465332,0.03940904952465332,,
pbx-web,cpu_usage,pbx-web,lab-rebuild-relay-79957dbd4-xsqhl,2026-08-02T02:07:53.151000Z,1785636473.151,0.00038492713644643615,cores,0.00038492713644643615,0.038492713644643614,,
pbx-web,cpu_usage,pbx-web,lab-rebuild-relay-79957dbd4-xsqhl,2026-08-02T03:07:53.151000Z,1785640073.151,0.00037548232871936863,cores,0.00037548232871936863,0.037548232871936864,,
pbx-web,cpu_usage,pbx-web,lab-rebuild-relay-79957dbd4-xsqhl,2026-08-02T04:07:53.151000Z,1785643673.151,0.0003992169389234458,cores,0.0003992169389234458,0.03992169389234458,,
pbx-web,cpu_usage,pbx-web,lab-rebuild-relay-79957dbd4-xsqhl,2026-08-02T05:07:53.151000Z,1785647273.151,0.0003942007359299559,cores,0.0003942007359299559,0.03942007359299559,,
pbx-web,cpu_usage,pbx-web,lab-rebuild-relay-79957dbd4-xsqhl,2026-08-02T06:07:53.151000Z,1785650873.151,0.00039741956036952,cores,0.00039741956036952,0.039741956036952,,
pbx-web,cpu_usage,pbx-web,lab-rebuild-relay-79957dbd4-xsqhl,2026-08-02T07:07:53.151000Z,1785654473.151,0.0004139201665707841,cores,0.0004139201665707841,0.04139201665707841,,
pbx-web,cpu_usage,pbx-web,lab-rebuild-relay-79957dbd4-xsqhl,2026-08-02T08:07:53.151000Z,1785658073.151,0.0003929280710936409,cores,0.0003929280710936409,0.03929280710936409,,
pbx-web,cpu_usage,pbx-web,lab-rebuild-relay-79957dbd4-xsqhl,2026-08-02T09:07:53.151000Z,1785661673.151,0.0004140847653715135,cores,0.0004140847653715135,0.04140847653715135,,
pbx-web,cpu_usage,pbx-web,lab-rebuild-relay-79957dbd4-xsqhl,2026-08-02T10:07:53.151000Z,1785665273.151,0.00040507283121351997,cores,0.00040507283121351997,0.040507283121351996,,
pbx-web,cpu_usage,pbx-web,lab-rebuild-relay-79957dbd4-xsqhl,2026-08-02T11:07:53.151000Z,1785668873.151,0.00041000704023547575,cores,0.00041000704023547575,0.04100070402354757,,
pbx-web,cpu_usage,pbx-web,lab-rebuild-relay-79957dbd4-xsqhl,2026-08-02T12:07:53.151000Z,1785672473.151,0.0003846819995060878,cores,0.0003846819995060878,0.03846819995060878,,
pbx-web,cpu_usage,pbx-web,lab-rebuild-relay-79957dbd4-xsqhl,2026-08-02T13:07:53.151000Z,1785676073.151,0.00040286388092583905,cores,0.00040286388092583905,0.040286388092583905,,
pbx-web,cpu_usage,pbx-web,lab-rebuild-relay-79957dbd4-xsqhl,2026-08-02T14:07:53.151000Z,1785679673.151,0.0003742399345493622,cores,0.0003742399345493622,0.03742399345493622,,
pbx-web,cpu_usage,pbx-web,lab-rebuild-relay-79957dbd4-xsqhl,2026-08-02T15:07:53.151000Z,1785683273.151,0.0003832725470062088,cores,0.0003832725470062088,0.03832725470062088,,
pbx-web,cpu_usage,pbx-web,lab-rebuild-relay-79957dbd4-xsqhl,2026-08-02T16:07:53.151000Z,1785686873.151,0.00038812776044063087,cores,0.00038812776044063087,0.03881277604406309,,
pbx-web,cpu_usage,pbx-web,lab-rebuild-relay-79957dbd4-xsqhl,2026-08-02T17:07:53.151000Z,1785690473.151,0.0003922888352140169,cores,0.0003922888352140169,0.03922888352140169,,
pbx-web,cpu_usage,pbx-web,lab-rebuild-relay-79957dbd4-xsqhl,2026-08-02T18:07:53.151000Z,1785694073.151,0.0004409047632189097,cores,0.0004409047632189097,0.044090476321890976,,
pbx-web,cpu_usage,pbx-web,lab-rebuild-relay-79957dbd4-xsqhl,2026-08-02T19:07:53.151000Z,1785697673.151,0.0004104400004348005,cores,0.0004104400004348005,0.04104400004348005,,
pbx-web,cpu_usage,pbx-web,lab-rebuild-relay-79957dbd4-xsqhl,2026-08-02T20:07:53.151000Z,1785701273.151,0.0004136786489225701,cores,0.0004136786489225701,0.04136786489225701,,
pbx-web,cpu_usage,pbx-web,lab-rebuild-relay-79957dbd4-xsqhl,2026-08-02T21:07:53.151000Z,1785704873.151,0.0003849110750824527,cores,0.0003849110750824527,0.03849110750824527,,
pbx-web,cpu_usage,pbx-web,lab-rebuild-relay-79957dbd4-xsqhl,2026-08-02T22:07:53.151000Z,1785708473.151,0.0003917702951222037,cores,0.0003917702951222037,0.03917702951222037,,
pbx-web,cpu_usage,pbx-web,lab-rebuild-relay-79957dbd4-xsqhl,2026-08-02T23:07:53.151000Z,1785712073.151,0.0004043866390372212,cores,0.0004043866390372212,0.040438663903722125,,
pbx-web,cpu_usage,pbx-web,lab-rebuild-relay-79957dbd4-xsqhl,2026-08-03T00:07:53.151000Z,1785715673.151,0.00041927866640435193,cores,0.00041927866640435193,0.04192786664043519,,
pbx-web,cpu_usage,pbx-web,lab-rebuild-relay-79957dbd4-xsqhl,2026-08-03T01:07:53.151000Z,1785719273.151,0.00039232830692351953,cores,0.00039232830692351953,0.03923283069235195,,
pbx-web,cpu_usage,pbx-web,lab-rebuild-relay-79957dbd4-xsqhl,2026-08-03T02:07:53.151000Z,1785722873.151,0.0004047647678802292,cores,0.0004047647678802292,0.04047647678802292,,
pbx-web,cpu_usage,pbx-web,lab-rebuild-relay-79957dbd4-xsqhl,2026-08-03T03:07:53.151000Z,1785726473.151,0.0004120053422125863,cores,0.0004120053422125863,0.041200534221258626,,
pbx-web,cpu_usage,pbx-web,lab-rebuild-relay-79957dbd4-xsqhl,2026-08-03T04:07:53.151000Z,1785730073.151,0.00039139803692538137,cores,0.00039139803692538137,0.03913980369253814,,
pbx-web,cpu_usage,pbx-web,lab-rebuild-relay-79957dbd4-xsqhl,2026-08-03T05:07:53.151000Z,1785733673.151,0.0003932154517491648,cores,0.0003932154517491648,0.039321545174916483,,
pbx-web,cpu_usage,pbx-web,lab-rebuild-relay-79957dbd4-xsqhl,2026-08-03T06:07:53.151000Z,1785737273.151,0.0004076155011590906,cores,0.0004076155011590906,0.04076155011590906,,
pbx-web,cpu_usage,pbx-web,lab-rebuild-relay-79957dbd4-xsqhl,2026-08-03T07:07:53.151000Z,1785740873.151,0.00040920985957526075,cores,0.00040920985957526075,0.04092098595752607,,
pbx-web,cpu_usage,pbx-web,lab-rebuild-relay-79957dbd4-xsqhl,2026-08-03T08:07:53.151000Z,1785744473.151,0.00040850874900192784,cores,0.00040850874900192784,0.040850874900192784,,
pbx-web,cpu_usage,pbx-web,lab-rebuild-relay-79957dbd4-xsqhl,2026-08-03T09:07:53.151000Z,1785748073.151,0.0004039287197356857,cores,0.0004039287197356857,0.04039287197356857,,
pbx-web,cpu_usage,pbx-web,lab-rebuild-relay-79957dbd4-xsqhl,2026-08-03T10:07:53.151000Z,1785751673.151,0.0003916679421709772,cores,0.0003916679421709772,0.03916679421709772,,
pbx-web,cpu_usage,pbx-web,lab-rebuild-relay-79957dbd4-xsqhl,2026-08-03T11:07:53.151000Z,1785755273.151,0.0003775986408464795,cores,0.0003775986408464795,0.03775986408464795,,
pbx-web,cpu_usage,pbx-web,lab-rebuild-relay-79957dbd4-xsqhl,2026-08-03T12:07:53.151000Z,1785758873.151,0.00039272514101465353,cores,0.00039272514101465353,0.03927251410146535,,
pbx-web,cpu_usage,pbx-web,lab-rebuild-relay-79957dbd4-xsqhl,2026-08-03T13:07:53.151000Z,1785762473.151,0.0003966906099274642,cores,0.0003966906099274642,0.03966906099274642,,
pbx-web,cpu_usage,pbx-web,lab-rebuild-relay-79957dbd4-xsqhl,2026-08-03T14:07:53.151000Z,1785766073.151,0.0004164439706401856,cores,0.0004164439706401856,0.04164439706401856,,
pbx-web,cpu_usage,pbx-web,lab-rebuild-relay-79957dbd4-xsqhl,2026-08-03T15:07:53.151000Z,1785769673.151,0.0003613311229814988,cores,0.0003613311229814988,0.03613311229814988,,
pbx-web,cpu_usage,pbx-web,lab-rebuild-relay-79957dbd4-xsqhl,2026-08-03T16:07:53.151000Z,1785773273.151,0.00042455611449008216,cores,0.00042455611449008216,0.04245561144900822,,
pbx-web,cpu_usage,pbx-web,lab-rebuild-relay-79957dbd4-xsqhl,2026-08-03T17:07:53.151000Z,1785776873.151,0.0003972570873045002,cores,0.0003972570873045002,0.03972570873045002,,
pbx-web,cpu_usage,pbx-web,lab-rebuild-relay-79957dbd4-xsqhl,2026-08-03T18:07:53.151000Z,1785780473.151,0.00038601889754957315,cores,0.00038601889754957315,0.03860188975495731,,
pbx-web,cpu_usage,pbx-web,lab-rebuild-relay-79957dbd4-xsqhl,2026-08-03T19:07:53.151000Z,1785784073.151,0.0004066681549902816,cores,0.0004066681549902816,0.04066681549902816,,
pbx-web,cpu_usage,pbx-web,lab-rebuild-relay-79957dbd4-xsqhl,2026-08-03T20:07:53.151000Z,1785787673.151,0.00038337157177656845,cores,0.00038337157177656845,0.038337157177656844,,
pbx-web,cpu_usage,pbx-web,lab-rebuild-relay-79957dbd4-xsqhl,2026-08-03T21:07:53.151000Z,1785791273.151,0.0003929436241423986,cores,0.0003929436241423986,0.039294362414239864,,
pbx-web,cpu_usage,pbx-web,lab-rebuild-relay-79957dbd4-xsqhl,2026-08-03T22:07:53.151000Z,1785794873.151,0.00038060218984586257,cores,0.00038060218984586257,0.03806021898458626,,
pbx-web,cpu_usage,pbx-web,lab-rebuild-relay-79957dbd4-xsqhl,2026-08-03T23:07:53.151000Z,1785798473.151,0.00037709453788045715,cores,0.00037709453788045715,0.037709453788045716,,
pbx-web,cpu_usage,pbx-web,lab-rebuild-relay-79957dbd4-xsqhl,2026-08-04T00:07:53.151000Z,1785802073.151,0.0004063260783335353,cores,0.0004063260783335353,0.040632607833353526,,
pbx-web,cpu_usage,pbx-web,lab-rebuild-relay-79957dbd4-xsqhl,2026-08-04T01:07:53.151000Z,1785805673.151,0.0004097501400882045,cores,0.0004097501400882045,0.04097501400882045,,
pbx-web,cpu_usage,pbx-web,lab-rebuild-relay-79957dbd4-xsqhl,2026-08-04T02:07:53.151000Z,1785809273.151,0.00040159779787556673,cores,0.00040159779787556673,0.04015977978755667,,
pbx-web,cpu_usage,pbx-web,lab-rebuild-relay-79957dbd4-xsqhl,2026-08-04T03:07:53.151000Z,1785812873.151,0.000394079736724843,cores,0.000394079736724843,0.0394079736724843,,
pbx-web,cpu_usage,pbx-web,lab-rebuild-relay-79957dbd4-xsqhl,2026-08-04T04:07:53.151000Z,1785816473.151,0.00039191723784066625,cores,0.00039191723784066625,0.03919172378406662,,
pbx-web,cpu_usage,pbx-web,lab-rebuild-relay-79957dbd4-xsqhl,2026-08-04T05:07:53.151000Z,1785820073.151,0.0003774353658369265,cores,0.0003774353658369265,0.037743536583692644,,
pbx-web,cpu_usage,pbx-web,lab-rebuild-relay-79957dbd4-xsqhl,2026-08-04T06:07:53.151000Z,1785823673.151,0.0004041741742776902,cores,0.0004041741742776902,0.04041741742776902,,
pbx-web,cpu_usage,pbx-web,lab-rebuild-relay-79957dbd4-xsqhl,2026-08-04T07:07:53.151000Z,1785827273.151,0.00038726475714325446,cores,0.00038726475714325446,0.03872647571432545,,
pbx-web,cpu_usage,pbx-web,lab-rebuild-relay-79957dbd4-xsqhl,2026-08-04T08:07:53.151000Z,1785830873.151,0.0003998370445094321,cores,0.0003998370445094321,0.03998370445094321,,
pbx-web,cpu_usage,pbx-web,lab-rebuild-relay-79957dbd4-xsqhl,2026-08-04T09:07:53.151000Z,1785834473.151,0.00042935859049079137,cores,0.00042935859049079137,0.042935859049079136,,
pbx-web,cpu_usage,pbx-web,lab-rebuild-relay-79957dbd4-xsqhl,2026-08-04T10:07:53.151000Z,1785838073.151,0.0003963843368732284,cores,0.0003963843368732284,0.03963843368732284,,
pbx-web,cpu_usage,pbx-web,lab-rebuild-relay-79957dbd4-xsqhl,2026-08-04T11:07:53.151000Z,1785841673.151,0.00039209469456772246,cores,0.00039209469456772246,0.03920946945677225,,
pbx-web,cpu_usage,pbx-web,lab-rebuild-relay-79957dbd4-xsqhl,2026-08-04T12:07:53.151000Z,1785845273.151,0.0004013204040754461,cores,0.0004013204040754461,0.04013204040754461,,
pbx-web,cpu_usage,pbx-web,lab-rebuild-relay-79957dbd4-xsqhl,2026-08-04T13:07:53.151000Z,1785848873.151,0.00040023844541746195,cores,0.00040023844541746195,0.04002384454174619,,
pbx-web,cpu_usage,pbx-web,lab-rebuild-relay-79957dbd4-xsqhl,2026-08-04T14:07:53.151000Z,1785852473.151,0.0003819586497831196,cores,0.0003819586497831196,0.03819586497831196,,
pbx-web,cpu_usage,pbx-web,lab-rebuild-relay-79957dbd4-xsqhl,2026-08-04T15:07:53.151000Z,1785856073.151,0.00040649465443211736,cores,0.00040649465443211736,0.040649465443211734,,
pbx-web,cpu_usage,pbx-web,lab-rebuild-relay-79957dbd4-xsqhl,2026-08-04T16:07:53.151000Z,1785859673.151,0.00039303103550973064,cores,0.00039303103550973064,0.039303103550973065,,
pbx-web,cpu_usage,pbx-web,lab-rebuild-relay-79957dbd4-xsqhl,2026-08-04T17:07:53.151000Z,1785863273.151,0.0003858121140268412,cores,0.0003858121140268412,0.03858121140268412,,
pbx-web,cpu_usage,pbx-web,lab-rebuild-relay-79957dbd4-xsqhl,2026-08-04T18:07:53.151000Z,1785866873.151,0.0002428245491577489,cores,0.0002428245491577489,0.02428245491577489,,
pbx-web,cpu_usage,pbx-web,lab-rebuild-relay-79957dbd4-xsqhl,2026-08-04T19:07:53.151000Z,1785870473.151,0.0003992161234693455,cores,0.0003992161234693455,0.03992161234693455,,
pbx-web,cpu_usage,pbx-web,lab-rebuild-relay-79957dbd4-xsqhl,2026-08-04T20:07:53.151000Z,1785874073.151,0.00040141403964002846,cores,0.00040141403964002846,0.04014140396400285,,
pbx-web,cpu_usage,pbx-web,lab-rebuild-relay-79957dbd4-xsqhl,2026-08-04T21:07:53.151000Z,1785877673.151,0.00041175359746205433,cores,0.00041175359746205433,0.04117535974620543,,
pbx-web,cpu_usage,pbx-web,lab-rebuild-relay-79957dbd4-xsqhl,2026-08-04T22:07:53.151000Z,1785881273.151,0.0003912064528899788,cores,0.0003912064528899788,0.03912064528899788,,
pbx-web,cpu_usage,pbx-web,lab-rebuild-relay-79957dbd4-xsqhl,2026-08-04T23:07:53.151000Z,1785884873.151,0.0003866111204242232,cores,0.0003866111204242232,0.03866111204242232,,
pbx-web,cpu_usage,pbx-web,lab-rebuild-relay-79957dbd4-xsqhl,2026-08-05T00:07:53.151000Z,1785888473.151,0.000406857733169664,cores,0.000406857733169664,0.0406857733169664,,
pbx-web,cpu_usage,pbx-web,lab-rebuild-relay-79957dbd4-xsqhl,2026-08-05T01:07:53.151000Z,1785892073.151,0.00040903582614442585,cores,0.00040903582614442585,0.04090358261444259,,
pbx-web,cpu_usage,pbx-web,lab-rebuild-relay-79957dbd4-xsqhl,2026-08-05T02:07:53.151000Z,1785895673.151,0.00037803951367790397,cores,0.00037803951367790397,0.0378039513677904,,
pbx-web,cpu_usage,pbx-web,lab-rebuild-relay-79957dbd4-xsqhl,2026-08-05T03:07:53.151000Z,1785899273.151,0.00037288297517860106,cores,0.00037288297517860106,0.03728829751786011,,
pbx-web,cpu_usage,pbx-web,lab-rebuild-relay-79957dbd4-xsqhl,2026-08-05T04:07:53.151000Z,1785902873.151,0.00039941471457959825,cores,0.00039941471457959825,0.03994147145795982,,
pbx-web,cpu_usage,pbx-web,lab-rebuild-relay-79957dbd4-xsqhl,2026-08-05T05:07:53.151000Z,1785906473.151,0.000393108704264577,cores,0.000393108704264577,0.0393108704264577,,
pbx-web,cpu_usage,pbx-web,lab-rebuild-relay-79957dbd4-xsqhl,2026-08-05T06:07:53.151000Z,1785910073.151,0.00039873714733999917,cores,0.00039873714733999917,0.039873714733999914,,
pbx-web,cpu_usage,pbx-web,lab-rebuild-relay-79957dbd4-xsqhl,2026-08-05T07:07:53.151000Z,1785913673.151,0.00036815651504334734,cores,0.00036815651504334734,0.03681565150433473,,
pbx-web,cpu_usage,pbx-web,lab-rebuild-relay-79957dbd4-xsqhl,2026-08-05T08:07:53.151000Z,1785917273.151,0.0003819940879896741,cores,0.0003819940879896741,0.03819940879896741,,
pbx-web,cpu_usage,pbx-web,lab-rebuild-relay-79957dbd4-xsqhl,2026-08-05T09:07:53.151000Z,1785920873.151,0.00038918579825884293,cores,0.00038918579825884293,0.03891857982588429,,
pbx-web,cpu_usage,pbx-web,lab-rebuild-relay-79957dbd4-xsqhl,2026-08-05T10:07:53.151000Z,1785924473.151,0.0004115039668852099,cores,0.0004115039668852099,0.04115039668852099,,
pbx-web,cpu_usage,pbx-web,lab-rebuild-relay-79957dbd4-xsqhl,2026-08-05T11:07:53.151000Z,1785928073.151,0.00039641734185801643,cores,0.00039641734185801643,0.03964173418580164,,
pbx-web,cpu_usage,pbx-web,lab-rebuild-relay-79957dbd4-xsqhl,2026-08-05T12:07:53.151000Z,1785931673.151,0.00040275423876584077,cores,0.00040275423876584077,0.040275423876584074,,
pbx-web,cpu_usage,pbx-web,lab-rebuild-relay-79957dbd4-xsqhl,2026-08-05T13:07:53.151000Z,1785935273.151,0.00040025755296759446,cores,0.00040025755296759446,0.04002575529675945,,
pbx-web,cpu_usage,pbx-web,lab-rebuild-relay-79957dbd4-xsqhl,2026-08-05T14:07:53.151000Z,1785938873.151,0.00040560430724051466,cores,0.00040560430724051466,0.040560430724051466,,
pbx-web,cpu_usage,pbx-web,lab-rebuild-relay-79957dbd4-xsqhl,2026-08-05T15:07:53.151000Z,1785942473.151,0.00037635066689169325,cores,0.00037635066689169325,0.03763506668916933,,
pbx-web,cpu_usage,pbx-web,lab-rebuild-relay-79957dbd4-xsqhl,2026-08-05T16:07:53.151000Z,1785946073.151,0.0003881134125246743,cores,0.0003881134125246743,0.03881134125246743,,
pbx-web,cpu_usage,pbx-web,lab-rebuild-relay-79957dbd4-xsqhl,2026-08-05T17:07:53.151000Z,1785949673.151,0.0003652171511045797,cores,0.0003652171511045797,0.036521715110457965,,
pbx-web,cpu_usage,pbx-web,lab-rebuild-relay-79957dbd4-xsqhl,2026-08-05T18:07:53.151000Z,1785953273.151,0.00039626555258927856,cores,0.00039626555258927856,0.03962655525892786,,
pbx-web,cpu_usage,pbx-web,lab-rebuild-relay-79957dbd4-xsqhl,2026-08-05T19:07:53.151000Z,1785956873.151,0.00040976640304893406,cores,0.00040976640304893406,0.040976640304893404,,
pbx-web,cpu_usage,pbx-web,lab-rebuild-relay-79957dbd4-xsqhl,2026-08-05T20:07:53.151000Z,1785960473.151,0.0004004493427676471,cores,0.0004004493427676471,0.04004493427676471,,
pbx-web,cpu_usage,pbx-web,lab-rebuild-relay-79957dbd4-xsqhl,2026-08-05T21:07:53.151000Z,1785964073.151,0.0004059076642360556,cores,0.0004059076642360556,0.04059076642360556,,
pbx-web,cpu_usage,pbx-web,lab-rebuild-relay-79957dbd4-xsqhl,2026-08-05T22:07:53.151000Z,1785967673.151,0.0003989701743285104,cores,0.0003989701743285104,0.03989701743285104,,
pbx-web,cpu_usage,pbx-web,lab-rebuild-relay-79957dbd4-xsqhl,2026-08-05T23:07:53.151000Z,1785971273.151,0.0003630777558454632,cores,0.0003630777558454632,0.03630777558454632,,
pbx-web,cpu_usage,pbx-web,lab-rebuild-relay-79957dbd4-xsqhl,2026-08-06T00:07:53.151000Z,1785974873.151,0.00040463403682083145,cores,0.00040463403682083145,0.04046340368208314,,
pbx-web,cpu_usage,pbx-web,lab-rebuild-relay-79957dbd4-xsqhl,2026-08-06T01:07:53.151000Z,1785978473.151,0.00022796854059648535,cores,0.00022796854059648535,0.022796854059648534,,
pbx-web,cpu_usage,pbx-web,lab-rebuild-relay-79957dbd4-xsqhl,2026-08-06T02:07:53.151000Z,1785982073.151,0.00037988826815644214,cores,0.00037988826815644214,0.037988826815644215,,
pbx-web,cpu_usage,pbx-web,lab-rebuild-relay-79957dbd4-xsqhl,2026-08-06T03:07:53.151000Z,1785985673.151,0.00041911312634493265,cores,0.00041911312634493265,0.04191131263449326,,
pbx-web,cpu_usage,pbx-web,lab-rebuild-relay-79957dbd4-xsqhl,2026-08-06T04:07:53.151000Z,1785989273.151,0.00040906976661056303,cores,0.00040906976661056303,0.040906976661056305,,
pbx-web,cpu_usage,pbx-web,lab-rebuild-relay-79957dbd4-xsqhl,2026-08-06T05:07:53.151000Z,1785992873.151,0.00043216407125110193,cores,0.00043216407125110193,0.04321640712511019,,
pbx-web,cpu_usage,pbx-web,lab-rebuild-relay-79957dbd4-xsqhl,2026-08-06T06:07:53.151000Z,1785996473.151,0.0004268498529390222,cores,0.0004268498529390222,0.04268498529390222,,
pbx-web,cpu_usage,pbx-web,lab-rebuild-relay-79957dbd4-xsqhl,2026-08-06T07:07:53.151000Z,1786000073.151,0.0004302747706621681,cores,0.0004302747706621681,0.04302747706621681,,
pbx-web,cpu_usage,pbx-web,lab-rebuild-relay-79957dbd4-xsqhl,2026-08-06T08:07:53.151000Z,1786003673.151,0.0004083426472091611,cores,0.0004083426472091611,0.040834264720916114,,
pbx-web,cpu_usage,pbx-web,lab-rebuild-relay-79957dbd4-xsqhl,2026-08-06T09:07:53.151000Z,1786007273.151,0.00039327332467879115,cores,0.00039327332467879115,0.03932733246787912,,
pbx-web,cpu_usage,pbx-web,lab-rebuild-relay-79957dbd4-xsqhl,2026-08-06T10:07:53.151000Z,1786010873.151,0.0004250639368095032,cores,0.0004250639368095032,0.04250639368095032,,
pbx-web,cpu_usage,pbx-web,lab-rebuild-relay-79957dbd4-xsqhl,2026-08-06T11:07:53.151000Z,1786014473.151,0.0004379650005239244,cores,0.0004379650005239244,0.04379650005239244,,
pbx-web,cpu_usage,pbx-web,lab-rebuild-relay-79957dbd4-xsqhl,2026-08-06T12:07:53.151000Z,1786018073.151,0.00041426266723929646,cores,0.00041426266723929646,0.04142626672392965,,
pbx-web,cpu_usage,pbx-web,lab-rebuild-relay-79957dbd4-xsqhl,2026-08-06T13:07:53.151000Z,1786021673.151,0.0003343603825668201,cores,0.0003343603825668201,0.03343603825668201,,
pbx-web,cpu_usage,pbx-web,lab-rebuild-relay-79957dbd4-xsqhl,2026-08-06T14:07:53.151000Z,1786025273.151,0.0003906878502497368,cores,0.0003906878502497368,0.03906878502497368,,
pbx-web,cpu_usage,pbx-web,lab-rebuild-relay-79957dbd4-xsqhl,2026-08-06T15:07:53.151000Z,1786028873.151,0.00043794155283226235,cores,0.00043794155283226235,0.043794155283226235,,
pbx-web,cpu_usage,pbx-web,lab-rebuild-relay-79957dbd4-xsqhl,2026-08-06T16:07:53.151000Z,1786032473.151,0.00041017079660788763,cores,0.00041017079660788763,0.04101707966078876,,
pbx-web,cpu_usage,pbx-web,lab-rebuild-relay-79957dbd4-xsqhl,2026-08-06T17:07:53.151000Z,1786036073.151,0.00041509082348490544,cores,0.00041509082348490544,0.041509082348490545,,
pbx-web,cpu_usage,pbx-web,lab-rebuild-relay-79957dbd4-xsqhl,2026-08-06T18:07:53.151000Z,1786039673.151,0.000418475999138993,cores,0.000418475999138993,0.0418475999138993,,
pbx-web,cpu_usage,pbx-web,lab-rebuild-relay-79957dbd4-xsqhl,2026-08-06T19:07:53.151000Z,1786043273.151,0.00039568872359508527,cores,0.00039568872359508527,0.039568872359508525,,
pbx-web,cpu_usage,pbx-web,lab-rebuild-relay-79957dbd4-xsqhl,2026-08-06T20:07:53.151000Z,1786046873.151,0.00041224165878697927,cores,0.00041224165878697927,0.04122416587869793,,
pbx-web,cpu_usage,pbx-web,lab-rebuild-relay-79957dbd4-xsqhl,2026-08-06T21:07:53.151000Z,1786050473.151,0.0004009820590689447,cores,0.0004009820590689447,0.04009820590689447,,
pbx-web,cpu_usage,pbx-web,lab-rebuild-relay-79957dbd4-xsqhl,2026-08-06T22:07:53.151000Z,1786054073.151,0.0004097488097424857,cores,0.0004097488097424857,0.04097488097424857,,
pbx-web,cpu_usage,pbx-web,lab-rebuild-relay-79957dbd4-xsqhl,2026-08-06T23:07:53.151000Z,1786057673.151,0.00043187655264004395,cores,0.00043187655264004395,0.04318765526400439,,
pbx-web,cpu_usage,pbx-web,lab-rebuild-relay-79957dbd4-xsqhl,2026-08-07T00:07:53.151000Z,1786061273.151,0.00041727736278363795,cores,0.00041727736278363795,0.04172773627836379,,
pbx-web,cpu_usage,pbx-web,lab-rebuild-relay-79957dbd4-xsqhl,2026-08-07T01:07:53.151000Z,1786064873.151,0.00040861696542158815,cores,0.00040861696542158815,0.040861696542158814,,
pbx-web,cpu_usage,pbx-web,lab-rebuild-relay-79957dbd4-xsqhl,2026-08-07T02:07:53.151000Z,1786068473.151,0.00041478080132579387,cores,0.00041478080132579387,0.041478080132579385,,
pbx-web,cpu_usage,pbx-web,lab-rebuild-relay-79957dbd4-xsqhl,2026-08-07T03:07:53.151000Z,1786072073.151,0.0004180001939675833,cores,0.0004180001939675833,0.04180001939675833,,
pbx-web,cpu_usage,pbx-web,lab-rebuild-relay-79957dbd4-xsqhl,2026-08-07T04:07:53.151000Z,1786075673.151,0.0004334300478995345,cores,0.0004334300478995345,0.04334300478995345,,
pbx-web,cpu_usage,pbx-web,lab-rebuild-relay-79957dbd4-xsqhl,2026-08-07T05:07:53.151000Z,1786079273.151,0.0004087414701562961,cores,0.0004087414701562961,0.040874147015629615,,
pbx-web,cpu_usage,pbx-web,lab-rebuild-relay-79957dbd4-xsqhl,2026-08-07T06:07:53.151000Z,1786082873.151,0.0004014028409290812,cores,0.0004014028409290812,0.04014028409290812,,
pbx-web,cpu_usage,pbx-web,lab-rebuild-relay-79957dbd4-xsqhl,2026-08-07T07:07:53.151000Z,1786086473.151,0.0004273305317512084,cores,0.0004273305317512084,0.04273305317512084,,
pbx-web,cpu_usage,pbx-web,lab-rebuild-relay-79957dbd4-xsqhl,2026-08-07T08:07:53.151000Z,1786090073.151,0.0004316585997682493,cores,0.0004316585997682493,0.04316585997682493,,
pbx-web,cpu_usage,pbx-web,lab-rebuild-relay-79957dbd4-xsqhl,2026-08-07T09:07:53.151000Z,1786093673.151,0.000428517258525614,cores,0.000428517258525614,0.042851725852561404,,
pbx-web,cpu_usage,pbx-web,lab-rebuild-relay-79957dbd4-xsqhl,2026-08-07T10:07:53.151000Z,1786097273.151,0.00037928750697157487,cores,0.00037928750697157487,0.03792875069715749,,
pbx-web,cpu_usage,pbx-web,lab-rebuild-relay-79957dbd4-xsqhl,2026-08-07T11:07:53.151000Z,1786100873.151,0.0004314848978366781,cores,0.0004314848978366781,0.04314848978366781,,
pbx-web,cpu_usage,pbx-web,lab-rebuild-relay-79957dbd4-xsqhl,2026-08-07T12:07:53.151000Z,1786104473.151,0.0003930993428108382,cores,0.0003930993428108382,0.03930993428108382,,
pbx-web,cpu_usage,pbx-web,lab-rebuild-relay-79957dbd4-xsqhl,2026-08-07T13:07:53.151000Z,1786108073.151,0.0004251630081557937,cores,0.0004251630081557937,0.04251630081557937,,
pbx-web,cpu_usage,pbx-web,lab-rebuild-relay-79957dbd4-xsqhl,2026-08-07T14:07:53.151000Z,1786111673.151,0.0004496351580633213,cores,0.0004496351580633213,0.04496351580633213,,
pbx-web,cpu_usage,pbx-web,lab-rebuild-relay-79957dbd4-xsqhl,2026-08-07T15:07:53.151000Z,1786115273.151,0.0004252043836838625,cores,0.0004252043836838625,0.04252043836838625,,
pbx-web,cpu_usage,pbx-web,lab-rebuild-relay-79957dbd4-xsqhl,2026-08-07T16:07:53.151000Z,1786118873.151,0.00021488520820598896,cores,0.00021488520820598896,0.021488520820598895,,
pbx-web,cpu_usage,pbx-web,lab-rebuild-relay-79957dbd4-xsqhl,2026-08-07T17:07:53.151000Z,1786122473.151,0.0004147913600109501,cores,0.0004147913600109501,0.04147913600109501,,
pbx-web,cpu_usage,pbx-web,lab-rebuild-relay-79957dbd4-xsqhl,2026-08-07T18:07:53.151000Z,1786126073.151,0.000408511357490564,cores,0.000408511357490564,0.040851135749056404,,
pbx-web,cpu_usage,pbx-web,lab-rebuild-relay-79957dbd4-xsqhl,2026-08-07T19:07:53.151000Z,1786129673.151,0.00036285070232251304,cores,0.00036285070232251304,0.036285070232251304,,
pbx-web,cpu_usage,pbx-web,lab-rebuild-relay-79957dbd4-xsqhl,2026-08-07T20:07:53.151000Z,1786133273.151,0.0003457000915061531,cores,0.0003457000915061531,0.03457000915061531,,
pbx-web,cpu_usage,pbx-web,lab-rebuild-relay-79957dbd4-xsqhl,2026-08-07T21:07:53.151000Z,1786136873.151,0.0004043053292199423,cores,0.0004043053292199423,0.04043053292199423,,
pbx-web,cpu_usage,pbx-web,lab-rebuild-relay-79957dbd4-xsqhl,2026-08-07T22:07:53.151000Z,1786140473.151,0.000400517151363812,cores,0.000400517151363812,0.0400517151363812,,
pbx-web,cpu_usage,pbx-web,lab-rebuild-relay-79957dbd4-xsqhl,2026-08-07T23:07:53.151000Z,1786144073.151,0.0003689678531190157,cores,0.0003689678531190157,0.03689678531190157,,
pbx-web,cpu_usage,pbx-web,lab-rebuild-relay-79957dbd4-xsqhl,2026-08-08T00:07:53.151000Z,1786147673.151,0.00040217316126783885,cores,0.00040217316126783885,0.040217316126783885,,
pbx-web,cpu_usage,pbx-web,lab-rebuild-relay-79957dbd4-xsqhl,2026-08-08T01:07:53.151000Z,1786151273.151,0.0004030425232642829,cores,0.0004030425232642829,0.04030425232642829,,
pbx-web,cpu_usage,pbx-web,lab-rebuild-relay-79957dbd4-xsqhl,2026-08-08T02:07:53.151000Z,1786154873.151,0.0004113334489335693,cores,0.0004113334489335693,0.04113334489335693,,
pbx-web,cpu_usage,pbx-web,lab-rebuild-relay-79957dbd4-xsqhl,2026-08-08T03:07:53.151000Z,1786158473.151,0.0003877051460360504,cores,0.0003877051460360504,0.03877051460360504,,
pbx-web,cpu_usage,pbx-web,lab-rebuild-relay-79957dbd4-xsqhl,2026-08-08T04:07:53.151000Z,1786162073.151,0.00042560927882727607,cores,0.00042560927882727607,0.042560927882727605,,
pbx-web,cpu_usage,pbx-web,lab-rebuild-relay-79957dbd4-xsqhl,2026-08-08T05:07:53.151000Z,1786165673.151,0.00039997908533193354,cores,0.00039997908533193354,0.039997908533193356,,
pbx-web,cpu_usage,pbx-web,lab-rebuild-relay-79957dbd4-xsqhl,2026-08-08T06:07:53.151000Z,1786169273.151,0.0003899758143364315,cores,0.0003899758143364315,0.03899758143364315,,
pbx-web,cpu_usage,pbx-web,lab-rebuild-relay-79957dbd4-xsqhl,2026-08-08T07:07:53.151000Z,1786172873.151,0.0004046186139396148,cores,0.0004046186139396148,0.040461861393961476,,
pbx-web,cpu_usage,pbx-web,lab-rebuild-relay-79957dbd4-xsqhl,2026-08-08T08:07:53.151000Z,1786176473.151,0.0003987239469663241,cores,0.0003987239469663241,0.03987239469663241,,
pbx-web,cpu_usage,pbx-web,lab-rebuild-relay-79957dbd4-xsqhl,2026-08-08T09:07:53.151000Z,1786180073.151,0.00040268585445147616,cores,0.00040268585445147616,0.040268585445147616,,
pbx-web,cpu_usage,pbx-web,lab-rebuild-relay-79957dbd4-xsqhl,2026-08-08T10:07:53.151000Z,1786183673.151,0.000400950461564344,cores,0.000400950461564344,0.0400950461564344,,
pbx-web,cpu_usage,pbx-web,lab-rebuild-relay-79957dbd4-xsqhl,2026-08-08T11:07:53.151000Z,1786187273.151,0.0004037850254617476,cores,0.0004037850254617476,0.04037850254617476,,
pbx-web,cpu_usage,pbx-web,lab-rebuild-relay-79957dbd4-xsqhl,2026-08-08T12:07:53.151000Z,1786190873.151,0.000409103337582678,cores,0.000409103337582678,0.040910333758267796,,
pbx-web,cpu_usage,pbx-web,lab-rebuild-relay-79957dbd4-xsqhl,2026-08-08T13:07:53.151000Z,1786194473.151,0.0003724486153909124,cores,0.0003724486153909124,0.03724486153909124,,
pbx-web,cpu_usage,pbx-web,lab-rebuild-relay-79957dbd4-xsqhl,2026-08-08T14:07:53.151000Z,1786198073.151,0.000386334577436355,cores,0.000386334577436355,0.038633457743635496,,
pbx-web,cpu_usage,pbx-web,lab-rebuild-relay-79957dbd4-xsqhl,2026-08-08T15:07:53.151000Z,1786201673.151,0.00040136800919955343,cores,0.00040136800919955343,0.04013680091995534,,
pbx-web,cpu_usage,pbx-web,lab-rebuild-relay-79957dbd4-xsqhl,2026-08-08T16:07:53.151000Z,1786205273.151,0.0004207406338275047,cores,0.0004207406338275047,0.04207406338275047,,
pbx-web,cpu_usage,pbx-web,lab-rebuild-relay-79957dbd4-xsqhl,2026-08-08T17:07:53.151000Z,1786208873.151,0.00039276852050918484,cores,0.00039276852050918484,0.039276852050918486,,
pbx-web,cpu_usage,pbx-web,lab-rebuild-relay-79957dbd4-xsqhl,2026-08-08T18:07:53.151000Z,1786212473.151,0.00035434576338896364,cores,0.00035434576338896364,0.035434576338896365,,
pbx-web,cpu_usage,pbx-web,lab-rebuild-relay-79957dbd4-xsqhl,2026-08-08T19:07:53.151000Z,1786216073.151,0.0002723766977559546,cores,0.0002723766977559546,0.02723766977559546,,
pbx-web,cpu_usage,pbx-web,lab-rebuild-relay-79957dbd4-xsqhl,2026-08-08T20:07:53.151000Z,1786219673.151,0.00041099857791958587,cores,0.00041099857791958587,0.041099857791958586,,
pbx-web,cpu_usage,pbx-web,lab-rebuild-relay-79957dbd4-xsqhl,2026-08-08T21:07:53.151000Z,1786223273.151,0.00027278737351963734,cores,0.00027278737351963734,0.027278737351963733,,
pbx-web,cpu_usage,pbx-web,lab-rebuild-relay-79957dbd4-xsqhl,2026-08-08T22:07:53.151000Z,1786226873.151,0.00026002563448708857,cores,0.00026002563448708857,0.026002563448708858,,
pbx-web,cpu_usage,pbx-web,lab-rebuild-relay-79957dbd4-xsqhl,2026-08-08T23:07:53.151000Z,1786230473.151,0.00029809455311646745,cores,0.00029809455311646745,0.029809455311646745,,
pbx-web,cpu_usage,pbx-web,lab-rebuild-relay-79957dbd4-xsqhl,2026-08-09T00:07:53.151000Z,1786234073.151,0.00026407350435609154,cores,0.00026407350435609154,0.026407350435609152,,
pbx-web,cpu_usage,pbx-web,lab-rebuild-relay-79957dbd4-xsqhl,2026-08-09T01:07:53.151000Z,1786237673.151,0.0002620218494730972,cores,0.0002620218494730972,0.02620218494730972,,
pbx-web,cpu_usage,pbx-web,lab-rebuild-relay-79957dbd4-xsqhl,2026-08-09T02:07:53.151000Z,1786241273.151,0.000271025131470478,cores,0.000271025131470478,0.0271025131470478,,
pbx-web,cpu_usage,pbx-web,lab-rebuild-relay-79957dbd4-xsqhl,2026-08-09T03:07:53.151000Z,1786244873.151,0.000270882560803949,cores,0.000270882560803949,0.027088256080394897,,
pbx-web,cpu_usage,pbx-web,lab-rebuild-relay-79957dbd4-xsqhl,2026-08-09T04:07:53.151000Z,1786248473.151,0.00026935618758483054,cores,0.00026935618758483054,0.026935618758483052,,
pbx-web,cpu_usage,pbx-web,lab-rebuild-relay-79957dbd4-xsqhl,2026-08-09T05:07:53.151000Z,1786252073.151,0.00024746944337759397,cores,0.00024746944337759397,0.024746944337759397,,
pbx-web,cpu_usage,pbx-web,lab-rebuild-relay-79957dbd4-xsqhl,2026-08-09T06:07:53.151000Z,1786255673.151,0.0002542366374918485,cores,0.0002542366374918485,0.025423663749184852,,
pbx-web,cpu_usage,pbx-web,lab-rebuild-relay-79957dbd4-xsqhl,2026-08-09T07:07:53.151000Z,1786259273.151,0.00026998620213859086,cores,0.00026998620213859086,0.026998620213859084,,
pbx-web,cpu_usage,pbx-web,lab-rebuild-relay-79957dbd4-xsqhl,2026-08-09T08:07:53.151000Z,1786262873.151,0.0002839606185750481,cores,0.0002839606185750481,0.02839606185750481,,
pbx-web,cpu_usage,pbx-web,lab-rebuild-relay-79957dbd4-xsqhl,2026-08-09T09:07:53.151000Z,1786266473.151,0.00025866704917151004,cores,0.00025866704917151004,0.025866704917151005,,
pbx-web,cpu_usage,pbx-web,lab-rebuild-relay-79957dbd4-xsqhl,2026-08-09T10:07:53.151000Z,1786270073.151,0.00027953227739452985,cores,0.00027953227739452985,0.027953227739452986,,
pbx-web,cpu_usage,pbx-web,lab-rebuild-relay-79957dbd4-xsqhl,2026-08-09T11:07:53.151000Z,1786273673.151,0.00026931287159880654,cores,0.00026931287159880654,0.026931287159880656,,
pbx-web,cpu_usage,pbx-web,lab-rebuild-relay-79957dbd4-xsqhl,2026-08-09T12:07:53.151000Z,1786277273.151,0.0002664141007614897,cores,0.0002664141007614897,0.026641410076148966,,
pbx-web,cpu_usage,pbx-web,lab-rebuild-relay-79957dbd4-xsqhl,2026-08-09T13:07:53.151000Z,1786280873.151,0.0002627720851898409,cores,0.0002627720851898409,0.026277208518984088,,
pbx-web,cpu_usage,pbx-web,lab-rebuild-relay-79957dbd4-xsqhl,2026-08-09T14:07:53.151000Z,1786284473.151,0.00028746144695885207,cores,0.00028746144695885207,0.02874614469588521,,
pbx-web,cpu_usage,pbx-web,lab-rebuild-relay-79957dbd4-xsqhl,2026-08-09T15:07:53.151000Z,1786288073.151,0.00027018757034747803,cores,0.00027018757034747803,0.027018757034747803,,
pbx-web,cpu_usage,pbx-web,lab-rebuild-relay-79957dbd4-xsqhl,2026-08-09T16:07:53.151000Z,1786291673.151,0.00030908122612421506,cores,0.00030908122612421506,0.030908122612421506,,
pbx-web,cpu_usage,pbx-web,lab-rebuild-relay-79957dbd4-xsqhl,2026-08-09T17:07:53.151000Z,1786295273.151,0.0002690276540108194,cores,0.0002690276540108194,0.026902765401081937,,
pbx-web,cpu_usage,pbx-web,lab-rebuild-relay-79957dbd4-xsqhl,2026-08-09T18:07:53.151000Z,1786298873.151,0.0002744796191404266,cores,0.0002744796191404266,0.027447961914042657,,
pbx-web,cpu_usage,pbx-web,lab-rebuild-relay-79957dbd4-xsqhl,2026-08-09T19:07:53.151000Z,1786302473.151,0.00023559514176989501,cores,0.00023559514176989501,0.023559514176989503,,
pbx-web,cpu_usage,pbx-web,lab-rebuild-relay-79957dbd4-xsqhl,2026-08-09T20:07:53.151000Z,1786306073.151,0.000269410709190835,cores,0.000269410709190835,0.0269410709190835,,
pbx-web,cpu_usage,pbx-web,lab-rebuild-relay-79957dbd4-xsqhl,2026-08-09T21:07:53.151000Z,1786309673.151,0.0002640966858332265,cores,0.0002640966858332265,0.026409668583322648,,
pbx-web,cpu_usage,pbx-web,lab-rebuild-relay-79957dbd4-xsqhl,2026-08-09T22:07:53.151000Z,1786313273.151,0.00027486397427751573,cores,0.00027486397427751573,0.027486397427751573,,
pbx-web,cpu_usage,pbx-web,lab-rebuild-relay-79957dbd4-xsqhl,2026-08-09T23:07:53.151000Z,1786316873.151,0.0002730418962579527,cores,0.0002730418962579527,0.02730418962579527,,
pbx-web,cpu_usage,pbx-web,lab-rebuild-relay-79957dbd4-xsqhl,2026-08-10T00:07:53.151000Z,1786320473.151,0.0002931511260770973,cores,0.0002931511260770973,0.029315112607709727,,
pbx-web,cpu_usage,pbx-web,lab-rebuild-relay-79957dbd4-xsqhl,2026-08-10T01:07:53.151000Z,1786324073.151,0.00026417768883601973,cores,0.00026417768883601973,0.026417768883601974,,
pbx-web,cpu_usage,pbx-web,lab-rebuild-relay-79957dbd4-xsqhl,2026-08-10T02:07:53.151000Z,1786327673.151,0.0002752680531320922,cores,0.0002752680531320922,0.02752680531320922,,
pbx-web,cpu_usage,pbx-web,lab-rebuild-relay-79957dbd4-xsqhl,2026-08-10T03:07:53.151000Z,1786331273.151,0.00028059036276635086,cores,0.00028059036276635086,0.028059036276635085,,
pbx-web,cpu_usage,pbx-web,lab-rebuild-relay-79957dbd4-xsqhl,2026-08-10T04:07:53.151000Z,1786334873.151,0.0002770278247864754,cores,0.0002770278247864754,0.02770278247864754,,
pbx-web,cpu_usage,pbx-web,lab-rebuild-relay-79957dbd4-xsqhl,2026-08-10T05:07:53.151000Z,1786338473.151,0.0002515473684212067,cores,0.0002515473684212067,0.02515473684212067,,
pbx-web,cpu_usage,pbx-web,lab-rebuild-relay-79957dbd4-xsqhl,2026-08-10T06:07:53.151000Z,1786342073.151,0.00027255443619727415,cores,0.00027255443619727415,0.027255443619727416,,
pbx-web,cpu_usage,pbx-web,lab-rebuild-relay-79957dbd4-xsqhl,2026-08-10T07:07:53.151000Z,1786345673.151,0.0002656679849454712,cores,0.0002656679849454712,0.026566798494547118,,
pbx-web,cpu_usage,pbx-web,lab-rebuild-relay-79957dbd4-xsqhl,2026-08-10T08:07:53.151000Z,1786349273.151,0.0002777656133902299,cores,0.0002777656133902299,0.027776561339022992,,
pbx-web,cpu_usage,pbx-web,lab-rebuild-relay-79957dbd4-xsqhl,2026-08-10T09:07:53.151000Z,1786352873.151,0.00027301363339747266,cores,0.00027301363339747266,0.027301363339747267,,
pbx-web,cpu_usage,pbx-web,lab-rebuild-relay-79957dbd4-xsqhl,2026-08-10T10:07:53.151000Z,1786356473.151,0.00027894160101941674,cores,0.00027894160101941674,0.027894160101941675,,
pbx-web,cpu_usage,pbx-web,lab-rebuild-relay-79957dbd4-xsqhl,2026-08-10T11:07:53.151000Z,1786360073.151,0.0002974017622361019,cores,0.0002974017622361019,0.02974017622361019,,
pbx-web,cpu_usage,pbx-web,lab-rebuild-relay-79957dbd4-xsqhl,2026-08-10T12:07:53.151000Z,1786363673.151,0.0002798322759630119,cores,0.0002798322759630119,0.027983227596301192,,
pbx-web,cpu_usage,pbx-web,lab-rebuild-relay-79957dbd4-xsqhl,2026-08-10T13:07:53.151000Z,1786367273.151,0.00028283951362803703,cores,0.00028283951362803703,0.028283951362803702,,
pbx-web,cpu_usage,pbx-web,lab-rebuild-relay-79957dbd4-xsqhl,2026-08-10T14:07:53.151000Z,1786370873.151,0.00026935010570392794,cores,0.00026935010570392794,0.026935010570392794,,
pbx-web,cpu_usage,pbx-web,pbx-rebuild-relay-588d79c5b9-vmmlz,2026-07-31T12:07:53.151000Z,1785499673.151,0.0004052891393910806,cores,0.0004052891393910806,0.040528913939108055,,
pbx-web,cpu_usage,pbx-web,pbx-rebuild-relay-588d79c5b9-vmmlz,2026-07-31T13:07:53.151000Z,1785503273.151,0.0004166648229678764,cores,0.0004166648229678764,0.04166648229678764,,
pbx-web,cpu_usage,pbx-web,pbx-rebuild-relay-588d79c5b9-vmmlz,2026-07-31T14:07:53.151000Z,1785506873.151,0.00045576293524941726,cores,0.00045576293524941726,0.045576293524941726,,
pbx-web,cpu_usage,pbx-web,pbx-rebuild-relay-588d79c5b9-vmmlz,2026-07-31T15:07:53.151000Z,1785510473.151,0.00043119546278109924,cores,0.00043119546278109924,0.043119546278109926,,
pbx-web,cpu_usage,pbx-web,pbx-rebuild-relay-588d79c5b9-vmmlz,2026-07-31T16:07:53.151000Z,1785514073.151,0.0004325481125350021,cores,0.0004325481125350021,0.04325481125350021,,
pbx-web,cpu_usage,pbx-web,pbx-rebuild-relay-588d79c5b9-vmmlz,2026-07-31T17:07:53.151000Z,1785517673.151,0.00044205228132866817,cores,0.00044205228132866817,0.044205228132866814,,
pbx-web,cpu_usage,pbx-web,pbx-rebuild-relay-588d79c5b9-vmmlz,2026-07-31T18:07:53.151000Z,1785521273.151,0.0004391571880128786,cores,0.0004391571880128786,0.04391571880128786,,
pbx-web,cpu_usage,pbx-web,pbx-rebuild-relay-588d79c5b9-vmmlz,2026-07-31T19:07:53.151000Z,1785524873.151,0.0004078839092458483,cores,0.0004078839092458483,0.04078839092458483,,
pbx-web,cpu_usage,pbx-web,pbx-rebuild-relay-588d79c5b9-vmmlz,2026-07-31T20:07:53.151000Z,1785528473.151,0.00040069254330075754,cores,0.00040069254330075754,0.04006925433007576,,
pbx-web,cpu_usage,pbx-web,pbx-rebuild-relay-588d79c5b9-vmmlz,2026-07-31T21:07:53.151000Z,1785532073.151,0.0003790410119268464,cores,0.0003790410119268464,0.03790410119268464,,
pbx-web,cpu_usage,pbx-web,pbx-rebuild-relay-588d79c5b9-vmmlz,2026-07-31T22:07:53.151000Z,1785535673.151,0.0004155517571255966,cores,0.0004155517571255966,0.04155517571255966,,
pbx-web,cpu_usage,pbx-web,pbx-rebuild-relay-588d79c5b9-vmmlz,2026-07-31T23:07:53.151000Z,1785539273.151,0.00042485063747051046,cores,0.00042485063747051046,0.04248506374705105,,
pbx-web,cpu_usage,pbx-web,pbx-rebuild-relay-588d79c5b9-vmmlz,2026-08-01T00:07:53.151000Z,1785542873.151,0.000405390671033753,cores,0.000405390671033753,0.0405390671033753,,
pbx-web,cpu_usage,pbx-web,pbx-rebuild-relay-588d79c5b9-vmmlz,2026-08-01T01:07:53.151000Z,1785546473.151,0.0004133894281378621,cores,0.0004133894281378621,0.04133894281378621,,
pbx-web,cpu_usage,pbx-web,pbx-rebuild-relay-588d79c5b9-vmmlz,2026-08-01T02:07:53.151000Z,1785550073.151,0.00042074762173605843,cores,0.00042074762173605843,0.04207476217360584,,
pbx-web,cpu_usage,pbx-web,pbx-rebuild-relay-588d79c5b9-vmmlz,2026-08-01T03:07:53.151000Z,1785553673.151,0.0004414547250598106,cores,0.0004414547250598106,0.04414547250598106,,
pbx-web,cpu_usage,pbx-web,pbx-rebuild-relay-588d79c5b9-vmmlz,2026-08-01T04:07:53.151000Z,1785557273.151,0.0004280404236175013,cores,0.0004280404236175013,0.04280404236175013,,
pbx-web,cpu_usage,pbx-web,pbx-rebuild-relay-588d79c5b9-vmmlz,2026-08-01T05:07:53.151000Z,1785560873.151,0.0004296014903021086,cores,0.0004296014903021086,0.04296014903021086,,
pbx-web,cpu_usage,pbx-web,pbx-rebuild-relay-588d79c5b9-vmmlz,2026-08-01T06:07:53.151000Z,1785564473.151,0.000421182334887742,cores,0.000421182334887742,0.0421182334887742,,
pbx-web,cpu_usage,pbx-web,pbx-rebuild-relay-588d79c5b9-vmmlz,2026-08-01T07:07:53.151000Z,1785568073.151,0.00040424933896963087,cores,0.00040424933896963087,0.04042493389696309,,
pbx-web,cpu_usage,pbx-web,pbx-rebuild-relay-588d79c5b9-vmmlz,2026-08-01T08:07:53.151000Z,1785571673.151,0.0003904716671439143,cores,0.0003904716671439143,0.03904716671439143,,
pbx-web,cpu_usage,pbx-web,pbx-rebuild-relay-588d79c5b9-vmmlz,2026-08-01T09:07:53.151000Z,1785575273.151,0.0004198323335290967,cores,0.0004198323335290967,0.04198323335290967,,
pbx-web,cpu_usage,pbx-web,pbx-rebuild-relay-588d79c5b9-vmmlz,2026-08-01T10:07:53.151000Z,1785578873.151,0.0004668836260432603,cores,0.0004668836260432603,0.04668836260432603,,
pbx-web,cpu_usage,pbx-web,pbx-rebuild-relay-588d79c5b9-vmmlz,2026-08-01T11:07:53.151000Z,1785582473.151,0.0004132000878542476,cores,0.0004132000878542476,0.04132000878542476,,
pbx-web,cpu_usage,pbx-web,pbx-rebuild-relay-588d79c5b9-vmmlz,2026-08-01T12:07:53.151000Z,1785586073.151,0.00042503940522526436,cores,0.00042503940522526436,0.042503940522526436,,
pbx-web,cpu_usage,pbx-web,pbx-rebuild-relay-588d79c5b9-vmmlz,2026-08-01T13:07:53.151000Z,1785589673.151,0.00042493980779631404,cores,0.00042493980779631404,0.0424939807796314,,
pbx-web,cpu_usage,pbx-web,pbx-rebuild-relay-588d79c5b9-vmmlz,2026-08-01T14:07:53.151000Z,1785593273.151,0.0004256238211113388,cores,0.0004256238211113388,0.042562382111133876,,
pbx-web,cpu_usage,pbx-web,pbx-rebuild-relay-588d79c5b9-vmmlz,2026-08-01T15:07:53.151000Z,1785596873.151,0.0004304127632753281,cores,0.0004304127632753281,0.04304127632753281,,
pbx-web,cpu_usage,pbx-web,pbx-rebuild-relay-588d79c5b9-vmmlz,2026-08-01T16:07:53.151000Z,1785600473.151,0.00041432746810475394,cores,0.00041432746810475394,0.041432746810475395,,
pbx-web,cpu_usage,pbx-web,pbx-rebuild-relay-588d79c5b9-vmmlz,2026-08-01T17:07:53.151000Z,1785604073.151,0.0004338622879384354,cores,0.0004338622879384354,0.04338622879384354,,
pbx-web,cpu_usage,pbx-web,pbx-rebuild-relay-588d79c5b9-vmmlz,2026-08-01T18:07:53.151000Z,1785607673.151,0.00041345782933349624,cores,0.00041345782933349624,0.041345782933349624,,
pbx-web,cpu_usage,pbx-web,pbx-rebuild-relay-588d79c5b9-vmmlz,2026-08-01T19:07:53.151000Z,1785611273.151,0.00042845889001833285,cores,0.00042845889001833285,0.04284588900183328,,
pbx-web,cpu_usage,pbx-web,pbx-rebuild-relay-588d79c5b9-vmmlz,2026-08-01T20:07:53.151000Z,1785614873.151,0.0004233914824490644,cores,0.0004233914824490644,0.042339148244906435,,
pbx-web,cpu_usage,pbx-web,pbx-rebuild-relay-588d79c5b9-vmmlz,2026-08-01T21:07:53.151000Z,1785618473.151,0.00041638766887774637,cores,0.00041638766887774637,0.04163876688777464,,
pbx-web,cpu_usage,pbx-web,pbx-rebuild-relay-588d79c5b9-vmmlz,2026-08-01T22:07:53.151000Z,1785622073.151,0.00038709916914731016,cores,0.00038709916914731016,0.03870991691473102,,
pbx-web,cpu_usage,pbx-web,pbx-rebuild-relay-588d79c5b9-vmmlz,2026-08-01T23:07:53.151000Z,1785625673.151,0.0003920517540553315,cores,0.0003920517540553315,0.03920517540553315,,
pbx-web,cpu_usage,pbx-web,pbx-rebuild-relay-588d79c5b9-vmmlz,2026-08-02T00:07:53.151000Z,1785629273.151,0.0004195159137163841,cores,0.0004195159137163841,0.04195159137163841,,
pbx-web,cpu_usage,pbx-web,pbx-rebuild-relay-588d79c5b9-vmmlz,2026-08-02T01:07:53.151000Z,1785632873.151,0.0004088005203663253,cores,0.0004088005203663253,0.04088005203663253,,
pbx-web,cpu_usage,pbx-web,pbx-rebuild-relay-588d79c5b9-vmmlz,2026-08-02T02:07:53.151000Z,1785636473.151,0.0004156081812140963,cores,0.0004156081812140963,0.04156081812140963,,
pbx-web,cpu_usage,pbx-web,pbx-rebuild-relay-588d79c5b9-vmmlz,2026-08-02T03:07:53.151000Z,1785640073.151,0.00042639443032131105,cores,0.00042639443032131105,0.0426394430321311,,
pbx-web,cpu_usage,pbx-web,pbx-rebuild-relay-588d79c5b9-vmmlz,2026-08-02T04:07:53.151000Z,1785643673.151,0.0004329907188026382,cores,0.0004329907188026382,0.04329907188026382,,
pbx-web,cpu_usage,pbx-web,pbx-rebuild-relay-588d79c5b9-vmmlz,2026-08-02T05:07:53.151000Z,1785647273.151,0.00039195412342481493,cores,0.00039195412342481493,0.039195412342481493,,
pbx-web,cpu_usage,pbx-web,pbx-rebuild-relay-588d79c5b9-vmmlz,2026-08-02T06:07:53.151000Z,1785650873.151,0.0003831107887887661,cores,0.0003831107887887661,0.03831107887887661,,
pbx-web,cpu_usage,pbx-web,pbx-rebuild-relay-588d79c5b9-vmmlz,2026-08-02T07:07:53.151000Z,1785654473.151,0.00044902505018757266,cores,0.00044902505018757266,0.04490250501875727,,
pbx-web,cpu_usage,pbx-web,pbx-rebuild-relay-588d79c5b9-vmmlz,2026-08-02T08:07:53.151000Z,1785658073.151,0.00043236516633493225,cores,0.00043236516633493225,0.043236516633493226,,
pbx-web,cpu_usage,pbx-web,pbx-rebuild-relay-588d79c5b9-vmmlz,2026-08-02T09:07:53.151000Z,1785661673.151,0.00042951213650552694,cores,0.00042951213650552694,0.0429512136505527,,
pbx-web,cpu_usage,pbx-web,pbx-rebuild-relay-588d79c5b9-vmmlz,2026-08-02T10:07:53.151000Z,1785665273.151,0.0004416260651493939,cores,0.0004416260651493939,0.04416260651493939,,
pbx-web,cpu_usage,pbx-web,pbx-rebuild-relay-588d79c5b9-vmmlz,2026-08-02T11:07:53.151000Z,1785668873.151,0.00042291111275245667,cores,0.00042291111275245667,0.042291111275245666,,
pbx-web,cpu_usage,pbx-web,pbx-rebuild-relay-588d79c5b9-vmmlz,2026-08-02T12:07:53.151000Z,1785672473.151,0.00040679894698011796,cores,0.00040679894698011796,0.040679894698011795,,
pbx-web,cpu_usage,pbx-web,pbx-rebuild-relay-588d79c5b9-vmmlz,2026-08-02T13:07:53.151000Z,1785676073.151,0.0004386160363487194,cores,0.0004386160363487194,0.04386160363487194,,
pbx-web,cpu_usage,pbx-web,pbx-rebuild-relay-588d79c5b9-vmmlz,2026-08-02T14:07:53.151000Z,1785679673.151,0.00039854980040711314,cores,0.00039854980040711314,0.039854980040711314,,
pbx-web,cpu_usage,pbx-web,pbx-rebuild-relay-588d79c5b9-vmmlz,2026-08-02T15:07:53.151000Z,1785683273.151,0.0004281775134262491,cores,0.0004281775134262491,0.042817751342624916,,
pbx-web,cpu_usage,pbx-web,pbx-rebuild-relay-588d79c5b9-vmmlz,2026-08-02T16:07:53.151000Z,1785686873.151,0.0004126874606811726,cores,0.0004126874606811726,0.04126874606811726,,
pbx-web,cpu_usage,pbx-web,pbx-rebuild-relay-588d79c5b9-vmmlz,2026-08-02T17:07:53.151000Z,1785690473.151,0.00042443864005261363,cores,0.00042443864005261363,0.042443864005261366,,
pbx-web,cpu_usage,pbx-web,pbx-rebuild-relay-588d79c5b9-vmmlz,2026-08-02T18:07:53.151000Z,1785694073.151,0.0003659915325583642,cores,0.0003659915325583642,0.03659915325583642,,
pbx-web,cpu_usage,pbx-web,pbx-rebuild-relay-588d79c5b9-vmmlz,2026-08-02T19:07:53.151000Z,1785697673.151,0.0004279466711956468,cores,0.0004279466711956468,0.04279466711956468,,
pbx-web,cpu_usage,pbx-web,pbx-rebuild-relay-588d79c5b9-vmmlz,2026-08-02T20:07:53.151000Z,1785701273.151,0.000415482959416502,cores,0.000415482959416502,0.0415482959416502,,
pbx-web,cpu_usage,pbx-web,pbx-rebuild-relay-588d79c5b9-vmmlz,2026-08-02T21:07:53.151000Z,1785704873.151,0.00044531638691202896,cores,0.00044531638691202896,0.0445316386912029,,
pbx-web,cpu_usage,pbx-web,pbx-rebuild-relay-588d79c5b9-vmmlz,2026-08-02T22:07:53.151000Z,1785708473.151,0.00043159662083361576,cores,0.00043159662083361576,0.043159662083361576,,
pbx-web,cpu_usage,pbx-web,pbx-rebuild-relay-588d79c5b9-vmmlz,2026-08-02T23:07:53.151000Z,1785712073.151,0.00040378711063511507,cores,0.00040378711063511507,0.040378711063511506,,
pbx-web,cpu_usage,pbx-web,pbx-rebuild-relay-588d79c5b9-vmmlz,2026-08-03T00:07:53.151000Z,1785715673.151,0.00039540820585205825,cores,0.00039540820585205825,0.039540820585205826,,
pbx-web,cpu_usage,pbx-web,pbx-rebuild-relay-588d79c5b9-vmmlz,2026-08-03T01:07:53.151000Z,1785719273.151,0.0004338801144699171,cores,0.0004338801144699171,0.04338801144699171,,
pbx-web,cpu_usage,pbx-web,pbx-rebuild-relay-588d79c5b9-vmmlz,2026-08-03T02:07:53.151000Z,1785722873.151,0.0004172296432337506,cores,0.0004172296432337506,0.04172296432337506,,
pbx-web,cpu_usage,pbx-web,pbx-rebuild-relay-588d79c5b9-vmmlz,2026-08-03T03:07:53.151000Z,1785726473.151,0.00039343798070189405,cores,0.00039343798070189405,0.0393437980701894,,
pbx-web,cpu_usage,pbx-web,pbx-rebuild-relay-588d79c5b9-vmmlz,2026-08-03T04:07:53.151000Z,1785730073.151,0.0004476234927494797,cores,0.0004476234927494797,0.04476234927494797,,
pbx-web,cpu_usage,pbx-web,pbx-rebuild-relay-588d79c5b9-vmmlz,2026-08-03T05:07:53.151000Z,1785733673.151,0.00040906136979840756,cores,0.00040906136979840756,0.04090613697984075,,
pbx-web,cpu_usage,pbx-web,pbx-rebuild-relay-588d79c5b9-vmmlz,2026-08-03T06:07:53.151000Z,1785737273.151,0.0004295505172676388,cores,0.0004295505172676388,0.04295505172676388,,
pbx-web,cpu_usage,pbx-web,pbx-rebuild-relay-588d79c5b9-vmmlz,2026-08-03T07:07:53.151000Z,1785740873.151,0.0004062610496990532,cores,0.0004062610496990532,0.04062610496990532,,
pbx-web,cpu_usage,pbx-web,pbx-rebuild-relay-588d79c5b9-vmmlz,2026-08-03T08:07:53.151000Z,1785744473.151,0.0004334562173802054,cores,0.0004334562173802054,0.04334562173802054,,
pbx-web,cpu_usage,pbx-web,pbx-rebuild-relay-588d79c5b9-vmmlz,2026-08-03T09:07:53.151000Z,1785748073.151,0.0004458243227163891,cores,0.0004458243227163891,0.04458243227163891,,
pbx-web,cpu_usage,pbx-web,pbx-rebuild-relay-588d79c5b9-vmmlz,2026-08-03T10:07:53.151000Z,1785751673.151,0.000445109132771742,cores,0.000445109132771742,0.0445109132771742,,
pbx-web,cpu_usage,pbx-web,pbx-rebuild-relay-588d79c5b9-vmmlz,2026-08-03T11:07:53.151000Z,1785755273.151,0.0004495419204331213,cores,0.0004495419204331213,0.04495419204331213,,
pbx-web,cpu_usage,pbx-web,pbx-rebuild-relay-588d79c5b9-vmmlz,2026-08-03T12:07:53.151000Z,1785758873.151,0.0004154828782431746,cores,0.0004154828782431746,0.04154828782431746,,
pbx-web,cpu_usage,pbx-web,pbx-rebuild-relay-588d79c5b9-vmmlz,2026-08-03T13:07:53.151000Z,1785762473.151,0.0004562982096097065,cores,0.0004562982096097065,0.04562982096097065,,
pbx-web,cpu_usage,pbx-web,pbx-rebuild-relay-588d79c5b9-vmmlz,2026-08-03T14:07:53.151000Z,1785766073.151,0.0004311140476051853,cores,0.0004311140476051853,0.04311140476051853,,
pbx-web,cpu_usage,pbx-web,pbx-rebuild-relay-588d79c5b9-vmmlz,2026-08-03T15:07:53.151000Z,1785769673.151,0.0004080893012466741,cores,0.0004080893012466741,0.04080893012466741,,
pbx-web,cpu_usage,pbx-web,pbx-rebuild-relay-588d79c5b9-vmmlz,2026-08-03T16:07:53.151000Z,1785773273.151,0.00039361565373883877,cores,0.00039361565373883877,0.039361565373883876,,
pbx-web,cpu_usage,pbx-web,pbx-rebuild-relay-588d79c5b9-vmmlz,2026-08-03T17:07:53.151000Z,1785776873.151,0.0004237284666550674,cores,0.0004237284666550674,0.04237284666550674,,
pbx-web,cpu_usage,pbx-web,pbx-rebuild-relay-588d79c5b9-vmmlz,2026-08-03T18:07:53.151000Z,1785780473.151,0.0004174285233536748,cores,0.0004174285233536748,0.04174285233536748,,
pbx-web,cpu_usage,pbx-web,pbx-rebuild-relay-588d79c5b9-vmmlz,2026-08-03T19:07:53.151000Z,1785784073.151,0.0004296959145692248,cores,0.0004296959145692248,0.04296959145692248,,
pbx-web,cpu_usage,pbx-web,pbx-rebuild-relay-588d79c5b9-vmmlz,2026-08-03T20:07:53.151000Z,1785787673.151,0.00043200370885456823,cores,0.00043200370885456823,0.04320037088545682,,
pbx-web,cpu_usage,pbx-web,pbx-rebuild-relay-588d79c5b9-vmmlz,2026-08-03T21:07:53.151000Z,1785791273.151,0.000432746877540046,cores,0.000432746877540046,0.0432746877540046,,
pbx-web,cpu_usage,pbx-web,pbx-rebuild-relay-588d79c5b9-vmmlz,2026-08-03T22:07:53.151000Z,1785794873.151,0.00044179645851566077,cores,0.00044179645851566077,0.04417964585156608,,
pbx-web,cpu_usage,pbx-web,pbx-rebuild-relay-588d79c5b9-vmmlz,2026-08-03T23:07:53.151000Z,1785798473.151,0.00042314574903057263,cores,0.00042314574903057263,0.04231457490305726,,
pbx-web,cpu_usage,pbx-web,pbx-rebuild-relay-588d79c5b9-vmmlz,2026-08-04T00:07:53.151000Z,1785802073.151,0.00045457361721315266,cores,0.00045457361721315266,0.045457361721315266,,
pbx-web,cpu_usage,pbx-web,pbx-rebuild-relay-588d79c5b9-vmmlz,2026-08-04T01:07:53.151000Z,1785805673.151,0.0004389504649382903,cores,0.0004389504649382903,0.04389504649382903,,
pbx-web,cpu_usage,pbx-web,pbx-rebuild-relay-588d79c5b9-vmmlz,2026-08-04T02:07:53.151000Z,1785809273.151,0.0004114843911154999,cores,0.0004114843911154999,0.041148439111549986,,
pbx-web,cpu_usage,pbx-web,pbx-rebuild-relay-588d79c5b9-vmmlz,2026-08-04T03:07:53.151000Z,1785812873.151,0.0004273566235585605,cores,0.0004273566235585605,0.042735662355856054,,
pbx-web,cpu_usage,pbx-web,pbx-rebuild-relay-588d79c5b9-vmmlz,2026-08-04T04:07:53.151000Z,1785816473.151,0.00042999665481836856,cores,0.00042999665481836856,0.042999665481836855,,
pbx-web,cpu_usage,pbx-web,pbx-rebuild-relay-588d79c5b9-vmmlz,2026-08-04T05:07:53.151000Z,1785820073.151,0.00041670723281828824,cores,0.00041670723281828824,0.041670723281828824,,
pbx-web,cpu_usage,pbx-web,pbx-rebuild-relay-588d79c5b9-vmmlz,2026-08-04T06:07:53.151000Z,1785823673.151,0.00043349305929539104,cores,0.00043349305929539104,0.0433493059295391,,
pbx-web,cpu_usage,pbx-web,pbx-rebuild-relay-588d79c5b9-vmmlz,2026-08-04T07:07:53.151000Z,1785827273.151,0.00043980546568763714,cores,0.00043980546568763714,0.04398054656876371,,
pbx-web,cpu_usage,pbx-web,pbx-rebuild-relay-588d79c5b9-vmmlz,2026-08-04T08:07:53.151000Z,1785830873.151,0.0004310070470561003,cores,0.0004310070470561003,0.04310070470561003,,
pbx-web,cpu_usage,pbx-web,pbx-rebuild-relay-588d79c5b9-vmmlz,2026-08-04T09:07:53.151000Z,1785834473.151,0.00041539976947875887,cores,0.00041539976947875887,0.04153997694787589,,
pbx-web,cpu_usage,pbx-web,pbx-rebuild-relay-588d79c5b9-vmmlz,2026-08-04T10:07:53.151000Z,1785838073.151,0.00045176990040371955,cores,0.00045176990040371955,0.045176990040371956,,
pbx-web,cpu_usage,pbx-web,pbx-rebuild-relay-588d79c5b9-vmmlz,2026-08-04T11:07:53.151000Z,1785841673.151,0.0004338875391807975,cores,0.0004338875391807975,0.043388753918079746,,
pbx-web,cpu_usage,pbx-web,pbx-rebuild-relay-588d79c5b9-vmmlz,2026-08-04T12:07:53.151000Z,1785845273.151,0.000430901670871012,cores,0.000430901670871012,0.0430901670871012,,
pbx-web,cpu_usage,pbx-web,pbx-rebuild-relay-588d79c5b9-vmmlz,2026-08-04T13:07:53.151000Z,1785848873.151,0.000399488112717743,cores,0.000399488112717743,0.0399488112717743,,
pbx-web,cpu_usage,pbx-web,pbx-rebuild-relay-588d79c5b9-vmmlz,2026-08-04T14:07:53.151000Z,1785852473.151,0.00042492880768360585,cores,0.00042492880768360585,0.04249288076836059,,
pbx-web,cpu_usage,pbx-web,pbx-rebuild-relay-588d79c5b9-vmmlz,2026-08-04T15:07:53.151000Z,1785856073.151,0.0004231402436189562,cores,0.0004231402436189562,0.042314024361895616,,
pbx-web,cpu_usage,pbx-web,pbx-rebuild-relay-588d79c5b9-vmmlz,2026-08-04T16:07:53.151000Z,1785859673.151,0.00041191878564918037,cores,0.00041191878564918037,0.04119187856491804,,
pbx-web,cpu_usage,pbx-web,pbx-rebuild-relay-588d79c5b9-vmmlz,2026-08-04T17:07:53.151000Z,1785863273.151,0.0004276091165864768,cores,0.0004276091165864768,0.042760911658647684,,
pbx-web,cpu_usage,pbx-web,pbx-rebuild-relay-588d79c5b9-vmmlz,2026-08-04T18:07:53.151000Z,1785866873.151,0.0002456660102995122,cores,0.0002456660102995122,0.02456660102995122,,
pbx-web,cpu_usage,pbx-web,pbx-rebuild-relay-588d79c5b9-vmmlz,2026-08-04T19:07:53.151000Z,1785870473.151,0.00042633595784210513,cores,0.00042633595784210513,0.04263359578421051,,
pbx-web,cpu_usage,pbx-web,pbx-rebuild-relay-588d79c5b9-vmmlz,2026-08-04T20:07:53.151000Z,1785874073.151,0.00045224253363266697,cores,0.00045224253363266697,0.0452242533632667,,
pbx-web,cpu_usage,pbx-web,pbx-rebuild-relay-588d79c5b9-vmmlz,2026-08-04T21:07:53.151000Z,1785877673.151,0.0004307027601445807,cores,0.0004307027601445807,0.043070276014458064,,
pbx-web,cpu_usage,pbx-web,pbx-rebuild-relay-588d79c5b9-vmmlz,2026-08-04T22:07:53.151000Z,1785881273.151,0.0004242951173307598,cores,0.0004242951173307598,0.04242951173307598,,
pbx-web,cpu_usage,pbx-web,pbx-rebuild-relay-588d79c5b9-vmmlz,2026-08-04T23:07:53.151000Z,1785884873.151,0.00042801981300474574,cores,0.00042801981300474574,0.04280198130047457,,
pbx-web,cpu_usage,pbx-web,pbx-rebuild-relay-588d79c5b9-vmmlz,2026-08-05T00:07:53.151000Z,1785888473.151,0.00044537873044310977,cores,0.00044537873044310977,0.04453787304431098,,
pbx-web,cpu_usage,pbx-web,pbx-rebuild-relay-588d79c5b9-vmmlz,2026-08-05T01:07:53.151000Z,1785892073.151,0.000429388799627646,cores,0.000429388799627646,0.0429388799627646,,
pbx-web,cpu_usage,pbx-web,pbx-rebuild-relay-588d79c5b9-vmmlz,2026-08-05T02:07:53.151000Z,1785895673.151,0.0004352334703552192,cores,0.0004352334703552192,0.04352334703552192,,
pbx-web,cpu_usage,pbx-web,pbx-rebuild-relay-588d79c5b9-vmmlz,2026-08-05T03:07:53.151000Z,1785899273.151,0.0004361435958910564,cores,0.0004361435958910564,0.04361435958910564,,
pbx-web,cpu_usage,pbx-web,pbx-rebuild-relay-588d79c5b9-vmmlz,2026-08-05T04:07:53.151000Z,1785902873.151,0.000410741386813402,cores,0.000410741386813402,0.0410741386813402,,
pbx-web,cpu_usage,pbx-web,pbx-rebuild-relay-588d79c5b9-vmmlz,2026-08-05T05:07:53.151000Z,1785906473.151,0.0004081631940811974,cores,0.0004081631940811974,0.04081631940811974,,
pbx-web,cpu_usage,pbx-web,pbx-rebuild-relay-588d79c5b9-vmmlz,2026-08-05T06:07:53.151000Z,1785910073.151,0.0004219631885254121,cores,0.0004219631885254121,0.04219631885254121,,
pbx-web,cpu_usage,pbx-web,pbx-rebuild-relay-588d79c5b9-vmmlz,2026-08-05T07:07:53.151000Z,1785913673.151,0.00045101434396566993,cores,0.00045101434396566993,0.04510143439656699,,
pbx-web,cpu_usage,pbx-web,pbx-rebuild-relay-588d79c5b9-vmmlz,2026-08-05T08:07:53.151000Z,1785917273.151,0.0004262737111582597,cores,0.0004262737111582597,0.04262737111582597,,
pbx-web,cpu_usage,pbx-web,pbx-rebuild-relay-588d79c5b9-vmmlz,2026-08-05T09:07:53.151000Z,1785920873.151,0.00043509212730325495,cores,0.00043509212730325495,0.04350921273032549,,
pbx-web,cpu_usage,pbx-web,pbx-rebuild-relay-588d79c5b9-vmmlz,2026-08-05T10:07:53.151000Z,1785924473.151,0.0004668841308949939,cores,0.0004668841308949939,0.046688413089499385,,
pbx-web,cpu_usage,pbx-web,pbx-rebuild-relay-588d79c5b9-vmmlz,2026-08-05T11:07:53.151000Z,1785928073.151,0.00045606375387117706,cores,0.00045606375387117706,0.045606375387117704,,
pbx-web,cpu_usage,pbx-web,pbx-rebuild-relay-588d79c5b9-vmmlz,2026-08-05T12:07:53.151000Z,1785931673.151,0.0004294377235804464,cores,0.0004294377235804464,0.04294377235804464,,
pbx-web,cpu_usage,pbx-web,pbx-rebuild-relay-588d79c5b9-vmmlz,2026-08-05T13:07:53.151000Z,1785935273.151,0.00042426001160747646,cores,0.00042426001160747646,0.04242600116074765,,
pbx-web,cpu_usage,pbx-web,pbx-rebuild-relay-588d79c5b9-vmmlz,2026-08-05T14:07:53.151000Z,1785938873.151,0.0004288754495839077,cores,0.0004288754495839077,0.04288754495839077,,
pbx-web,cpu_usage,pbx-web,pbx-rebuild-relay-588d79c5b9-vmmlz,2026-08-05T15:07:53.151000Z,1785942473.151,0.00043041496779261,cores,0.00043041496779261,0.043041496779261,,
pbx-web,cpu_usage,pbx-web,pbx-rebuild-relay-588d79c5b9-vmmlz,2026-08-05T16:07:53.151000Z,1785946073.151,0.0004455910074706139,cores,0.0004455910074706139,0.04455910074706139,,
pbx-web,cpu_usage,pbx-web,pbx-rebuild-relay-588d79c5b9-vmmlz,2026-08-05T17:07:53.151000Z,1785949673.151,0.00036315348249120856,cores,0.00036315348249120856,0.03631534824912085,,
pbx-web,cpu_usage,pbx-web,pbx-rebuild-relay-588d79c5b9-vmmlz,2026-08-05T18:07:53.151000Z,1785953273.151,0.0004299155947725935,cores,0.0004299155947725935,0.04299155947725935,,
pbx-web,cpu_usage,pbx-web,pbx-rebuild-relay-588d79c5b9-vmmlz,2026-08-05T19:07:53.151000Z,1785956873.151,0.0004441196476848673,cores,0.0004441196476848673,0.04441196476848673,,
pbx-web,cpu_usage,pbx-web,pbx-rebuild-relay-588d79c5b9-vmmlz,2026-08-05T20:07:53.151000Z,1785960473.151,0.00043394936415916267,cores,0.00043394936415916267,0.04339493641591627,,
pbx-web,cpu_usage,pbx-web,pbx-rebuild-relay-588d79c5b9-vmmlz,2026-08-05T21:07:53.151000Z,1785964073.151,0.00041721478201110253,cores,0.00041721478201110253,0.04172147820111025,,
pbx-web,cpu_usage,pbx-web,pbx-rebuild-relay-588d79c5b9-vmmlz,2026-08-05T22:07:53.151000Z,1785967673.151,0.00042687330725241267,cores,0.00042687330725241267,0.042687330725241265,,
pbx-web,cpu_usage,pbx-web,pbx-rebuild-relay-588d79c5b9-vmmlz,2026-08-05T23:07:53.151000Z,1785971273.151,0.00041609347442683997,cores,0.00041609347442683997,0.041609347442684,,
pbx-web,cpu_usage,pbx-web,pbx-rebuild-relay-588d79c5b9-vmmlz,2026-08-06T00:07:53.151000Z,1785974873.151,0.00042908090935507917,cores,0.00042908090935507917,0.04290809093550792,,
pbx-web,cpu_usage,pbx-web,pbx-rebuild-relay-588d79c5b9-vmmlz,2026-08-06T01:07:53.151000Z,1785978473.151,0.00021841117708183203,cores,0.00021841117708183203,0.021841117708183203,,
pbx-web,cpu_usage,pbx-web,pbx-rebuild-relay-588d79c5b9-vmmlz,2026-08-06T02:07:53.151000Z,1785982073.151,0.00040097025727851723,cores,0.00040097025727851723,0.040097025727851725,,
pbx-web,cpu_usage,pbx-web,pbx-rebuild-relay-588d79c5b9-vmmlz,2026-08-06T03:07:53.151000Z,1785985673.151,0.0004315682381432986,cores,0.0004315682381432986,0.04315682381432986,,
pbx-web,cpu_usage,pbx-web,pbx-rebuild-relay-588d79c5b9-vmmlz,2026-08-06T04:07:53.151000Z,1785989273.151,0.0004196064116922119,cores,0.0004196064116922119,0.041960641169221186,,
pbx-web,cpu_usage,pbx-web,pbx-rebuild-relay-588d79c5b9-vmmlz,2026-08-06T05:07:53.151000Z,1785992873.151,0.0004089617654831274,cores,0.0004089617654831274,0.04089617654831274,,
pbx-web,cpu_usage,pbx-web,pbx-rebuild-relay-588d79c5b9-vmmlz,2026-08-06T06:07:53.151000Z,1785996473.151,0.00043054749259991614,cores,0.00043054749259991614,0.043054749259991615,,
pbx-web,cpu_usage,pbx-web,pbx-rebuild-relay-588d79c5b9-vmmlz,2026-08-06T07:07:53.151000Z,1786000073.151,0.00043405313578170635,cores,0.00043405313578170635,0.04340531357817064,,
pbx-web,cpu_usage,pbx-web,pbx-rebuild-relay-588d79c5b9-vmmlz,2026-08-06T08:07:53.151000Z,1786003673.151,0.0004224929632444657,cores,0.0004224929632444657,0.04224929632444657,,
pbx-web,cpu_usage,pbx-web,pbx-rebuild-relay-588d79c5b9-vmmlz,2026-08-06T09:07:53.151000Z,1786007273.151,0.0004350368945523584,cores,0.0004350368945523584,0.04350368945523584,,
pbx-web,cpu_usage,pbx-web,pbx-rebuild-relay-588d79c5b9-vmmlz,2026-08-06T10:07:53.151000Z,1786010873.151,0.0004335734753224596,cores,0.0004335734753224596,0.04335734753224596,,
pbx-web,cpu_usage,pbx-web,pbx-rebuild-relay-588d79c5b9-vmmlz,2026-08-06T11:07:53.151000Z,1786014473.151,0.00042108217255880213,cores,0.00042108217255880213,0.042108217255880216,,
pbx-web,cpu_usage,pbx-web,pbx-rebuild-relay-588d79c5b9-vmmlz,2026-08-06T12:07:53.151000Z,1786018073.151,0.00038741469589691457,cores,0.00038741469589691457,0.038741469589691456,,
pbx-web,cpu_usage,pbx-web,pbx-rebuild-relay-588d79c5b9-vmmlz,2026-08-06T13:07:53.151000Z,1786021673.151,0.0003147479535288972,cores,0.0003147479535288972,0.031474795352889724,,
pbx-web,cpu_usage,pbx-web,pbx-rebuild-relay-588d79c5b9-vmmlz,2026-08-06T14:07:53.151000Z,1786025273.151,0.0004412349338356277,cores,0.0004412349338356277,0.044123493383562765,,
pbx-web,cpu_usage,pbx-web,pbx-rebuild-relay-588d79c5b9-vmmlz,2026-08-06T15:07:53.151000Z,1786028873.151,0.00043121901480271135,cores,0.00043121901480271135,0.04312190148027113,,
pbx-web,cpu_usage,pbx-web,pbx-rebuild-relay-588d79c5b9-vmmlz,2026-08-06T16:07:53.151000Z,1786032473.151,0.0004168980478761502,cores,0.0004168980478761502,0.04168980478761502,,
pbx-web,cpu_usage,pbx-web,pbx-rebuild-relay-588d79c5b9-vmmlz,2026-08-06T17:07:53.151000Z,1786036073.151,0.000432196269534249,cores,0.000432196269534249,0.0432196269534249,,
pbx-web,cpu_usage,pbx-web,pbx-rebuild-relay-588d79c5b9-vmmlz,2026-08-06T18:07:53.151000Z,1786039673.151,0.000437212631213612,cores,0.000437212631213612,0.0437212631213612,,
pbx-web,cpu_usage,pbx-web,pbx-rebuild-relay-588d79c5b9-vmmlz,2026-08-06T19:07:53.151000Z,1786043273.151,0.00043397219844784954,cores,0.00043397219844784954,0.04339721984478495,,
pbx-web,cpu_usage,pbx-web,pbx-rebuild-relay-588d79c5b9-vmmlz,2026-08-06T20:07:53.151000Z,1786046873.151,0.00043306216626919916,cores,0.00043306216626919916,0.04330621662691991,,
pbx-web,cpu_usage,pbx-web,pbx-rebuild-relay-588d79c5b9-vmmlz,2026-08-06T21:07:53.151000Z,1786050473.151,0.00042696112499946315,cores,0.00042696112499946315,0.042696112499946315,,
pbx-web,cpu_usage,pbx-web,pbx-rebuild-relay-588d79c5b9-vmmlz,2026-08-06T22:07:53.151000Z,1786054073.151,0.00041408136855263617,cores,0.00041408136855263617,0.041408136855263615,,
pbx-web,cpu_usage,pbx-web,pbx-rebuild-relay-588d79c5b9-vmmlz,2026-08-06T23:07:53.151000Z,1786057673.151,0.00042093990879196654,cores,0.00042093990879196654,0.04209399087919666,,
pbx-web,cpu_usage,pbx-web,pbx-rebuild-relay-588d79c5b9-vmmlz,2026-08-07T00:07:53.151000Z,1786061273.151,0.0004326116714697302,cores,0.0004326116714697302,0.04326116714697302,,
pbx-web,cpu_usage,pbx-web,pbx-rebuild-relay-588d79c5b9-vmmlz,2026-08-07T01:07:53.151000Z,1786064873.151,0.0004342704942290692,cores,0.0004342704942290692,0.04342704942290692,,
pbx-web,cpu_usage,pbx-web,pbx-rebuild-relay-588d79c5b9-vmmlz,2026-08-07T02:07:53.151000Z,1786068473.151,0.00046365617459935066,cores,0.00046365617459935066,0.04636561745993507,,
pbx-web,cpu_usage,pbx-web,pbx-rebuild-relay-588d79c5b9-vmmlz,2026-08-07T03:07:53.151000Z,1786072073.151,0.0004661777757348515,cores,0.0004661777757348515,0.04661777757348515,,
pbx-web,cpu_usage,pbx-web,pbx-rebuild-relay-588d79c5b9-vmmlz,2026-08-07T04:07:53.151000Z,1786075673.151,0.00045480077109477337,cores,0.00045480077109477337,0.04548007710947734,,
pbx-web,cpu_usage,pbx-web,pbx-rebuild-relay-588d79c5b9-vmmlz,2026-08-07T05:07:53.151000Z,1786079273.151,0.00045577856159391525,cores,0.00045577856159391525,0.04557785615939153,,
pbx-web,cpu_usage,pbx-web,pbx-rebuild-relay-588d79c5b9-vmmlz,2026-08-07T06:07:53.151000Z,1786082873.151,0.00045125674333713016,cores,0.00045125674333713016,0.04512567433371301,,
pbx-web,cpu_usage,pbx-web,pbx-rebuild-relay-588d79c5b9-vmmlz,2026-08-07T07:07:53.151000Z,1786086473.151,0.00042345859420863925,cores,0.00042345859420863925,0.04234585942086393,,
pbx-web,cpu_usage,pbx-web,pbx-rebuild-relay-588d79c5b9-vmmlz,2026-08-07T08:07:53.151000Z,1786090073.151,0.00039444145653895794,cores,0.00039444145653895794,0.03944414565389579,,
pbx-web,cpu_usage,pbx-web,pbx-rebuild-relay-588d79c5b9-vmmlz,2026-08-07T09:07:53.151000Z,1786093673.151,0.0004449623134367194,cores,0.0004449623134367194,0.04449623134367194,,
pbx-web,cpu_usage,pbx-web,pbx-rebuild-relay-588d79c5b9-vmmlz,2026-08-07T10:07:53.151000Z,1786097273.151,0.0004439255176883834,cores,0.0004439255176883834,0.044392551768838336,,
pbx-web,cpu_usage,pbx-web,pbx-rebuild-relay-588d79c5b9-vmmlz,2026-08-07T11:07:53.151000Z,1786100873.151,0.00045890780086176844,cores,0.00045890780086176844,0.04589078008617684,,
pbx-web,cpu_usage,pbx-web,pbx-rebuild-relay-588d79c5b9-vmmlz,2026-08-07T12:07:53.151000Z,1786104473.151,0.0004447473220924032,cores,0.0004447473220924032,0.04447473220924032,,
pbx-web,cpu_usage,pbx-web,pbx-rebuild-relay-588d79c5b9-vmmlz,2026-08-07T13:07:53.151000Z,1786108073.151,0.000444826811498525,cores,0.000444826811498525,0.0444826811498525,,
pbx-web,cpu_usage,pbx-web,pbx-rebuild-relay-588d79c5b9-vmmlz,2026-08-07T14:07:53.151000Z,1786111673.151,0.00046511426373972394,cores,0.00046511426373972394,0.046511426373972396,,
pbx-web,cpu_usage,pbx-web,pbx-rebuild-relay-588d79c5b9-vmmlz,2026-08-07T15:07:53.151000Z,1786115273.151,0.0004263795368558771,cores,0.0004263795368558771,0.04263795368558771,,
pbx-web,cpu_usage,pbx-web,pbx-rebuild-relay-588d79c5b9-vmmlz,2026-08-07T16:07:53.151000Z,1786118873.151,0.00021261172496312865,cores,0.00021261172496312865,0.021261172496312864,,
pbx-web,cpu_usage,pbx-web,pbx-rebuild-relay-588d79c5b9-vmmlz,2026-08-07T17:07:53.151000Z,1786122473.151,0.00047935036954623874,cores,0.00047935036954623874,0.04793503695462387,,
pbx-web,cpu_usage,pbx-web,pbx-rebuild-relay-588d79c5b9-vmmlz,2026-08-07T18:07:53.151000Z,1786126073.151,0.0004016896731687892,cores,0.0004016896731687892,0.04016896731687892,,
pbx-web,cpu_usage,pbx-web,pbx-rebuild-relay-588d79c5b9-vmmlz,2026-08-07T19:07:53.151000Z,1786129673.151,0.00035118870833163304,cores,0.00035118870833163304,0.035118870833163306,,
pbx-web,cpu_usage,pbx-web,pbx-rebuild-relay-588d79c5b9-vmmlz,2026-08-07T20:07:53.151000Z,1786133273.151,0.000383170556514383,cores,0.000383170556514383,0.038317055651438295,,
pbx-web,cpu_usage,pbx-web,pbx-rebuild-relay-588d79c5b9-vmmlz,2026-08-07T21:07:53.151000Z,1786136873.151,0.00046757793799278853,cores,0.00046757793799278853,0.04675779379927885,,
pbx-web,cpu_usage,pbx-web,pbx-rebuild-relay-588d79c5b9-vmmlz,2026-08-07T22:07:53.151000Z,1786140473.151,0.0004497570047544414,cores,0.0004497570047544414,0.04497570047544414,,
pbx-web,cpu_usage,pbx-web,pbx-rebuild-relay-588d79c5b9-vmmlz,2026-08-07T23:07:53.151000Z,1786144073.151,0.000478641413592137,cores,0.000478641413592137,0.0478641413592137,,
pbx-web,cpu_usage,pbx-web,pbx-rebuild-relay-588d79c5b9-vmmlz,2026-08-08T00:07:53.151000Z,1786147673.151,0.0005093454775168115,cores,0.0005093454775168115,0.05093454775168115,,
pbx-web,cpu_usage,pbx-web,pbx-rebuild-relay-588d79c5b9-vmmlz,2026-08-08T01:07:53.151000Z,1786151273.151,0.0004515596951736444,cores,0.0004515596951736444,0.04515596951736444,,
pbx-web,cpu_usage,pbx-web,pbx-rebuild-relay-588d79c5b9-vmmlz,2026-08-08T02:07:53.151000Z,1786154873.151,0.00044811387312454194,cores,0.00044811387312454194,0.044811387312454196,,
pbx-web,cpu_usage,pbx-web,pbx-rebuild-relay-588d79c5b9-vmmlz,2026-08-08T03:07:53.151000Z,1786158473.151,0.00046125961745259003,cores,0.00046125961745259003,0.046125961745259,,
pbx-web,cpu_usage,pbx-web,pbx-rebuild-relay-588d79c5b9-vmmlz,2026-08-08T04:07:53.151000Z,1786162073.151,0.00047629481643773273,cores,0.00047629481643773273,0.04762948164377327,,
pbx-web,cpu_usage,pbx-web,pbx-rebuild-relay-588d79c5b9-vmmlz,2026-08-08T05:07:53.151000Z,1786165673.151,0.00044222660837351844,cores,0.00044222660837351844,0.044222660837351845,,
pbx-web,cpu_usage,pbx-web,pbx-rebuild-relay-588d79c5b9-vmmlz,2026-08-08T06:07:53.151000Z,1786169273.151,0.00047881188653317846,cores,0.00047881188653317846,0.04788118865331785,,
pbx-web,cpu_usage,pbx-web,pbx-rebuild-relay-588d79c5b9-vmmlz,2026-08-08T07:07:53.151000Z,1786172873.151,0.0004514538239292925,cores,0.0004514538239292925,0.04514538239292925,,
pbx-web,cpu_usage,pbx-web,pbx-rebuild-relay-588d79c5b9-vmmlz,2026-08-08T08:07:53.151000Z,1786176473.151,0.0004521031814272573,cores,0.0004521031814272573,0.04521031814272573,,
pbx-web,cpu_usage,pbx-web,pbx-rebuild-relay-588d79c5b9-vmmlz,2026-08-08T09:07:53.151000Z,1786180073.151,0.00045155533607117184,cores,0.00045155533607117184,0.04515553360711718,,
pbx-web,cpu_usage,pbx-web,pbx-rebuild-relay-588d79c5b9-vmmlz,2026-08-08T10:07:53.151000Z,1786183673.151,0.00045303360354232596,cores,0.00045303360354232596,0.045303360354232595,,
pbx-web,cpu_usage,pbx-web,pbx-rebuild-relay-588d79c5b9-vmmlz,2026-08-08T11:07:53.151000Z,1786187273.151,0.0004814114348904618,cores,0.0004814114348904618,0.04814114348904618,,
pbx-web,cpu_usage,pbx-web,pbx-rebuild-relay-588d79c5b9-vmmlz,2026-08-08T12:07:53.151000Z,1786190873.151,0.00045919650119901056,cores,0.00045919650119901056,0.045919650119901054,,
pbx-web,cpu_usage,pbx-web,pbx-rebuild-relay-588d79c5b9-vmmlz,2026-08-08T13:07:53.151000Z,1786194473.151,0.0004621297871602311,cores,0.0004621297871602311,0.04621297871602311,,
pbx-web,cpu_usage,pbx-web,pbx-rebuild-relay-588d79c5b9-vmmlz,2026-08-08T14:07:53.151000Z,1786198073.151,0.00046571910773474096,cores,0.00046571910773474096,0.0465719107734741,,
pbx-web,cpu_usage,pbx-web,pbx-rebuild-relay-588d79c5b9-vmmlz,2026-08-08T15:07:53.151000Z,1786201673.151,0.0004577913602205911,cores,0.0004577913602205911,0.04577913602205911,,
pbx-web,cpu_usage,pbx-web,pbx-rebuild-relay-588d79c5b9-vmmlz,2026-08-08T16:07:53.151000Z,1786205273.151,0.00046892326753978844,cores,0.00046892326753978844,0.04689232675397884,,
pbx-web,cpu_usage,pbx-web,pbx-rebuild-relay-588d79c5b9-vmmlz,2026-08-08T17:07:53.151000Z,1786208873.151,0.0004402156055342398,cores,0.0004402156055342398,0.04402156055342398,,
pbx-web,cpu_usage,pbx-web,pbx-rebuild-relay-588d79c5b9-vmmlz,2026-08-08T18:07:53.151000Z,1786212473.151,0.0003386627735155257,cores,0.0003386627735155257,0.03386627735155257,,
pbx-web,cpu_usage,pbx-web,pbx-rebuild-relay-588d79c5b9-vmmlz,2026-08-08T19:07:53.151000Z,1786216073.151,0.0002595662239383677,cores,0.0002595662239383677,0.02595662239383677,,
pbx-web,cpu_usage,pbx-web,pbx-rebuild-relay-588d79c5b9-vmmlz,2026-08-08T20:07:53.151000Z,1786219673.151,0.00045167208302777164,cores,0.00045167208302777164,0.045167208302777165,,
pbx-web,cpu_usage,pbx-web,pbx-rebuild-relay-588d79c5b9-vmmlz,2026-08-08T21:07:53.151000Z,1786223273.151,0.00044248030934243126,cores,0.00044248030934243126,0.04424803093424313,,
pbx-web,cpu_usage,pbx-web,pbx-rebuild-relay-588d79c5b9-vmmlz,2026-08-08T22:07:53.151000Z,1786226873.151,0.00040720624588716725,cores,0.00040720624588716725,0.040720624588716725,,
pbx-web,cpu_usage,pbx-web,pbx-rebuild-relay-588d79c5b9-vmmlz,2026-08-08T23:07:53.151000Z,1786230473.151,0.00040955215317883657,cores,0.00040955215317883657,0.04095521531788366,,
pbx-web,cpu_usage,pbx-web,pbx-rebuild-relay-588d79c5b9-vmmlz,2026-08-09T00:07:53.151000Z,1786234073.151,0.0004110307414103426,cores,0.0004110307414103426,0.041103074141034264,,
pbx-web,cpu_usage,pbx-web,pbx-rebuild-relay-588d79c5b9-vmmlz,2026-08-09T01:07:53.151000Z,1786237673.151,0.00040852533697935124,cores,0.00040852533697935124,0.04085253369793512,,
pbx-web,cpu_usage,pbx-web,pbx-rebuild-relay-588d79c5b9-vmmlz,2026-08-09T02:07:53.151000Z,1786241273.151,0.00043062586896755857,cores,0.00043062586896755857,0.04306258689675586,,
pbx-web,cpu_usage,pbx-web,pbx-rebuild-relay-588d79c5b9-vmmlz,2026-08-09T03:07:53.151000Z,1786244873.151,0.0004679091201974671,cores,0.0004679091201974671,0.04679091201974671,,
pbx-web,cpu_usage,pbx-web,pbx-rebuild-relay-588d79c5b9-vmmlz,2026-08-09T04:07:53.151000Z,1786248473.151,0.000438823425925692,cores,0.000438823425925692,0.0438823425925692,,
pbx-web,cpu_usage,pbx-web,pbx-rebuild-relay-588d79c5b9-vmmlz,2026-08-09T05:07:53.151000Z,1786252073.151,0.0003997591727370284,cores,0.0003997591727370284,0.039975917273702845,,
pbx-web,cpu_usage,pbx-web,pbx-rebuild-relay-588d79c5b9-vmmlz,2026-08-09T06:07:53.151000Z,1786255673.151,0.00038612082854271035,cores,0.00038612082854271035,0.038612082854271035,,
pbx-web,cpu_usage,pbx-web,pbx-rebuild-relay-588d79c5b9-vmmlz,2026-08-09T07:07:53.151000Z,1786259273.151,0.00045022885396696577,cores,0.00045022885396696577,0.04502288539669658,,
pbx-web,cpu_usage,pbx-web,pbx-rebuild-relay-588d79c5b9-vmmlz,2026-08-09T08:07:53.151000Z,1786262873.151,0.00043983358638262625,cores,0.00043983358638262625,0.043983358638262623,,
pbx-web,cpu_usage,pbx-web,pbx-rebuild-relay-588d79c5b9-vmmlz,2026-08-09T09:07:53.151000Z,1786266473.151,0.0004493447562605669,cores,0.0004493447562605669,0.04493447562605669,,
pbx-web,cpu_usage,pbx-web,pbx-rebuild-relay-588d79c5b9-vmmlz,2026-08-09T10:07:53.151000Z,1786270073.151,0.0004480003048213084,cores,0.0004480003048213084,0.04480003048213084,,
pbx-web,cpu_usage,pbx-web,pbx-rebuild-relay-588d79c5b9-vmmlz,2026-08-09T11:07:53.151000Z,1786273673.151,0.0004399583609488048,cores,0.0004399583609488048,0.04399583609488048,,
pbx-web,cpu_usage,pbx-web,pbx-rebuild-relay-588d79c5b9-vmmlz,2026-08-09T12:07:53.151000Z,1786277273.151,0.00041348981840922457,cores,0.00041348981840922457,0.04134898184092246,,
pbx-web,cpu_usage,pbx-web,pbx-rebuild-relay-588d79c5b9-vmmlz,2026-08-09T13:07:53.151000Z,1786280873.151,0.00040406657080018855,cores,0.00040406657080018855,0.04040665708001885,,
pbx-web,cpu_usage,pbx-web,pbx-rebuild-relay-588d79c5b9-vmmlz,2026-08-09T14:07:53.151000Z,1786284473.151,0.00046459621244756,cores,0.00046459621244756,0.046459621244756,,
pbx-web,cpu_usage,pbx-web,pbx-rebuild-relay-588d79c5b9-vmmlz,2026-08-09T15:07:53.151000Z,1786288073.151,0.00040224563260587656,cores,0.00040224563260587656,0.040224563260587654,,
pbx-web,cpu_usage,pbx-web,pbx-rebuild-relay-588d79c5b9-vmmlz,2026-08-09T16:07:53.151000Z,1786291673.151,0.0004257767127254801,cores,0.0004257767127254801,0.04257767127254801,,
pbx-web,cpu_usage,pbx-web,pbx-rebuild-relay-588d79c5b9-vmmlz,2026-08-09T17:07:53.151000Z,1786295273.151,0.0004454990064649435,cores,0.0004454990064649435,0.044549900646494354,,
pbx-web,cpu_usage,pbx-web,pbx-rebuild-relay-588d79c5b9-vmmlz,2026-08-09T18:07:53.151000Z,1786298873.151,0.00044382127183932124,cores,0.00044382127183932124,0.04438212718393213,,
pbx-web,cpu_usage,pbx-web,pbx-rebuild-relay-588d79c5b9-vmmlz,2026-08-09T19:07:53.151000Z,1786302473.151,0.00037012815906098466,cores,0.00037012815906098466,0.037012815906098465,,
pbx-web,cpu_usage,pbx-web,pbx-rebuild-relay-588d79c5b9-vmmlz,2026-08-09T20:07:53.151000Z,1786306073.151,0.000436040896875853,cores,0.000436040896875853,0.0436040896875853,,
pbx-web,cpu_usage,pbx-web,pbx-rebuild-relay-588d79c5b9-vmmlz,2026-08-09T21:07:53.151000Z,1786309673.151,0.00043036368664884413,cores,0.00043036368664884413,0.04303636866488442,,
pbx-web,cpu_usage,pbx-web,pbx-rebuild-relay-588d79c5b9-vmmlz,2026-08-09T22:07:53.151000Z,1786313273.151,0.0004486345592804945,cores,0.0004486345592804945,0.044863455928049446,,
pbx-web,cpu_usage,pbx-web,pbx-rebuild-relay-588d79c5b9-vmmlz,2026-08-09T23:07:53.151000Z,1786316873.151,0.00045228108621142137,cores,0.00045228108621142137,0.04522810862114214,,
pbx-web,cpu_usage,pbx-web,pbx-rebuild-relay-588d79c5b9-vmmlz,2026-08-10T00:07:53.151000Z,1786320473.151,0.0004583830653655186,cores,0.0004583830653655186,0.04583830653655186,,
pbx-web,cpu_usage,pbx-web,pbx-rebuild-relay-588d79c5b9-vmmlz,2026-08-10T01:07:53.151000Z,1786324073.151,0.00039239881196670965,cores,0.00039239881196670965,0.03923988119667097,,
pbx-web,cpu_usage,pbx-web,pbx-rebuild-relay-588d79c5b9-vmmlz,2026-08-10T02:07:53.151000Z,1786327673.151,0.0004356112959042801,cores,0.0004356112959042801,0.04356112959042801,,
pbx-web,cpu_usage,pbx-web,pbx-rebuild-relay-588d79c5b9-vmmlz,2026-08-10T03:07:53.151000Z,1786331273.151,0.00041593949975436885,cores,0.00041593949975436885,0.04159394997543688,,
pbx-web,cpu_usage,pbx-web,pbx-rebuild-relay-588d79c5b9-vmmlz,2026-08-10T04:07:53.151000Z,1786334873.151,0.00040215105162529476,cores,0.00040215105162529476,0.04021510516252948,,
pbx-web,cpu_usage,pbx-web,pbx-rebuild-relay-588d79c5b9-vmmlz,2026-08-10T05:07:53.151000Z,1786338473.151,0.00044005090609258593,cores,0.00044005090609258593,0.04400509060925859,,
pbx-web,cpu_usage,pbx-web,pbx-rebuild-relay-588d79c5b9-vmmlz,2026-08-10T06:07:53.151000Z,1786342073.151,0.00042440193602827543,cores,0.00042440193602827543,0.042440193602827546,,
pbx-web,cpu_usage,pbx-web,pbx-rebuild-relay-588d79c5b9-vmmlz,2026-08-10T07:07:53.151000Z,1786345673.151,0.00042665637525372705,cores,0.00042665637525372705,0.0426656375253727,,
pbx-web,cpu_usage,pbx-web,pbx-rebuild-relay-588d79c5b9-vmmlz,2026-08-10T08:07:53.151000Z,1786349273.151,0.0004332737358644772,cores,0.0004332737358644772,0.04332737358644772,,
pbx-web,cpu_usage,pbx-web,pbx-rebuild-relay-588d79c5b9-vmmlz,2026-08-10T09:07:53.151000Z,1786352873.151,0.00044152297196156366,cores,0.00044152297196156366,0.04415229719615637,,
pbx-web,cpu_usage,pbx-web,pbx-rebuild-relay-588d79c5b9-vmmlz,2026-08-10T10:07:53.151000Z,1786356473.151,0.00043637535716769545,cores,0.00043637535716769545,0.043637535716769545,,
pbx-web,cpu_usage,pbx-web,pbx-rebuild-relay-588d79c5b9-vmmlz,2026-08-10T11:07:53.151000Z,1786360073.151,0.00043544419492416795,cores,0.00043544419492416795,0.043544419492416796,,
pbx-web,cpu_usage,pbx-web,pbx-rebuild-relay-588d79c5b9-vmmlz,2026-08-10T12:07:53.151000Z,1786363673.151,0.0004637851356491654,cores,0.0004637851356491654,0.04637851356491654,,
pbx-web,cpu_usage,pbx-web,pbx-rebuild-relay-588d79c5b9-vmmlz,2026-08-10T13:07:53.151000Z,1786367273.151,0.00043140254430415595,cores,0.00043140254430415595,0.043140254430415595,,
pbx-web,cpu_usage,pbx-web,pbx-rebuild-relay-588d79c5b9-vmmlz,2026-08-10T14:07:53.151000Z,1786370873.151,0.0004353452259910725,cores,0.0004353452259910725,0.04353452259910725,,
pbx-web,cpu_usage,pbx-web,pbx-web-5ff68464d-mkn8n,2026-07-31T12:07:53.151000Z,1785499673.151,0.0011400220691222837,cores,0.0011400220691222837,0.11400220691222837,,
pbx-web,cpu_usage,pbx-web,pbx-web-5ff68464d-mkn8n,2026-07-31T13:07:53.151000Z,1785503273.151,0.0010806278858210444,cores,0.0010806278858210444,0.10806278858210444,,
pbx-web,cpu_usage,pbx-web,pbx-web-5ff68464d-mkn8n,2026-07-31T14:07:53.151000Z,1785506873.151,0.0010866023015098812,cores,0.0010866023015098812,0.10866023015098812,,
pbx-web,cpu_usage,pbx-web,pbx-web-5ff68464d-mkn8n,2026-07-31T15:07:53.151000Z,1785510473.151,0.0011075890578932663,cores,0.0011075890578932663,0.11075890578932664,,
pbx-web,cpu_usage,pbx-web,pbx-web-5ff68464d-mkn8n,2026-07-31T16:07:53.151000Z,1785514073.151,0.001013934701499089,cores,0.001013934701499089,0.1013934701499089,,
pbx-web,cpu_usage,pbx-web,pbx-web-5ff68464d-mkn8n,2026-07-31T17:07:53.151000Z,1785517673.151,0.001057950886470402,cores,0.001057950886470402,0.10579508864704021,,
pbx-web,cpu_usage,pbx-web,pbx-web-5ff68464d-mkn8n,2026-07-31T18:07:53.151000Z,1785521273.151,0.0011094746756925913,cores,0.0011094746756925913,0.11094746756925913,,
pbx-web,cpu_usage,pbx-web,pbx-web-5ff68464d-mkn8n,2026-07-31T19:07:53.151000Z,1785524873.151,0.0010989549555550854,cores,0.0010989549555550854,0.10989549555550854,,
pbx-web,cpu_usage,pbx-web,pbx-web-5ff68464d-mkn8n,2026-07-31T20:07:53.151000Z,1785528473.151,0.0011374076721869485,cores,0.0011374076721869485,0.11374076721869485,,
pbx-web,cpu_usage,pbx-web,pbx-web-5ff68464d-mkn8n,2026-07-31T21:07:53.151000Z,1785532073.151,0.0011252918618147095,cores,0.0011252918618147095,0.11252918618147095,,
pbx-web,cpu_usage,pbx-web,pbx-web-5ff68464d-mkn8n,2026-07-31T22:07:53.151000Z,1785535673.151,0.001044735190882927,cores,0.001044735190882927,0.10447351908829271,,
pbx-web,cpu_usage,pbx-web,pbx-web-5ff68464d-mkn8n,2026-07-31T23:07:53.151000Z,1785539273.151,0.0012009370423995743,cores,0.0012009370423995743,0.12009370423995744,,
pbx-web,cpu_usage,pbx-web,pbx-web-5ff68464d-mkn8n,2026-08-01T00:07:53.151000Z,1785542873.151,0.001100948448060113,cores,0.001100948448060113,0.1100948448060113,,
pbx-web,cpu_usage,pbx-web,pbx-web-5ff68464d-mkn8n,2026-08-01T01:07:53.151000Z,1785546473.151,0.0011364977361749736,cores,0.0011364977361749736,0.11364977361749737,,
pbx-web,cpu_usage,pbx-web,pbx-web-5ff68464d-mkn8n,2026-08-01T02:07:53.151000Z,1785550073.151,0.0010753911860301468,cores,0.0010753911860301468,0.10753911860301468,,
pbx-web,cpu_usage,pbx-web,pbx-web-5ff68464d-mkn8n,2026-08-01T03:07:53.151000Z,1785553673.151,0.001085456063556555,cores,0.001085456063556555,0.10854560635565551,,
pbx-web,cpu_usage,pbx-web,pbx-web-5ff68464d-mkn8n,2026-08-01T04:07:53.151000Z,1785557273.151,0.0010599941649337057,cores,0.0010599941649337057,0.10599941649337057,,
pbx-web,cpu_usage,pbx-web,pbx-web-5ff68464d-mkn8n,2026-08-01T05:07:53.151000Z,1785560873.151,0.001026206786074546,cores,0.001026206786074546,0.1026206786074546,,
pbx-web,cpu_usage,pbx-web,pbx-web-5ff68464d-mkn8n,2026-08-01T06:07:53.151000Z,1785564473.151,0.0011065933883782383,cores,0.0011065933883782383,0.11065933883782383,,
pbx-web,cpu_usage,pbx-web,pbx-web-5ff68464d-mkn8n,2026-08-01T07:07:53.151000Z,1785568073.151,0.0011029896304499884,cores,0.0011029896304499884,0.11029896304499884,,
pbx-web,cpu_usage,pbx-web,pbx-web-5ff68464d-mkn8n,2026-08-01T08:07:53.151000Z,1785571673.151,0.0008890216297902708,cores,0.0008890216297902708,0.08890216297902707,,
pbx-web,cpu_usage,pbx-web,pbx-web-5ff68464d-mkn8n,2026-08-01T09:07:53.151000Z,1785575273.151,0.0010692316820661838,cores,0.0010692316820661838,0.10692316820661839,,
pbx-web,cpu_usage,pbx-web,pbx-web-5ff68464d-mkn8n,2026-08-01T10:07:53.151000Z,1785578873.151,0.0011952898068380892,cores,0.0011952898068380892,0.11952898068380892,,
pbx-web,cpu_usage,pbx-web,pbx-web-5ff68464d-mkn8n,2026-08-01T11:07:53.151000Z,1785582473.151,0.001160278868738449,cores,0.001160278868738449,0.11602788687384491,,
pbx-web,cpu_usage,pbx-web,pbx-web-5ff68464d-mkn8n,2026-08-01T12:07:53.151000Z,1785586073.151,0.0012118893412972089,cores,0.0012118893412972089,0.12118893412972088,,
pbx-web,cpu_usage,pbx-web,pbx-web-5ff68464d-mkn8n,2026-08-01T13:07:53.151000Z,1785589673.151,0.0011817676568256364,cores,0.0011817676568256364,0.11817676568256365,,
pbx-web,cpu_usage,pbx-web,pbx-web-5ff68464d-mkn8n,2026-08-01T14:07:53.151000Z,1785593273.151,0.0010795643299025988,cores,0.0010795643299025988,0.10795643299025988,,
pbx-web,cpu_usage,pbx-web,pbx-web-5ff68464d-mkn8n,2026-08-01T15:07:53.151000Z,1785596873.151,0.0010645980250303332,cores,0.0010645980250303332,0.10645980250303332,,
pbx-web,cpu_usage,pbx-web,pbx-web-5ff68464d-mkn8n,2026-08-01T16:07:53.151000Z,1785600473.151,0.0011279941178644615,cores,0.0011279941178644615,0.11279941178644615,,
pbx-web,cpu_usage,pbx-web,pbx-web-5ff68464d-mkn8n,2026-08-01T17:07:53.151000Z,1785604073.151,0.00120137007418759,cores,0.00120137007418759,0.120137007418759,,
pbx-web,cpu_usage,pbx-web,pbx-web-5ff68464d-mkn8n,2026-08-01T18:07:53.151000Z,1785607673.151,0.0011694153096415067,cores,0.0011694153096415067,0.11694153096415066,,
pbx-web,cpu_usage,pbx-web,pbx-web-5ff68464d-mkn8n,2026-08-01T19:07:53.151000Z,1785611273.151,0.0010757752849396374,cores,0.0010757752849396374,0.10757752849396374,,
pbx-web,cpu_usage,pbx-web,pbx-web-5ff68464d-mkn8n,2026-08-01T20:07:53.151000Z,1785614873.151,0.0009843023228529727,cores,0.0009843023228529727,0.09843023228529726,,
pbx-web,cpu_usage,pbx-web,pbx-web-5ff68464d-mkn8n,2026-08-01T21:07:53.151000Z,1785618473.151,0.000909221348386762,cores,0.000909221348386762,0.0909221348386762,,
pbx-web,cpu_usage,pbx-web,pbx-web-5ff68464d-mkn8n,2026-08-01T22:07:53.151000Z,1785622073.151,0.0009397531826288976,cores,0.0009397531826288976,0.09397531826288975,,
pbx-web,cpu_usage,pbx-web,pbx-web-5ff68464d-mkn8n,2026-08-01T23:07:53.151000Z,1785625673.151,0.000979072575411358,cores,0.000979072575411358,0.0979072575411358,,
pbx-web,cpu_usage,pbx-web,pbx-web-5ff68464d-mkn8n,2026-08-02T00:07:53.151000Z,1785629273.151,0.0011132728897157627,cores,0.0011132728897157627,0.11132728897157626,,
pbx-web,cpu_usage,pbx-web,pbx-web-5ff68464d-mkn8n,2026-08-02T01:07:53.151000Z,1785632873.151,0.001147374539296008,cores,0.001147374539296008,0.1147374539296008,,
pbx-web,cpu_usage,pbx-web,pbx-web-5ff68464d-mkn8n,2026-08-02T02:07:53.151000Z,1785636473.151,0.0011137411797880895,cores,0.0011137411797880895,0.11137411797880895,,
pbx-web,cpu_usage,pbx-web,pbx-web-5ff68464d-mkn8n,2026-08-02T03:07:53.151000Z,1785640073.151,0.0010868518927271218,cores,0.0010868518927271218,0.10868518927271219,,
pbx-web,cpu_usage,pbx-web,pbx-web-5ff68464d-mkn8n,2026-08-02T04:07:53.151000Z,1785643673.151,0.001134948721669532,cores,0.001134948721669532,0.11349487216695321,,
pbx-web,cpu_usage,pbx-web,pbx-web-5ff68464d-mkn8n,2026-08-02T05:07:53.151000Z,1785647273.151,0.0010780598384749196,cores,0.0010780598384749196,0.10780598384749196,,
pbx-web,cpu_usage,pbx-web,pbx-web-5ff68464d-mkn8n,2026-08-02T06:07:53.151000Z,1785650873.151,0.0011408026726538447,cores,0.0011408026726538447,0.11408026726538448,,
pbx-web,cpu_usage,pbx-web,pbx-web-5ff68464d-mkn8n,2026-08-02T07:07:53.151000Z,1785654473.151,0.0011966301006360025,cores,0.0011966301006360025,0.11966301006360025,,
pbx-web,cpu_usage,pbx-web,pbx-web-5ff68464d-mkn8n,2026-08-02T08:07:53.151000Z,1785658073.151,0.0011145800354996258,cores,0.0011145800354996258,0.11145800354996258,,
pbx-web,cpu_usage,pbx-web,pbx-web-5ff68464d-mkn8n,2026-08-02T09:07:53.151000Z,1785661673.151,0.000920466472217656,cores,0.000920466472217656,0.0920466472217656,,
pbx-web,cpu_usage,pbx-web,pbx-web-5ff68464d-mkn8n,2026-08-02T10:07:53.151000Z,1785665273.151,0.0010002138510931465,cores,0.0010002138510931465,0.10002138510931464,,
pbx-web,cpu_usage,pbx-web,pbx-web-5ff68464d-mkn8n,2026-08-02T11:07:53.151000Z,1785668873.151,0.0009442368443166246,cores,0.0009442368443166246,0.09442368443166246,,
pbx-web,cpu_usage,pbx-web,pbx-web-5ff68464d-mkn8n,2026-08-02T12:07:53.151000Z,1785672473.151,0.0010308936333490886,cores,0.0010308936333490886,0.10308936333490887,,
pbx-web,cpu_usage,pbx-web,pbx-web-5ff68464d-mkn8n,2026-08-02T13:07:53.151000Z,1785676073.151,0.001045827438059528,cores,0.001045827438059528,0.1045827438059528,,
pbx-web,cpu_usage,pbx-web,pbx-web-5ff68464d-mkn8n,2026-08-02T14:07:53.151000Z,1785679673.151,0.0010631675381429094,cores,0.0010631675381429094,0.10631675381429094,,
pbx-web,cpu_usage,pbx-web,pbx-web-5ff68464d-mkn8n,2026-08-02T15:07:53.151000Z,1785683273.151,0.0009856234328892881,cores,0.0009856234328892881,0.09856234328892881,,
pbx-web,cpu_usage,pbx-web,pbx-web-5ff68464d-mkn8n,2026-08-02T16:07:53.151000Z,1785686873.151,0.0011323351518845047,cores,0.0011323351518845047,0.11323351518845047,,
pbx-web,cpu_usage,pbx-web,pbx-web-5ff68464d-mkn8n,2026-08-02T17:07:53.151000Z,1785690473.151,0.0011027502143812688,cores,0.0011027502143812688,0.11027502143812688,,
pbx-web,cpu_usage,pbx-web,pbx-web-5ff68464d-mkn8n,2026-08-02T18:07:53.151000Z,1785694073.151,0.001114179013008492,cores,0.001114179013008492,0.11141790130084919,,
pbx-web,cpu_usage,pbx-web,pbx-web-5ff68464d-mkn8n,2026-08-02T19:07:53.151000Z,1785697673.151,0.001090744533341977,cores,0.001090744533341977,0.1090744533341977,,
pbx-web,cpu_usage,pbx-web,pbx-web-5ff68464d-mkn8n,2026-08-02T20:07:53.151000Z,1785701273.151,0.0011064527951494545,cores,0.0011064527951494545,0.11064527951494545,,
pbx-web,cpu_usage,pbx-web,pbx-web-5ff68464d-mkn8n,2026-08-02T21:07:53.151000Z,1785704873.151,0.0011767819360260481,cores,0.0011767819360260481,0.11767819360260481,,
pbx-web,cpu_usage,pbx-web,pbx-web-5ff68464d-mkn8n,2026-08-02T22:07:53.151000Z,1785708473.151,0.0010830844205246331,cores,0.0010830844205246331,0.10830844205246332,,
pbx-web,cpu_usage,pbx-web,pbx-web-5ff68464d-mkn8n,2026-08-02T23:07:53.151000Z,1785712073.151,0.00105304285582329,cores,0.00105304285582329,0.105304285582329,,
pbx-web,cpu_usage,pbx-web,pbx-web-5ff68464d-mkn8n,2026-08-03T00:07:53.151000Z,1785715673.151,0.0011148260749635074,cores,0.0011148260749635074,0.11148260749635074,,
pbx-web,cpu_usage,pbx-web,pbx-web-5ff68464d-mkn8n,2026-08-03T01:07:53.151000Z,1785719273.151,0.0011415755914817166,cores,0.0011415755914817166,0.11415755914817166,,
pbx-web,cpu_usage,pbx-web,pbx-web-5ff68464d-mkn8n,2026-08-03T02:07:53.151000Z,1785722873.151,0.0010066439797647077,cores,0.0010066439797647077,0.10066439797647077,,
pbx-web,cpu_usage,pbx-web,pbx-web-5ff68464d-mkn8n,2026-08-03T03:07:53.151000Z,1785726473.151,0.0009533128971459395,cores,0.0009533128971459395,0.09533128971459394,,
pbx-web,cpu_usage,pbx-web,pbx-web-5ff68464d-mkn8n,2026-08-03T04:07:53.151000Z,1785730073.151,0.0011149753607084113,cores,0.0011149753607084113,0.11149753607084113,,
pbx-web,cpu_usage,pbx-web,pbx-web-5ff68464d-mkn8n,2026-08-03T05:07:53.151000Z,1785733673.151,0.0010726508068739085,cores,0.0010726508068739085,0.10726508068739085,,
pbx-web,cpu_usage,pbx-web,pbx-web-5ff68464d-mkn8n,2026-08-03T06:07:53.151000Z,1785737273.151,0.001093512270723475,cores,0.001093512270723475,0.1093512270723475,,
pbx-web,cpu_usage,pbx-web,pbx-web-5ff68464d-mkn8n,2026-08-03T07:07:53.151000Z,1785740873.151,0.001139857914971217,cores,0.001139857914971217,0.11398579149712171,,
pbx-web,cpu_usage,pbx-web,pbx-web-5ff68464d-mkn8n,2026-08-03T08:07:53.151000Z,1785744473.151,0.0011635789666980176,cores,0.0011635789666980176,0.11635789666980176,,
pbx-web,cpu_usage,pbx-web,pbx-web-5ff68464d-mkn8n,2026-08-03T09:07:53.151000Z,1785748073.151,0.0011349911153213114,cores,0.0011349911153213114,0.11349911153213114,,
pbx-web,cpu_usage,pbx-web,pbx-web-5ff68464d-mkn8n,2026-08-03T10:07:53.151000Z,1785751673.151,0.001116326967883124,cores,0.001116326967883124,0.1116326967883124,,
pbx-web,cpu_usage,pbx-web,pbx-web-5ff68464d-mkn8n,2026-08-03T11:07:53.151000Z,1785755273.151,0.0010566581489179013,cores,0.0010566581489179013,0.10566581489179012,,
pbx-web,cpu_usage,pbx-web,pbx-web-5ff68464d-mkn8n,2026-08-03T12:07:53.151000Z,1785758873.151,0.0011059224826921244,cores,0.0011059224826921244,0.11059224826921243,,
pbx-web,cpu_usage,pbx-web,pbx-web-5ff68464d-mkn8n,2026-08-03T13:07:53.151000Z,1785762473.151,0.0009672095198242554,cores,0.0009672095198242554,0.09672095198242554,,
pbx-web,cpu_usage,pbx-web,pbx-web-5ff68464d-mkn8n,2026-08-03T14:07:53.151000Z,1785766073.151,0.0011239337365900833,cores,0.0011239337365900833,0.11239337365900834,,
pbx-web,cpu_usage,pbx-web,pbx-web-5ff68464d-mkn8n,2026-08-03T15:07:53.151000Z,1785769673.151,0.0011238591874879339,cores,0.0011238591874879339,0.11238591874879339,,
pbx-web,cpu_usage,pbx-web,pbx-web-5ff68464d-mkn8n,2026-08-03T16:07:53.151000Z,1785773273.151,0.0011035462663992746,cores,0.0011035462663992746,0.11035462663992746,,
pbx-web,cpu_usage,pbx-web,pbx-web-5ff68464d-mkn8n,2026-08-03T17:07:53.151000Z,1785776873.151,0.0010001952061728374,cores,0.0010001952061728374,0.10001952061728374,,
pbx-web,cpu_usage,pbx-web,pbx-web-5ff68464d-mkn8n,2026-08-03T18:07:53.151000Z,1785780473.151,0.0010583777529498063,cores,0.0010583777529498063,0.10583777529498063,,
pbx-web,cpu_usage,pbx-web,pbx-web-5ff68464d-mkn8n,2026-08-03T19:07:53.151000Z,1785784073.151,0.0010509549104147507,cores,0.0010509549104147507,0.10509549104147507,,
pbx-web,cpu_usage,pbx-web,pbx-web-5ff68464d-mkn8n,2026-08-03T20:07:53.151000Z,1785787673.151,0.0011280281139296622,cores,0.0011280281139296622,0.11280281139296622,,
pbx-web,cpu_usage,pbx-web,pbx-web-5ff68464d-mkn8n,2026-08-03T21:07:53.151000Z,1785791273.151,0.0011320150609538003,cores,0.0011320150609538003,0.11320150609538003,,
pbx-web,cpu_usage,pbx-web,pbx-web-5ff68464d-mkn8n,2026-08-03T22:07:53.151000Z,1785794873.151,0.0011342193545266497,cores,0.0011342193545266497,0.11342193545266496,,
pbx-web,cpu_usage,pbx-web,pbx-web-5ff68464d-mkn8n,2026-08-03T23:07:53.151000Z,1785798473.151,0.001130088651413359,cores,0.001130088651413359,0.1130088651413359,,
pbx-web,cpu_usage,pbx-web,pbx-web-5ff68464d-mkn8n,2026-08-04T00:07:53.151000Z,1785802073.151,0.001072806588392804,cores,0.001072806588392804,0.1072806588392804,,
pbx-web,cpu_usage,pbx-web,pbx-web-5ff68464d-mkn8n,2026-08-04T01:07:53.151000Z,1785805673.151,0.0011757601907525657,cores,0.0011757601907525657,0.11757601907525657,,
pbx-web,cpu_usage,pbx-web,pbx-web-5ff68464d-mkn8n,2026-08-04T02:07:53.151000Z,1785809273.151,0.0010749142851381919,cores,0.0010749142851381919,0.10749142851381918,,
pbx-web,cpu_usage,pbx-web,pbx-web-5ff68464d-mkn8n,2026-08-04T03:07:53.151000Z,1785812873.151,0.0010833843892325919,cores,0.0010833843892325919,0.10833843892325919,,
pbx-web,cpu_usage,pbx-web,pbx-web-5ff68464d-mkn8n,2026-08-04T04:07:53.151000Z,1785816473.151,0.0010393007735534357,cores,0.0010393007735534357,0.10393007735534357,,
pbx-web,cpu_usage,pbx-web,pbx-web-5ff68464d-mkn8n,2026-08-04T05:07:53.151000Z,1785820073.151,0.0011083984893525902,cores,0.0011083984893525902,0.11083984893525901,,
pbx-web,cpu_usage,pbx-web,pbx-web-5ff68464d-mkn8n,2026-08-04T06:07:53.151000Z,1785823673.151,0.001129366236157815,cores,0.001129366236157815,0.1129366236157815,,
pbx-web,cpu_usage,pbx-web,pbx-web-5ff68464d-mkn8n,2026-08-04T07:07:53.151000Z,1785827273.151,0.0011171383522730113,cores,0.0011171383522730113,0.11171383522730113,,
pbx-web,cpu_usage,pbx-web,pbx-web-5ff68464d-mkn8n,2026-08-04T08:07:53.151000Z,1785830873.151,0.00097352843746851,cores,0.00097352843746851,0.09735284374685099,,
pbx-web,cpu_usage,pbx-web,pbx-web-5ff68464d-mkn8n,2026-08-04T09:07:53.151000Z,1785834473.151,0.0010353865037061104,cores,0.0010353865037061104,0.10353865037061104,,
pbx-web,cpu_usage,pbx-web,pbx-web-5ff68464d-mkn8n,2026-08-04T10:07:53.151000Z,1785838073.151,0.000955841568028084,cores,0.000955841568028084,0.0955841568028084,,
pbx-web,cpu_usage,pbx-web,pbx-web-5ff68464d-mkn8n,2026-08-04T11:07:53.151000Z,1785841673.151,0.0010134153755384852,cores,0.0010134153755384852,0.10134153755384852,,
pbx-web,cpu_usage,pbx-web,pbx-web-5ff68464d-mkn8n,2026-08-04T12:07:53.151000Z,1785845273.151,0.0009653659085544478,cores,0.0009653659085544478,0.09653659085544478,,
pbx-web,cpu_usage,pbx-web,pbx-web-5ff68464d-mkn8n,2026-08-04T13:07:53.151000Z,1785848873.151,0.0011102813287875062,cores,0.0011102813287875062,0.11102813287875062,,
pbx-web,cpu_usage,pbx-web,pbx-web-5ff68464d-mkn8n,2026-08-04T14:07:53.151000Z,1785852473.151,0.0011282719545343911,cores,0.0011282719545343911,0.11282719545343911,,
pbx-web,cpu_usage,pbx-web,pbx-web-5ff68464d-mkn8n,2026-08-04T15:07:53.151000Z,1785856073.151,0.001103530419395951,cores,0.001103530419395951,0.11035304193959511,,
pbx-web,cpu_usage,pbx-web,pbx-web-5ff68464d-mkn8n,2026-08-04T16:07:53.151000Z,1785859673.151,0.0010054069365444266,cores,0.0010054069365444266,0.10054069365444265,,
pbx-web,cpu_usage,pbx-web,pbx-web-5ff68464d-mkn8n,2026-08-04T17:07:53.151000Z,1785863273.151,0.0010592225152737077,cores,0.0010592225152737077,0.10592225152737077,,
pbx-web,cpu_usage,pbx-web,pbx-web-5ff68464d-mkn8n,2026-08-04T18:07:53.151000Z,1785866873.151,0.01541322833698584,cores,0.01541322833698584,1.541322833698584,,
pbx-web,cpu_usage,pbx-web,pbx-web-5ff68464d-mkn8n,2026-08-04T19:07:53.151000Z,1785870473.151,0.0011345745009203143,cores,0.0011345745009203143,0.11345745009203143,,
pbx-web,cpu_usage,pbx-web,pbx-web-5ff68464d-mkn8n,2026-08-04T20:07:53.151000Z,1785874073.151,0.000986503344163757,cores,0.000986503344163757,0.0986503344163757,,
pbx-web,cpu_usage,pbx-web,pbx-web-5ff68464d-mkn8n,2026-08-04T21:07:53.151000Z,1785877673.151,0.000930165004896844,cores,0.000930165004896844,0.0930165004896844,,
pbx-web,cpu_usage,pbx-web,pbx-web-5ff68464d-mkn8n,2026-08-04T22:07:53.151000Z,1785881273.151,0.0011807347129645478,cores,0.0011807347129645478,0.11807347129645478,,
pbx-web,cpu_usage,pbx-web,pbx-web-5ff68464d-mkn8n,2026-08-04T23:07:53.151000Z,1785884873.151,0.0009539500977831287,cores,0.0009539500977831287,0.09539500977831286,,
pbx-web,cpu_usage,pbx-web,pbx-web-5ff68464d-mkn8n,2026-08-05T00:07:53.151000Z,1785888473.151,0.0011232428584585501,cores,0.0011232428584585501,0.11232428584585501,,
pbx-web,cpu_usage,pbx-web,pbx-web-5ff68464d-mkn8n,2026-08-05T01:07:53.151000Z,1785892073.151,0.0011086896154054655,cores,0.0011086896154054655,0.11086896154054654,,
pbx-web,cpu_usage,pbx-web,pbx-web-5ff68464d-mkn8n,2026-08-05T02:07:53.151000Z,1785895673.151,0.001131813655961593,cores,0.001131813655961593,0.1131813655961593,,
pbx-web,cpu_usage,pbx-web,pbx-web-5ff68464d-mkn8n,2026-08-05T03:07:53.151000Z,1785899273.151,0.001072511611230573,cores,0.001072511611230573,0.1072511611230573,,
pbx-web,cpu_usage,pbx-web,pbx-web-5ff68464d-mkn8n,2026-08-05T04:07:53.151000Z,1785902873.151,0.001065346964794878,cores,0.001065346964794878,0.10653469647948781,,
pbx-web,cpu_usage,pbx-web,pbx-web-5ff68464d-mkn8n,2026-08-05T05:07:53.151000Z,1785906473.151,0.0011127232615563147,cores,0.0011127232615563147,0.11127232615563147,,
pbx-web,cpu_usage,pbx-web,pbx-web-5ff68464d-mkn8n,2026-08-05T06:07:53.151000Z,1785910073.151,0.0011549570949160118,cores,0.0011549570949160118,0.11549570949160118,,
pbx-web,cpu_usage,pbx-web,pbx-web-5ff68464d-mkn8n,2026-08-05T07:07:53.151000Z,1785913673.151,0.0010837373231659926,cores,0.0010837373231659926,0.10837373231659926,,
pbx-web,cpu_usage,pbx-web,pbx-web-5ff68464d-mkn8n,2026-08-05T08:07:53.151000Z,1785917273.151,0.0011431529704322228,cores,0.0011431529704322228,0.11431529704322228,,
pbx-web,cpu_usage,pbx-web,pbx-web-5ff68464d-mkn8n,2026-08-05T09:07:53.151000Z,1785920873.151,0.0011043800024165557,cores,0.0011043800024165557,0.11043800024165558,,
pbx-web,cpu_usage,pbx-web,pbx-web-5ff68464d-mkn8n,2026-08-05T10:07:53.151000Z,1785924473.151,0.001141014685087641,cores,0.001141014685087641,0.1141014685087641,,
pbx-web,cpu_usage,pbx-web,pbx-web-5ff68464d-mkn8n,2026-08-05T11:07:53.151000Z,1785928073.151,0.0009299856691364452,cores,0.0009299856691364452,0.09299856691364451,,
pbx-web,cpu_usage,pbx-web,pbx-web-5ff68464d-mkn8n,2026-08-05T12:07:53.151000Z,1785931673.151,0.0010372155863369564,cores,0.0010372155863369564,0.10372155863369564,,
pbx-web,cpu_usage,pbx-web,pbx-web-5ff68464d-mkn8n,2026-08-05T13:07:53.151000Z,1785935273.151,0.001069042978710621,cores,0.001069042978710621,0.1069042978710621,,
pbx-web,cpu_usage,pbx-web,pbx-web-5ff68464d-mkn8n,2026-08-05T14:07:53.151000Z,1785938873.151,0.000986087076448295,cores,0.000986087076448295,0.0986087076448295,,
pbx-web,cpu_usage,pbx-web,pbx-web-5ff68464d-mkn8n,2026-08-05T15:07:53.151000Z,1785942473.151,0.0011405217460823376,cores,0.0011405217460823376,0.11405217460823376,,
pbx-web,cpu_usage,pbx-web,pbx-web-5ff68464d-mkn8n,2026-08-05T16:07:53.151000Z,1785946073.151,0.0010805276110747223,cores,0.0010805276110747223,0.10805276110747222,,
pbx-web,cpu_usage,pbx-web,pbx-web-5ff68464d-mkn8n,2026-08-05T17:07:53.151000Z,1785949673.151,0.001020743691787987,cores,0.001020743691787987,0.10207436917879871,,
pbx-web,cpu_usage,pbx-web,pbx-web-5ff68464d-mkn8n,2026-08-05T18:07:53.151000Z,1785953273.151,0.0011791691393064738,cores,0.0011791691393064738,0.11791691393064738,,
pbx-web,cpu_usage,pbx-web,pbx-web-5ff68464d-mkn8n,2026-08-05T19:07:53.151000Z,1785956873.151,0.0011023395398824538,cores,0.0011023395398824538,0.11023395398824537,,
pbx-web,cpu_usage,pbx-web,pbx-web-5ff68464d-mkn8n,2026-08-05T20:07:53.151000Z,1785960473.151,0.0011432628987086478,cores,0.0011432628987086478,0.11432628987086478,,
pbx-web,cpu_usage,pbx-web,pbx-web-5ff68464d-mkn8n,2026-08-05T21:07:53.151000Z,1785964073.151,0.0009978386442446902,cores,0.0009978386442446902,0.09978386442446902,,
pbx-web,cpu_usage,pbx-web,pbx-web-5ff68464d-mkn8n,2026-08-05T22:07:53.151000Z,1785967673.151,0.0009678366374187887,cores,0.0009678366374187887,0.09678366374187887,,
pbx-web,cpu_usage,pbx-web,pbx-web-5ff68464d-mkn8n,2026-08-05T23:07:53.151000Z,1785971273.151,0.000977620625257001,cores,0.000977620625257001,0.09776206252570009,,
pbx-web,cpu_usage,pbx-web,pbx-web-5ff68464d-mkn8n,2026-08-06T00:07:53.151000Z,1785974873.151,0.0009928551765033225,cores,0.0009928551765033225,0.09928551765033225,,
pbx-web,cpu_usage,pbx-web,pbx-web-5ff68464d-mkn8n,2026-08-06T01:07:53.151000Z,1785978473.151,0.0011046185042116248,cores,0.0011046185042116248,0.11046185042116248,,
pbx-web,cpu_usage,pbx-web,pbx-web-5ff68464d-mkn8n,2026-08-06T02:07:53.151000Z,1785982073.151,0.0010980568712362223,cores,0.0010980568712362223,0.10980568712362224,,
pbx-web,cpu_usage,pbx-web,pbx-web-5ff68464d-mkn8n,2026-08-06T03:07:53.151000Z,1785985673.151,0.0011394403697909086,cores,0.0011394403697909086,0.11394403697909086,,
pbx-web,cpu_usage,pbx-web,pbx-web-5ff68464d-mkn8n,2026-08-06T04:07:53.151000Z,1785989273.151,0.0011446619838600364,cores,0.0011446619838600364,0.11446619838600364,,
pbx-web,cpu_usage,pbx-web,pbx-web-5ff68464d-mkn8n,2026-08-06T05:07:53.151000Z,1785992873.151,0.0011824822006360767,cores,0.0011824822006360767,0.11824822006360766,,
pbx-web,cpu_usage,pbx-web,pbx-web-5ff68464d-mkn8n,2026-08-06T06:07:53.151000Z,1785996473.151,0.00113107478648169,cores,0.00113107478648169,0.113107478648169,,
pbx-web,cpu_usage,pbx-web,pbx-web-5ff68464d-mkn8n,2026-08-06T07:07:53.151000Z,1786000073.151,0.0011119280280098556,cores,0.0011119280280098556,0.11119280280098556,,
pbx-web,cpu_usage,pbx-web,pbx-web-5ff68464d-mkn8n,2026-08-06T08:07:53.151000Z,1786003673.151,0.0011205820576274043,cores,0.0011205820576274043,0.11205820576274043,,
pbx-web,cpu_usage,pbx-web,pbx-web-5ff68464d-mkn8n,2026-08-06T09:07:53.151000Z,1786007273.151,0.0010048366369914657,cores,0.0010048366369914657,0.10048366369914657,,
pbx-web,cpu_usage,pbx-web,pbx-web-5ff68464d-mkn8n,2026-08-06T10:07:53.151000Z,1786010873.151,0.0010535402908724493,cores,0.0010535402908724493,0.10535402908724494,,
pbx-web,cpu_usage,pbx-web,pbx-web-5ff68464d-mkn8n,2026-08-06T11:07:53.151000Z,1786014473.151,0.0010356296433048392,cores,0.0010356296433048392,0.10356296433048393,,
pbx-web,cpu_usage,pbx-web,pbx-web-5ff68464d-mkn8n,2026-08-06T12:07:53.151000Z,1786018073.151,0.0010034196056139745,cores,0.0010034196056139745,0.10034196056139745,,
pbx-web,cpu_usage,pbx-web,pbx-web-5ff68464d-mkn8n,2026-08-06T13:07:53.151000Z,1786021673.151,0.0009079198808060591,cores,0.0009079198808060591,0.09079198808060591,,
pbx-web,cpu_usage,pbx-web,pbx-web-5ff68464d-mkn8n,2026-08-06T14:07:53.151000Z,1786025273.151,0.0010844109950044838,cores,0.0010844109950044838,0.10844109950044838,,
pbx-web,cpu_usage,pbx-web,pbx-web-5ff68464d-mkn8n,2026-08-06T15:07:53.151000Z,1786028873.151,0.0010754669140323476,cores,0.0010754669140323476,0.10754669140323476,,
pbx-web,cpu_usage,pbx-web,pbx-web-5ff68464d-mkn8n,2026-08-06T16:07:53.151000Z,1786032473.151,0.0011707323291011765,cores,0.0011707323291011765,0.11707323291011765,,
pbx-web,cpu_usage,pbx-web,pbx-web-5ff68464d-mkn8n,2026-08-06T17:07:53.151000Z,1786036073.151,0.0011056047100126303,cores,0.0011056047100126303,0.11056047100126304,,
pbx-web,cpu_usage,pbx-web,pbx-web-5ff68464d-mkn8n,2026-08-06T18:07:53.151000Z,1786039673.151,0.0011271970667913217,cores,0.0011271970667913217,0.11271970667913217,,
pbx-web,cpu_usage,pbx-web,pbx-web-5ff68464d-mkn8n,2026-08-06T19:07:53.151000Z,1786043273.151,0.0011311817366977833,cores,0.0011311817366977833,0.11311817366977833,,
pbx-web,cpu_usage,pbx-web,pbx-web-5ff68464d-mkn8n,2026-08-06T20:07:53.151000Z,1786046873.151,0.0010894288280028405,cores,0.0010894288280028405,0.10894288280028405,,
pbx-web,cpu_usage,pbx-web,pbx-web-5ff68464d-mkn8n,2026-08-06T21:07:53.151000Z,1786050473.151,0.0011635346614489756,cores,0.0011635346614489756,0.11635346614489755,,
pbx-web,cpu_usage,pbx-web,pbx-web-5ff68464d-mkn8n,2026-08-06T22:07:53.151000Z,1786054073.151,0.0010307904607092173,cores,0.0010307904607092173,0.10307904607092172,,
pbx-web,cpu_usage,pbx-web,pbx-web-5ff68464d-mkn8n,2026-08-06T23:07:53.151000Z,1786057673.151,0.0011102700598569694,cores,0.0011102700598569694,0.11102700598569694,,
pbx-web,cpu_usage,pbx-web,pbx-web-5ff68464d-mkn8n,2026-08-07T00:07:53.151000Z,1786061273.151,0.0009969653696062638,cores,0.0009969653696062638,0.09969653696062639,,
pbx-web,cpu_usage,pbx-web,pbx-web-5ff68464d-mkn8n,2026-08-07T01:07:53.151000Z,1786064873.151,0.0010944925089943734,cores,0.0010944925089943734,0.10944925089943734,,
pbx-web,cpu_usage,pbx-web,pbx-web-5ff68464d-mkn8n,2026-08-07T02:07:53.151000Z,1786068473.151,0.0009914431836112614,cores,0.0009914431836112614,0.09914431836112614,,
pbx-web,cpu_usage,pbx-web,pbx-web-5ff68464d-mkn8n,2026-08-07T03:07:53.151000Z,1786072073.151,0.0009825798997676694,cores,0.0009825798997676694,0.09825798997676694,,
pbx-web,cpu_usage,pbx-web,pbx-web-5ff68464d-mkn8n,2026-08-07T04:07:53.151000Z,1786075673.151,0.0011505095755664674,cores,0.0011505095755664674,0.11505095755664674,,
pbx-web,cpu_usage,pbx-web,pbx-web-5ff68464d-mkn8n,2026-08-07T05:07:53.151000Z,1786079273.151,0.0009854659801265032,cores,0.0009854659801265032,0.09854659801265032,,
pbx-web,cpu_usage,pbx-web,pbx-web-5ff68464d-mkn8n,2026-08-07T06:07:53.151000Z,1786082873.151,0.0009737092584415207,cores,0.0009737092584415207,0.09737092584415206,,
pbx-web,cpu_usage,pbx-web,pbx-web-5ff68464d-mkn8n,2026-08-07T07:07:53.151000Z,1786086473.151,0.0012230271574783717,cores,0.0012230271574783717,0.12230271574783717,,
pbx-web,cpu_usage,pbx-web,pbx-web-5ff68464d-mkn8n,2026-08-07T08:07:53.151000Z,1786090073.151,0.0011432894785512887,cores,0.0011432894785512887,0.11432894785512887,,
pbx-web,cpu_usage,pbx-web,pbx-web-5ff68464d-mkn8n,2026-08-07T09:07:53.151000Z,1786093673.151,0.0011359070384512097,cores,0.0011359070384512097,0.11359070384512097,,
pbx-web,cpu_usage,pbx-web,pbx-web-5ff68464d-mkn8n,2026-08-07T10:07:53.151000Z,1786097273.151,0.0011277836053341767,cores,0.0011277836053341767,0.11277836053341767,,
pbx-web,cpu_usage,pbx-web,pbx-web-5ff68464d-mkn8n,2026-08-07T11:07:53.151000Z,1786100873.151,0.0011585735255491393,cores,0.0011585735255491393,0.11585735255491393,,
pbx-web,cpu_usage,pbx-web,pbx-web-5ff68464d-mkn8n,2026-08-07T12:07:53.151000Z,1786104473.151,0.0011178004891177027,cores,0.0011178004891177027,0.11178004891177026,,
pbx-web,cpu_usage,pbx-web,pbx-web-5ff68464d-mkn8n,2026-08-07T13:07:53.151000Z,1786108073.151,0.0010924785969214823,cores,0.0010924785969214823,0.10924785969214823,,
pbx-web,cpu_usage,pbx-web,pbx-web-5ff68464d-mkn8n,2026-08-07T14:07:53.151000Z,1786111673.151,0.0011610305152646079,cores,0.0011610305152646079,0.11610305152646079,,
pbx-web,cpu_usage,pbx-web,pbx-web-5ff68464d-mkn8n,2026-08-07T15:07:53.151000Z,1786115273.151,0.000978115529135711,cores,0.000978115529135711,0.0978115529135711,,
pbx-web,cpu_usage,pbx-web,pbx-web-5ff68464d-mkn8n,2026-08-07T16:07:53.151000Z,1786118873.151,0.0009419811833808637,cores,0.0009419811833808637,0.09419811833808638,,
pbx-web,cpu_usage,pbx-web,pbx-web-5ff68464d-mkn8n,2026-08-07T17:07:53.151000Z,1786122473.151,0.0011850685281958302,cores,0.0011850685281958302,0.11850685281958302,,
pbx-web,cpu_usage,pbx-web,pbx-web-5ff68464d-mkn8n,2026-08-07T18:07:53.151000Z,1786126073.151,0.0011625907010888914,cores,0.0011625907010888914,0.11625907010888914,,
pbx-web,cpu_usage,pbx-web,pbx-web-5ff68464d-mkn8n,2026-08-07T19:07:53.151000Z,1786129673.151,0.0011312705924864796,cores,0.0011312705924864796,0.11312705924864795,,
pbx-web,cpu_usage,pbx-web,pbx-web-5ff68464d-mkn8n,2026-08-07T20:07:53.151000Z,1786133273.151,0.0011751995245619408,cores,0.0011751995245619408,0.11751995245619408,,
pbx-web,cpu_usage,pbx-web,pbx-web-5ff68464d-mkn8n,2026-08-07T21:07:53.151000Z,1786136873.151,0.0012237821109440184,cores,0.0012237821109440184,0.12237821109440183,,
pbx-web,cpu_usage,pbx-web,pbx-web-5ff68464d-mkn8n,2026-08-07T22:07:53.151000Z,1786140473.151,0.0012905932713422013,cores,0.0012905932713422013,0.12905932713422014,,
pbx-web,cpu_usage,pbx-web,pbx-web-5ff68464d-mkn8n,2026-08-07T23:07:53.151000Z,1786144073.151,0.0011358072642275025,cores,0.0011358072642275025,0.11358072642275024,,
pbx-web,cpu_usage,pbx-web,pbx-web-5ff68464d-mkn8n,2026-08-08T00:07:53.151000Z,1786147673.151,0.001215021907192232,cores,0.001215021907192232,0.1215021907192232,,
pbx-web,cpu_usage,pbx-web,pbx-web-5ff68464d-mkn8n,2026-08-08T01:07:53.151000Z,1786151273.151,0.0010547310344225813,cores,0.0010547310344225813,0.10547310344225813,,
pbx-web,cpu_usage,pbx-web,pbx-web-5ff68464d-mkn8n,2026-08-08T02:07:53.151000Z,1786154873.151,0.0012583312270078605,cores,0.0012583312270078605,0.12583312270078606,,
pbx-web,cpu_usage,pbx-web,pbx-web-5ff68464d-mkn8n,2026-08-08T03:07:53.151000Z,1786158473.151,0.0012407564336975167,cores,0.0012407564336975167,0.12407564336975167,,
pbx-web,cpu_usage,pbx-web,pbx-web-5ff68464d-mkn8n,2026-08-08T04:07:53.151000Z,1786162073.151,0.0012839617380069031,cores,0.0012839617380069031,0.12839617380069032,,
pbx-web,cpu_usage,pbx-web,pbx-web-5ff68464d-mkn8n,2026-08-08T05:07:53.151000Z,1786165673.151,0.0012207324675839184,cores,0.0012207324675839184,0.12207324675839185,,
pbx-web,cpu_usage,pbx-web,pbx-web-5ff68464d-mkn8n,2026-08-08T06:07:53.151000Z,1786169273.151,0.0012509010224454763,cores,0.0012509010224454763,0.1250901022445476,,
pbx-web,cpu_usage,pbx-web,pbx-web-5ff68464d-mkn8n,2026-08-08T07:07:53.151000Z,1786172873.151,0.0012446597465762086,cores,0.0012446597465762086,0.12446597465762085,,
pbx-web,cpu_usage,pbx-web,pbx-web-5ff68464d-mkn8n,2026-08-08T08:07:53.151000Z,1786176473.151,0.0012406593072684887,cores,0.0012406593072684887,0.12406593072684888,,
pbx-web,cpu_usage,pbx-web,pbx-web-5ff68464d-mkn8n,2026-08-08T09:07:53.151000Z,1786180073.151,0.0012745096540188665,cores,0.0012745096540188665,0.12745096540188663,,
pbx-web,cpu_usage,pbx-web,pbx-web-5ff68464d-mkn8n,2026-08-08T10:07:53.151000Z,1786183673.151,0.0011616691231188404,cores,0.0011616691231188404,0.11616691231188403,,
pbx-web,cpu_usage,pbx-web,pbx-web-5ff68464d-mkn8n,2026-08-08T11:07:53.151000Z,1786187273.151,0.0011283753990767832,cores,0.0011283753990767832,0.11283753990767832,,
pbx-web,cpu_usage,pbx-web,pbx-web-5ff68464d-mkn8n,2026-08-08T12:07:53.151000Z,1786190873.151,0.0010708638016050152,cores,0.0010708638016050152,0.10708638016050152,,
pbx-web,cpu_usage,pbx-web,pbx-web-5ff68464d-mkn8n,2026-08-08T13:07:53.151000Z,1786194473.151,0.0010941494034058031,cores,0.0010941494034058031,0.10941494034058032,,
pbx-web,cpu_usage,pbx-web,pbx-web-5ff68464d-mkn8n,2026-08-08T14:07:53.151000Z,1786198073.151,0.001162885087384396,cores,0.001162885087384396,0.1162885087384396,,
pbx-web,cpu_usage,pbx-web,pbx-web-5ff68464d-mkn8n,2026-08-08T15:07:53.151000Z,1786201673.151,0.001141569550007238,cores,0.001141569550007238,0.11415695500072379,,
pbx-web,cpu_usage,pbx-web,pbx-web-5ff68464d-mkn8n,2026-08-08T16:07:53.151000Z,1786205273.151,0.0011351966610639573,cores,0.0011351966610639573,0.11351966610639573,,
pbx-web,cpu_usage,pbx-web,pbx-web-5ff68464d-mkn8n,2026-08-08T17:07:53.151000Z,1786208873.151,0.0011491880760294059,cores,0.0011491880760294059,0.11491880760294058,,
pbx-web,cpu_usage,pbx-web,pbx-web-5ff68464d-mkn8n,2026-08-08T18:07:53.151000Z,1786212473.151,0.0011519258091262088,cores,0.0011519258091262088,0.11519258091262088,,
pbx-web,cpu_usage,pbx-web,pbx-web-5ff68464d-mkn8n,2026-08-08T19:07:53.151000Z,1786216073.151,0.001073895922368498,cores,0.001073895922368498,0.10738959223684981,,
pbx-web,cpu_usage,pbx-web,pbx-web-5ff68464d-qx45p,2026-08-08T21:07:53.151000Z,1786223273.151,0.0023372378145008563,cores,0.0023372378145008563,0.23372378145008563,,
pbx-web,cpu_usage,pbx-web,pbx-web-5ff68464d-qx45p,2026-08-08T22:07:53.151000Z,1786226873.151,0.0018291498629014454,cores,0.0018291498629014454,0.18291498629014455,,
pbx-web,cpu_usage,pbx-web,pbx-web-5ff68464d-qx45p,2026-08-08T23:07:53.151000Z,1786230473.151,0.0024736047897879025,cores,0.0024736047897879025,0.24736047897879027,,
pbx-web,cpu_usage,pbx-web,pbx-web-5ff68464d-qx45p,2026-08-09T00:07:53.151000Z,1786234073.151,0.0023254353112509493,cores,0.0023254353112509493,0.23254353112509493,,
pbx-web,cpu_usage,pbx-web,pbx-web-5ff68464d-qx45p,2026-08-09T01:07:53.151000Z,1786237673.151,0.002394637533328283,cores,0.002394637533328283,0.2394637533328283,,
pbx-web,cpu_usage,pbx-web,pbx-web-5ff68464d-qx45p,2026-08-09T02:07:53.151000Z,1786241273.151,0.0021565552584180475,cores,0.0021565552584180475,0.21565552584180475,,
pbx-web,cpu_usage,pbx-web,pbx-web-5ff68464d-qx45p,2026-08-09T03:07:53.151000Z,1786244873.151,0.0019035729675390175,cores,0.0019035729675390175,0.19035729675390176,,
pbx-web,cpu_usage,pbx-web,pbx-web-5ff68464d-qx45p,2026-08-09T04:07:53.151000Z,1786248473.151,0.0021855152146598228,cores,0.0021855152146598228,0.21855152146598228,,
pbx-web,cpu_usage,pbx-web,pbx-web-5ff68464d-qx45p,2026-08-09T05:07:53.151000Z,1786252073.151,0.002121757832802312,cores,0.002121757832802312,0.2121757832802312,,
pbx-web,cpu_usage,pbx-web,pbx-web-5ff68464d-qx45p,2026-08-09T06:07:53.151000Z,1786255673.151,0.002337190026994482,cores,0.002337190026994482,0.2337190026994482,,
pbx-web,cpu_usage,pbx-web,pbx-web-5ff68464d-qx45p,2026-08-09T07:07:53.151000Z,1786259273.151,0.0023985504763393093,cores,0.0023985504763393093,0.23985504763393092,,
pbx-web,cpu_usage,pbx-web,pbx-web-5ff68464d-qx45p,2026-08-09T08:07:53.151000Z,1786262873.151,0.0019762003853552017,cores,0.0019762003853552017,0.19762003853552018,,
pbx-web,cpu_usage,pbx-web,pbx-web-5ff68464d-qx45p,2026-08-09T09:07:53.151000Z,1786266473.151,0.0018472328828656964,cores,0.0018472328828656964,0.18472328828656964,,
pbx-web,cpu_usage,pbx-web,pbx-web-5ff68464d-qx45p,2026-08-09T10:07:53.151000Z,1786270073.151,0.0021845150424000285,cores,0.0021845150424000285,0.21845150424000284,,
pbx-web,cpu_usage,pbx-web,pbx-web-5ff68464d-qx45p,2026-08-09T11:07:53.151000Z,1786273673.151,0.002341805809876184,cores,0.002341805809876184,0.2341805809876184,,
pbx-web,cpu_usage,pbx-web,pbx-web-5ff68464d-qx45p,2026-08-09T12:07:53.151000Z,1786277273.151,0.0023288108824697437,cores,0.0023288108824697437,0.23288108824697437,,
pbx-web,cpu_usage,pbx-web,pbx-web-5ff68464d-qx45p,2026-08-09T13:07:53.151000Z,1786280873.151,0.0022422151618830856,cores,0.0022422151618830856,0.22422151618830855,,
pbx-web,cpu_usage,pbx-web,pbx-web-5ff68464d-qx45p,2026-08-09T14:07:53.151000Z,1786284473.151,0.0019312807831868457,cores,0.0019312807831868457,0.19312807831868456,,
pbx-web,cpu_usage,pbx-web,pbx-web-5ff68464d-qx45p,2026-08-09T15:07:53.151000Z,1786288073.151,0.0022163284056652705,cores,0.0022163284056652705,0.22163284056652705,,
pbx-web,cpu_usage,pbx-web,pbx-web-5ff68464d-qx45p,2026-08-09T16:07:53.151000Z,1786291673.151,0.0020850299991657913,cores,0.0020850299991657913,0.20850299991657914,,
pbx-web,cpu_usage,pbx-web,pbx-web-5ff68464d-qx45p,2026-08-09T17:07:53.151000Z,1786295273.151,0.0022220104742768127,cores,0.0022220104742768127,0.22220104742768126,,
pbx-web,cpu_usage,pbx-web,pbx-web-5ff68464d-qx45p,2026-08-09T18:07:53.151000Z,1786298873.151,0.002459799880248777,cores,0.002459799880248777,0.2459799880248777,,
pbx-web,cpu_usage,pbx-web,pbx-web-5ff68464d-qx45p,2026-08-09T19:07:53.151000Z,1786302473.151,0.0018473666265876128,cores,0.0018473666265876128,0.18473666265876126,,
pbx-web,cpu_usage,pbx-web,pbx-web-5ff68464d-qx45p,2026-08-09T20:07:53.151000Z,1786306073.151,0.00197552806382168,cores,0.00197552806382168,0.197552806382168,,
pbx-web,cpu_usage,pbx-web,pbx-web-5ff68464d-qx45p,2026-08-09T21:07:53.151000Z,1786309673.151,0.002963710118026583,cores,0.002963710118026583,0.2963710118026583,,
pbx-web,cpu_usage,pbx-web,pbx-web-5ff68464d-qx45p,2026-08-09T22:07:53.151000Z,1786313273.151,0.00234110943868386,cores,0.00234110943868386,0.23411094386838602,,
pbx-web,cpu_usage,pbx-web,pbx-web-5ff68464d-qx45p,2026-08-09T23:07:53.151000Z,1786316873.151,0.0023655183046277085,cores,0.0023655183046277085,0.23655183046277084,,
pbx-web,cpu_usage,pbx-web,pbx-web-5ff68464d-qx45p,2026-08-10T00:07:53.151000Z,1786320473.151,0.0021198706114192787,cores,0.0021198706114192787,0.21198706114192786,,
pbx-web,cpu_usage,pbx-web,pbx-web-5ff68464d-qx45p,2026-08-10T01:07:53.151000Z,1786324073.151,0.0019486629590235278,cores,0.0019486629590235278,0.19486629590235277,,
pbx-web,cpu_usage,pbx-web,pbx-web-5ff68464d-qx45p,2026-08-10T02:07:53.151000Z,1786327673.151,0.002295325326282468,cores,0.002295325326282468,0.2295325326282468,,
pbx-web,cpu_usage,pbx-web,pbx-web-5ff68464d-qx45p,2026-08-10T03:07:53.151000Z,1786331273.151,0.002437972750731749,cores,0.002437972750731749,0.2437972750731749,,
pbx-web,cpu_usage,pbx-web,pbx-web-5ff68464d-qx45p,2026-08-10T04:07:53.151000Z,1786334873.151,0.002352542434677138,cores,0.002352542434677138,0.23525424346771381,,
pbx-web,cpu_usage,pbx-web,pbx-web-5ff68464d-qx45p,2026-08-10T05:07:53.151000Z,1786338473.151,0.0022514906677221333,cores,0.0022514906677221333,0.22514906677221333,,
pbx-web,cpu_usage,pbx-web,pbx-web-5ff68464d-qx45p,2026-08-10T06:07:53.151000Z,1786342073.151,0.002121450570746781,cores,0.002121450570746781,0.2121450570746781,,
pbx-web,cpu_usage,pbx-web,pbx-web-5ff68464d-qx45p,2026-08-10T07:07:53.151000Z,1786345673.151,0.002350569729279217,cores,0.002350569729279217,0.23505697292792171,,
pbx-web,cpu_usage,pbx-web,pbx-web-5ff68464d-qx45p,2026-08-10T08:07:53.151000Z,1786349273.151,0.0025283551016261055,cores,0.0025283551016261055,0.2528355101626105,,
pbx-web,cpu_usage,pbx-web,pbx-web-5ff68464d-qx45p,2026-08-10T09:07:53.151000Z,1786352873.151,0.0022324503082382435,cores,0.0022324503082382435,0.22324503082382435,,
pbx-web,cpu_usage,pbx-web,pbx-web-5ff68464d-qx45p,2026-08-10T10:07:53.151000Z,1786356473.151,0.002498127134176683,cores,0.002498127134176683,0.2498127134176683,,
pbx-web,cpu_usage,pbx-web,pbx-web-5ff68464d-qx45p,2026-08-10T11:07:53.151000Z,1786360073.151,0.0023365734672481553,cores,0.0023365734672481553,0.23365734672481553,,
pbx-web,cpu_usage,pbx-web,pbx-web-5ff68464d-qx45p,2026-08-10T12:07:53.151000Z,1786363673.151,0.0018565615640696127,cores,0.0018565615640696127,0.18565615640696126,,
pbx-web,cpu_usage,pbx-web,pbx-web-5ff68464d-qx45p,2026-08-10T13:07:53.151000Z,1786367273.151,0.002528719877426943,cores,0.002528719877426943,0.2528719877426943,,
pbx-web,cpu_usage,pbx-web,pbx-web-5ff68464d-qx45p,2026-08-10T14:07:53.151000Z,1786370873.151,0.0024038050704329903,cores,0.0024038050704329903,0.24038050704329902,,
pbx-web,cpu_usage,pbx-web,pbx-web-6d86477cdb-5wvwn,2026-08-08T20:07:53.151000Z,1786219673.151,0.0023700281328898165,cores,0.0023700281328898165,0.23700281328898165,,
pbx-web,memory_working_set,pbx-web,lab-rebuild-relay-79957dbd4-xsqhl,2026-07-31T12:07:53.151000Z,1785499673.151,18911232.0,bytes,,,18911232.0,18.03515625
pbx-web,memory_working_set,pbx-web,lab-rebuild-relay-79957dbd4-xsqhl,2026-07-31T13:07:53.151000Z,1785503273.151,18907136.0,bytes,,,18907136.0,18.03125
pbx-web,memory_working_set,pbx-web,lab-rebuild-relay-79957dbd4-xsqhl,2026-07-31T14:07:53.151000Z,1785506873.151,18911232.0,bytes,,,18911232.0,18.03515625
pbx-web,memory_working_set,pbx-web,lab-rebuild-relay-79957dbd4-xsqhl,2026-07-31T15:07:53.151000Z,1785510473.151,18915328.0,bytes,,,18915328.0,18.0390625
pbx-web,memory_working_set,pbx-web,lab-rebuild-relay-79957dbd4-xsqhl,2026-07-31T16:07:53.151000Z,1785514073.151,18907136.0,bytes,,,18907136.0,18.03125
pbx-web,memory_working_set,pbx-web,lab-rebuild-relay-79957dbd4-xsqhl,2026-07-31T17:07:53.151000Z,1785517673.151,18911232.0,bytes,,,18911232.0,18.03515625
pbx-web,memory_working_set,pbx-web,lab-rebuild-relay-79957dbd4-xsqhl,2026-07-31T18:07:53.151000Z,1785521273.151,18907136.0,bytes,,,18907136.0,18.03125
pbx-web,memory_working_set,pbx-web,lab-rebuild-relay-79957dbd4-xsqhl,2026-07-31T19:07:53.151000Z,1785524873.151,18907136.0,bytes,,,18907136.0,18.03125
pbx-web,memory_working_set,pbx-web,lab-rebuild-relay-79957dbd4-xsqhl,2026-07-31T20:07:53.151000Z,1785528473.151,18911232.0,bytes,,,18911232.0,18.03515625
pbx-web,memory_working_set,pbx-web,lab-rebuild-relay-79957dbd4-xsqhl,2026-07-31T21:07:53.151000Z,1785532073.151,18907136.0,bytes,,,18907136.0,18.03125
pbx-web,memory_working_set,pbx-web,lab-rebuild-relay-79957dbd4-xsqhl,2026-07-31T22:07:53.151000Z,1785535673.151,18911232.0,bytes,,,18911232.0,18.03515625
pbx-web,memory_working_set,pbx-web,lab-rebuild-relay-79957dbd4-xsqhl,2026-07-31T23:07:53.151000Z,1785539273.151,18907136.0,bytes,,,18907136.0,18.03125
pbx-web,memory_working_set,pbx-web,lab-rebuild-relay-79957dbd4-xsqhl,2026-08-01T00:07:53.151000Z,1785542873.151,18907136.0,bytes,,,18907136.0,18.03125
pbx-web,memory_working_set,pbx-web,lab-rebuild-relay-79957dbd4-xsqhl,2026-08-01T01:07:53.151000Z,1785546473.151,18907136.0,bytes,,,18907136.0,18.03125
pbx-web,memory_working_set,pbx-web,lab-rebuild-relay-79957dbd4-xsqhl,2026-08-01T02:07:53.151000Z,1785550073.151,18907136.0,bytes,,,18907136.0,18.03125
pbx-web,memory_working_set,pbx-web,lab-rebuild-relay-79957dbd4-xsqhl,2026-08-01T03:07:53.151000Z,1785553673.151,18911232.0,bytes,,,18911232.0,18.03515625
pbx-web,memory_working_set,pbx-web,lab-rebuild-relay-79957dbd4-xsqhl,2026-08-01T04:07:53.151000Z,1785557273.151,18911232.0,bytes,,,18911232.0,18.03515625
pbx-web,memory_working_set,pbx-web,lab-rebuild-relay-79957dbd4-xsqhl,2026-08-01T05:07:53.151000Z,1785560873.151,18907136.0,bytes,,,18907136.0,18.03125
pbx-web,memory_working_set,pbx-web,lab-rebuild-relay-79957dbd4-xsqhl,2026-08-01T06:07:53.151000Z,1785564473.151,18911232.0,bytes,,,18911232.0,18.03515625
pbx-web,memory_working_set,pbx-web,lab-rebuild-relay-79957dbd4-xsqhl,2026-08-01T07:07:53.151000Z,1785568073.151,18907136.0,bytes,,,18907136.0,18.03125
pbx-web,memory_working_set,pbx-web,lab-rebuild-relay-79957dbd4-xsqhl,2026-08-01T08:07:53.151000Z,1785571673.151,18911232.0,bytes,,,18911232.0,18.03515625
pbx-web,memory_working_set,pbx-web,lab-rebuild-relay-79957dbd4-xsqhl,2026-08-01T09:07:53.151000Z,1785575273.151,18907136.0,bytes,,,18907136.0,18.03125
pbx-web,memory_working_set,pbx-web,lab-rebuild-relay-79957dbd4-xsqhl,2026-08-01T10:07:53.151000Z,1785578873.151,18907136.0,bytes,,,18907136.0,18.03125
pbx-web,memory_working_set,pbx-web,lab-rebuild-relay-79957dbd4-xsqhl,2026-08-01T11:07:53.151000Z,1785582473.151,18907136.0,bytes,,,18907136.0,18.03125
pbx-web,memory_working_set,pbx-web,lab-rebuild-relay-79957dbd4-xsqhl,2026-08-01T12:07:53.151000Z,1785586073.151,18911232.0,bytes,,,18911232.0,18.03515625
pbx-web,memory_working_set,pbx-web,lab-rebuild-relay-79957dbd4-xsqhl,2026-08-01T13:07:53.151000Z,1785589673.151,18911232.0,bytes,,,18911232.0,18.03515625
pbx-web,memory_working_set,pbx-web,lab-rebuild-relay-79957dbd4-xsqhl,2026-08-01T14:07:53.151000Z,1785593273.151,18911232.0,bytes,,,18911232.0,18.03515625
pbx-web,memory_working_set,pbx-web,lab-rebuild-relay-79957dbd4-xsqhl,2026-08-01T15:07:53.151000Z,1785596873.151,18907136.0,bytes,,,18907136.0,18.03125
pbx-web,memory_working_set,pbx-web,lab-rebuild-relay-79957dbd4-xsqhl,2026-08-01T16:07:53.151000Z,1785600473.151,18907136.0,bytes,,,18907136.0,18.03125
pbx-web,memory_working_set,pbx-web,lab-rebuild-relay-79957dbd4-xsqhl,2026-08-01T17:07:53.151000Z,1785604073.151,18907136.0,bytes,,,18907136.0,18.03125
pbx-web,memory_working_set,pbx-web,lab-rebuild-relay-79957dbd4-xsqhl,2026-08-01T18:07:53.151000Z,1785607673.151,18911232.0,bytes,,,18911232.0,18.03515625
pbx-web,memory_working_set,pbx-web,lab-rebuild-relay-79957dbd4-xsqhl,2026-08-01T19:07:53.151000Z,1785611273.151,18911232.0,bytes,,,18911232.0,18.03515625
pbx-web,memory_working_set,pbx-web,lab-rebuild-relay-79957dbd4-xsqhl,2026-08-01T20:07:53.151000Z,1785614873.151,18911232.0,bytes,,,18911232.0,18.03515625
pbx-web,memory_working_set,pbx-web,lab-rebuild-relay-79957dbd4-xsqhl,2026-08-01T21:07:53.151000Z,1785618473.151,18907136.0,bytes,,,18907136.0,18.03125
pbx-web,memory_working_set,pbx-web,lab-rebuild-relay-79957dbd4-xsqhl,2026-08-01T22:07:53.151000Z,1785622073.151,18911232.0,bytes,,,18911232.0,18.03515625
pbx-web,memory_working_set,pbx-web,lab-rebuild-relay-79957dbd4-xsqhl,2026-08-01T23:07:53.151000Z,1785625673.151,18911232.0,bytes,,,18911232.0,18.03515625
pbx-web,memory_working_set,pbx-web,lab-rebuild-relay-79957dbd4-xsqhl,2026-08-02T00:07:53.151000Z,1785629273.151,18907136.0,bytes,,,18907136.0,18.03125
pbx-web,memory_working_set,pbx-web,lab-rebuild-relay-79957dbd4-xsqhl,2026-08-02T01:07:53.151000Z,1785632873.151,18907136.0,bytes,,,18907136.0,18.03125
pbx-web,memory_working_set,pbx-web,lab-rebuild-relay-79957dbd4-xsqhl,2026-08-02T02:07:53.151000Z,1785636473.151,18907136.0,bytes,,,18907136.0,18.03125
pbx-web,memory_working_set,pbx-web,lab-rebuild-relay-79957dbd4-xsqhl,2026-08-02T03:07:53.151000Z,1785640073.151,18911232.0,bytes,,,18911232.0,18.03515625
pbx-web,memory_working_set,pbx-web,lab-rebuild-relay-79957dbd4-xsqhl,2026-08-02T04:07:53.151000Z,1785643673.151,18911232.0,bytes,,,18911232.0,18.03515625
pbx-web,memory_working_set,pbx-web,lab-rebuild-relay-79957dbd4-xsqhl,2026-08-02T05:07:53.151000Z,1785647273.151,18907136.0,bytes,,,18907136.0,18.03125
pbx-web,memory_working_set,pbx-web,lab-rebuild-relay-79957dbd4-xsqhl,2026-08-02T06:07:53.151000Z,1785650873.151,18911232.0,bytes,,,18911232.0,18.03515625
pbx-web,memory_working_set,pbx-web,lab-rebuild-relay-79957dbd4-xsqhl,2026-08-02T07:07:53.151000Z,1785654473.151,18907136.0,bytes,,,18907136.0,18.03125
pbx-web,memory_working_set,pbx-web,lab-rebuild-relay-79957dbd4-xsqhl,2026-08-02T08:07:53.151000Z,1785658073.151,18907136.0,bytes,,,18907136.0,18.03125
pbx-web,memory_working_set,pbx-web,lab-rebuild-relay-79957dbd4-xsqhl,2026-08-02T09:07:53.151000Z,1785661673.151,18907136.0,bytes,,,18907136.0,18.03125
pbx-web,memory_working_set,pbx-web,lab-rebuild-relay-79957dbd4-xsqhl,2026-08-02T10:07:53.151000Z,1785665273.151,18911232.0,bytes,,,18911232.0,18.03515625
pbx-web,memory_working_set,pbx-web,lab-rebuild-relay-79957dbd4-xsqhl,2026-08-02T11:07:53.151000Z,1785668873.151,18907136.0,bytes,,,18907136.0,18.03125
pbx-web,memory_working_set,pbx-web,lab-rebuild-relay-79957dbd4-xsqhl,2026-08-02T12:07:53.151000Z,1785672473.151,18911232.0,bytes,,,18911232.0,18.03515625
pbx-web,memory_working_set,pbx-web,lab-rebuild-relay-79957dbd4-xsqhl,2026-08-02T13:07:53.151000Z,1785676073.151,18911232.0,bytes,,,18911232.0,18.03515625
pbx-web,memory_working_set,pbx-web,lab-rebuild-relay-79957dbd4-xsqhl,2026-08-02T14:07:53.151000Z,1785679673.151,18911232.0,bytes,,,18911232.0,18.03515625
pbx-web,memory_working_set,pbx-web,lab-rebuild-relay-79957dbd4-xsqhl,2026-08-02T15:07:53.151000Z,1785683273.151,18911232.0,bytes,,,18911232.0,18.03515625
pbx-web,memory_working_set,pbx-web,lab-rebuild-relay-79957dbd4-xsqhl,2026-08-02T16:07:53.151000Z,1785686873.151,18952192.0,bytes,,,18952192.0,18.07421875
pbx-web,memory_working_set,pbx-web,lab-rebuild-relay-79957dbd4-xsqhl,2026-08-02T17:07:53.151000Z,1785690473.151,18956288.0,bytes,,,18956288.0,18.078125
pbx-web,memory_working_set,pbx-web,lab-rebuild-relay-79957dbd4-xsqhl,2026-08-02T18:07:53.151000Z,1785694073.151,18956288.0,bytes,,,18956288.0,18.078125
pbx-web,memory_working_set,pbx-web,lab-rebuild-relay-79957dbd4-xsqhl,2026-08-02T19:07:53.151000Z,1785697673.151,18952192.0,bytes,,,18952192.0,18.07421875
pbx-web,memory_working_set,pbx-web,lab-rebuild-relay-79957dbd4-xsqhl,2026-08-02T20:07:53.151000Z,1785701273.151,18952192.0,bytes,,,18952192.0,18.07421875
pbx-web,memory_working_set,pbx-web,lab-rebuild-relay-79957dbd4-xsqhl,2026-08-02T21:07:53.151000Z,1785704873.151,18956288.0,bytes,,,18956288.0,18.078125
pbx-web,memory_working_set,pbx-web,lab-rebuild-relay-79957dbd4-xsqhl,2026-08-02T22:07:53.151000Z,1785708473.151,18952192.0,bytes,,,18952192.0,18.07421875
pbx-web,memory_working_set,pbx-web,lab-rebuild-relay-79957dbd4-xsqhl,2026-08-02T23:07:53.151000Z,1785712073.151,18952192.0,bytes,,,18952192.0,18.07421875
pbx-web,memory_working_set,pbx-web,lab-rebuild-relay-79957dbd4-xsqhl,2026-08-03T00:07:53.151000Z,1785715673.151,18956288.0,bytes,,,18956288.0,18.078125
pbx-web,memory_working_set,pbx-web,lab-rebuild-relay-79957dbd4-xsqhl,2026-08-03T01:07:53.151000Z,1785719273.151,18952192.0,bytes,,,18952192.0,18.07421875
pbx-web,memory_working_set,pbx-web,lab-rebuild-relay-79957dbd4-xsqhl,2026-08-03T02:07:53.151000Z,1785722873.151,18952192.0,bytes,,,18952192.0,18.07421875
pbx-web,memory_working_set,pbx-web,lab-rebuild-relay-79957dbd4-xsqhl,2026-08-03T03:07:53.151000Z,1785726473.151,18956288.0,bytes,,,18956288.0,18.078125
pbx-web,memory_working_set,pbx-web,lab-rebuild-relay-79957dbd4-xsqhl,2026-08-03T04:07:53.151000Z,1785730073.151,18956288.0,bytes,,,18956288.0,18.078125
pbx-web,memory_working_set,pbx-web,lab-rebuild-relay-79957dbd4-xsqhl,2026-08-03T05:07:53.151000Z,1785733673.151,18952192.0,bytes,,,18952192.0,18.07421875
pbx-web,memory_working_set,pbx-web,lab-rebuild-relay-79957dbd4-xsqhl,2026-08-03T06:07:53.151000Z,1785737273.151,18956288.0,bytes,,,18956288.0,18.078125
pbx-web,memory_working_set,pbx-web,lab-rebuild-relay-79957dbd4-xsqhl,2026-08-03T07:07:53.151000Z,1785740873.151,18956288.0,bytes,,,18956288.0,18.078125
pbx-web,memory_working_set,pbx-web,lab-rebuild-relay-79957dbd4-xsqhl,2026-08-03T08:07:53.151000Z,1785744473.151,18952192.0,bytes,,,18952192.0,18.07421875
pbx-web,memory_working_set,pbx-web,lab-rebuild-relay-79957dbd4-xsqhl,2026-08-03T09:07:53.151000Z,1785748073.151,18956288.0,bytes,,,18956288.0,18.078125
pbx-web,memory_working_set,pbx-web,lab-rebuild-relay-79957dbd4-xsqhl,2026-08-03T10:07:53.151000Z,1785751673.151,18956288.0,bytes,,,18956288.0,18.078125
pbx-web,memory_working_set,pbx-web,lab-rebuild-relay-79957dbd4-xsqhl,2026-08-03T11:07:53.151000Z,1785755273.151,18956288.0,bytes,,,18956288.0,18.078125
pbx-web,memory_working_set,pbx-web,lab-rebuild-relay-79957dbd4-xsqhl,2026-08-03T12:07:53.151000Z,1785758873.151,18956288.0,bytes,,,18956288.0,18.078125
pbx-web,memory_working_set,pbx-web,lab-rebuild-relay-79957dbd4-xsqhl,2026-08-03T13:07:53.151000Z,1785762473.151,18956288.0,bytes,,,18956288.0,18.078125
pbx-web,memory_working_set,pbx-web,lab-rebuild-relay-79957dbd4-xsqhl,2026-08-03T14:07:53.151000Z,1785766073.151,18952192.0,bytes,,,18952192.0,18.07421875
pbx-web,memory_working_set,pbx-web,lab-rebuild-relay-79957dbd4-xsqhl,2026-08-03T15:07:53.151000Z,1785769673.151,18956288.0,bytes,,,18956288.0,18.078125
pbx-web,memory_working_set,pbx-web,lab-rebuild-relay-79957dbd4-xsqhl,2026-08-03T16:07:53.151000Z,1785773273.151,18952192.0,bytes,,,18952192.0,18.07421875
pbx-web,memory_working_set,pbx-web,lab-rebuild-relay-79957dbd4-xsqhl,2026-08-03T17:07:53.151000Z,1785776873.151,18952192.0,bytes,,,18952192.0,18.07421875
pbx-web,memory_working_set,pbx-web,lab-rebuild-relay-79957dbd4-xsqhl,2026-08-03T18:07:53.151000Z,1785780473.151,18956288.0,bytes,,,18956288.0,18.078125
pbx-web,memory_working_set,pbx-web,lab-rebuild-relay-79957dbd4-xsqhl,2026-08-03T19:07:53.151000Z,1785784073.151,18956288.0,bytes,,,18956288.0,18.078125
pbx-web,memory_working_set,pbx-web,lab-rebuild-relay-79957dbd4-xsqhl,2026-08-03T20:07:53.151000Z,1785787673.151,18952192.0,bytes,,,18952192.0,18.07421875
pbx-web,memory_working_set,pbx-web,lab-rebuild-relay-79957dbd4-xsqhl,2026-08-03T21:07:53.151000Z,1785791273.151,18956288.0,bytes,,,18956288.0,18.078125
pbx-web,memory_working_set,pbx-web,lab-rebuild-relay-79957dbd4-xsqhl,2026-08-03T22:07:53.151000Z,1785794873.151,18952192.0,bytes,,,18952192.0,18.07421875
pbx-web,memory_working_set,pbx-web,lab-rebuild-relay-79957dbd4-xsqhl,2026-08-03T23:07:53.151000Z,1785798473.151,18956288.0,bytes,,,18956288.0,18.078125
pbx-web,memory_working_set,pbx-web,lab-rebuild-relay-79957dbd4-xsqhl,2026-08-04T00:07:53.151000Z,1785802073.151,18952192.0,bytes,,,18952192.0,18.07421875
pbx-web,memory_working_set,pbx-web,lab-rebuild-relay-79957dbd4-xsqhl,2026-08-04T01:07:53.151000Z,1785805673.151,18952192.0,bytes,,,18952192.0,18.07421875
pbx-web,memory_working_set,pbx-web,lab-rebuild-relay-79957dbd4-xsqhl,2026-08-04T02:07:53.151000Z,1785809273.151,18952192.0,bytes,,,18952192.0,18.07421875
pbx-web,memory_working_set,pbx-web,lab-rebuild-relay-79957dbd4-xsqhl,2026-08-04T03:07:53.151000Z,1785812873.151,18952192.0,bytes,,,18952192.0,18.07421875
pbx-web,memory_working_set,pbx-web,lab-rebuild-relay-79957dbd4-xsqhl,2026-08-04T04:07:53.151000Z,1785816473.151,18952192.0,bytes,,,18952192.0,18.07421875
pbx-web,memory_working_set,pbx-web,lab-rebuild-relay-79957dbd4-xsqhl,2026-08-04T05:07:53.151000Z,1785820073.151,18956288.0,bytes,,,18956288.0,18.078125
pbx-web,memory_working_set,pbx-web,lab-rebuild-relay-79957dbd4-xsqhl,2026-08-04T06:07:53.151000Z,1785823673.151,18956288.0,bytes,,,18956288.0,18.078125
pbx-web,memory_working_set,pbx-web,lab-rebuild-relay-79957dbd4-xsqhl,2026-08-04T07:07:53.151000Z,1785827273.151,18956288.0,bytes,,,18956288.0,18.078125
pbx-web,memory_working_set,pbx-web,lab-rebuild-relay-79957dbd4-xsqhl,2026-08-04T08:07:53.151000Z,1785830873.151,18956288.0,bytes,,,18956288.0,18.078125
pbx-web,memory_working_set,pbx-web,lab-rebuild-relay-79957dbd4-xsqhl,2026-08-04T09:07:53.151000Z,1785834473.151,18956288.0,bytes,,,18956288.0,18.078125
pbx-web,memory_working_set,pbx-web,lab-rebuild-relay-79957dbd4-xsqhl,2026-08-04T10:07:53.151000Z,1785838073.151,18952192.0,bytes,,,18952192.0,18.07421875
pbx-web,memory_working_set,pbx-web,lab-rebuild-relay-79957dbd4-xsqhl,2026-08-04T11:07:53.151000Z,1785841673.151,18956288.0,bytes,,,18956288.0,18.078125
pbx-web,memory_working_set,pbx-web,lab-rebuild-relay-79957dbd4-xsqhl,2026-08-04T12:07:53.151000Z,1785845273.151,18956288.0,bytes,,,18956288.0,18.078125
pbx-web,memory_working_set,pbx-web,lab-rebuild-relay-79957dbd4-xsqhl,2026-08-04T13:07:53.151000Z,1785848873.151,18956288.0,bytes,,,18956288.0,18.078125
pbx-web,memory_working_set,pbx-web,lab-rebuild-relay-79957dbd4-xsqhl,2026-08-04T14:07:53.151000Z,1785852473.151,18956288.0,bytes,,,18956288.0,18.078125
pbx-web,memory_working_set,pbx-web,lab-rebuild-relay-79957dbd4-xsqhl,2026-08-04T15:07:53.151000Z,1785856073.151,18956288.0,bytes,,,18956288.0,18.078125
pbx-web,memory_working_set,pbx-web,lab-rebuild-relay-79957dbd4-xsqhl,2026-08-04T16:07:53.151000Z,1785859673.151,18952192.0,bytes,,,18952192.0,18.07421875
pbx-web,memory_working_set,pbx-web,lab-rebuild-relay-79957dbd4-xsqhl,2026-08-04T17:07:53.151000Z,1785863273.151,18956288.0,bytes,,,18956288.0,18.078125
pbx-web,memory_working_set,pbx-web,lab-rebuild-relay-79957dbd4-xsqhl,2026-08-04T18:07:53.151000Z,1785866873.151,18956288.0,bytes,,,18956288.0,18.078125
pbx-web,memory_working_set,pbx-web,lab-rebuild-relay-79957dbd4-xsqhl,2026-08-04T19:07:53.151000Z,1785870473.151,18952192.0,bytes,,,18952192.0,18.07421875
pbx-web,memory_working_set,pbx-web,lab-rebuild-relay-79957dbd4-xsqhl,2026-08-04T20:07:53.151000Z,1785874073.151,18952192.0,bytes,,,18952192.0,18.07421875
pbx-web,memory_working_set,pbx-web,lab-rebuild-relay-79957dbd4-xsqhl,2026-08-04T21:07:53.151000Z,1785877673.151,18952192.0,bytes,,,18952192.0,18.07421875
pbx-web,memory_working_set,pbx-web,lab-rebuild-relay-79957dbd4-xsqhl,2026-08-04T22:07:53.151000Z,1785881273.151,18952192.0,bytes,,,18952192.0,18.07421875
pbx-web,memory_working_set,pbx-web,lab-rebuild-relay-79957dbd4-xsqhl,2026-08-04T23:07:53.151000Z,1785884873.151,18952192.0,bytes,,,18952192.0,18.07421875
pbx-web,memory_working_set,pbx-web,lab-rebuild-relay-79957dbd4-xsqhl,2026-08-05T00:07:53.151000Z,1785888473.151,18956288.0,bytes,,,18956288.0,18.078125
pbx-web,memory_working_set,pbx-web,lab-rebuild-relay-79957dbd4-xsqhl,2026-08-05T01:07:53.151000Z,1785892073.151,18956288.0,bytes,,,18956288.0,18.078125
pbx-web,memory_working_set,pbx-web,lab-rebuild-relay-79957dbd4-xsqhl,2026-08-05T02:07:53.151000Z,1785895673.151,18956288.0,bytes,,,18956288.0,18.078125
pbx-web,memory_working_set,pbx-web,lab-rebuild-relay-79957dbd4-xsqhl,2026-08-05T03:07:53.151000Z,1785899273.151,18956288.0,bytes,,,18956288.0,18.078125
pbx-web,memory_working_set,pbx-web,lab-rebuild-relay-79957dbd4-xsqhl,2026-08-05T04:07:53.151000Z,1785902873.151,18956288.0,bytes,,,18956288.0,18.078125
pbx-web,memory_working_set,pbx-web,lab-rebuild-relay-79957dbd4-xsqhl,2026-08-05T05:07:53.151000Z,1785906473.151,18952192.0,bytes,,,18952192.0,18.07421875
pbx-web,memory_working_set,pbx-web,lab-rebuild-relay-79957dbd4-xsqhl,2026-08-05T06:07:53.151000Z,1785910073.151,18956288.0,bytes,,,18956288.0,18.078125
pbx-web,memory_working_set,pbx-web,lab-rebuild-relay-79957dbd4-xsqhl,2026-08-05T07:07:53.151000Z,1785913673.151,18956288.0,bytes,,,18956288.0,18.078125
pbx-web,memory_working_set,pbx-web,lab-rebuild-relay-79957dbd4-xsqhl,2026-08-05T08:07:53.151000Z,1785917273.151,18952192.0,bytes,,,18952192.0,18.07421875
pbx-web,memory_working_set,pbx-web,lab-rebuild-relay-79957dbd4-xsqhl,2026-08-05T09:07:53.151000Z,1785920873.151,18952192.0,bytes,,,18952192.0,18.07421875
pbx-web,memory_working_set,pbx-web,lab-rebuild-relay-79957dbd4-xsqhl,2026-08-05T10:07:53.151000Z,1785924473.151,18956288.0,bytes,,,18956288.0,18.078125
pbx-web,memory_working_set,pbx-web,lab-rebuild-relay-79957dbd4-xsqhl,2026-08-05T11:07:53.151000Z,1785928073.151,18956288.0,bytes,,,18956288.0,18.078125
pbx-web,memory_working_set,pbx-web,lab-rebuild-relay-79957dbd4-xsqhl,2026-08-05T12:07:53.151000Z,1785931673.151,18956288.0,bytes,,,18956288.0,18.078125
pbx-web,memory_working_set,pbx-web,lab-rebuild-relay-79957dbd4-xsqhl,2026-08-05T13:07:53.151000Z,1785935273.151,18968576.0,bytes,,,18968576.0,18.08984375
pbx-web,memory_working_set,pbx-web,lab-rebuild-relay-79957dbd4-xsqhl,2026-08-05T14:07:53.151000Z,1785938873.151,18968576.0,bytes,,,18968576.0,18.08984375
pbx-web,memory_working_set,pbx-web,lab-rebuild-relay-79957dbd4-xsqhl,2026-08-05T15:07:53.151000Z,1785942473.151,18964480.0,bytes,,,18964480.0,18.0859375
pbx-web,memory_working_set,pbx-web,lab-rebuild-relay-79957dbd4-xsqhl,2026-08-05T16:07:53.151000Z,1785946073.151,18968576.0,bytes,,,18968576.0,18.08984375
pbx-web,memory_working_set,pbx-web,lab-rebuild-relay-79957dbd4-xsqhl,2026-08-05T17:07:53.151000Z,1785949673.151,18964480.0,bytes,,,18964480.0,18.0859375
pbx-web,memory_working_set,pbx-web,lab-rebuild-relay-79957dbd4-xsqhl,2026-08-05T18:07:53.151000Z,1785953273.151,18964480.0,bytes,,,18964480.0,18.0859375
pbx-web,memory_working_set,pbx-web,lab-rebuild-relay-79957dbd4-xsqhl,2026-08-05T19:07:53.151000Z,1785956873.151,18968576.0,bytes,,,18968576.0,18.08984375
pbx-web,memory_working_set,pbx-web,lab-rebuild-relay-79957dbd4-xsqhl,2026-08-05T20:07:53.151000Z,1785960473.151,18968576.0,bytes,,,18968576.0,18.08984375
pbx-web,memory_working_set,pbx-web,lab-rebuild-relay-79957dbd4-xsqhl,2026-08-05T21:07:53.151000Z,1785964073.151,18964480.0,bytes,,,18964480.0,18.0859375
pbx-web,memory_working_set,pbx-web,lab-rebuild-relay-79957dbd4-xsqhl,2026-08-05T22:07:53.151000Z,1785967673.151,18964480.0,bytes,,,18964480.0,18.0859375
pbx-web,memory_working_set,pbx-web,lab-rebuild-relay-79957dbd4-xsqhl,2026-08-05T23:07:53.151000Z,1785971273.151,18964480.0,bytes,,,18964480.0,18.0859375
pbx-web,memory_working_set,pbx-web,lab-rebuild-relay-79957dbd4-xsqhl,2026-08-06T00:07:53.151000Z,1785974873.151,18976768.0,bytes,,,18976768.0,18.09765625
pbx-web,memory_working_set,pbx-web,lab-rebuild-relay-79957dbd4-xsqhl,2026-08-06T01:07:53.151000Z,1785978473.151,18980864.0,bytes,,,18980864.0,18.1015625
pbx-web,memory_working_set,pbx-web,lab-rebuild-relay-79957dbd4-xsqhl,2026-08-06T02:07:53.151000Z,1785982073.151,18980864.0,bytes,,,18980864.0,18.1015625
pbx-web,memory_working_set,pbx-web,lab-rebuild-relay-79957dbd4-xsqhl,2026-08-06T03:07:53.151000Z,1785985673.151,18980864.0,bytes,,,18980864.0,18.1015625
pbx-web,memory_working_set,pbx-web,lab-rebuild-relay-79957dbd4-xsqhl,2026-08-06T04:07:53.151000Z,1785989273.151,18980864.0,bytes,,,18980864.0,18.1015625
pbx-web,memory_working_set,pbx-web,lab-rebuild-relay-79957dbd4-xsqhl,2026-08-06T05:07:53.151000Z,1785992873.151,18976768.0,bytes,,,18976768.0,18.09765625
pbx-web,memory_working_set,pbx-web,lab-rebuild-relay-79957dbd4-xsqhl,2026-08-06T06:07:53.151000Z,1785996473.151,18976768.0,bytes,,,18976768.0,18.09765625
pbx-web,memory_working_set,pbx-web,lab-rebuild-relay-79957dbd4-xsqhl,2026-08-06T07:07:53.151000Z,1786000073.151,18980864.0,bytes,,,18980864.0,18.1015625
pbx-web,memory_working_set,pbx-web,lab-rebuild-relay-79957dbd4-xsqhl,2026-08-06T08:07:53.151000Z,1786003673.151,18980864.0,bytes,,,18980864.0,18.1015625
pbx-web,memory_working_set,pbx-web,lab-rebuild-relay-79957dbd4-xsqhl,2026-08-06T09:07:53.151000Z,1786007273.151,18980864.0,bytes,,,18980864.0,18.1015625
pbx-web,memory_working_set,pbx-web,lab-rebuild-relay-79957dbd4-xsqhl,2026-08-06T10:07:53.151000Z,1786010873.151,18980864.0,bytes,,,18980864.0,18.1015625
pbx-web,memory_working_set,pbx-web,lab-rebuild-relay-79957dbd4-xsqhl,2026-08-06T11:07:53.151000Z,1786014473.151,18980864.0,bytes,,,18980864.0,18.1015625
pbx-web,memory_working_set,pbx-web,lab-rebuild-relay-79957dbd4-xsqhl,2026-08-06T12:07:53.151000Z,1786018073.151,18980864.0,bytes,,,18980864.0,18.1015625
pbx-web,memory_working_set,pbx-web,lab-rebuild-relay-79957dbd4-xsqhl,2026-08-06T13:07:53.151000Z,1786021673.151,18980864.0,bytes,,,18980864.0,18.1015625
pbx-web,memory_working_set,pbx-web,lab-rebuild-relay-79957dbd4-xsqhl,2026-08-06T14:07:53.151000Z,1786025273.151,18976768.0,bytes,,,18976768.0,18.09765625
pbx-web,memory_working_set,pbx-web,lab-rebuild-relay-79957dbd4-xsqhl,2026-08-06T15:07:53.151000Z,1786028873.151,18980864.0,bytes,,,18980864.0,18.1015625
pbx-web,memory_working_set,pbx-web,lab-rebuild-relay-79957dbd4-xsqhl,2026-08-06T16:07:53.151000Z,1786032473.151,18980864.0,bytes,,,18980864.0,18.1015625
pbx-web,memory_working_set,pbx-web,lab-rebuild-relay-79957dbd4-xsqhl,2026-08-06T17:07:53.151000Z,1786036073.151,18980864.0,bytes,,,18980864.0,18.1015625
pbx-web,memory_working_set,pbx-web,lab-rebuild-relay-79957dbd4-xsqhl,2026-08-06T18:07:53.151000Z,1786039673.151,18984960.0,bytes,,,18984960.0,18.10546875
pbx-web,memory_working_set,pbx-web,lab-rebuild-relay-79957dbd4-xsqhl,2026-08-06T19:07:53.151000Z,1786043273.151,18980864.0,bytes,,,18980864.0,18.1015625
pbx-web,memory_working_set,pbx-web,lab-rebuild-relay-79957dbd4-xsqhl,2026-08-06T20:07:53.151000Z,1786046873.151,18984960.0,bytes,,,18984960.0,18.10546875
pbx-web,memory_working_set,pbx-web,lab-rebuild-relay-79957dbd4-xsqhl,2026-08-06T21:07:53.151000Z,1786050473.151,18984960.0,bytes,,,18984960.0,18.10546875
pbx-web,memory_working_set,pbx-web,lab-rebuild-relay-79957dbd4-xsqhl,2026-08-06T22:07:53.151000Z,1786054073.151,18984960.0,bytes,,,18984960.0,18.10546875
pbx-web,memory_working_set,pbx-web,lab-rebuild-relay-79957dbd4-xsqhl,2026-08-06T23:07:53.151000Z,1786057673.151,18984960.0,bytes,,,18984960.0,18.10546875
pbx-web,memory_working_set,pbx-web,lab-rebuild-relay-79957dbd4-xsqhl,2026-08-07T00:07:53.151000Z,1786061273.151,18980864.0,bytes,,,18980864.0,18.1015625
pbx-web,memory_working_set,pbx-web,lab-rebuild-relay-79957dbd4-xsqhl,2026-08-07T01:07:53.151000Z,1786064873.151,18984960.0,bytes,,,18984960.0,18.10546875
pbx-web,memory_working_set,pbx-web,lab-rebuild-relay-79957dbd4-xsqhl,2026-08-07T02:07:53.151000Z,1786068473.151,19005440.0,bytes,,,19005440.0,18.125
pbx-web,memory_working_set,pbx-web,lab-rebuild-relay-79957dbd4-xsqhl,2026-08-07T03:07:53.151000Z,1786072073.151,19005440.0,bytes,,,19005440.0,18.125
pbx-web,memory_working_set,pbx-web,lab-rebuild-relay-79957dbd4-xsqhl,2026-08-07T04:07:53.151000Z,1786075673.151,19001344.0,bytes,,,19001344.0,18.12109375
pbx-web,memory_working_set,pbx-web,lab-rebuild-relay-79957dbd4-xsqhl,2026-08-07T05:07:53.151000Z,1786079273.151,19005440.0,bytes,,,19005440.0,18.125
pbx-web,memory_working_set,pbx-web,lab-rebuild-relay-79957dbd4-xsqhl,2026-08-07T06:07:53.151000Z,1786082873.151,19005440.0,bytes,,,19005440.0,18.125
pbx-web,memory_working_set,pbx-web,lab-rebuild-relay-79957dbd4-xsqhl,2026-08-07T07:07:53.151000Z,1786086473.151,19005440.0,bytes,,,19005440.0,18.125
pbx-web,memory_working_set,pbx-web,lab-rebuild-relay-79957dbd4-xsqhl,2026-08-07T08:07:53.151000Z,1786090073.151,19005440.0,bytes,,,19005440.0,18.125
pbx-web,memory_working_set,pbx-web,lab-rebuild-relay-79957dbd4-xsqhl,2026-08-07T09:07:53.151000Z,1786093673.151,19001344.0,bytes,,,19001344.0,18.12109375
pbx-web,memory_working_set,pbx-web,lab-rebuild-relay-79957dbd4-xsqhl,2026-08-07T10:07:53.151000Z,1786097273.151,19005440.0,bytes,,,19005440.0,18.125
pbx-web,memory_working_set,pbx-web,lab-rebuild-relay-79957dbd4-xsqhl,2026-08-07T11:07:53.151000Z,1786100873.151,19005440.0,bytes,,,19005440.0,18.125
pbx-web,memory_working_set,pbx-web,lab-rebuild-relay-79957dbd4-xsqhl,2026-08-07T12:07:53.151000Z,1786104473.151,19001344.0,bytes,,,19001344.0,18.12109375
pbx-web,memory_working_set,pbx-web,lab-rebuild-relay-79957dbd4-xsqhl,2026-08-07T13:07:53.151000Z,1786108073.151,19001344.0,bytes,,,19001344.0,18.12109375
pbx-web,memory_working_set,pbx-web,lab-rebuild-relay-79957dbd4-xsqhl,2026-08-07T14:07:53.151000Z,1786111673.151,19001344.0,bytes,,,19001344.0,18.12109375
pbx-web,memory_working_set,pbx-web,lab-rebuild-relay-79957dbd4-xsqhl,2026-08-07T15:07:53.151000Z,1786115273.151,19005440.0,bytes,,,19005440.0,18.125
pbx-web,memory_working_set,pbx-web,lab-rebuild-relay-79957dbd4-xsqhl,2026-08-07T16:07:53.151000Z,1786118873.151,19005440.0,bytes,,,19005440.0,18.125
pbx-web,memory_working_set,pbx-web,lab-rebuild-relay-79957dbd4-xsqhl,2026-08-07T17:07:53.151000Z,1786122473.151,19005440.0,bytes,,,19005440.0,18.125
pbx-web,memory_working_set,pbx-web,lab-rebuild-relay-79957dbd4-xsqhl,2026-08-07T18:07:53.151000Z,1786126073.151,19005440.0,bytes,,,19005440.0,18.125
pbx-web,memory_working_set,pbx-web,lab-rebuild-relay-79957dbd4-xsqhl,2026-08-07T19:07:53.151000Z,1786129673.151,19005440.0,bytes,,,19005440.0,18.125
pbx-web,memory_working_set,pbx-web,lab-rebuild-relay-79957dbd4-xsqhl,2026-08-07T20:07:53.151000Z,1786133273.151,19005440.0,bytes,,,19005440.0,18.125
pbx-web,memory_working_set,pbx-web,lab-rebuild-relay-79957dbd4-xsqhl,2026-08-07T21:07:53.151000Z,1786136873.151,19005440.0,bytes,,,19005440.0,18.125
pbx-web,memory_working_set,pbx-web,lab-rebuild-relay-79957dbd4-xsqhl,2026-08-07T22:07:53.151000Z,1786140473.151,19005440.0,bytes,,,19005440.0,18.125
pbx-web,memory_working_set,pbx-web,lab-rebuild-relay-79957dbd4-xsqhl,2026-08-07T23:07:53.151000Z,1786144073.151,19005440.0,bytes,,,19005440.0,18.125
pbx-web,memory_working_set,pbx-web,lab-rebuild-relay-79957dbd4-xsqhl,2026-08-08T00:07:53.151000Z,1786147673.151,19005440.0,bytes,,,19005440.0,18.125
pbx-web,memory_working_set,pbx-web,lab-rebuild-relay-79957dbd4-xsqhl,2026-08-08T01:07:53.151000Z,1786151273.151,19001344.0,bytes,,,19001344.0,18.12109375
pbx-web,memory_working_set,pbx-web,lab-rebuild-relay-79957dbd4-xsqhl,2026-08-08T02:07:53.151000Z,1786154873.151,19038208.0,bytes,,,19038208.0,18.15625
pbx-web,memory_working_set,pbx-web,lab-rebuild-relay-79957dbd4-xsqhl,2026-08-08T03:07:53.151000Z,1786158473.151,19034112.0,bytes,,,19034112.0,18.15234375
pbx-web,memory_working_set,pbx-web,lab-rebuild-relay-79957dbd4-xsqhl,2026-08-08T04:07:53.151000Z,1786162073.151,19034112.0,bytes,,,19034112.0,18.15234375
pbx-web,memory_working_set,pbx-web,lab-rebuild-relay-79957dbd4-xsqhl,2026-08-08T05:07:53.151000Z,1786165673.151,19038208.0,bytes,,,19038208.0,18.15625
pbx-web,memory_working_set,pbx-web,lab-rebuild-relay-79957dbd4-xsqhl,2026-08-08T06:07:53.151000Z,1786169273.151,19034112.0,bytes,,,19034112.0,18.15234375
pbx-web,memory_working_set,pbx-web,lab-rebuild-relay-79957dbd4-xsqhl,2026-08-08T07:07:53.151000Z,1786172873.151,19038208.0,bytes,,,19038208.0,18.15625
pbx-web,memory_working_set,pbx-web,lab-rebuild-relay-79957dbd4-xsqhl,2026-08-08T08:07:53.151000Z,1786176473.151,19038208.0,bytes,,,19038208.0,18.15625
pbx-web,memory_working_set,pbx-web,lab-rebuild-relay-79957dbd4-xsqhl,2026-08-08T09:07:53.151000Z,1786180073.151,19034112.0,bytes,,,19034112.0,18.15234375
pbx-web,memory_working_set,pbx-web,lab-rebuild-relay-79957dbd4-xsqhl,2026-08-08T10:07:53.151000Z,1786183673.151,19038208.0,bytes,,,19038208.0,18.15625
pbx-web,memory_working_set,pbx-web,lab-rebuild-relay-79957dbd4-xsqhl,2026-08-08T11:07:53.151000Z,1786187273.151,19038208.0,bytes,,,19038208.0,18.15625
pbx-web,memory_working_set,pbx-web,lab-rebuild-relay-79957dbd4-xsqhl,2026-08-08T12:07:53.151000Z,1786190873.151,19034112.0,bytes,,,19034112.0,18.15234375
pbx-web,memory_working_set,pbx-web,lab-rebuild-relay-79957dbd4-xsqhl,2026-08-08T13:07:53.151000Z,1786194473.151,19038208.0,bytes,,,19038208.0,18.15625
pbx-web,memory_working_set,pbx-web,lab-rebuild-relay-79957dbd4-xsqhl,2026-08-08T14:07:53.151000Z,1786198073.151,19034112.0,bytes,,,19034112.0,18.15234375
pbx-web,memory_working_set,pbx-web,lab-rebuild-relay-79957dbd4-xsqhl,2026-08-08T15:07:53.151000Z,1786201673.151,19038208.0,bytes,,,19038208.0,18.15625
pbx-web,memory_working_set,pbx-web,lab-rebuild-relay-79957dbd4-xsqhl,2026-08-08T16:07:53.151000Z,1786205273.151,19034112.0,bytes,,,19034112.0,18.15234375
pbx-web,memory_working_set,pbx-web,lab-rebuild-relay-79957dbd4-xsqhl,2026-08-08T17:07:53.151000Z,1786208873.151,19038208.0,bytes,,,19038208.0,18.15625
pbx-web,memory_working_set,pbx-web,lab-rebuild-relay-79957dbd4-xsqhl,2026-08-08T18:07:53.151000Z,1786212473.151,19034112.0,bytes,,,19034112.0,18.15234375
pbx-web,memory_working_set,pbx-web,lab-rebuild-relay-79957dbd4-xsqhl,2026-08-08T19:07:53.151000Z,1786216073.151,19034112.0,bytes,,,19034112.0,18.15234375
pbx-web,memory_working_set,pbx-web,lab-rebuild-relay-79957dbd4-xsqhl,2026-08-08T20:07:53.151000Z,1786219673.151,19247104.0,bytes,,,19247104.0,18.35546875
pbx-web,memory_working_set,pbx-web,lab-rebuild-relay-79957dbd4-xsqhl,2026-08-08T21:07:53.151000Z,1786223273.151,21909504.0,bytes,,,21909504.0,20.89453125
pbx-web,memory_working_set,pbx-web,lab-rebuild-relay-79957dbd4-xsqhl,2026-08-08T22:07:53.151000Z,1786226873.151,21909504.0,bytes,,,21909504.0,20.89453125
pbx-web,memory_working_set,pbx-web,lab-rebuild-relay-79957dbd4-xsqhl,2026-08-08T23:07:53.151000Z,1786230473.151,21909504.0,bytes,,,21909504.0,20.89453125
pbx-web,memory_working_set,pbx-web,lab-rebuild-relay-79957dbd4-xsqhl,2026-08-09T00:07:53.151000Z,1786234073.151,21909504.0,bytes,,,21909504.0,20.89453125
pbx-web,memory_working_set,pbx-web,lab-rebuild-relay-79957dbd4-xsqhl,2026-08-09T01:07:53.151000Z,1786237673.151,21913600.0,bytes,,,21913600.0,20.8984375
pbx-web,memory_working_set,pbx-web,lab-rebuild-relay-79957dbd4-xsqhl,2026-08-09T02:07:53.151000Z,1786241273.151,21909504.0,bytes,,,21909504.0,20.89453125
pbx-web,memory_working_set,pbx-web,lab-rebuild-relay-79957dbd4-xsqhl,2026-08-09T03:07:53.151000Z,1786244873.151,21909504.0,bytes,,,21909504.0,20.89453125
pbx-web,memory_working_set,pbx-web,lab-rebuild-relay-79957dbd4-xsqhl,2026-08-09T04:07:53.151000Z,1786248473.151,21909504.0,bytes,,,21909504.0,20.89453125
pbx-web,memory_working_set,pbx-web,lab-rebuild-relay-79957dbd4-xsqhl,2026-08-09T05:07:53.151000Z,1786252073.151,21909504.0,bytes,,,21909504.0,20.89453125
pbx-web,memory_working_set,pbx-web,lab-rebuild-relay-79957dbd4-xsqhl,2026-08-09T06:07:53.151000Z,1786255673.151,21913600.0,bytes,,,21913600.0,20.8984375
pbx-web,memory_working_set,pbx-web,lab-rebuild-relay-79957dbd4-xsqhl,2026-08-09T07:07:53.151000Z,1786259273.151,21913600.0,bytes,,,21913600.0,20.8984375
pbx-web,memory_working_set,pbx-web,lab-rebuild-relay-79957dbd4-xsqhl,2026-08-09T08:07:53.151000Z,1786262873.151,21909504.0,bytes,,,21909504.0,20.89453125
pbx-web,memory_working_set,pbx-web,lab-rebuild-relay-79957dbd4-xsqhl,2026-08-09T09:07:53.151000Z,1786266473.151,21913600.0,bytes,,,21913600.0,20.8984375
pbx-web,memory_working_set,pbx-web,lab-rebuild-relay-79957dbd4-xsqhl,2026-08-09T10:07:53.151000Z,1786270073.151,21909504.0,bytes,,,21909504.0,20.89453125
pbx-web,memory_working_set,pbx-web,lab-rebuild-relay-79957dbd4-xsqhl,2026-08-09T11:07:53.151000Z,1786273673.151,21909504.0,bytes,,,21909504.0,20.89453125
pbx-web,memory_working_set,pbx-web,lab-rebuild-relay-79957dbd4-xsqhl,2026-08-09T12:07:53.151000Z,1786277273.151,21909504.0,bytes,,,21909504.0,20.89453125
pbx-web,memory_working_set,pbx-web,lab-rebuild-relay-79957dbd4-xsqhl,2026-08-09T13:07:53.151000Z,1786280873.151,21909504.0,bytes,,,21909504.0,20.89453125
pbx-web,memory_working_set,pbx-web,lab-rebuild-relay-79957dbd4-xsqhl,2026-08-09T14:07:53.151000Z,1786284473.151,21913600.0,bytes,,,21913600.0,20.8984375
pbx-web,memory_working_set,pbx-web,lab-rebuild-relay-79957dbd4-xsqhl,2026-08-09T15:07:53.151000Z,1786288073.151,21913600.0,bytes,,,21913600.0,20.8984375
pbx-web,memory_working_set,pbx-web,lab-rebuild-relay-79957dbd4-xsqhl,2026-08-09T16:07:53.151000Z,1786291673.151,21909504.0,bytes,,,21909504.0,20.89453125
pbx-web,memory_working_set,pbx-web,lab-rebuild-relay-79957dbd4-xsqhl,2026-08-09T17:07:53.151000Z,1786295273.151,21909504.0,bytes,,,21909504.0,20.89453125
pbx-web,memory_working_set,pbx-web,lab-rebuild-relay-79957dbd4-xsqhl,2026-08-09T18:07:53.151000Z,1786298873.151,21909504.0,bytes,,,21909504.0,20.89453125
pbx-web,memory_working_set,pbx-web,lab-rebuild-relay-79957dbd4-xsqhl,2026-08-09T19:07:53.151000Z,1786302473.151,21909504.0,bytes,,,21909504.0,20.89453125
pbx-web,memory_working_set,pbx-web,lab-rebuild-relay-79957dbd4-xsqhl,2026-08-09T20:07:53.151000Z,1786306073.151,21909504.0,bytes,,,21909504.0,20.89453125
pbx-web,memory_working_set,pbx-web,lab-rebuild-relay-79957dbd4-xsqhl,2026-08-09T21:07:53.151000Z,1786309673.151,21909504.0,bytes,,,21909504.0,20.89453125
pbx-web,memory_working_set,pbx-web,lab-rebuild-relay-79957dbd4-xsqhl,2026-08-09T22:07:53.151000Z,1786313273.151,21913600.0,bytes,,,21913600.0,20.8984375
pbx-web,memory_working_set,pbx-web,lab-rebuild-relay-79957dbd4-xsqhl,2026-08-09T23:07:53.151000Z,1786316873.151,21909504.0,bytes,,,21909504.0,20.89453125
pbx-web,memory_working_set,pbx-web,lab-rebuild-relay-79957dbd4-xsqhl,2026-08-10T00:07:53.151000Z,1786320473.151,21909504.0,bytes,,,21909504.0,20.89453125
pbx-web,memory_working_set,pbx-web,lab-rebuild-relay-79957dbd4-xsqhl,2026-08-10T01:07:53.151000Z,1786324073.151,21909504.0,bytes,,,21909504.0,20.89453125
pbx-web,memory_working_set,pbx-web,lab-rebuild-relay-79957dbd4-xsqhl,2026-08-10T02:07:53.151000Z,1786327673.151,21909504.0,bytes,,,21909504.0,20.89453125
pbx-web,memory_working_set,pbx-web,lab-rebuild-relay-79957dbd4-xsqhl,2026-08-10T03:07:53.151000Z,1786331273.151,21909504.0,bytes,,,21909504.0,20.89453125
pbx-web,memory_working_set,pbx-web,lab-rebuild-relay-79957dbd4-xsqhl,2026-08-10T04:07:53.151000Z,1786334873.151,21909504.0,bytes,,,21909504.0,20.89453125
pbx-web,memory_working_set,pbx-web,lab-rebuild-relay-79957dbd4-xsqhl,2026-08-10T05:07:53.151000Z,1786338473.151,21909504.0,bytes,,,21909504.0,20.89453125
pbx-web,memory_working_set,pbx-web,lab-rebuild-relay-79957dbd4-xsqhl,2026-08-10T06:07:53.151000Z,1786342073.151,21909504.0,bytes,,,21909504.0,20.89453125
pbx-web,memory_working_set,pbx-web,lab-rebuild-relay-79957dbd4-xsqhl,2026-08-10T07:07:53.151000Z,1786345673.151,21909504.0,bytes,,,21909504.0,20.89453125
pbx-web,memory_working_set,pbx-web,lab-rebuild-relay-79957dbd4-xsqhl,2026-08-10T08:07:53.151000Z,1786349273.151,21909504.0,bytes,,,21909504.0,20.89453125
pbx-web,memory_working_set,pbx-web,lab-rebuild-relay-79957dbd4-xsqhl,2026-08-10T09:07:53.151000Z,1786352873.151,21909504.0,bytes,,,21909504.0,20.89453125
pbx-web,memory_working_set,pbx-web,lab-rebuild-relay-79957dbd4-xsqhl,2026-08-10T10:07:53.151000Z,1786356473.151,21913600.0,bytes,,,21913600.0,20.8984375
pbx-web,memory_working_set,pbx-web,lab-rebuild-relay-79957dbd4-xsqhl,2026-08-10T11:07:53.151000Z,1786360073.151,21909504.0,bytes,,,21909504.0,20.89453125
pbx-web,memory_working_set,pbx-web,lab-rebuild-relay-79957dbd4-xsqhl,2026-08-10T12:07:53.151000Z,1786363673.151,21909504.0,bytes,,,21909504.0,20.89453125
pbx-web,memory_working_set,pbx-web,lab-rebuild-relay-79957dbd4-xsqhl,2026-08-10T13:07:53.151000Z,1786367273.151,21909504.0,bytes,,,21909504.0,20.89453125
pbx-web,memory_working_set,pbx-web,lab-rebuild-relay-79957dbd4-xsqhl,2026-08-10T14:07:53.151000Z,1786370873.151,21909504.0,bytes,,,21909504.0,20.89453125
pbx-web,memory_working_set,pbx-web,pbx-rebuild-relay-588d79c5b9-vmmlz,2026-07-31T12:07:53.151000Z,1785499673.151,23363584.0,bytes,,,23363584.0,22.28125
pbx-web,memory_working_set,pbx-web,pbx-rebuild-relay-588d79c5b9-vmmlz,2026-07-31T13:07:53.151000Z,1785503273.151,23363584.0,bytes,,,23363584.0,22.28125
pbx-web,memory_working_set,pbx-web,pbx-rebuild-relay-588d79c5b9-vmmlz,2026-07-31T14:07:53.151000Z,1785506873.151,23363584.0,bytes,,,23363584.0,22.28125
pbx-web,memory_working_set,pbx-web,pbx-rebuild-relay-588d79c5b9-vmmlz,2026-07-31T15:07:53.151000Z,1785510473.151,23363584.0,bytes,,,23363584.0,22.28125
pbx-web,memory_working_set,pbx-web,pbx-rebuild-relay-588d79c5b9-vmmlz,2026-07-31T16:07:53.151000Z,1785514073.151,23363584.0,bytes,,,23363584.0,22.28125
pbx-web,memory_working_set,pbx-web,pbx-rebuild-relay-588d79c5b9-vmmlz,2026-07-31T17:07:53.151000Z,1785517673.151,23359488.0,bytes,,,23359488.0,22.27734375
pbx-web,memory_working_set,pbx-web,pbx-rebuild-relay-588d79c5b9-vmmlz,2026-07-31T18:07:53.151000Z,1785521273.151,23363584.0,bytes,,,23363584.0,22.28125
pbx-web,memory_working_set,pbx-web,pbx-rebuild-relay-588d79c5b9-vmmlz,2026-07-31T19:07:53.151000Z,1785524873.151,23363584.0,bytes,,,23363584.0,22.28125
pbx-web,memory_working_set,pbx-web,pbx-rebuild-relay-588d79c5b9-vmmlz,2026-07-31T20:07:53.151000Z,1785528473.151,23363584.0,bytes,,,23363584.0,22.28125
pbx-web,memory_working_set,pbx-web,pbx-rebuild-relay-588d79c5b9-vmmlz,2026-07-31T21:07:53.151000Z,1785532073.151,23363584.0,bytes,,,23363584.0,22.28125
pbx-web,memory_working_set,pbx-web,pbx-rebuild-relay-588d79c5b9-vmmlz,2026-07-31T22:07:53.151000Z,1785535673.151,23367680.0,bytes,,,23367680.0,22.28515625
pbx-web,memory_working_set,pbx-web,pbx-rebuild-relay-588d79c5b9-vmmlz,2026-07-31T23:07:53.151000Z,1785539273.151,23363584.0,bytes,,,23363584.0,22.28125
pbx-web,memory_working_set,pbx-web,pbx-rebuild-relay-588d79c5b9-vmmlz,2026-08-01T00:07:53.151000Z,1785542873.151,23363584.0,bytes,,,23363584.0,22.28125
pbx-web,memory_working_set,pbx-web,pbx-rebuild-relay-588d79c5b9-vmmlz,2026-08-01T01:07:53.151000Z,1785546473.151,23363584.0,bytes,,,23363584.0,22.28125
pbx-web,memory_working_set,pbx-web,pbx-rebuild-relay-588d79c5b9-vmmlz,2026-08-01T02:07:53.151000Z,1785550073.151,23359488.0,bytes,,,23359488.0,22.27734375
pbx-web,memory_working_set,pbx-web,pbx-rebuild-relay-588d79c5b9-vmmlz,2026-08-01T03:07:53.151000Z,1785553673.151,23363584.0,bytes,,,23363584.0,22.28125
pbx-web,memory_working_set,pbx-web,pbx-rebuild-relay-588d79c5b9-vmmlz,2026-08-01T04:07:53.151000Z,1785557273.151,23363584.0,bytes,,,23363584.0,22.28125
pbx-web,memory_working_set,pbx-web,pbx-rebuild-relay-588d79c5b9-vmmlz,2026-08-01T05:07:53.151000Z,1785560873.151,23363584.0,bytes,,,23363584.0,22.28125
pbx-web,memory_working_set,pbx-web,pbx-rebuild-relay-588d79c5b9-vmmlz,2026-08-01T06:07:53.151000Z,1785564473.151,23363584.0,bytes,,,23363584.0,22.28125
pbx-web,memory_working_set,pbx-web,pbx-rebuild-relay-588d79c5b9-vmmlz,2026-08-01T07:07:53.151000Z,1785568073.151,23363584.0,bytes,,,23363584.0,22.28125
pbx-web,memory_working_set,pbx-web,pbx-rebuild-relay-588d79c5b9-vmmlz,2026-08-01T08:07:53.151000Z,1785571673.151,23359488.0,bytes,,,23359488.0,22.27734375
pbx-web,memory_working_set,pbx-web,pbx-rebuild-relay-588d79c5b9-vmmlz,2026-08-01T09:07:53.151000Z,1785575273.151,23363584.0,bytes,,,23363584.0,22.28125
pbx-web,memory_working_set,pbx-web,pbx-rebuild-relay-588d79c5b9-vmmlz,2026-08-01T10:07:53.151000Z,1785578873.151,23363584.0,bytes,,,23363584.0,22.28125
pbx-web,memory_working_set,pbx-web,pbx-rebuild-relay-588d79c5b9-vmmlz,2026-08-01T11:07:53.151000Z,1785582473.151,23359488.0,bytes,,,23359488.0,22.27734375
pbx-web,memory_working_set,pbx-web,pbx-rebuild-relay-588d79c5b9-vmmlz,2026-08-01T12:07:53.151000Z,1785586073.151,23359488.0,bytes,,,23359488.0,22.27734375
pbx-web,memory_working_set,pbx-web,pbx-rebuild-relay-588d79c5b9-vmmlz,2026-08-01T13:07:53.151000Z,1785589673.151,23363584.0,bytes,,,23363584.0,22.28125
pbx-web,memory_working_set,pbx-web,pbx-rebuild-relay-588d79c5b9-vmmlz,2026-08-01T14:07:53.151000Z,1785593273.151,23359488.0,bytes,,,23359488.0,22.27734375
pbx-web,memory_working_set,pbx-web,pbx-rebuild-relay-588d79c5b9-vmmlz,2026-08-01T15:07:53.151000Z,1785596873.151,23363584.0,bytes,,,23363584.0,22.28125
pbx-web,memory_working_set,pbx-web,pbx-rebuild-relay-588d79c5b9-vmmlz,2026-08-01T16:07:53.151000Z,1785600473.151,23363584.0,bytes,,,23363584.0,22.28125
pbx-web,memory_working_set,pbx-web,pbx-rebuild-relay-588d79c5b9-vmmlz,2026-08-01T17:07:53.151000Z,1785604073.151,23363584.0,bytes,,,23363584.0,22.28125
pbx-web,memory_working_set,pbx-web,pbx-rebuild-relay-588d79c5b9-vmmlz,2026-08-01T18:07:53.151000Z,1785607673.151,23363584.0,bytes,,,23363584.0,22.28125
pbx-web,memory_working_set,pbx-web,pbx-rebuild-relay-588d79c5b9-vmmlz,2026-08-01T19:07:53.151000Z,1785611273.151,23363584.0,bytes,,,23363584.0,22.28125
pbx-web,memory_working_set,pbx-web,pbx-rebuild-relay-588d79c5b9-vmmlz,2026-08-01T20:07:53.151000Z,1785614873.151,23359488.0,bytes,,,23359488.0,22.27734375
pbx-web,memory_working_set,pbx-web,pbx-rebuild-relay-588d79c5b9-vmmlz,2026-08-01T21:07:53.151000Z,1785618473.151,23363584.0,bytes,,,23363584.0,22.28125
pbx-web,memory_working_set,pbx-web,pbx-rebuild-relay-588d79c5b9-vmmlz,2026-08-01T22:07:53.151000Z,1785622073.151,23359488.0,bytes,,,23359488.0,22.27734375
pbx-web,memory_working_set,pbx-web,pbx-rebuild-relay-588d79c5b9-vmmlz,2026-08-01T23:07:53.151000Z,1785625673.151,23359488.0,bytes,,,23359488.0,22.27734375
pbx-web,memory_working_set,pbx-web,pbx-rebuild-relay-588d79c5b9-vmmlz,2026-08-02T00:07:53.151000Z,1785629273.151,23363584.0,bytes,,,23363584.0,22.28125
pbx-web,memory_working_set,pbx-web,pbx-rebuild-relay-588d79c5b9-vmmlz,2026-08-02T01:07:53.151000Z,1785632873.151,23363584.0,bytes,,,23363584.0,22.28125
pbx-web,memory_working_set,pbx-web,pbx-rebuild-relay-588d79c5b9-vmmlz,2026-08-02T02:07:53.151000Z,1785636473.151,23363584.0,bytes,,,23363584.0,22.28125
pbx-web,memory_working_set,pbx-web,pbx-rebuild-relay-588d79c5b9-vmmlz,2026-08-02T03:07:53.151000Z,1785640073.151,23359488.0,bytes,,,23359488.0,22.27734375
pbx-web,memory_working_set,pbx-web,pbx-rebuild-relay-588d79c5b9-vmmlz,2026-08-02T04:07:53.151000Z,1785643673.151,23359488.0,bytes,,,23359488.0,22.27734375
pbx-web,memory_working_set,pbx-web,pbx-rebuild-relay-588d79c5b9-vmmlz,2026-08-02T05:07:53.151000Z,1785647273.151,23363584.0,bytes,,,23363584.0,22.28125
pbx-web,memory_working_set,pbx-web,pbx-rebuild-relay-588d79c5b9-vmmlz,2026-08-02T06:07:53.151000Z,1785650873.151,23363584.0,bytes,,,23363584.0,22.28125
pbx-web,memory_working_set,pbx-web,pbx-rebuild-relay-588d79c5b9-vmmlz,2026-08-02T07:07:53.151000Z,1785654473.151,23363584.0,bytes,,,23363584.0,22.28125
pbx-web,memory_working_set,pbx-web,pbx-rebuild-relay-588d79c5b9-vmmlz,2026-08-02T08:07:53.151000Z,1785658073.151,23363584.0,bytes,,,23363584.0,22.28125
pbx-web,memory_working_set,pbx-web,pbx-rebuild-relay-588d79c5b9-vmmlz,2026-08-02T09:07:53.151000Z,1785661673.151,23359488.0,bytes,,,23359488.0,22.27734375
pbx-web,memory_working_set,pbx-web,pbx-rebuild-relay-588d79c5b9-vmmlz,2026-08-02T10:07:53.151000Z,1785665273.151,23363584.0,bytes,,,23363584.0,22.28125
pbx-web,memory_working_set,pbx-web,pbx-rebuild-relay-588d79c5b9-vmmlz,2026-08-02T11:07:53.151000Z,1785668873.151,23359488.0,bytes,,,23359488.0,22.27734375
pbx-web,memory_working_set,pbx-web,pbx-rebuild-relay-588d79c5b9-vmmlz,2026-08-02T12:07:53.151000Z,1785672473.151,23363584.0,bytes,,,23363584.0,22.28125
pbx-web,memory_working_set,pbx-web,pbx-rebuild-relay-588d79c5b9-vmmlz,2026-08-02T13:07:53.151000Z,1785676073.151,23363584.0,bytes,,,23363584.0,22.28125
pbx-web,memory_working_set,pbx-web,pbx-rebuild-relay-588d79c5b9-vmmlz,2026-08-02T14:07:53.151000Z,1785679673.151,23359488.0,bytes,,,23359488.0,22.27734375
pbx-web,memory_working_set,pbx-web,pbx-rebuild-relay-588d79c5b9-vmmlz,2026-08-02T15:07:53.151000Z,1785683273.151,23363584.0,bytes,,,23363584.0,22.28125
pbx-web,memory_working_set,pbx-web,pbx-rebuild-relay-588d79c5b9-vmmlz,2026-08-02T16:07:53.151000Z,1785686873.151,23363584.0,bytes,,,23363584.0,22.28125
pbx-web,memory_working_set,pbx-web,pbx-rebuild-relay-588d79c5b9-vmmlz,2026-08-02T17:07:53.151000Z,1785690473.151,23363584.0,bytes,,,23363584.0,22.28125
pbx-web,memory_working_set,pbx-web,pbx-rebuild-relay-588d79c5b9-vmmlz,2026-08-02T18:07:53.151000Z,1785694073.151,23363584.0,bytes,,,23363584.0,22.28125
pbx-web,memory_working_set,pbx-web,pbx-rebuild-relay-588d79c5b9-vmmlz,2026-08-02T19:07:53.151000Z,1785697673.151,23359488.0,bytes,,,23359488.0,22.27734375
pbx-web,memory_working_set,pbx-web,pbx-rebuild-relay-588d79c5b9-vmmlz,2026-08-02T20:07:53.151000Z,1785701273.151,23363584.0,bytes,,,23363584.0,22.28125
pbx-web,memory_working_set,pbx-web,pbx-rebuild-relay-588d79c5b9-vmmlz,2026-08-02T21:07:53.151000Z,1785704873.151,23359488.0,bytes,,,23359488.0,22.27734375
pbx-web,memory_working_set,pbx-web,pbx-rebuild-relay-588d79c5b9-vmmlz,2026-08-02T22:07:53.151000Z,1785708473.151,23363584.0,bytes,,,23363584.0,22.28125
pbx-web,memory_working_set,pbx-web,pbx-rebuild-relay-588d79c5b9-vmmlz,2026-08-02T23:07:53.151000Z,1785712073.151,23359488.0,bytes,,,23359488.0,22.27734375
pbx-web,memory_working_set,pbx-web,pbx-rebuild-relay-588d79c5b9-vmmlz,2026-08-03T00:07:53.151000Z,1785715673.151,23363584.0,bytes,,,23363584.0,22.28125
pbx-web,memory_working_set,pbx-web,pbx-rebuild-relay-588d79c5b9-vmmlz,2026-08-03T01:07:53.151000Z,1785719273.151,23363584.0,bytes,,,23363584.0,22.28125
pbx-web,memory_working_set,pbx-web,pbx-rebuild-relay-588d79c5b9-vmmlz,2026-08-03T02:07:53.151000Z,1785722873.151,23363584.0,bytes,,,23363584.0,22.28125
pbx-web,memory_working_set,pbx-web,pbx-rebuild-relay-588d79c5b9-vmmlz,2026-08-03T03:07:53.151000Z,1785726473.151,23363584.0,bytes,,,23363584.0,22.28125
pbx-web,memory_working_set,pbx-web,pbx-rebuild-relay-588d79c5b9-vmmlz,2026-08-03T04:07:53.151000Z,1785730073.151,23363584.0,bytes,,,23363584.0,22.28125
pbx-web,memory_working_set,pbx-web,pbx-rebuild-relay-588d79c5b9-vmmlz,2026-08-03T05:07:53.151000Z,1785733673.151,23359488.0,bytes,,,23359488.0,22.27734375
pbx-web,memory_working_set,pbx-web,pbx-rebuild-relay-588d79c5b9-vmmlz,2026-08-03T06:07:53.151000Z,1785737273.151,23359488.0,bytes,,,23359488.0,22.27734375
pbx-web,memory_working_set,pbx-web,pbx-rebuild-relay-588d79c5b9-vmmlz,2026-08-03T07:07:53.151000Z,1785740873.151,23359488.0,bytes,,,23359488.0,22.27734375
pbx-web,memory_working_set,pbx-web,pbx-rebuild-relay-588d79c5b9-vmmlz,2026-08-03T08:07:53.151000Z,1785744473.151,23363584.0,bytes,,,23363584.0,22.28125
pbx-web,memory_working_set,pbx-web,pbx-rebuild-relay-588d79c5b9-vmmlz,2026-08-03T09:07:53.151000Z,1785748073.151,23363584.0,bytes,,,23363584.0,22.28125
pbx-web,memory_working_set,pbx-web,pbx-rebuild-relay-588d79c5b9-vmmlz,2026-08-03T10:07:53.151000Z,1785751673.151,23363584.0,bytes,,,23363584.0,22.28125
pbx-web,memory_working_set,pbx-web,pbx-rebuild-relay-588d79c5b9-vmmlz,2026-08-03T11:07:53.151000Z,1785755273.151,23363584.0,bytes,,,23363584.0,22.28125
pbx-web,memory_working_set,pbx-web,pbx-rebuild-relay-588d79c5b9-vmmlz,2026-08-03T12:07:53.151000Z,1785758873.151,23359488.0,bytes,,,23359488.0,22.27734375
pbx-web,memory_working_set,pbx-web,pbx-rebuild-relay-588d79c5b9-vmmlz,2026-08-03T13:07:53.151000Z,1785762473.151,23359488.0,bytes,,,23359488.0,22.27734375
pbx-web,memory_working_set,pbx-web,pbx-rebuild-relay-588d79c5b9-vmmlz,2026-08-03T14:07:53.151000Z,1785766073.151,23363584.0,bytes,,,23363584.0,22.28125
pbx-web,memory_working_set,pbx-web,pbx-rebuild-relay-588d79c5b9-vmmlz,2026-08-03T15:07:53.151000Z,1785769673.151,23363584.0,bytes,,,23363584.0,22.28125
pbx-web,memory_working_set,pbx-web,pbx-rebuild-relay-588d79c5b9-vmmlz,2026-08-03T16:07:53.151000Z,1785773273.151,23359488.0,bytes,,,23359488.0,22.27734375
pbx-web,memory_working_set,pbx-web,pbx-rebuild-relay-588d79c5b9-vmmlz,2026-08-03T17:07:53.151000Z,1785776873.151,23359488.0,bytes,,,23359488.0,22.27734375
pbx-web,memory_working_set,pbx-web,pbx-rebuild-relay-588d79c5b9-vmmlz,2026-08-03T18:07:53.151000Z,1785780473.151,23359488.0,bytes,,,23359488.0,22.27734375
pbx-web,memory_working_set,pbx-web,pbx-rebuild-relay-588d79c5b9-vmmlz,2026-08-03T19:07:53.151000Z,1785784073.151,23359488.0,bytes,,,23359488.0,22.27734375
pbx-web,memory_working_set,pbx-web,pbx-rebuild-relay-588d79c5b9-vmmlz,2026-08-03T20:07:53.151000Z,1785787673.151,23359488.0,bytes,,,23359488.0,22.27734375
pbx-web,memory_working_set,pbx-web,pbx-rebuild-relay-588d79c5b9-vmmlz,2026-08-03T21:07:53.151000Z,1785791273.151,23363584.0,bytes,,,23363584.0,22.28125
pbx-web,memory_working_set,pbx-web,pbx-rebuild-relay-588d79c5b9-vmmlz,2026-08-03T22:07:53.151000Z,1785794873.151,23363584.0,bytes,,,23363584.0,22.28125
pbx-web,memory_working_set,pbx-web,pbx-rebuild-relay-588d79c5b9-vmmlz,2026-08-03T23:07:53.151000Z,1785798473.151,23359488.0,bytes,,,23359488.0,22.27734375
pbx-web,memory_working_set,pbx-web,pbx-rebuild-relay-588d79c5b9-vmmlz,2026-08-04T00:07:53.151000Z,1785802073.151,23359488.0,bytes,,,23359488.0,22.27734375
pbx-web,memory_working_set,pbx-web,pbx-rebuild-relay-588d79c5b9-vmmlz,2026-08-04T01:07:53.151000Z,1785805673.151,23359488.0,bytes,,,23359488.0,22.27734375
pbx-web,memory_working_set,pbx-web,pbx-rebuild-relay-588d79c5b9-vmmlz,2026-08-04T02:07:53.151000Z,1785809273.151,23359488.0,bytes,,,23359488.0,22.27734375
pbx-web,memory_working_set,pbx-web,pbx-rebuild-relay-588d79c5b9-vmmlz,2026-08-04T03:07:53.151000Z,1785812873.151,23363584.0,bytes,,,23363584.0,22.28125
pbx-web,memory_working_set,pbx-web,pbx-rebuild-relay-588d79c5b9-vmmlz,2026-08-04T04:07:53.151000Z,1785816473.151,23363584.0,bytes,,,23363584.0,22.28125
pbx-web,memory_working_set,pbx-web,pbx-rebuild-relay-588d79c5b9-vmmlz,2026-08-04T05:07:53.151000Z,1785820073.151,23359488.0,bytes,,,23359488.0,22.27734375
pbx-web,memory_working_set,pbx-web,pbx-rebuild-relay-588d79c5b9-vmmlz,2026-08-04T06:07:53.151000Z,1785823673.151,23359488.0,bytes,,,23359488.0,22.27734375
pbx-web,memory_working_set,pbx-web,pbx-rebuild-relay-588d79c5b9-vmmlz,2026-08-04T07:07:53.151000Z,1785827273.151,23359488.0,bytes,,,23359488.0,22.27734375
pbx-web,memory_working_set,pbx-web,pbx-rebuild-relay-588d79c5b9-vmmlz,2026-08-04T08:07:53.151000Z,1785830873.151,23359488.0,bytes,,,23359488.0,22.27734375
pbx-web,memory_working_set,pbx-web,pbx-rebuild-relay-588d79c5b9-vmmlz,2026-08-04T09:07:53.151000Z,1785834473.151,23363584.0,bytes,,,23363584.0,22.28125
pbx-web,memory_working_set,pbx-web,pbx-rebuild-relay-588d79c5b9-vmmlz,2026-08-04T10:07:53.151000Z,1785838073.151,23359488.0,bytes,,,23359488.0,22.27734375
pbx-web,memory_working_set,pbx-web,pbx-rebuild-relay-588d79c5b9-vmmlz,2026-08-04T11:07:53.151000Z,1785841673.151,23363584.0,bytes,,,23363584.0,22.28125
pbx-web,memory_working_set,pbx-web,pbx-rebuild-relay-588d79c5b9-vmmlz,2026-08-04T12:07:53.151000Z,1785845273.151,23363584.0,bytes,,,23363584.0,22.28125
pbx-web,memory_working_set,pbx-web,pbx-rebuild-relay-588d79c5b9-vmmlz,2026-08-04T13:07:53.151000Z,1785848873.151,23359488.0,bytes,,,23359488.0,22.27734375
pbx-web,memory_working_set,pbx-web,pbx-rebuild-relay-588d79c5b9-vmmlz,2026-08-04T14:07:53.151000Z,1785852473.151,23363584.0,bytes,,,23363584.0,22.28125
pbx-web,memory_working_set,pbx-web,pbx-rebuild-relay-588d79c5b9-vmmlz,2026-08-04T15:07:53.151000Z,1785856073.151,23359488.0,bytes,,,23359488.0,22.27734375
pbx-web,memory_working_set,pbx-web,pbx-rebuild-relay-588d79c5b9-vmmlz,2026-08-04T16:07:53.151000Z,1785859673.151,23359488.0,bytes,,,23359488.0,22.27734375
pbx-web,memory_working_set,pbx-web,pbx-rebuild-relay-588d79c5b9-vmmlz,2026-08-04T17:07:53.151000Z,1785863273.151,23359488.0,bytes,,,23359488.0,22.27734375
pbx-web,memory_working_set,pbx-web,pbx-rebuild-relay-588d79c5b9-vmmlz,2026-08-04T18:07:53.151000Z,1785866873.151,23363584.0,bytes,,,23363584.0,22.28125
pbx-web,memory_working_set,pbx-web,pbx-rebuild-relay-588d79c5b9-vmmlz,2026-08-04T19:07:53.151000Z,1785870473.151,23363584.0,bytes,,,23363584.0,22.28125
pbx-web,memory_working_set,pbx-web,pbx-rebuild-relay-588d79c5b9-vmmlz,2026-08-04T20:07:53.151000Z,1785874073.151,23359488.0,bytes,,,23359488.0,22.27734375
pbx-web,memory_working_set,pbx-web,pbx-rebuild-relay-588d79c5b9-vmmlz,2026-08-04T21:07:53.151000Z,1785877673.151,23363584.0,bytes,,,23363584.0,22.28125
pbx-web,memory_working_set,pbx-web,pbx-rebuild-relay-588d79c5b9-vmmlz,2026-08-04T22:07:53.151000Z,1785881273.151,23359488.0,bytes,,,23359488.0,22.27734375
pbx-web,memory_working_set,pbx-web,pbx-rebuild-relay-588d79c5b9-vmmlz,2026-08-04T23:07:53.151000Z,1785884873.151,23363584.0,bytes,,,23363584.0,22.28125
pbx-web,memory_working_set,pbx-web,pbx-rebuild-relay-588d79c5b9-vmmlz,2026-08-05T00:07:53.151000Z,1785888473.151,23363584.0,bytes,,,23363584.0,22.28125
pbx-web,memory_working_set,pbx-web,pbx-rebuild-relay-588d79c5b9-vmmlz,2026-08-05T01:07:53.151000Z,1785892073.151,23359488.0,bytes,,,23359488.0,22.27734375
pbx-web,memory_working_set,pbx-web,pbx-rebuild-relay-588d79c5b9-vmmlz,2026-08-05T02:07:53.151000Z,1785895673.151,23359488.0,bytes,,,23359488.0,22.27734375
pbx-web,memory_working_set,pbx-web,pbx-rebuild-relay-588d79c5b9-vmmlz,2026-08-05T03:07:53.151000Z,1785899273.151,23363584.0,bytes,,,23363584.0,22.28125
pbx-web,memory_working_set,pbx-web,pbx-rebuild-relay-588d79c5b9-vmmlz,2026-08-05T04:07:53.151000Z,1785902873.151,23359488.0,bytes,,,23359488.0,22.27734375
pbx-web,memory_working_set,pbx-web,pbx-rebuild-relay-588d79c5b9-vmmlz,2026-08-05T05:07:53.151000Z,1785906473.151,23359488.0,bytes,,,23359488.0,22.27734375
pbx-web,memory_working_set,pbx-web,pbx-rebuild-relay-588d79c5b9-vmmlz,2026-08-05T06:07:53.151000Z,1785910073.151,23363584.0,bytes,,,23363584.0,22.28125
pbx-web,memory_working_set,pbx-web,pbx-rebuild-relay-588d79c5b9-vmmlz,2026-08-05T07:07:53.151000Z,1785913673.151,23363584.0,bytes,,,23363584.0,22.28125
pbx-web,memory_working_set,pbx-web,pbx-rebuild-relay-588d79c5b9-vmmlz,2026-08-05T08:07:53.151000Z,1785917273.151,23363584.0,bytes,,,23363584.0,22.28125
pbx-web,memory_working_set,pbx-web,pbx-rebuild-relay-588d79c5b9-vmmlz,2026-08-05T09:07:53.151000Z,1785920873.151,23363584.0,bytes,,,23363584.0,22.28125
pbx-web,memory_working_set,pbx-web,pbx-rebuild-relay-588d79c5b9-vmmlz,2026-08-05T10:07:53.151000Z,1785924473.151,23363584.0,bytes,,,23363584.0,22.28125
pbx-web,memory_working_set,pbx-web,pbx-rebuild-relay-588d79c5b9-vmmlz,2026-08-05T11:07:53.151000Z,1785928073.151,23363584.0,bytes,,,23363584.0,22.28125
pbx-web,memory_working_set,pbx-web,pbx-rebuild-relay-588d79c5b9-vmmlz,2026-08-05T12:07:53.151000Z,1785931673.151,23363584.0,bytes,,,23363584.0,22.28125
pbx-web,memory_working_set,pbx-web,pbx-rebuild-relay-588d79c5b9-vmmlz,2026-08-05T13:07:53.151000Z,1785935273.151,23711744.0,bytes,,,23711744.0,22.61328125
pbx-web,memory_working_set,pbx-web,pbx-rebuild-relay-588d79c5b9-vmmlz,2026-08-05T14:07:53.151000Z,1785938873.151,23703552.0,bytes,,,23703552.0,22.60546875
pbx-web,memory_working_set,pbx-web,pbx-rebuild-relay-588d79c5b9-vmmlz,2026-08-05T15:07:53.151000Z,1785942473.151,23748608.0,bytes,,,23748608.0,22.6484375
pbx-web,memory_working_set,pbx-web,pbx-rebuild-relay-588d79c5b9-vmmlz,2026-08-05T16:07:53.151000Z,1785946073.151,23748608.0,bytes,,,23748608.0,22.6484375
pbx-web,memory_working_set,pbx-web,pbx-rebuild-relay-588d79c5b9-vmmlz,2026-08-05T17:07:53.151000Z,1785949673.151,23748608.0,bytes,,,23748608.0,22.6484375
pbx-web,memory_working_set,pbx-web,pbx-rebuild-relay-588d79c5b9-vmmlz,2026-08-05T18:07:53.151000Z,1785953273.151,23797760.0,bytes,,,23797760.0,22.6953125
pbx-web,memory_working_set,pbx-web,pbx-rebuild-relay-588d79c5b9-vmmlz,2026-08-05T19:07:53.151000Z,1785956873.151,23826432.0,bytes,,,23826432.0,22.72265625
pbx-web,memory_working_set,pbx-web,pbx-rebuild-relay-588d79c5b9-vmmlz,2026-08-05T20:07:53.151000Z,1785960473.151,23830528.0,bytes,,,23830528.0,22.7265625
pbx-web,memory_working_set,pbx-web,pbx-rebuild-relay-588d79c5b9-vmmlz,2026-08-05T21:07:53.151000Z,1785964073.151,23834624.0,bytes,,,23834624.0,22.73046875
pbx-web,memory_working_set,pbx-web,pbx-rebuild-relay-588d79c5b9-vmmlz,2026-08-05T22:07:53.151000Z,1785967673.151,23838720.0,bytes,,,23838720.0,22.734375
pbx-web,memory_working_set,pbx-web,pbx-rebuild-relay-588d79c5b9-vmmlz,2026-08-05T23:07:53.151000Z,1785971273.151,23838720.0,bytes,,,23838720.0,22.734375
pbx-web,memory_working_set,pbx-web,pbx-rebuild-relay-588d79c5b9-vmmlz,2026-08-06T00:07:53.151000Z,1785974873.151,23994368.0,bytes,,,23994368.0,22.8828125
pbx-web,memory_working_set,pbx-web,pbx-rebuild-relay-588d79c5b9-vmmlz,2026-08-06T01:07:53.151000Z,1785978473.151,23982080.0,bytes,,,23982080.0,22.87109375
pbx-web,memory_working_set,pbx-web,pbx-rebuild-relay-588d79c5b9-vmmlz,2026-08-06T02:07:53.151000Z,1785982073.151,23994368.0,bytes,,,23994368.0,22.8828125
pbx-web,memory_working_set,pbx-web,pbx-rebuild-relay-588d79c5b9-vmmlz,2026-08-06T03:07:53.151000Z,1785985673.151,23998464.0,bytes,,,23998464.0,22.88671875
pbx-web,memory_working_set,pbx-web,pbx-rebuild-relay-588d79c5b9-vmmlz,2026-08-06T04:07:53.151000Z,1785989273.151,23994368.0,bytes,,,23994368.0,22.8828125
pbx-web,memory_working_set,pbx-web,pbx-rebuild-relay-588d79c5b9-vmmlz,2026-08-06T05:07:53.151000Z,1785992873.151,24076288.0,bytes,,,24076288.0,22.9609375
pbx-web,memory_working_set,pbx-web,pbx-rebuild-relay-588d79c5b9-vmmlz,2026-08-06T06:07:53.151000Z,1785996473.151,24342528.0,bytes,,,24342528.0,23.21484375
pbx-web,memory_working_set,pbx-web,pbx-rebuild-relay-588d79c5b9-vmmlz,2026-08-06T07:07:53.151000Z,1786000073.151,24113152.0,bytes,,,24113152.0,22.99609375
pbx-web,memory_working_set,pbx-web,pbx-rebuild-relay-588d79c5b9-vmmlz,2026-08-06T08:07:53.151000Z,1786003673.151,24129536.0,bytes,,,24129536.0,23.01171875
pbx-web,memory_working_set,pbx-web,pbx-rebuild-relay-588d79c5b9-vmmlz,2026-08-06T09:07:53.151000Z,1786007273.151,24129536.0,bytes,,,24129536.0,23.01171875
pbx-web,memory_working_set,pbx-web,pbx-rebuild-relay-588d79c5b9-vmmlz,2026-08-06T10:07:53.151000Z,1786010873.151,24125440.0,bytes,,,24125440.0,23.0078125
pbx-web,memory_working_set,pbx-web,pbx-rebuild-relay-588d79c5b9-vmmlz,2026-08-06T11:07:53.151000Z,1786014473.151,24129536.0,bytes,,,24129536.0,23.01171875
pbx-web,memory_working_set,pbx-web,pbx-rebuild-relay-588d79c5b9-vmmlz,2026-08-06T12:07:53.151000Z,1786018073.151,24391680.0,bytes,,,24391680.0,23.26171875
pbx-web,memory_working_set,pbx-web,pbx-rebuild-relay-588d79c5b9-vmmlz,2026-08-06T13:07:53.151000Z,1786021673.151,24129536.0,bytes,,,24129536.0,23.01171875
pbx-web,memory_working_set,pbx-web,pbx-rebuild-relay-588d79c5b9-vmmlz,2026-08-06T14:07:53.151000Z,1786025273.151,24129536.0,bytes,,,24129536.0,23.01171875
pbx-web,memory_working_set,pbx-web,pbx-rebuild-relay-588d79c5b9-vmmlz,2026-08-06T15:07:53.151000Z,1786028873.151,24129536.0,bytes,,,24129536.0,23.01171875
pbx-web,memory_working_set,pbx-web,pbx-rebuild-relay-588d79c5b9-vmmlz,2026-08-06T16:07:53.151000Z,1786032473.151,24129536.0,bytes,,,24129536.0,23.01171875
pbx-web,memory_working_set,pbx-web,pbx-rebuild-relay-588d79c5b9-vmmlz,2026-08-06T17:07:53.151000Z,1786036073.151,24125440.0,bytes,,,24125440.0,23.0078125
pbx-web,memory_working_set,pbx-web,pbx-rebuild-relay-588d79c5b9-vmmlz,2026-08-06T18:07:53.151000Z,1786039673.151,24129536.0,bytes,,,24129536.0,23.01171875
pbx-web,memory_working_set,pbx-web,pbx-rebuild-relay-588d79c5b9-vmmlz,2026-08-06T19:07:53.151000Z,1786043273.151,24125440.0,bytes,,,24125440.0,23.0078125
pbx-web,memory_working_set,pbx-web,pbx-rebuild-relay-588d79c5b9-vmmlz,2026-08-06T20:07:53.151000Z,1786046873.151,24129536.0,bytes,,,24129536.0,23.01171875
pbx-web,memory_working_set,pbx-web,pbx-rebuild-relay-588d79c5b9-vmmlz,2026-08-06T21:07:53.151000Z,1786050473.151,24125440.0,bytes,,,24125440.0,23.0078125
pbx-web,memory_working_set,pbx-web,pbx-rebuild-relay-588d79c5b9-vmmlz,2026-08-06T22:07:53.151000Z,1786054073.151,24129536.0,bytes,,,24129536.0,23.01171875
pbx-web,memory_working_set,pbx-web,pbx-rebuild-relay-588d79c5b9-vmmlz,2026-08-06T23:07:53.151000Z,1786057673.151,24125440.0,bytes,,,24125440.0,23.0078125
pbx-web,memory_working_set,pbx-web,pbx-rebuild-relay-588d79c5b9-vmmlz,2026-08-07T00:07:53.151000Z,1786061273.151,24186880.0,bytes,,,24186880.0,23.06640625
pbx-web,memory_working_set,pbx-web,pbx-rebuild-relay-588d79c5b9-vmmlz,2026-08-07T01:07:53.151000Z,1786064873.151,24199168.0,bytes,,,24199168.0,23.078125
pbx-web,memory_working_set,pbx-web,pbx-rebuild-relay-588d79c5b9-vmmlz,2026-08-07T02:07:53.151000Z,1786068473.151,24309760.0,bytes,,,24309760.0,23.18359375
pbx-web,memory_working_set,pbx-web,pbx-rebuild-relay-588d79c5b9-vmmlz,2026-08-07T03:07:53.151000Z,1786072073.151,24305664.0,bytes,,,24305664.0,23.1796875
pbx-web,memory_working_set,pbx-web,pbx-rebuild-relay-588d79c5b9-vmmlz,2026-08-07T04:07:53.151000Z,1786075673.151,24309760.0,bytes,,,24309760.0,23.18359375
pbx-web,memory_working_set,pbx-web,pbx-rebuild-relay-588d79c5b9-vmmlz,2026-08-07T05:07:53.151000Z,1786079273.151,24305664.0,bytes,,,24305664.0,23.1796875
pbx-web,memory_working_set,pbx-web,pbx-rebuild-relay-588d79c5b9-vmmlz,2026-08-07T06:07:53.151000Z,1786082873.151,24305664.0,bytes,,,24305664.0,23.1796875
pbx-web,memory_working_set,pbx-web,pbx-rebuild-relay-588d79c5b9-vmmlz,2026-08-07T07:07:53.151000Z,1786086473.151,24309760.0,bytes,,,24309760.0,23.18359375
pbx-web,memory_working_set,pbx-web,pbx-rebuild-relay-588d79c5b9-vmmlz,2026-08-07T08:07:53.151000Z,1786090073.151,24309760.0,bytes,,,24309760.0,23.18359375
pbx-web,memory_working_set,pbx-web,pbx-rebuild-relay-588d79c5b9-vmmlz,2026-08-07T09:07:53.151000Z,1786093673.151,24309760.0,bytes,,,24309760.0,23.18359375
pbx-web,memory_working_set,pbx-web,pbx-rebuild-relay-588d79c5b9-vmmlz,2026-08-07T10:07:53.151000Z,1786097273.151,24309760.0,bytes,,,24309760.0,23.18359375
pbx-web,memory_working_set,pbx-web,pbx-rebuild-relay-588d79c5b9-vmmlz,2026-08-07T11:07:53.151000Z,1786100873.151,24309760.0,bytes,,,24309760.0,23.18359375
pbx-web,memory_working_set,pbx-web,pbx-rebuild-relay-588d79c5b9-vmmlz,2026-08-07T12:07:53.151000Z,1786104473.151,24305664.0,bytes,,,24305664.0,23.1796875
pbx-web,memory_working_set,pbx-web,pbx-rebuild-relay-588d79c5b9-vmmlz,2026-08-07T13:07:53.151000Z,1786108073.151,24309760.0,bytes,,,24309760.0,23.18359375
pbx-web,memory_working_set,pbx-web,pbx-rebuild-relay-588d79c5b9-vmmlz,2026-08-07T14:07:53.151000Z,1786111673.151,24309760.0,bytes,,,24309760.0,23.18359375
pbx-web,memory_working_set,pbx-web,pbx-rebuild-relay-588d79c5b9-vmmlz,2026-08-07T15:07:53.151000Z,1786115273.151,24305664.0,bytes,,,24305664.0,23.1796875
pbx-web,memory_working_set,pbx-web,pbx-rebuild-relay-588d79c5b9-vmmlz,2026-08-07T16:07:53.151000Z,1786118873.151,24805376.0,bytes,,,24805376.0,23.65625
pbx-web,memory_working_set,pbx-web,pbx-rebuild-relay-588d79c5b9-vmmlz,2026-08-07T17:07:53.151000Z,1786122473.151,24805376.0,bytes,,,24805376.0,23.65625
pbx-web,memory_working_set,pbx-web,pbx-rebuild-relay-588d79c5b9-vmmlz,2026-08-07T18:07:53.151000Z,1786126073.151,24825856.0,bytes,,,24825856.0,23.67578125
pbx-web,memory_working_set,pbx-web,pbx-rebuild-relay-588d79c5b9-vmmlz,2026-08-07T19:07:53.151000Z,1786129673.151,24829952.0,bytes,,,24829952.0,23.6796875
pbx-web,memory_working_set,pbx-web,pbx-rebuild-relay-588d79c5b9-vmmlz,2026-08-07T20:07:53.151000Z,1786133273.151,24825856.0,bytes,,,24825856.0,23.67578125
pbx-web,memory_working_set,pbx-web,pbx-rebuild-relay-588d79c5b9-vmmlz,2026-08-07T21:07:53.151000Z,1786136873.151,24825856.0,bytes,,,24825856.0,23.67578125
pbx-web,memory_working_set,pbx-web,pbx-rebuild-relay-588d79c5b9-vmmlz,2026-08-07T22:07:53.151000Z,1786140473.151,24825856.0,bytes,,,24825856.0,23.67578125
pbx-web,memory_working_set,pbx-web,pbx-rebuild-relay-588d79c5b9-vmmlz,2026-08-07T23:07:53.151000Z,1786144073.151,24829952.0,bytes,,,24829952.0,23.6796875
pbx-web,memory_working_set,pbx-web,pbx-rebuild-relay-588d79c5b9-vmmlz,2026-08-08T00:07:53.151000Z,1786147673.151,24829952.0,bytes,,,24829952.0,23.6796875
pbx-web,memory_working_set,pbx-web,pbx-rebuild-relay-588d79c5b9-vmmlz,2026-08-08T01:07:53.151000Z,1786151273.151,24829952.0,bytes,,,24829952.0,23.6796875
pbx-web,memory_working_set,pbx-web,pbx-rebuild-relay-588d79c5b9-vmmlz,2026-08-08T02:07:53.151000Z,1786154873.151,24829952.0,bytes,,,24829952.0,23.6796875
pbx-web,memory_working_set,pbx-web,pbx-rebuild-relay-588d79c5b9-vmmlz,2026-08-08T03:07:53.151000Z,1786158473.151,24879104.0,bytes,,,24879104.0,23.7265625
pbx-web,memory_working_set,pbx-web,pbx-rebuild-relay-588d79c5b9-vmmlz,2026-08-08T04:07:53.151000Z,1786162073.151,24907776.0,bytes,,,24907776.0,23.75390625
pbx-web,memory_working_set,pbx-web,pbx-rebuild-relay-588d79c5b9-vmmlz,2026-08-08T05:07:53.151000Z,1786165673.151,24907776.0,bytes,,,24907776.0,23.75390625
pbx-web,memory_working_set,pbx-web,pbx-rebuild-relay-588d79c5b9-vmmlz,2026-08-08T06:07:53.151000Z,1786169273.151,24907776.0,bytes,,,24907776.0,23.75390625
pbx-web,memory_working_set,pbx-web,pbx-rebuild-relay-588d79c5b9-vmmlz,2026-08-08T07:07:53.151000Z,1786172873.151,24907776.0,bytes,,,24907776.0,23.75390625
pbx-web,memory_working_set,pbx-web,pbx-rebuild-relay-588d79c5b9-vmmlz,2026-08-08T08:07:53.151000Z,1786176473.151,24907776.0,bytes,,,24907776.0,23.75390625
pbx-web,memory_working_set,pbx-web,pbx-rebuild-relay-588d79c5b9-vmmlz,2026-08-08T09:07:53.151000Z,1786180073.151,24907776.0,bytes,,,24907776.0,23.75390625
pbx-web,memory_working_set,pbx-web,pbx-rebuild-relay-588d79c5b9-vmmlz,2026-08-08T10:07:53.151000Z,1786183673.151,24907776.0,bytes,,,24907776.0,23.75390625
pbx-web,memory_working_set,pbx-web,pbx-rebuild-relay-588d79c5b9-vmmlz,2026-08-08T11:07:53.151000Z,1786187273.151,24903680.0,bytes,,,24903680.0,23.75
pbx-web,memory_working_set,pbx-web,pbx-rebuild-relay-588d79c5b9-vmmlz,2026-08-08T12:07:53.151000Z,1786190873.151,24907776.0,bytes,,,24907776.0,23.75390625
pbx-web,memory_working_set,pbx-web,pbx-rebuild-relay-588d79c5b9-vmmlz,2026-08-08T13:07:53.151000Z,1786194473.151,24961024.0,bytes,,,24961024.0,23.8046875
pbx-web,memory_working_set,pbx-web,pbx-rebuild-relay-588d79c5b9-vmmlz,2026-08-08T14:07:53.151000Z,1786198073.151,24965120.0,bytes,,,24965120.0,23.80859375
pbx-web,memory_working_set,pbx-web,pbx-rebuild-relay-588d79c5b9-vmmlz,2026-08-08T15:07:53.151000Z,1786201673.151,24965120.0,bytes,,,24965120.0,23.80859375
pbx-web,memory_working_set,pbx-web,pbx-rebuild-relay-588d79c5b9-vmmlz,2026-08-08T16:07:53.151000Z,1786205273.151,24961024.0,bytes,,,24961024.0,23.8046875
pbx-web,memory_working_set,pbx-web,pbx-rebuild-relay-588d79c5b9-vmmlz,2026-08-08T17:07:53.151000Z,1786208873.151,25026560.0,bytes,,,25026560.0,23.8671875
pbx-web,memory_working_set,pbx-web,pbx-rebuild-relay-588d79c5b9-vmmlz,2026-08-08T18:07:53.151000Z,1786212473.151,25022464.0,bytes,,,25022464.0,23.86328125
pbx-web,memory_working_set,pbx-web,pbx-rebuild-relay-588d79c5b9-vmmlz,2026-08-08T19:07:53.151000Z,1786216073.151,25391104.0,bytes,,,25391104.0,24.21484375
pbx-web,memory_working_set,pbx-web,pbx-rebuild-relay-588d79c5b9-vmmlz,2026-08-08T20:07:53.151000Z,1786219673.151,25395200.0,bytes,,,25395200.0,24.21875
pbx-web,memory_working_set,pbx-web,pbx-rebuild-relay-588d79c5b9-vmmlz,2026-08-08T21:07:53.151000Z,1786223273.151,25473024.0,bytes,,,25473024.0,24.29296875
pbx-web,memory_working_set,pbx-web,pbx-rebuild-relay-588d79c5b9-vmmlz,2026-08-08T22:07:53.151000Z,1786226873.151,25509888.0,bytes,,,25509888.0,24.328125
pbx-web,memory_working_set,pbx-web,pbx-rebuild-relay-588d79c5b9-vmmlz,2026-08-08T23:07:53.151000Z,1786230473.151,25509888.0,bytes,,,25509888.0,24.328125
pbx-web,memory_working_set,pbx-web,pbx-rebuild-relay-588d79c5b9-vmmlz,2026-08-09T00:07:53.151000Z,1786234073.151,25509888.0,bytes,,,25509888.0,24.328125
pbx-web,memory_working_set,pbx-web,pbx-rebuild-relay-588d79c5b9-vmmlz,2026-08-09T01:07:53.151000Z,1786237673.151,25677824.0,bytes,,,25677824.0,24.48828125
pbx-web,memory_working_set,pbx-web,pbx-rebuild-relay-588d79c5b9-vmmlz,2026-08-09T02:07:53.151000Z,1786241273.151,25681920.0,bytes,,,25681920.0,24.4921875
pbx-web,memory_working_set,pbx-web,pbx-rebuild-relay-588d79c5b9-vmmlz,2026-08-09T03:07:53.151000Z,1786244873.151,25686016.0,bytes,,,25686016.0,24.49609375
pbx-web,memory_working_set,pbx-web,pbx-rebuild-relay-588d79c5b9-vmmlz,2026-08-09T04:07:53.151000Z,1786248473.151,25694208.0,bytes,,,25694208.0,24.50390625
pbx-web,memory_working_set,pbx-web,pbx-rebuild-relay-588d79c5b9-vmmlz,2026-08-09T05:07:53.151000Z,1786252073.151,25690112.0,bytes,,,25690112.0,24.5
pbx-web,memory_working_set,pbx-web,pbx-rebuild-relay-588d79c5b9-vmmlz,2026-08-09T06:07:53.151000Z,1786255673.151,25702400.0,bytes,,,25702400.0,24.51171875
pbx-web,memory_working_set,pbx-web,pbx-rebuild-relay-588d79c5b9-vmmlz,2026-08-09T07:07:53.151000Z,1786259273.151,25800704.0,bytes,,,25800704.0,24.60546875
pbx-web,memory_working_set,pbx-web,pbx-rebuild-relay-588d79c5b9-vmmlz,2026-08-09T08:07:53.151000Z,1786262873.151,25804800.0,bytes,,,25804800.0,24.609375
pbx-web,memory_working_set,pbx-web,pbx-rebuild-relay-588d79c5b9-vmmlz,2026-08-09T09:07:53.151000Z,1786266473.151,25804800.0,bytes,,,25804800.0,24.609375
pbx-web,memory_working_set,pbx-web,pbx-rebuild-relay-588d79c5b9-vmmlz,2026-08-09T10:07:53.151000Z,1786270073.151,25804800.0,bytes,,,25804800.0,24.609375
pbx-web,memory_working_set,pbx-web,pbx-rebuild-relay-588d79c5b9-vmmlz,2026-08-09T11:07:53.151000Z,1786273673.151,25804800.0,bytes,,,25804800.0,24.609375
pbx-web,memory_working_set,pbx-web,pbx-rebuild-relay-588d79c5b9-vmmlz,2026-08-09T12:07:53.151000Z,1786277273.151,25804800.0,bytes,,,25804800.0,24.609375
pbx-web,memory_working_set,pbx-web,pbx-rebuild-relay-588d79c5b9-vmmlz,2026-08-09T13:07:53.151000Z,1786280873.151,25817088.0,bytes,,,25817088.0,24.62109375
pbx-web,memory_working_set,pbx-web,pbx-rebuild-relay-588d79c5b9-vmmlz,2026-08-09T14:07:53.151000Z,1786284473.151,25821184.0,bytes,,,25821184.0,24.625
pbx-web,memory_working_set,pbx-web,pbx-rebuild-relay-588d79c5b9-vmmlz,2026-08-09T15:07:53.151000Z,1786288073.151,25817088.0,bytes,,,25817088.0,24.62109375
pbx-web,memory_working_set,pbx-web,pbx-rebuild-relay-588d79c5b9-vmmlz,2026-08-09T16:07:53.151000Z,1786291673.151,25817088.0,bytes,,,25817088.0,24.62109375
pbx-web,memory_working_set,pbx-web,pbx-rebuild-relay-588d79c5b9-vmmlz,2026-08-09T17:07:53.151000Z,1786295273.151,25817088.0,bytes,,,25817088.0,24.62109375
pbx-web,memory_working_set,pbx-web,pbx-rebuild-relay-588d79c5b9-vmmlz,2026-08-09T18:07:53.151000Z,1786298873.151,25817088.0,bytes,,,25817088.0,24.62109375
pbx-web,memory_working_set,pbx-web,pbx-rebuild-relay-588d79c5b9-vmmlz,2026-08-09T19:07:53.151000Z,1786302473.151,25817088.0,bytes,,,25817088.0,24.62109375
pbx-web,memory_working_set,pbx-web,pbx-rebuild-relay-588d79c5b9-vmmlz,2026-08-09T20:07:53.151000Z,1786306073.151,25821184.0,bytes,,,25821184.0,24.625
pbx-web,memory_working_set,pbx-web,pbx-rebuild-relay-588d79c5b9-vmmlz,2026-08-09T21:07:53.151000Z,1786309673.151,25817088.0,bytes,,,25817088.0,24.62109375
pbx-web,memory_working_set,pbx-web,pbx-rebuild-relay-588d79c5b9-vmmlz,2026-08-09T22:07:53.151000Z,1786313273.151,26038272.0,bytes,,,26038272.0,24.83203125
pbx-web,memory_working_set,pbx-web,pbx-rebuild-relay-588d79c5b9-vmmlz,2026-08-09T23:07:53.151000Z,1786316873.151,26038272.0,bytes,,,26038272.0,24.83203125
pbx-web,memory_working_set,pbx-web,pbx-rebuild-relay-588d79c5b9-vmmlz,2026-08-10T00:07:53.151000Z,1786320473.151,26042368.0,bytes,,,26042368.0,24.8359375
pbx-web,memory_working_set,pbx-web,pbx-rebuild-relay-588d79c5b9-vmmlz,2026-08-10T01:07:53.151000Z,1786324073.151,26038272.0,bytes,,,26038272.0,24.83203125
pbx-web,memory_working_set,pbx-web,pbx-rebuild-relay-588d79c5b9-vmmlz,2026-08-10T02:07:53.151000Z,1786327673.151,26046464.0,bytes,,,26046464.0,24.83984375
pbx-web,memory_working_set,pbx-web,pbx-rebuild-relay-588d79c5b9-vmmlz,2026-08-10T03:07:53.151000Z,1786331273.151,26042368.0,bytes,,,26042368.0,24.8359375
pbx-web,memory_working_set,pbx-web,pbx-rebuild-relay-588d79c5b9-vmmlz,2026-08-10T04:07:53.151000Z,1786334873.151,26042368.0,bytes,,,26042368.0,24.8359375
pbx-web,memory_working_set,pbx-web,pbx-rebuild-relay-588d79c5b9-vmmlz,2026-08-10T05:07:53.151000Z,1786338473.151,26042368.0,bytes,,,26042368.0,24.8359375
pbx-web,memory_working_set,pbx-web,pbx-rebuild-relay-588d79c5b9-vmmlz,2026-08-10T06:07:53.151000Z,1786342073.151,26038272.0,bytes,,,26038272.0,24.83203125
pbx-web,memory_working_set,pbx-web,pbx-rebuild-relay-588d79c5b9-vmmlz,2026-08-10T07:07:53.151000Z,1786345673.151,26042368.0,bytes,,,26042368.0,24.8359375
pbx-web,memory_working_set,pbx-web,pbx-rebuild-relay-588d79c5b9-vmmlz,2026-08-10T08:07:53.151000Z,1786349273.151,26042368.0,bytes,,,26042368.0,24.8359375
pbx-web,memory_working_set,pbx-web,pbx-rebuild-relay-588d79c5b9-vmmlz,2026-08-10T09:07:53.151000Z,1786352873.151,26042368.0,bytes,,,26042368.0,24.8359375
pbx-web,memory_working_set,pbx-web,pbx-rebuild-relay-588d79c5b9-vmmlz,2026-08-10T10:07:53.151000Z,1786356473.151,26038272.0,bytes,,,26038272.0,24.83203125
pbx-web,memory_working_set,pbx-web,pbx-rebuild-relay-588d79c5b9-vmmlz,2026-08-10T11:07:53.151000Z,1786360073.151,26042368.0,bytes,,,26042368.0,24.8359375
pbx-web,memory_working_set,pbx-web,pbx-rebuild-relay-588d79c5b9-vmmlz,2026-08-10T12:07:53.151000Z,1786363673.151,26042368.0,bytes,,,26042368.0,24.8359375
pbx-web,memory_working_set,pbx-web,pbx-rebuild-relay-588d79c5b9-vmmlz,2026-08-10T13:07:53.151000Z,1786367273.151,26038272.0,bytes,,,26038272.0,24.83203125
pbx-web,memory_working_set,pbx-web,pbx-rebuild-relay-588d79c5b9-vmmlz,2026-08-10T14:07:53.151000Z,1786370873.151,26042368.0,bytes,,,26042368.0,24.8359375
pbx-web,memory_working_set,pbx-web,pbx-web-5ff68464d-mkn8n,2026-07-31T12:07:53.151000Z,1785499673.151,80879616.0,bytes,,,80879616.0,77.1328125
pbx-web,memory_working_set,pbx-web,pbx-web-5ff68464d-mkn8n,2026-07-31T13:07:53.151000Z,1785503273.151,80879616.0,bytes,,,80879616.0,77.1328125
pbx-web,memory_working_set,pbx-web,pbx-web-5ff68464d-mkn8n,2026-07-31T14:07:53.151000Z,1785506873.151,80879616.0,bytes,,,80879616.0,77.1328125
pbx-web,memory_working_set,pbx-web,pbx-web-5ff68464d-mkn8n,2026-07-31T15:07:53.151000Z,1785510473.151,80879616.0,bytes,,,80879616.0,77.1328125
pbx-web,memory_working_set,pbx-web,pbx-web-5ff68464d-mkn8n,2026-07-31T16:07:53.151000Z,1785514073.151,79024128.0,bytes,,,79024128.0,75.36328125
pbx-web,memory_working_set,pbx-web,pbx-web-5ff68464d-mkn8n,2026-07-31T17:07:53.151000Z,1785517673.151,79204352.0,bytes,,,79204352.0,75.53515625
pbx-web,memory_working_set,pbx-web,pbx-web-5ff68464d-mkn8n,2026-07-31T18:07:53.151000Z,1785521273.151,79204352.0,bytes,,,79204352.0,75.53515625
pbx-web,memory_working_set,pbx-web,pbx-web-5ff68464d-mkn8n,2026-07-31T19:07:53.151000Z,1785524873.151,79208448.0,bytes,,,79208448.0,75.5390625
pbx-web,memory_working_set,pbx-web,pbx-web-5ff68464d-mkn8n,2026-07-31T20:07:53.151000Z,1785528473.151,79204352.0,bytes,,,79204352.0,75.53515625
pbx-web,memory_working_set,pbx-web,pbx-web-5ff68464d-mkn8n,2026-07-31T21:07:53.151000Z,1785532073.151,79204352.0,bytes,,,79204352.0,75.53515625
pbx-web,memory_working_set,pbx-web,pbx-web-5ff68464d-mkn8n,2026-07-31T22:07:53.151000Z,1785535673.151,79204352.0,bytes,,,79204352.0,75.53515625
pbx-web,memory_working_set,pbx-web,pbx-web-5ff68464d-mkn8n,2026-07-31T23:07:53.151000Z,1785539273.151,79208448.0,bytes,,,79208448.0,75.5390625
pbx-web,memory_working_set,pbx-web,pbx-web-5ff68464d-mkn8n,2026-08-01T00:07:53.151000Z,1785542873.151,79204352.0,bytes,,,79204352.0,75.53515625
pbx-web,memory_working_set,pbx-web,pbx-web-5ff68464d-mkn8n,2026-08-01T01:07:53.151000Z,1785546473.151,79204352.0,bytes,,,79204352.0,75.53515625
pbx-web,memory_working_set,pbx-web,pbx-web-5ff68464d-mkn8n,2026-08-01T02:07:53.151000Z,1785550073.151,79204352.0,bytes,,,79204352.0,75.53515625
pbx-web,memory_working_set,pbx-web,pbx-web-5ff68464d-mkn8n,2026-08-01T03:07:53.151000Z,1785553673.151,79204352.0,bytes,,,79204352.0,75.53515625
pbx-web,memory_working_set,pbx-web,pbx-web-5ff68464d-mkn8n,2026-08-01T04:07:53.151000Z,1785557273.151,79208448.0,bytes,,,79208448.0,75.5390625
pbx-web,memory_working_set,pbx-web,pbx-web-5ff68464d-mkn8n,2026-08-01T05:07:53.151000Z,1785560873.151,79208448.0,bytes,,,79208448.0,75.5390625
pbx-web,memory_working_set,pbx-web,pbx-web-5ff68464d-mkn8n,2026-08-01T06:07:53.151000Z,1785564473.151,79204352.0,bytes,,,79204352.0,75.53515625
pbx-web,memory_working_set,pbx-web,pbx-web-5ff68464d-mkn8n,2026-08-01T07:07:53.151000Z,1785568073.151,79507456.0,bytes,,,79507456.0,75.82421875
pbx-web,memory_working_set,pbx-web,pbx-web-5ff68464d-mkn8n,2026-08-01T08:07:53.151000Z,1785571673.151,79507456.0,bytes,,,79507456.0,75.82421875
pbx-web,memory_working_set,pbx-web,pbx-web-5ff68464d-mkn8n,2026-08-01T09:07:53.151000Z,1785575273.151,79507456.0,bytes,,,79507456.0,75.82421875
pbx-web,memory_working_set,pbx-web,pbx-web-5ff68464d-mkn8n,2026-08-01T10:07:53.151000Z,1785578873.151,79511552.0,bytes,,,79511552.0,75.828125
pbx-web,memory_working_set,pbx-web,pbx-web-5ff68464d-mkn8n,2026-08-01T11:07:53.151000Z,1785582473.151,79507456.0,bytes,,,79507456.0,75.82421875
pbx-web,memory_working_set,pbx-web,pbx-web-5ff68464d-mkn8n,2026-08-01T12:07:53.151000Z,1785586073.151,79507456.0,bytes,,,79507456.0,75.82421875
pbx-web,memory_working_set,pbx-web,pbx-web-5ff68464d-mkn8n,2026-08-01T13:07:53.151000Z,1785589673.151,79523840.0,bytes,,,79523840.0,75.83984375
pbx-web,memory_working_set,pbx-web,pbx-web-5ff68464d-mkn8n,2026-08-01T14:07:53.151000Z,1785593273.151,79519744.0,bytes,,,79519744.0,75.8359375
pbx-web,memory_working_set,pbx-web,pbx-web-5ff68464d-mkn8n,2026-08-01T15:07:53.151000Z,1785596873.151,79548416.0,bytes,,,79548416.0,75.86328125
pbx-web,memory_working_set,pbx-web,pbx-web-5ff68464d-mkn8n,2026-08-01T16:07:53.151000Z,1785600473.151,79548416.0,bytes,,,79548416.0,75.86328125
pbx-web,memory_working_set,pbx-web,pbx-web-5ff68464d-mkn8n,2026-08-01T17:07:53.151000Z,1785604073.151,79548416.0,bytes,,,79548416.0,75.86328125
pbx-web,memory_working_set,pbx-web,pbx-web-5ff68464d-mkn8n,2026-08-01T18:07:53.151000Z,1785607673.151,79548416.0,bytes,,,79548416.0,75.86328125
pbx-web,memory_working_set,pbx-web,pbx-web-5ff68464d-mkn8n,2026-08-01T19:07:53.151000Z,1785611273.151,79548416.0,bytes,,,79548416.0,75.86328125
pbx-web,memory_working_set,pbx-web,pbx-web-5ff68464d-mkn8n,2026-08-01T20:07:53.151000Z,1785614873.151,79548416.0,bytes,,,79548416.0,75.86328125
pbx-web,memory_working_set,pbx-web,pbx-web-5ff68464d-mkn8n,2026-08-01T21:07:53.151000Z,1785618473.151,79548416.0,bytes,,,79548416.0,75.86328125
pbx-web,memory_working_set,pbx-web,pbx-web-5ff68464d-mkn8n,2026-08-01T22:07:53.151000Z,1785622073.151,79548416.0,bytes,,,79548416.0,75.86328125
pbx-web,memory_working_set,pbx-web,pbx-web-5ff68464d-mkn8n,2026-08-01T23:07:53.151000Z,1785625673.151,79548416.0,bytes,,,79548416.0,75.86328125
pbx-web,memory_working_set,pbx-web,pbx-web-5ff68464d-mkn8n,2026-08-02T00:07:53.151000Z,1785629273.151,79548416.0,bytes,,,79548416.0,75.86328125
pbx-web,memory_working_set,pbx-web,pbx-web-5ff68464d-mkn8n,2026-08-02T01:07:53.151000Z,1785632873.151,79548416.0,bytes,,,79548416.0,75.86328125
pbx-web,memory_working_set,pbx-web,pbx-web-5ff68464d-mkn8n,2026-08-02T02:07:53.151000Z,1785636473.151,79548416.0,bytes,,,79548416.0,75.86328125
pbx-web,memory_working_set,pbx-web,pbx-web-5ff68464d-mkn8n,2026-08-02T03:07:53.151000Z,1785640073.151,79548416.0,bytes,,,79548416.0,75.86328125
pbx-web,memory_working_set,pbx-web,pbx-web-5ff68464d-mkn8n,2026-08-02T04:07:53.151000Z,1785643673.151,79548416.0,bytes,,,79548416.0,75.86328125
pbx-web,memory_working_set,pbx-web,pbx-web-5ff68464d-mkn8n,2026-08-02T05:07:53.151000Z,1785647273.151,79548416.0,bytes,,,79548416.0,75.86328125
pbx-web,memory_working_set,pbx-web,pbx-web-5ff68464d-mkn8n,2026-08-02T06:07:53.151000Z,1785650873.151,79548416.0,bytes,,,79548416.0,75.86328125
pbx-web,memory_working_set,pbx-web,pbx-web-5ff68464d-mkn8n,2026-08-02T07:07:53.151000Z,1785654473.151,79560704.0,bytes,,,79560704.0,75.875
pbx-web,memory_working_set,pbx-web,pbx-web-5ff68464d-mkn8n,2026-08-02T08:07:53.151000Z,1785658073.151,79560704.0,bytes,,,79560704.0,75.875
pbx-web,memory_working_set,pbx-web,pbx-web-5ff68464d-mkn8n,2026-08-02T09:07:53.151000Z,1785661673.151,79638528.0,bytes,,,79638528.0,75.94921875
pbx-web,memory_working_set,pbx-web,pbx-web-5ff68464d-mkn8n,2026-08-02T10:07:53.151000Z,1785665273.151,79638528.0,bytes,,,79638528.0,75.94921875
pbx-web,memory_working_set,pbx-web,pbx-web-5ff68464d-mkn8n,2026-08-02T11:07:53.151000Z,1785668873.151,79642624.0,bytes,,,79642624.0,75.953125
pbx-web,memory_working_set,pbx-web,pbx-web-5ff68464d-mkn8n,2026-08-02T12:07:53.151000Z,1785672473.151,79642624.0,bytes,,,79642624.0,75.953125
pbx-web,memory_working_set,pbx-web,pbx-web-5ff68464d-mkn8n,2026-08-02T13:07:53.151000Z,1785676073.151,79642624.0,bytes,,,79642624.0,75.953125
pbx-web,memory_working_set,pbx-web,pbx-web-5ff68464d-mkn8n,2026-08-02T14:07:53.151000Z,1785679673.151,79642624.0,bytes,,,79642624.0,75.953125
pbx-web,memory_working_set,pbx-web,pbx-web-5ff68464d-mkn8n,2026-08-02T15:07:53.151000Z,1785683273.151,79642624.0,bytes,,,79642624.0,75.953125
pbx-web,memory_working_set,pbx-web,pbx-web-5ff68464d-mkn8n,2026-08-02T16:07:53.151000Z,1785686873.151,79642624.0,bytes,,,79642624.0,75.953125
pbx-web,memory_working_set,pbx-web,pbx-web-5ff68464d-mkn8n,2026-08-02T17:07:53.151000Z,1785690473.151,79642624.0,bytes,,,79642624.0,75.953125
pbx-web,memory_working_set,pbx-web,pbx-web-5ff68464d-mkn8n,2026-08-02T18:07:53.151000Z,1785694073.151,79642624.0,bytes,,,79642624.0,75.953125
pbx-web,memory_working_set,pbx-web,pbx-web-5ff68464d-mkn8n,2026-08-02T19:07:53.151000Z,1785697673.151,79642624.0,bytes,,,79642624.0,75.953125
pbx-web,memory_working_set,pbx-web,pbx-web-5ff68464d-mkn8n,2026-08-02T20:07:53.151000Z,1785701273.151,79642624.0,bytes,,,79642624.0,75.953125
pbx-web,memory_working_set,pbx-web,pbx-web-5ff68464d-mkn8n,2026-08-02T21:07:53.151000Z,1785704873.151,79642624.0,bytes,,,79642624.0,75.953125
pbx-web,memory_working_set,pbx-web,pbx-web-5ff68464d-mkn8n,2026-08-02T22:07:53.151000Z,1785708473.151,79642624.0,bytes,,,79642624.0,75.953125
pbx-web,memory_working_set,pbx-web,pbx-web-5ff68464d-mkn8n,2026-08-02T23:07:53.151000Z,1785712073.151,79642624.0,bytes,,,79642624.0,75.953125
pbx-web,memory_working_set,pbx-web,pbx-web-5ff68464d-mkn8n,2026-08-03T00:07:53.151000Z,1785715673.151,79642624.0,bytes,,,79642624.0,75.953125
pbx-web,memory_working_set,pbx-web,pbx-web-5ff68464d-mkn8n,2026-08-03T01:07:53.151000Z,1785719273.151,79642624.0,bytes,,,79642624.0,75.953125
pbx-web,memory_working_set,pbx-web,pbx-web-5ff68464d-mkn8n,2026-08-03T02:07:53.151000Z,1785722873.151,79642624.0,bytes,,,79642624.0,75.953125
pbx-web,memory_working_set,pbx-web,pbx-web-5ff68464d-mkn8n,2026-08-03T03:07:53.151000Z,1785726473.151,79642624.0,bytes,,,79642624.0,75.953125
pbx-web,memory_working_set,pbx-web,pbx-web-5ff68464d-mkn8n,2026-08-03T04:07:53.151000Z,1785730073.151,79646720.0,bytes,,,79646720.0,75.95703125
pbx-web,memory_working_set,pbx-web,pbx-web-5ff68464d-mkn8n,2026-08-03T05:07:53.151000Z,1785733673.151,79642624.0,bytes,,,79642624.0,75.953125
pbx-web,memory_working_set,pbx-web,pbx-web-5ff68464d-mkn8n,2026-08-03T06:07:53.151000Z,1785737273.151,79642624.0,bytes,,,79642624.0,75.953125
pbx-web,memory_working_set,pbx-web,pbx-web-5ff68464d-mkn8n,2026-08-03T07:07:53.151000Z,1785740873.151,79642624.0,bytes,,,79642624.0,75.953125
pbx-web,memory_working_set,pbx-web,pbx-web-5ff68464d-mkn8n,2026-08-03T08:07:53.151000Z,1785744473.151,79642624.0,bytes,,,79642624.0,75.953125
pbx-web,memory_working_set,pbx-web,pbx-web-5ff68464d-mkn8n,2026-08-03T09:07:53.151000Z,1785748073.151,79642624.0,bytes,,,79642624.0,75.953125
pbx-web,memory_working_set,pbx-web,pbx-web-5ff68464d-mkn8n,2026-08-03T10:07:53.151000Z,1785751673.151,79642624.0,bytes,,,79642624.0,75.953125
pbx-web,memory_working_set,pbx-web,pbx-web-5ff68464d-mkn8n,2026-08-03T11:07:53.151000Z,1785755273.151,79642624.0,bytes,,,79642624.0,75.953125
pbx-web,memory_working_set,pbx-web,pbx-web-5ff68464d-mkn8n,2026-08-03T12:07:53.151000Z,1785758873.151,79642624.0,bytes,,,79642624.0,75.953125
pbx-web,memory_working_set,pbx-web,pbx-web-5ff68464d-mkn8n,2026-08-03T13:07:53.151000Z,1785762473.151,79642624.0,bytes,,,79642624.0,75.953125
pbx-web,memory_working_set,pbx-web,pbx-web-5ff68464d-mkn8n,2026-08-03T14:07:53.151000Z,1785766073.151,79642624.0,bytes,,,79642624.0,75.953125
pbx-web,memory_working_set,pbx-web,pbx-web-5ff68464d-mkn8n,2026-08-03T15:07:53.151000Z,1785769673.151,79642624.0,bytes,,,79642624.0,75.953125
pbx-web,memory_working_set,pbx-web,pbx-web-5ff68464d-mkn8n,2026-08-03T16:07:53.151000Z,1785773273.151,79642624.0,bytes,,,79642624.0,75.953125
pbx-web,memory_working_set,pbx-web,pbx-web-5ff68464d-mkn8n,2026-08-03T17:07:53.151000Z,1785776873.151,79642624.0,bytes,,,79642624.0,75.953125
pbx-web,memory_working_set,pbx-web,pbx-web-5ff68464d-mkn8n,2026-08-03T18:07:53.151000Z,1785780473.151,79642624.0,bytes,,,79642624.0,75.953125
pbx-web,memory_working_set,pbx-web,pbx-web-5ff68464d-mkn8n,2026-08-03T19:07:53.151000Z,1785784073.151,79642624.0,bytes,,,79642624.0,75.953125
pbx-web,memory_working_set,pbx-web,pbx-web-5ff68464d-mkn8n,2026-08-03T20:07:53.151000Z,1785787673.151,79642624.0,bytes,,,79642624.0,75.953125
pbx-web,memory_working_set,pbx-web,pbx-web-5ff68464d-mkn8n,2026-08-03T21:07:53.151000Z,1785791273.151,79642624.0,bytes,,,79642624.0,75.953125
pbx-web,memory_working_set,pbx-web,pbx-web-5ff68464d-mkn8n,2026-08-03T22:07:53.151000Z,1785794873.151,79642624.0,bytes,,,79642624.0,75.953125
pbx-web,memory_working_set,pbx-web,pbx-web-5ff68464d-mkn8n,2026-08-03T23:07:53.151000Z,1785798473.151,79642624.0,bytes,,,79642624.0,75.953125
pbx-web,memory_working_set,pbx-web,pbx-web-5ff68464d-mkn8n,2026-08-04T00:07:53.151000Z,1785802073.151,79642624.0,bytes,,,79642624.0,75.953125
pbx-web,memory_working_set,pbx-web,pbx-web-5ff68464d-mkn8n,2026-08-04T01:07:53.151000Z,1785805673.151,79642624.0,bytes,,,79642624.0,75.953125
pbx-web,memory_working_set,pbx-web,pbx-web-5ff68464d-mkn8n,2026-08-04T02:07:53.151000Z,1785809273.151,79642624.0,bytes,,,79642624.0,75.953125
pbx-web,memory_working_set,pbx-web,pbx-web-5ff68464d-mkn8n,2026-08-04T03:07:53.151000Z,1785812873.151,79642624.0,bytes,,,79642624.0,75.953125
pbx-web,memory_working_set,pbx-web,pbx-web-5ff68464d-mkn8n,2026-08-04T04:07:53.151000Z,1785816473.151,79642624.0,bytes,,,79642624.0,75.953125
pbx-web,memory_working_set,pbx-web,pbx-web-5ff68464d-mkn8n,2026-08-04T05:07:53.151000Z,1785820073.151,79642624.0,bytes,,,79642624.0,75.953125
pbx-web,memory_working_set,pbx-web,pbx-web-5ff68464d-mkn8n,2026-08-04T06:07:53.151000Z,1785823673.151,79642624.0,bytes,,,79642624.0,75.953125
pbx-web,memory_working_set,pbx-web,pbx-web-5ff68464d-mkn8n,2026-08-04T07:07:53.151000Z,1785827273.151,79642624.0,bytes,,,79642624.0,75.953125
pbx-web,memory_working_set,pbx-web,pbx-web-5ff68464d-mkn8n,2026-08-04T08:07:53.151000Z,1785830873.151,79642624.0,bytes,,,79642624.0,75.953125
pbx-web,memory_working_set,pbx-web,pbx-web-5ff68464d-mkn8n,2026-08-04T09:07:53.151000Z,1785834473.151,79642624.0,bytes,,,79642624.0,75.953125
pbx-web,memory_working_set,pbx-web,pbx-web-5ff68464d-mkn8n,2026-08-04T10:07:53.151000Z,1785838073.151,79642624.0,bytes,,,79642624.0,75.953125
pbx-web,memory_working_set,pbx-web,pbx-web-5ff68464d-mkn8n,2026-08-04T11:07:53.151000Z,1785841673.151,79642624.0,bytes,,,79642624.0,75.953125
pbx-web,memory_working_set,pbx-web,pbx-web-5ff68464d-mkn8n,2026-08-04T12:07:53.151000Z,1785845273.151,79642624.0,bytes,,,79642624.0,75.953125
pbx-web,memory_working_set,pbx-web,pbx-web-5ff68464d-mkn8n,2026-08-04T13:07:53.151000Z,1785848873.151,79343616.0,bytes,,,79343616.0,75.66796875
pbx-web,memory_working_set,pbx-web,pbx-web-5ff68464d-mkn8n,2026-08-04T14:07:53.151000Z,1785852473.151,79343616.0,bytes,,,79343616.0,75.66796875
pbx-web,memory_working_set,pbx-web,pbx-web-5ff68464d-mkn8n,2026-08-04T15:07:53.151000Z,1785856073.151,79343616.0,bytes,,,79343616.0,75.66796875
pbx-web,memory_working_set,pbx-web,pbx-web-5ff68464d-mkn8n,2026-08-04T16:07:53.151000Z,1785859673.151,79347712.0,bytes,,,79347712.0,75.671875
pbx-web,memory_working_set,pbx-web,pbx-web-5ff68464d-mkn8n,2026-08-04T17:07:53.151000Z,1785863273.151,79343616.0,bytes,,,79343616.0,75.66796875
pbx-web,memory_working_set,pbx-web,pbx-web-5ff68464d-mkn8n,2026-08-04T18:07:53.151000Z,1785866873.151,79470592.0,bytes,,,79470592.0,75.7890625
pbx-web,memory_working_set,pbx-web,pbx-web-5ff68464d-mkn8n,2026-08-04T19:07:53.151000Z,1785870473.151,79560704.0,bytes,,,79560704.0,75.875
pbx-web,memory_working_set,pbx-web,pbx-web-5ff68464d-mkn8n,2026-08-04T20:07:53.151000Z,1785874073.151,79560704.0,bytes,,,79560704.0,75.875
pbx-web,memory_working_set,pbx-web,pbx-web-5ff68464d-mkn8n,2026-08-04T21:07:53.151000Z,1785877673.151,79560704.0,bytes,,,79560704.0,75.875
pbx-web,memory_working_set,pbx-web,pbx-web-5ff68464d-mkn8n,2026-08-04T22:07:53.151000Z,1785881273.151,79560704.0,bytes,,,79560704.0,75.875
pbx-web,memory_working_set,pbx-web,pbx-web-5ff68464d-mkn8n,2026-08-04T23:07:53.151000Z,1785884873.151,79560704.0,bytes,,,79560704.0,75.875
pbx-web,memory_working_set,pbx-web,pbx-web-5ff68464d-mkn8n,2026-08-05T00:07:53.151000Z,1785888473.151,79560704.0,bytes,,,79560704.0,75.875
pbx-web,memory_working_set,pbx-web,pbx-web-5ff68464d-mkn8n,2026-08-05T01:07:53.151000Z,1785892073.151,79560704.0,bytes,,,79560704.0,75.875
pbx-web,memory_working_set,pbx-web,pbx-web-5ff68464d-mkn8n,2026-08-05T02:07:53.151000Z,1785895673.151,79560704.0,bytes,,,79560704.0,75.875
pbx-web,memory_working_set,pbx-web,pbx-web-5ff68464d-mkn8n,2026-08-05T03:07:53.151000Z,1785899273.151,79560704.0,bytes,,,79560704.0,75.875
pbx-web,memory_working_set,pbx-web,pbx-web-5ff68464d-mkn8n,2026-08-05T04:07:53.151000Z,1785902873.151,79564800.0,bytes,,,79564800.0,75.87890625
pbx-web,memory_working_set,pbx-web,pbx-web-5ff68464d-mkn8n,2026-08-05T05:07:53.151000Z,1785906473.151,79560704.0,bytes,,,79560704.0,75.875
pbx-web,memory_working_set,pbx-web,pbx-web-5ff68464d-mkn8n,2026-08-05T06:07:53.151000Z,1785910073.151,79564800.0,bytes,,,79564800.0,75.87890625
pbx-web,memory_working_set,pbx-web,pbx-web-5ff68464d-mkn8n,2026-08-05T07:07:53.151000Z,1785913673.151,79560704.0,bytes,,,79560704.0,75.875
pbx-web,memory_working_set,pbx-web,pbx-web-5ff68464d-mkn8n,2026-08-05T08:07:53.151000Z,1785917273.151,79560704.0,bytes,,,79560704.0,75.875
pbx-web,memory_working_set,pbx-web,pbx-web-5ff68464d-mkn8n,2026-08-05T09:07:53.151000Z,1785920873.151,79564800.0,bytes,,,79564800.0,75.87890625
pbx-web,memory_working_set,pbx-web,pbx-web-5ff68464d-mkn8n,2026-08-05T10:07:53.151000Z,1785924473.151,79560704.0,bytes,,,79560704.0,75.875
pbx-web,memory_working_set,pbx-web,pbx-web-5ff68464d-mkn8n,2026-08-05T11:07:53.151000Z,1785928073.151,79560704.0,bytes,,,79560704.0,75.875
pbx-web,memory_working_set,pbx-web,pbx-web-5ff68464d-mkn8n,2026-08-05T12:07:53.151000Z,1785931673.151,79560704.0,bytes,,,79560704.0,75.875
pbx-web,memory_working_set,pbx-web,pbx-web-5ff68464d-mkn8n,2026-08-05T13:07:53.151000Z,1785935273.151,79536128.0,bytes,,,79536128.0,75.8515625
pbx-web,memory_working_set,pbx-web,pbx-web-5ff68464d-mkn8n,2026-08-05T14:07:53.151000Z,1785938873.151,79544320.0,bytes,,,79544320.0,75.859375
pbx-web,memory_working_set,pbx-web,pbx-web-5ff68464d-mkn8n,2026-08-05T15:07:53.151000Z,1785942473.151,79691776.0,bytes,,,79691776.0,76.0
pbx-web,memory_working_set,pbx-web,pbx-web-5ff68464d-mkn8n,2026-08-05T16:07:53.151000Z,1785946073.151,79691776.0,bytes,,,79691776.0,76.0
pbx-web,memory_working_set,pbx-web,pbx-web-5ff68464d-mkn8n,2026-08-05T17:07:53.151000Z,1785949673.151,79691776.0,bytes,,,79691776.0,76.0
pbx-web,memory_working_set,pbx-web,pbx-web-5ff68464d-mkn8n,2026-08-05T18:07:53.151000Z,1785953273.151,79687680.0,bytes,,,79687680.0,75.99609375
pbx-web,memory_working_set,pbx-web,pbx-web-5ff68464d-mkn8n,2026-08-05T19:07:53.151000Z,1785956873.151,79683584.0,bytes,,,79683584.0,75.9921875
pbx-web,memory_working_set,pbx-web,pbx-web-5ff68464d-mkn8n,2026-08-05T20:07:53.151000Z,1785960473.151,79683584.0,bytes,,,79683584.0,75.9921875
pbx-web,memory_working_set,pbx-web,pbx-web-5ff68464d-mkn8n,2026-08-05T21:07:53.151000Z,1785964073.151,79769600.0,bytes,,,79769600.0,76.07421875
pbx-web,memory_working_set,pbx-web,pbx-web-5ff68464d-mkn8n,2026-08-05T22:07:53.151000Z,1785967673.151,79831040.0,bytes,,,79831040.0,76.1328125
pbx-web,memory_working_set,pbx-web,pbx-web-5ff68464d-mkn8n,2026-08-05T23:07:53.151000Z,1785971273.151,79831040.0,bytes,,,79831040.0,76.1328125
pbx-web,memory_working_set,pbx-web,pbx-web-5ff68464d-mkn8n,2026-08-06T00:07:53.151000Z,1785974873.151,79765504.0,bytes,,,79765504.0,76.0703125
pbx-web,memory_working_set,pbx-web,pbx-web-5ff68464d-mkn8n,2026-08-06T01:07:53.151000Z,1785978473.151,79790080.0,bytes,,,79790080.0,76.09375
pbx-web,memory_working_set,pbx-web,pbx-web-5ff68464d-mkn8n,2026-08-06T02:07:53.151000Z,1785982073.151,80154624.0,bytes,,,80154624.0,76.44140625
pbx-web,memory_working_set,pbx-web,pbx-web-5ff68464d-mkn8n,2026-08-06T03:07:53.151000Z,1785985673.151,80154624.0,bytes,,,80154624.0,76.44140625
pbx-web,memory_working_set,pbx-web,pbx-web-5ff68464d-mkn8n,2026-08-06T04:07:53.151000Z,1785989273.151,80154624.0,bytes,,,80154624.0,76.44140625
pbx-web,memory_working_set,pbx-web,pbx-web-5ff68464d-mkn8n,2026-08-06T05:07:53.151000Z,1785992873.151,80146432.0,bytes,,,80146432.0,76.43359375
pbx-web,memory_working_set,pbx-web,pbx-web-5ff68464d-mkn8n,2026-08-06T06:07:53.151000Z,1785996473.151,80142336.0,bytes,,,80142336.0,76.4296875
pbx-web,memory_working_set,pbx-web,pbx-web-5ff68464d-mkn8n,2026-08-06T07:07:53.151000Z,1786000073.151,80142336.0,bytes,,,80142336.0,76.4296875
pbx-web,memory_working_set,pbx-web,pbx-web-5ff68464d-mkn8n,2026-08-06T08:07:53.151000Z,1786003673.151,80138240.0,bytes,,,80138240.0,76.42578125
pbx-web,memory_working_set,pbx-web,pbx-web-5ff68464d-mkn8n,2026-08-06T09:07:53.151000Z,1786007273.151,80138240.0,bytes,,,80138240.0,76.42578125
pbx-web,memory_working_set,pbx-web,pbx-web-5ff68464d-mkn8n,2026-08-06T10:07:53.151000Z,1786010873.151,80138240.0,bytes,,,80138240.0,76.42578125
pbx-web,memory_working_set,pbx-web,pbx-web-5ff68464d-mkn8n,2026-08-06T11:07:53.151000Z,1786014473.151,80138240.0,bytes,,,80138240.0,76.42578125
pbx-web,memory_working_set,pbx-web,pbx-web-5ff68464d-mkn8n,2026-08-06T12:07:53.151000Z,1786018073.151,80138240.0,bytes,,,80138240.0,76.42578125
pbx-web,memory_working_set,pbx-web,pbx-web-5ff68464d-mkn8n,2026-08-06T13:07:53.151000Z,1786021673.151,80138240.0,bytes,,,80138240.0,76.42578125
pbx-web,memory_working_set,pbx-web,pbx-web-5ff68464d-mkn8n,2026-08-06T14:07:53.151000Z,1786025273.151,80138240.0,bytes,,,80138240.0,76.42578125
pbx-web,memory_working_set,pbx-web,pbx-web-5ff68464d-mkn8n,2026-08-06T15:07:53.151000Z,1786028873.151,80138240.0,bytes,,,80138240.0,76.42578125
pbx-web,memory_working_set,pbx-web,pbx-web-5ff68464d-mkn8n,2026-08-06T16:07:53.151000Z,1786032473.151,80138240.0,bytes,,,80138240.0,76.42578125
pbx-web,memory_working_set,pbx-web,pbx-web-5ff68464d-mkn8n,2026-08-06T17:07:53.151000Z,1786036073.151,80138240.0,bytes,,,80138240.0,76.42578125
pbx-web,memory_working_set,pbx-web,pbx-web-5ff68464d-mkn8n,2026-08-06T18:07:53.151000Z,1786039673.151,80138240.0,bytes,,,80138240.0,76.42578125
pbx-web,memory_working_set,pbx-web,pbx-web-5ff68464d-mkn8n,2026-08-06T19:07:53.151000Z,1786043273.151,80138240.0,bytes,,,80138240.0,76.42578125
pbx-web,memory_working_set,pbx-web,pbx-web-5ff68464d-mkn8n,2026-08-06T20:07:53.151000Z,1786046873.151,80171008.0,bytes,,,80171008.0,76.45703125
pbx-web,memory_working_set,pbx-web,pbx-web-5ff68464d-mkn8n,2026-08-06T21:07:53.151000Z,1786050473.151,80171008.0,bytes,,,80171008.0,76.45703125
pbx-web,memory_working_set,pbx-web,pbx-web-5ff68464d-mkn8n,2026-08-06T22:07:53.151000Z,1786054073.151,80171008.0,bytes,,,80171008.0,76.45703125
pbx-web,memory_working_set,pbx-web,pbx-web-5ff68464d-mkn8n,2026-08-06T23:07:53.151000Z,1786057673.151,80171008.0,bytes,,,80171008.0,76.45703125
pbx-web,memory_working_set,pbx-web,pbx-web-5ff68464d-mkn8n,2026-08-07T00:07:53.151000Z,1786061273.151,80162816.0,bytes,,,80162816.0,76.44921875
pbx-web,memory_working_set,pbx-web,pbx-web-5ff68464d-mkn8n,2026-08-07T01:07:53.151000Z,1786064873.151,80158720.0,bytes,,,80158720.0,76.4453125
pbx-web,memory_working_set,pbx-web,pbx-web-5ff68464d-mkn8n,2026-08-07T02:07:53.151000Z,1786068473.151,80138240.0,bytes,,,80138240.0,76.42578125
pbx-web,memory_working_set,pbx-web,pbx-web-5ff68464d-mkn8n,2026-08-07T03:07:53.151000Z,1786072073.151,80138240.0,bytes,,,80138240.0,76.42578125
pbx-web,memory_working_set,pbx-web,pbx-web-5ff68464d-mkn8n,2026-08-07T04:07:53.151000Z,1786075673.151,80138240.0,bytes,,,80138240.0,76.42578125
pbx-web,memory_working_set,pbx-web,pbx-web-5ff68464d-mkn8n,2026-08-07T05:07:53.151000Z,1786079273.151,80138240.0,bytes,,,80138240.0,76.42578125
pbx-web,memory_working_set,pbx-web,pbx-web-5ff68464d-mkn8n,2026-08-07T06:07:53.151000Z,1786082873.151,80138240.0,bytes,,,80138240.0,76.42578125
pbx-web,memory_working_set,pbx-web,pbx-web-5ff68464d-mkn8n,2026-08-07T07:07:53.151000Z,1786086473.151,80138240.0,bytes,,,80138240.0,76.42578125
pbx-web,memory_working_set,pbx-web,pbx-web-5ff68464d-mkn8n,2026-08-07T08:07:53.151000Z,1786090073.151,80138240.0,bytes,,,80138240.0,76.42578125
pbx-web,memory_working_set,pbx-web,pbx-web-5ff68464d-mkn8n,2026-08-07T09:07:53.151000Z,1786093673.151,80138240.0,bytes,,,80138240.0,76.42578125
pbx-web,memory_working_set,pbx-web,pbx-web-5ff68464d-mkn8n,2026-08-07T10:07:53.151000Z,1786097273.151,80142336.0,bytes,,,80142336.0,76.4296875
pbx-web,memory_working_set,pbx-web,pbx-web-5ff68464d-mkn8n,2026-08-07T11:07:53.151000Z,1786100873.151,80138240.0,bytes,,,80138240.0,76.42578125
pbx-web,memory_working_set,pbx-web,pbx-web-5ff68464d-mkn8n,2026-08-07T12:07:53.151000Z,1786104473.151,80138240.0,bytes,,,80138240.0,76.42578125
pbx-web,memory_working_set,pbx-web,pbx-web-5ff68464d-mkn8n,2026-08-07T13:07:53.151000Z,1786108073.151,80138240.0,bytes,,,80138240.0,76.42578125
pbx-web,memory_working_set,pbx-web,pbx-web-5ff68464d-mkn8n,2026-08-07T14:07:53.151000Z,1786111673.151,80138240.0,bytes,,,80138240.0,76.42578125
pbx-web,memory_working_set,pbx-web,pbx-web-5ff68464d-mkn8n,2026-08-07T15:07:53.151000Z,1786115273.151,80441344.0,bytes,,,80441344.0,76.71484375
pbx-web,memory_working_set,pbx-web,pbx-web-5ff68464d-mkn8n,2026-08-07T16:07:53.151000Z,1786118873.151,81461248.0,bytes,,,81461248.0,77.6875
pbx-web,memory_working_set,pbx-web,pbx-web-5ff68464d-mkn8n,2026-08-07T17:07:53.151000Z,1786122473.151,81874944.0,bytes,,,81874944.0,78.08203125
pbx-web,memory_working_set,pbx-web,pbx-web-5ff68464d-mkn8n,2026-08-07T18:07:53.151000Z,1786126073.151,81879040.0,bytes,,,81879040.0,78.0859375
pbx-web,memory_working_set,pbx-web,pbx-web-5ff68464d-mkn8n,2026-08-07T19:07:53.151000Z,1786129673.151,81874944.0,bytes,,,81874944.0,78.08203125
pbx-web,memory_working_set,pbx-web,pbx-web-5ff68464d-mkn8n,2026-08-07T20:07:53.151000Z,1786133273.151,81948672.0,bytes,,,81948672.0,78.15234375
pbx-web,memory_working_set,pbx-web,pbx-web-5ff68464d-mkn8n,2026-08-07T21:07:53.151000Z,1786136873.151,82092032.0,bytes,,,82092032.0,78.2890625
pbx-web,memory_working_set,pbx-web,pbx-web-5ff68464d-mkn8n,2026-08-07T22:07:53.151000Z,1786140473.151,82092032.0,bytes,,,82092032.0,78.2890625
pbx-web,memory_working_set,pbx-web,pbx-web-5ff68464d-mkn8n,2026-08-07T23:07:53.151000Z,1786144073.151,82092032.0,bytes,,,82092032.0,78.2890625
pbx-web,memory_working_set,pbx-web,pbx-web-5ff68464d-mkn8n,2026-08-08T00:07:53.151000Z,1786147673.151,82092032.0,bytes,,,82092032.0,78.2890625
pbx-web,memory_working_set,pbx-web,pbx-web-5ff68464d-mkn8n,2026-08-08T01:07:53.151000Z,1786151273.151,82092032.0,bytes,,,82092032.0,78.2890625
pbx-web,memory_working_set,pbx-web,pbx-web-5ff68464d-mkn8n,2026-08-08T02:07:53.151000Z,1786154873.151,82092032.0,bytes,,,82092032.0,78.2890625
pbx-web,memory_working_set,pbx-web,pbx-web-5ff68464d-mkn8n,2026-08-08T03:07:53.151000Z,1786158473.151,82087936.0,bytes,,,82087936.0,78.28515625
pbx-web,memory_working_set,pbx-web,pbx-web-5ff68464d-mkn8n,2026-08-08T04:07:53.151000Z,1786162073.151,82087936.0,bytes,,,82087936.0,78.28515625
pbx-web,memory_working_set,pbx-web,pbx-web-5ff68464d-mkn8n,2026-08-08T05:07:53.151000Z,1786165673.151,82087936.0,bytes,,,82087936.0,78.28515625
pbx-web,memory_working_set,pbx-web,pbx-web-5ff68464d-mkn8n,2026-08-08T06:07:53.151000Z,1786169273.151,82087936.0,bytes,,,82087936.0,78.28515625
pbx-web,memory_working_set,pbx-web,pbx-web-5ff68464d-mkn8n,2026-08-08T07:07:53.151000Z,1786172873.151,82087936.0,bytes,,,82087936.0,78.28515625
pbx-web,memory_working_set,pbx-web,pbx-web-5ff68464d-mkn8n,2026-08-08T08:07:53.151000Z,1786176473.151,82087936.0,bytes,,,82087936.0,78.28515625
pbx-web,memory_working_set,pbx-web,pbx-web-5ff68464d-mkn8n,2026-08-08T09:07:53.151000Z,1786180073.151,82087936.0,bytes,,,82087936.0,78.28515625
pbx-web,memory_working_set,pbx-web,pbx-web-5ff68464d-mkn8n,2026-08-08T10:07:53.151000Z,1786183673.151,82087936.0,bytes,,,82087936.0,78.28515625
pbx-web,memory_working_set,pbx-web,pbx-web-5ff68464d-mkn8n,2026-08-08T11:07:53.151000Z,1786187273.151,82087936.0,bytes,,,82087936.0,78.28515625
pbx-web,memory_working_set,pbx-web,pbx-web-5ff68464d-mkn8n,2026-08-08T12:07:53.151000Z,1786190873.151,82087936.0,bytes,,,82087936.0,78.28515625
pbx-web,memory_working_set,pbx-web,pbx-web-5ff68464d-mkn8n,2026-08-08T13:07:53.151000Z,1786194473.151,82075648.0,bytes,,,82075648.0,78.2734375
pbx-web,memory_working_set,pbx-web,pbx-web-5ff68464d-mkn8n,2026-08-08T14:07:53.151000Z,1786198073.151,82071552.0,bytes,,,82071552.0,78.26953125
pbx-web,memory_working_set,pbx-web,pbx-web-5ff68464d-mkn8n,2026-08-08T15:07:53.151000Z,1786201673.151,82071552.0,bytes,,,82071552.0,78.26953125
pbx-web,memory_working_set,pbx-web,pbx-web-5ff68464d-mkn8n,2026-08-08T16:07:53.151000Z,1786205273.151,82071552.0,bytes,,,82071552.0,78.26953125
pbx-web,memory_working_set,pbx-web,pbx-web-5ff68464d-mkn8n,2026-08-08T17:07:53.151000Z,1786208873.151,82063360.0,bytes,,,82063360.0,78.26171875
pbx-web,memory_working_set,pbx-web,pbx-web-5ff68464d-mkn8n,2026-08-08T18:07:53.151000Z,1786212473.151,82063360.0,bytes,,,82063360.0,78.26171875
pbx-web,memory_working_set,pbx-web,pbx-web-5ff68464d-mkn8n,2026-08-08T19:07:53.151000Z,1786216073.151,82018304.0,bytes,,,82018304.0,78.21875
pbx-web,memory_working_set,pbx-web,pbx-web-5ff68464d-qx45p,2026-08-08T21:07:53.151000Z,1786223273.151,62074880.0,bytes,,,62074880.0,59.19921875
pbx-web,memory_working_set,pbx-web,pbx-web-5ff68464d-qx45p,2026-08-08T22:07:53.151000Z,1786226873.151,62447616.0,bytes,,,62447616.0,59.5546875
pbx-web,memory_working_set,pbx-web,pbx-web-5ff68464d-qx45p,2026-08-08T23:07:53.151000Z,1786230473.151,62201856.0,bytes,,,62201856.0,59.3203125
pbx-web,memory_working_set,pbx-web,pbx-web-5ff68464d-qx45p,2026-08-09T00:07:53.151000Z,1786234073.151,62201856.0,bytes,,,62201856.0,59.3203125
pbx-web,memory_working_set,pbx-web,pbx-web-5ff68464d-qx45p,2026-08-09T01:07:53.151000Z,1786237673.151,62472192.0,bytes,,,62472192.0,59.578125
pbx-web,memory_working_set,pbx-web,pbx-web-5ff68464d-qx45p,2026-08-09T02:07:53.151000Z,1786241273.151,62472192.0,bytes,,,62472192.0,59.578125
pbx-web,memory_working_set,pbx-web,pbx-web-5ff68464d-qx45p,2026-08-09T03:07:53.151000Z,1786244873.151,62472192.0,bytes,,,62472192.0,59.578125
pbx-web,memory_working_set,pbx-web,pbx-web-5ff68464d-qx45p,2026-08-09T04:07:53.151000Z,1786248473.151,62468096.0,bytes,,,62468096.0,59.57421875
pbx-web,memory_working_set,pbx-web,pbx-web-5ff68464d-qx45p,2026-08-09T05:07:53.151000Z,1786252073.151,62468096.0,bytes,,,62468096.0,59.57421875
pbx-web,memory_working_set,pbx-web,pbx-web-5ff68464d-qx45p,2026-08-09T06:07:53.151000Z,1786255673.151,62472192.0,bytes,,,62472192.0,59.578125
pbx-web,memory_working_set,pbx-web,pbx-web-5ff68464d-qx45p,2026-08-09T07:07:53.151000Z,1786259273.151,62468096.0,bytes,,,62468096.0,59.57421875
pbx-web,memory_working_set,pbx-web,pbx-web-5ff68464d-qx45p,2026-08-09T08:07:53.151000Z,1786262873.151,62468096.0,bytes,,,62468096.0,59.57421875
pbx-web,memory_working_set,pbx-web,pbx-web-5ff68464d-qx45p,2026-08-09T09:07:53.151000Z,1786266473.151,62468096.0,bytes,,,62468096.0,59.57421875
pbx-web,memory_working_set,pbx-web,pbx-web-5ff68464d-qx45p,2026-08-09T10:07:53.151000Z,1786270073.151,62468096.0,bytes,,,62468096.0,59.57421875
pbx-web,memory_working_set,pbx-web,pbx-web-5ff68464d-qx45p,2026-08-09T11:07:53.151000Z,1786273673.151,62472192.0,bytes,,,62472192.0,59.578125
pbx-web,memory_working_set,pbx-web,pbx-web-5ff68464d-qx45p,2026-08-09T12:07:53.151000Z,1786277273.151,62472192.0,bytes,,,62472192.0,59.578125
pbx-web,memory_working_set,pbx-web,pbx-web-5ff68464d-qx45p,2026-08-09T13:07:53.151000Z,1786280873.151,62468096.0,bytes,,,62468096.0,59.57421875
pbx-web,memory_working_set,pbx-web,pbx-web-5ff68464d-qx45p,2026-08-09T14:07:53.151000Z,1786284473.151,62468096.0,bytes,,,62468096.0,59.57421875
pbx-web,memory_working_set,pbx-web,pbx-web-5ff68464d-qx45p,2026-08-09T15:07:53.151000Z,1786288073.151,62468096.0,bytes,,,62468096.0,59.57421875
pbx-web,memory_working_set,pbx-web,pbx-web-5ff68464d-qx45p,2026-08-09T16:07:53.151000Z,1786291673.151,62472192.0,bytes,,,62472192.0,59.578125
pbx-web,memory_working_set,pbx-web,pbx-web-5ff68464d-qx45p,2026-08-09T17:07:53.151000Z,1786295273.151,62468096.0,bytes,,,62468096.0,59.57421875
pbx-web,memory_working_set,pbx-web,pbx-web-5ff68464d-qx45p,2026-08-09T18:07:53.151000Z,1786298873.151,62468096.0,bytes,,,62468096.0,59.57421875
pbx-web,memory_working_set,pbx-web,pbx-web-5ff68464d-qx45p,2026-08-09T19:07:53.151000Z,1786302473.151,62468096.0,bytes,,,62468096.0,59.57421875
pbx-web,memory_working_set,pbx-web,pbx-web-5ff68464d-qx45p,2026-08-09T20:07:53.151000Z,1786306073.151,62468096.0,bytes,,,62468096.0,59.57421875
pbx-web,memory_working_set,pbx-web,pbx-web-5ff68464d-qx45p,2026-08-09T21:07:53.151000Z,1786309673.151,62472192.0,bytes,,,62472192.0,59.578125
pbx-web,memory_working_set,pbx-web,pbx-web-5ff68464d-qx45p,2026-08-09T22:07:53.151000Z,1786313273.151,62472192.0,bytes,,,62472192.0,59.578125
pbx-web,memory_working_set,pbx-web,pbx-web-5ff68464d-qx45p,2026-08-09T23:07:53.151000Z,1786316873.151,62468096.0,bytes,,,62468096.0,59.57421875
pbx-web,memory_working_set,pbx-web,pbx-web-5ff68464d-qx45p,2026-08-10T00:07:53.151000Z,1786320473.151,62468096.0,bytes,,,62468096.0,59.57421875
pbx-web,memory_working_set,pbx-web,pbx-web-5ff68464d-qx45p,2026-08-10T01:07:53.151000Z,1786324073.151,62468096.0,bytes,,,62468096.0,59.57421875
pbx-web,memory_working_set,pbx-web,pbx-web-5ff68464d-qx45p,2026-08-10T02:07:53.151000Z,1786327673.151,62468096.0,bytes,,,62468096.0,59.57421875
pbx-web,memory_working_set,pbx-web,pbx-web-5ff68464d-qx45p,2026-08-10T03:07:53.151000Z,1786331273.151,62476288.0,bytes,,,62476288.0,59.58203125
pbx-web,memory_working_set,pbx-web,pbx-web-5ff68464d-qx45p,2026-08-10T04:07:53.151000Z,1786334873.151,62468096.0,bytes,,,62468096.0,59.57421875
pbx-web,memory_working_set,pbx-web,pbx-web-5ff68464d-qx45p,2026-08-10T05:07:53.151000Z,1786338473.151,62468096.0,bytes,,,62468096.0,59.57421875
pbx-web,memory_working_set,pbx-web,pbx-web-5ff68464d-qx45p,2026-08-10T06:07:53.151000Z,1786342073.151,62468096.0,bytes,,,62468096.0,59.57421875
pbx-web,memory_working_set,pbx-web,pbx-web-5ff68464d-qx45p,2026-08-10T07:07:53.151000Z,1786345673.151,62468096.0,bytes,,,62468096.0,59.57421875
pbx-web,memory_working_set,pbx-web,pbx-web-5ff68464d-qx45p,2026-08-10T08:07:53.151000Z,1786349273.151,62472192.0,bytes,,,62472192.0,59.578125
pbx-web,memory_working_set,pbx-web,pbx-web-5ff68464d-qx45p,2026-08-10T09:07:53.151000Z,1786352873.151,62468096.0,bytes,,,62468096.0,59.57421875
pbx-web,memory_working_set,pbx-web,pbx-web-5ff68464d-qx45p,2026-08-10T10:07:53.151000Z,1786356473.151,62468096.0,bytes,,,62468096.0,59.57421875
pbx-web,memory_working_set,pbx-web,pbx-web-5ff68464d-qx45p,2026-08-10T11:07:53.151000Z,1786360073.151,62472192.0,bytes,,,62472192.0,59.578125
pbx-web,memory_working_set,pbx-web,pbx-web-5ff68464d-qx45p,2026-08-10T12:07:53.151000Z,1786363673.151,62472192.0,bytes,,,62472192.0,59.578125
pbx-web,memory_working_set,pbx-web,pbx-web-5ff68464d-qx45p,2026-08-10T13:07:53.151000Z,1786367273.151,62472192.0,bytes,,,62472192.0,59.578125
pbx-web,memory_working_set,pbx-web,pbx-web-5ff68464d-qx45p,2026-08-10T14:07:53.151000Z,1786370873.151,62472192.0,bytes,,,62472192.0,59.578125
pbx-web,memory_working_set,pbx-web,pbx-web-6d86477cdb-5wvwn,2026-08-08T20:07:53.151000Z,1786219673.151,61001728.0,bytes,,,61001728.0,58.17578125
whisper-stt,cpu_usage,whisper-stt,whisper-openai-68966786fb-jsb5d,2026-07-31T12:07:53.151000Z,1785499673.151,0.004159613566057525,cores,0.004159613566057525,0.4159613566057525,,
whisper-stt,cpu_usage,whisper-stt,whisper-openai-68966786fb-jsb5d,2026-07-31T13:07:53.151000Z,1785503273.151,0.004322794914894593,cores,0.004322794914894593,0.43227949148945927,,
whisper-stt,cpu_usage,whisper-stt,whisper-openai-68966786fb-jsb5d,2026-07-31T14:07:53.151000Z,1785506873.151,0.004260038058318903,cores,0.004260038058318903,0.42600380583189035,,
whisper-stt,cpu_usage,whisper-stt,whisper-openai-68966786fb-jsb5d,2026-07-31T15:07:53.151000Z,1785510473.151,0.0041667853004998985,cores,0.0041667853004998985,0.41667853004998984,,
whisper-stt,cpu_usage,whisper-stt,whisper-openai-68966786fb-jsb5d,2026-07-31T16:07:53.151000Z,1785514073.151,0.004238549883368555,cores,0.004238549883368555,0.4238549883368555,,
whisper-stt,cpu_usage,whisper-stt,whisper-openai-68966786fb-jsb5d,2026-07-31T17:07:53.151000Z,1785517673.151,0.004043691846452443,cores,0.004043691846452443,0.4043691846452443,,
whisper-stt,cpu_usage,whisper-stt,whisper-openai-68966786fb-jsb5d,2026-07-31T18:07:53.151000Z,1785521273.151,0.004263837546031398,cores,0.004263837546031398,0.4263837546031398,,
whisper-stt,cpu_usage,whisper-stt,whisper-openai-68966786fb-jsb5d,2026-07-31T19:07:53.151000Z,1785524873.151,0.004151764004058844,cores,0.004151764004058844,0.4151764004058844,,
whisper-stt,cpu_usage,whisper-stt,whisper-openai-68966786fb-jsb5d,2026-07-31T20:07:53.151000Z,1785528473.151,0.004328442770592001,cores,0.004328442770592001,0.4328442770592001,,
whisper-stt,cpu_usage,whisper-stt,whisper-openai-68966786fb-jsb5d,2026-07-31T21:07:53.151000Z,1785532073.151,0.00401792118346617,cores,0.00401792118346617,0.401792118346617,,
whisper-stt,cpu_usage,whisper-stt,whisper-openai-68966786fb-jsb5d,2026-07-31T22:07:53.151000Z,1785535673.151,0.004383839208277822,cores,0.004383839208277822,0.43838392082778216,,
whisper-stt,cpu_usage,whisper-stt,whisper-openai-68966786fb-jsb5d,2026-07-31T23:07:53.151000Z,1785539273.151,0.004371149087291942,cores,0.004371149087291942,0.43711490872919423,,
whisper-stt,cpu_usage,whisper-stt,whisper-openai-68966786fb-jsb5d,2026-08-01T00:07:53.151000Z,1785542873.151,0.004105499684297882,cores,0.004105499684297882,0.4105499684297882,,
whisper-stt,cpu_usage,whisper-stt,whisper-openai-68966786fb-jsb5d,2026-08-01T01:07:53.151000Z,1785546473.151,0.004287270566489183,cores,0.004287270566489183,0.4287270566489183,,
whisper-stt,cpu_usage,whisper-stt,whisper-openai-68966786fb-jsb5d,2026-08-01T02:07:53.151000Z,1785550073.151,0.004317407427865366,cores,0.004317407427865366,0.4317407427865366,,
whisper-stt,cpu_usage,whisper-stt,whisper-openai-68966786fb-jsb5d,2026-08-01T03:07:53.151000Z,1785553673.151,0.004154137440793403,cores,0.004154137440793403,0.4154137440793403,,
whisper-stt,cpu_usage,whisper-stt,whisper-openai-68966786fb-jsb5d,2026-08-01T04:07:53.151000Z,1785557273.151,0.004221843223292993,cores,0.004221843223292993,0.4221843223292993,,
whisper-stt,cpu_usage,whisper-stt,whisper-openai-68966786fb-jsb5d,2026-08-01T05:07:53.151000Z,1785560873.151,0.0042280070888395535,cores,0.0042280070888395535,0.4228007088839554,,
whisper-stt,cpu_usage,whisper-stt,whisper-openai-68966786fb-jsb5d,2026-08-01T06:07:53.151000Z,1785564473.151,0.004320089241299629,cores,0.004320089241299629,0.4320089241299629,,
whisper-stt,cpu_usage,whisper-stt,whisper-openai-68966786fb-jsb5d,2026-08-01T07:07:53.151000Z,1785568073.151,0.004316801815518107,cores,0.004316801815518107,0.43168018155181076,,
whisper-stt,cpu_usage,whisper-stt,whisper-openai-68966786fb-jsb5d,2026-08-01T08:07:53.151000Z,1785571673.151,0.004211943386043429,cores,0.004211943386043429,0.4211943386043429,,
whisper-stt,cpu_usage,whisper-stt,whisper-openai-68966786fb-jsb5d,2026-08-01T09:07:53.151000Z,1785575273.151,0.004265656146035152,cores,0.004265656146035152,0.4265656146035152,,
whisper-stt,cpu_usage,whisper-stt,whisper-openai-68966786fb-jsb5d,2026-08-01T10:07:53.151000Z,1785578873.151,0.004269266073502022,cores,0.004269266073502022,0.4269266073502022,,
whisper-stt,cpu_usage,whisper-stt,whisper-openai-68966786fb-jsb5d,2026-08-01T11:07:53.151000Z,1785582473.151,0.00411882421354144,cores,0.00411882421354144,0.411882421354144,,
whisper-stt,cpu_usage,whisper-stt,whisper-openai-68966786fb-jsb5d,2026-08-01T12:07:53.151000Z,1785586073.151,0.004354884002237726,cores,0.004354884002237726,0.4354884002237726,,
whisper-stt,cpu_usage,whisper-stt,whisper-openai-68966786fb-jsb5d,2026-08-01T13:07:53.151000Z,1785589673.151,0.00401989563523613,cores,0.00401989563523613,0.40198956352361304,,
whisper-stt,cpu_usage,whisper-stt,whisper-openai-68966786fb-jsb5d,2026-08-01T14:07:53.151000Z,1785593273.151,0.004200047356854034,cores,0.004200047356854034,0.4200047356854034,,
whisper-stt,cpu_usage,whisper-stt,whisper-openai-68966786fb-jsb5d,2026-08-01T15:07:53.151000Z,1785596873.151,0.004294887645544514,cores,0.004294887645544514,0.42948876455445145,,
whisper-stt,cpu_usage,whisper-stt,whisper-openai-68966786fb-jsb5d,2026-08-01T16:07:53.151000Z,1785600473.151,0.004315019376470298,cores,0.004315019376470298,0.4315019376470298,,
whisper-stt,cpu_usage,whisper-stt,whisper-openai-68966786fb-jsb5d,2026-08-01T17:07:53.151000Z,1785604073.151,0.0040995400306137195,cores,0.0040995400306137195,0.409954003061372,,
whisper-stt,cpu_usage,whisper-stt,whisper-openai-68966786fb-jsb5d,2026-08-01T18:07:53.151000Z,1785607673.151,0.004355650916583252,cores,0.004355650916583252,0.4355650916583252,,
whisper-stt,cpu_usage,whisper-stt,whisper-openai-68966786fb-jsb5d,2026-08-01T19:07:53.151000Z,1785611273.151,0.004173486094041939,cores,0.004173486094041939,0.4173486094041939,,
whisper-stt,cpu_usage,whisper-stt,whisper-openai-68966786fb-jsb5d,2026-08-01T20:07:53.151000Z,1785614873.151,0.004158188809676148,cores,0.004158188809676148,0.4158188809676148,,
whisper-stt,cpu_usage,whisper-stt,whisper-openai-68966786fb-jsb5d,2026-08-01T21:07:53.151000Z,1785618473.151,0.004302467228185776,cores,0.004302467228185776,0.43024672281857756,,
whisper-stt,cpu_usage,whisper-stt,whisper-openai-68966786fb-jsb5d,2026-08-01T22:07:53.151000Z,1785622073.151,0.0041852031604312995,cores,0.0041852031604312995,0.41852031604312995,,
whisper-stt,cpu_usage,whisper-stt,whisper-openai-68966786fb-jsb5d,2026-08-01T23:07:53.151000Z,1785625673.151,0.004217439370823392,cores,0.004217439370823392,0.4217439370823392,,
whisper-stt,cpu_usage,whisper-stt,whisper-openai-68966786fb-jsb5d,2026-08-02T00:07:53.151000Z,1785629273.151,0.004179501458789316,cores,0.004179501458789316,0.4179501458789316,,
whisper-stt,cpu_usage,whisper-stt,whisper-openai-68966786fb-jsb5d,2026-08-02T01:07:53.151000Z,1785632873.151,0.004068729103782296,cores,0.004068729103782296,0.40687291037822965,,
whisper-stt,cpu_usage,whisper-stt,whisper-openai-68966786fb-jsb5d,2026-08-02T02:07:53.151000Z,1785636473.151,0.004126699243537417,cores,0.004126699243537417,0.4126699243537417,,
whisper-stt,cpu_usage,whisper-stt,whisper-openai-68966786fb-jsb5d,2026-08-02T03:07:53.151000Z,1785640073.151,0.004221034193073328,cores,0.004221034193073328,0.42210341930733286,,
whisper-stt,cpu_usage,whisper-stt,whisper-openai-68966786fb-jsb5d,2026-08-02T04:07:53.151000Z,1785643673.151,0.00419190907300979,cores,0.00419190907300979,0.41919090730097897,,
whisper-stt,cpu_usage,whisper-stt,whisper-openai-68966786fb-jsb5d,2026-08-02T05:07:53.151000Z,1785647273.151,0.0040651737527594035,cores,0.0040651737527594035,0.40651737527594034,,
whisper-stt,cpu_usage,whisper-stt,whisper-openai-68966786fb-jsb5d,2026-08-02T06:07:53.151000Z,1785650873.151,0.004212647874462724,cores,0.004212647874462724,0.42126478744627244,,
whisper-stt,cpu_usage,whisper-stt,whisper-openai-68966786fb-jsb5d,2026-08-02T07:07:53.151000Z,1785654473.151,0.004343829410726194,cores,0.004343829410726194,0.4343829410726194,,
whisper-stt,cpu_usage,whisper-stt,whisper-openai-68966786fb-jsb5d,2026-08-02T08:07:53.151000Z,1785658073.151,0.0043351882017171215,cores,0.0043351882017171215,0.43351882017171217,,
whisper-stt,cpu_usage,whisper-stt,whisper-openai-68966786fb-jsb5d,2026-08-02T09:07:53.151000Z,1785661673.151,0.004101031008069694,cores,0.004101031008069694,0.4101031008069694,,
whisper-stt,cpu_usage,whisper-stt,whisper-openai-68966786fb-jsb5d,2026-08-02T10:07:53.151000Z,1785665273.151,0.00392706353035574,cores,0.00392706353035574,0.392706353035574,,
whisper-stt,cpu_usage,whisper-stt,whisper-openai-68966786fb-jsb5d,2026-08-02T11:07:53.151000Z,1785668873.151,0.004211869635560073,cores,0.004211869635560073,0.4211869635560073,,
whisper-stt,cpu_usage,whisper-stt,whisper-openai-68966786fb-jsb5d,2026-08-02T12:07:53.151000Z,1785672473.151,0.004163972403094216,cores,0.004163972403094216,0.4163972403094216,,
whisper-stt,cpu_usage,whisper-stt,whisper-openai-68966786fb-jsb5d,2026-08-02T13:07:53.151000Z,1785676073.151,0.00403460822218989,cores,0.00403460822218989,0.403460822218989,,
whisper-stt,cpu_usage,whisper-stt,whisper-openai-68966786fb-jsb5d,2026-08-02T14:07:53.151000Z,1785679673.151,0.004140509511895223,cores,0.004140509511895223,0.4140509511895223,,
whisper-stt,cpu_usage,whisper-stt,whisper-openai-68966786fb-jsb5d,2026-08-02T15:07:53.151000Z,1785683273.151,0.004349379157340601,cores,0.004349379157340601,0.4349379157340601,,
whisper-stt,cpu_usage,whisper-stt,whisper-openai-68966786fb-jsb5d,2026-08-02T16:07:53.151000Z,1785686873.151,0.004137390736400204,cores,0.004137390736400204,0.41373907364002044,,
whisper-stt,cpu_usage,whisper-stt,whisper-openai-68966786fb-jsb5d,2026-08-02T17:07:53.151000Z,1785690473.151,0.00413859815272192,cores,0.00413859815272192,0.41385981527219196,,
whisper-stt,cpu_usage,whisper-stt,whisper-openai-68966786fb-jsb5d,2026-08-02T18:07:53.151000Z,1785694073.151,0.004209161109806513,cores,0.004209161109806513,0.4209161109806513,,
whisper-stt,cpu_usage,whisper-stt,whisper-openai-68966786fb-jsb5d,2026-08-02T19:07:53.151000Z,1785697673.151,0.004333645968780746,cores,0.004333645968780746,0.4333645968780746,,
whisper-stt,cpu_usage,whisper-stt,whisper-openai-68966786fb-jsb5d,2026-08-02T20:07:53.151000Z,1785701273.151,0.0043095341689563145,cores,0.0043095341689563145,0.43095341689563144,,
whisper-stt,cpu_usage,whisper-stt,whisper-openai-68966786fb-jsb5d,2026-08-02T21:07:53.151000Z,1785704873.151,0.004251739917297498,cores,0.004251739917297498,0.42517399172974985,,
whisper-stt,cpu_usage,whisper-stt,whisper-openai-68966786fb-jsb5d,2026-08-02T22:07:53.151000Z,1785708473.151,0.00428561189618149,cores,0.00428561189618149,0.428561189618149,,
whisper-stt,cpu_usage,whisper-stt,whisper-openai-68966786fb-jsb5d,2026-08-02T23:07:53.151000Z,1785712073.151,0.004333929091267691,cores,0.004333929091267691,0.4333929091267691,,
whisper-stt,cpu_usage,whisper-stt,whisper-openai-68966786fb-jsb5d,2026-08-03T00:07:53.151000Z,1785715673.151,0.004287401201614151,cores,0.004287401201614151,0.4287401201614151,,
whisper-stt,cpu_usage,whisper-stt,whisper-openai-68966786fb-jsb5d,2026-08-03T01:07:53.151000Z,1785719273.151,0.0041320100522722865,cores,0.0041320100522722865,0.41320100522722863,,
whisper-stt,cpu_usage,whisper-stt,whisper-openai-68966786fb-jsb5d,2026-08-03T02:07:53.151000Z,1785722873.151,0.004210423208581956,cores,0.004210423208581956,0.4210423208581956,,
whisper-stt,cpu_usage,whisper-stt,whisper-openai-68966786fb-jsb5d,2026-08-03T03:07:53.151000Z,1785726473.151,0.0042372391840426885,cores,0.0042372391840426885,0.4237239184042689,,
whisper-stt,cpu_usage,whisper-stt,whisper-openai-68966786fb-jsb5d,2026-08-03T04:07:53.151000Z,1785730073.151,0.004094387384087177,cores,0.004094387384087177,0.4094387384087177,,
whisper-stt,cpu_usage,whisper-stt,whisper-openai-68966786fb-jsb5d,2026-08-03T05:07:53.151000Z,1785733673.151,0.004266955426321029,cores,0.004266955426321029,0.4266955426321029,,
whisper-stt,cpu_usage,whisper-stt,whisper-openai-68966786fb-jsb5d,2026-08-03T06:07:53.151000Z,1785737273.151,0.0043433387353453215,cores,0.0043433387353453215,0.4343338735345321,,
whisper-stt,cpu_usage,whisper-stt,whisper-openai-68966786fb-jsb5d,2026-08-03T07:07:53.151000Z,1785740873.151,0.004256276753733715,cores,0.004256276753733715,0.4256276753733715,,
whisper-stt,cpu_usage,whisper-stt,whisper-openai-68966786fb-jsb5d,2026-08-03T08:07:53.151000Z,1785744473.151,0.004095672496455123,cores,0.004095672496455123,0.40956724964551233,,
whisper-stt,cpu_usage,whisper-stt,whisper-openai-68966786fb-jsb5d,2026-08-03T09:07:53.151000Z,1785748073.151,0.004207560602410328,cores,0.004207560602410328,0.4207560602410328,,
whisper-stt,cpu_usage,whisper-stt,whisper-openai-68966786fb-jsb5d,2026-08-03T10:07:53.151000Z,1785751673.151,0.0043526015344170724,cores,0.0043526015344170724,0.43526015344170726,,
whisper-stt,cpu_usage,whisper-stt,whisper-openai-68966786fb-jsb5d,2026-08-03T11:07:53.151000Z,1785755273.151,0.004269201604788535,cores,0.004269201604788535,0.42692016047885345,,
whisper-stt,cpu_usage,whisper-stt,whisper-openai-68966786fb-jsb5d,2026-08-03T12:07:53.151000Z,1785758873.151,0.004322841882991127,cores,0.004322841882991127,0.43228418829911275,,
whisper-stt,cpu_usage,whisper-stt,whisper-openai-68966786fb-jsb5d,2026-08-03T13:07:53.151000Z,1785762473.151,0.003953959576525433,cores,0.003953959576525433,0.3953959576525433,,
whisper-stt,cpu_usage,whisper-stt,whisper-openai-68966786fb-jsb5d,2026-08-03T14:07:53.151000Z,1785766073.151,0.004036797148609327,cores,0.004036797148609327,0.4036797148609327,,
whisper-stt,cpu_usage,whisper-stt,whisper-openai-68966786fb-jsb5d,2026-08-03T15:07:53.151000Z,1785769673.151,0.004002710957310607,cores,0.004002710957310607,0.40027109573106073,,
whisper-stt,cpu_usage,whisper-stt,whisper-openai-68966786fb-jsb5d,2026-08-03T16:07:53.151000Z,1785773273.151,0.004290212895444162,cores,0.004290212895444162,0.4290212895444162,,
whisper-stt,cpu_usage,whisper-stt,whisper-openai-68966786fb-jsb5d,2026-08-03T17:07:53.151000Z,1785776873.151,0.004312709782838763,cores,0.004312709782838763,0.4312709782838763,,
whisper-stt,cpu_usage,whisper-stt,whisper-openai-68966786fb-jsb5d,2026-08-03T18:07:53.151000Z,1785780473.151,0.004260966953172866,cores,0.004260966953172866,0.4260966953172866,,
whisper-stt,cpu_usage,whisper-stt,whisper-openai-68966786fb-jsb5d,2026-08-03T19:07:53.151000Z,1785784073.151,0.004171620128139248,cores,0.004171620128139248,0.41716201281392484,,
whisper-stt,cpu_usage,whisper-stt,whisper-openai-68966786fb-jsb5d,2026-08-03T20:07:53.151000Z,1785787673.151,0.004068762766482926,cores,0.004068762766482926,0.40687627664829257,,
whisper-stt,cpu_usage,whisper-stt,whisper-openai-68966786fb-jsb5d,2026-08-03T21:07:53.151000Z,1785791273.151,0.004211421828652602,cores,0.004211421828652602,0.42114218286526023,,
whisper-stt,cpu_usage,whisper-stt,whisper-openai-68966786fb-jsb5d,2026-08-03T22:07:53.151000Z,1785794873.151,0.004120945193014502,cores,0.004120945193014502,0.4120945193014502,,
whisper-stt,cpu_usage,whisper-stt,whisper-openai-68966786fb-jsb5d,2026-08-03T23:07:53.151000Z,1785798473.151,0.004329346352521905,cores,0.004329346352521905,0.43293463525219056,,
whisper-stt,cpu_usage,whisper-stt,whisper-openai-68966786fb-jsb5d,2026-08-04T00:07:53.151000Z,1785802073.151,0.004312355251953136,cores,0.004312355251953136,0.4312355251953136,,
whisper-stt,cpu_usage,whisper-stt,whisper-openai-68966786fb-jsb5d,2026-08-04T01:07:53.151000Z,1785805673.151,0.004111760583011896,cores,0.004111760583011896,0.4111760583011896,,
whisper-stt,cpu_usage,whisper-stt,whisper-openai-68966786fb-jsb5d,2026-08-04T02:07:53.151000Z,1785809273.151,0.004137280646832262,cores,0.004137280646832262,0.41372806468322626,,
whisper-stt,cpu_usage,whisper-stt,whisper-openai-68966786fb-jsb5d,2026-08-04T03:07:53.151000Z,1785812873.151,0.004115740480136125,cores,0.004115740480136125,0.4115740480136125,,
whisper-stt,cpu_usage,whisper-stt,whisper-openai-68966786fb-jsb5d,2026-08-04T04:07:53.151000Z,1785816473.151,0.004327146996116201,cores,0.004327146996116201,0.4327146996116201,,
whisper-stt,cpu_usage,whisper-stt,whisper-openai-68966786fb-jsb5d,2026-08-04T05:07:53.151000Z,1785820073.151,0.004383353923623142,cores,0.004383353923623142,0.43833539236231417,,
whisper-stt,cpu_usage,whisper-stt,whisper-openai-68966786fb-jsb5d,2026-08-04T06:07:53.151000Z,1785823673.151,0.004334918514377585,cores,0.004334918514377585,0.4334918514377585,,
whisper-stt,cpu_usage,whisper-stt,whisper-openai-68966786fb-jsb5d,2026-08-04T07:07:53.151000Z,1785827273.151,0.003909515168975782,cores,0.003909515168975782,0.3909515168975782,,
whisper-stt,cpu_usage,whisper-stt,whisper-openai-68966786fb-jsb5d,2026-08-04T08:07:53.151000Z,1785830873.151,0.004362634349456902,cores,0.004362634349456902,0.43626343494569014,,
whisper-stt,cpu_usage,whisper-stt,whisper-openai-68966786fb-jsb5d,2026-08-04T09:07:53.151000Z,1785834473.151,0.004281134576115474,cores,0.004281134576115474,0.4281134576115474,,
whisper-stt,cpu_usage,whisper-stt,whisper-openai-68966786fb-jsb5d,2026-08-04T10:07:53.151000Z,1785838073.151,0.004143697572380796,cores,0.004143697572380796,0.4143697572380796,,
whisper-stt,cpu_usage,whisper-stt,whisper-openai-68966786fb-jsb5d,2026-08-04T11:07:53.151000Z,1785841673.151,0.004211821391025566,cores,0.004211821391025566,0.42118213910255664,,
whisper-stt,cpu_usage,whisper-stt,whisper-openai-68966786fb-jsb5d,2026-08-04T12:07:53.151000Z,1785845273.151,0.004359779169380512,cores,0.004359779169380512,0.43597791693805116,,
whisper-stt,cpu_usage,whisper-stt,whisper-openai-68966786fb-jsb5d,2026-08-04T13:07:53.151000Z,1785848873.151,0.00437296731748215,cores,0.00437296731748215,0.43729673174821504,,
whisper-stt,cpu_usage,whisper-stt,whisper-openai-68966786fb-jsb5d,2026-08-04T14:07:53.151000Z,1785852473.151,0.004258388091059822,cores,0.004258388091059822,0.4258388091059822,,
whisper-stt,cpu_usage,whisper-stt,whisper-openai-68966786fb-jsb5d,2026-08-04T15:07:53.151000Z,1785856073.151,0.004165964286474854,cores,0.004165964286474854,0.41659642864748536,,
whisper-stt,cpu_usage,whisper-stt,whisper-openai-68966786fb-jsb5d,2026-08-04T16:07:53.151000Z,1785859673.151,0.004250923943431633,cores,0.004250923943431633,0.4250923943431633,,
whisper-stt,cpu_usage,whisper-stt,whisper-openai-68966786fb-jsb5d,2026-08-04T17:07:53.151000Z,1785863273.151,0.004322006140539914,cores,0.004322006140539914,0.43220061405399135,,
whisper-stt,cpu_usage,whisper-stt,whisper-openai-68966786fb-jsb5d,2026-08-04T18:07:53.151000Z,1785866873.151,0.004341662079189761,cores,0.004341662079189761,0.4341662079189761,,
whisper-stt,cpu_usage,whisper-stt,whisper-openai-68966786fb-jsb5d,2026-08-04T19:07:53.151000Z,1785870473.151,0.004206399043340338,cores,0.004206399043340338,0.42063990433403375,,
whisper-stt,cpu_usage,whisper-stt,whisper-openai-68966786fb-jsb5d,2026-08-04T20:07:53.151000Z,1785874073.151,0.004157921621220646,cores,0.004157921621220646,0.4157921621220646,,
whisper-stt,cpu_usage,whisper-stt,whisper-openai-68966786fb-jsb5d,2026-08-04T21:07:53.151000Z,1785877673.151,0.004303007342704548,cores,0.004303007342704548,0.4303007342704548,,
whisper-stt,cpu_usage,whisper-stt,whisper-openai-68966786fb-jsb5d,2026-08-04T22:07:53.151000Z,1785881273.151,0.004371763961610335,cores,0.004371763961610335,0.4371763961610335,,
whisper-stt,cpu_usage,whisper-stt,whisper-openai-68966786fb-jsb5d,2026-08-04T23:07:53.151000Z,1785884873.151,0.004161549682688255,cores,0.004161549682688255,0.41615496826882553,,
whisper-stt,cpu_usage,whisper-stt,whisper-openai-68966786fb-jsb5d,2026-08-05T00:07:53.151000Z,1785888473.151,0.004333513959321766,cores,0.004333513959321766,0.4333513959321766,,
whisper-stt,cpu_usage,whisper-stt,whisper-openai-68966786fb-jsb5d,2026-08-05T01:07:53.151000Z,1785892073.151,0.004250501666223411,cores,0.004250501666223411,0.4250501666223411,,
whisper-stt,cpu_usage,whisper-stt,whisper-openai-68966786fb-jsb5d,2026-08-05T02:07:53.151000Z,1785895673.151,0.0043135559083435195,cores,0.0043135559083435195,0.43135559083435193,,
whisper-stt,cpu_usage,whisper-stt,whisper-openai-68966786fb-jsb5d,2026-08-05T03:07:53.151000Z,1785899273.151,0.0041627520811865016,cores,0.0041627520811865016,0.41627520811865015,,
whisper-stt,cpu_usage,whisper-stt,whisper-openai-68966786fb-jsb5d,2026-08-05T04:07:53.151000Z,1785902873.151,0.004321309486688982,cores,0.004321309486688982,0.43213094866889823,,
whisper-stt,cpu_usage,whisper-stt,whisper-openai-68966786fb-jsb5d,2026-08-05T05:07:53.151000Z,1785906473.151,0.004354135995339549,cores,0.004354135995339549,0.43541359953395486,,
whisper-stt,cpu_usage,whisper-stt,whisper-openai-68966786fb-jsb5d,2026-08-05T06:07:53.151000Z,1785910073.151,0.00399306124415878,cores,0.00399306124415878,0.399306124415878,,
whisper-stt,cpu_usage,whisper-stt,whisper-openai-68966786fb-jsb5d,2026-08-05T07:07:53.151000Z,1785913673.151,0.004220799445043463,cores,0.004220799445043463,0.42207994450434627,,
whisper-stt,cpu_usage,whisper-stt,whisper-openai-68966786fb-jsb5d,2026-08-05T08:07:53.151000Z,1785917273.151,0.0042115889021741085,cores,0.0042115889021741085,0.4211588902174108,,
whisper-stt,cpu_usage,whisper-stt,whisper-openai-68966786fb-jsb5d,2026-08-05T09:07:53.151000Z,1785920873.151,0.004364371599573473,cores,0.004364371599573473,0.43643715995734733,,
whisper-stt,cpu_usage,whisper-stt,whisper-openai-68966786fb-jsb5d,2026-08-05T10:07:53.151000Z,1785924473.151,0.004296824830541711,cores,0.004296824830541711,0.4296824830541711,,
whisper-stt,cpu_usage,whisper-stt,whisper-openai-68966786fb-jsb5d,2026-08-05T11:07:53.151000Z,1785928073.151,0.004352552605099457,cores,0.004352552605099457,0.4352552605099457,,
whisper-stt,cpu_usage,whisper-stt,whisper-openai-68966786fb-jsb5d,2026-08-05T12:07:53.151000Z,1785931673.151,0.004251555064369548,cores,0.004251555064369548,0.42515550643695477,,
whisper-stt,cpu_usage,whisper-stt,whisper-openai-68966786fb-jsb5d,2026-08-05T13:07:53.151000Z,1785935273.151,0.004228465852480948,cores,0.004228465852480948,0.42284658524809476,,
whisper-stt,cpu_usage,whisper-stt,whisper-openai-68966786fb-jsb5d,2026-08-05T14:07:53.151000Z,1785938873.151,0.004375184477590806,cores,0.004375184477590806,0.4375184477590806,,
whisper-stt,cpu_usage,whisper-stt,whisper-openai-68966786fb-jsb5d,2026-08-05T15:07:53.151000Z,1785942473.151,0.004362306814297178,cores,0.004362306814297178,0.4362306814297178,,
whisper-stt,cpu_usage,whisper-stt,whisper-openai-68966786fb-jsb5d,2026-08-05T16:07:53.151000Z,1785946073.151,0.004152887816584327,cores,0.004152887816584327,0.4152887816584327,,
whisper-stt,cpu_usage,whisper-stt,whisper-openai-68966786fb-jsb5d,2026-08-05T17:07:53.151000Z,1785949673.151,0.004193980648296403,cores,0.004193980648296403,0.41939806482964026,,
whisper-stt,cpu_usage,whisper-stt,whisper-openai-68966786fb-jsb5d,2026-08-05T18:07:53.151000Z,1785953273.151,0.00413155569163112,cores,0.00413155569163112,0.41315556916311197,,
whisper-stt,cpu_usage,whisper-stt,whisper-openai-68966786fb-jsb5d,2026-08-05T19:07:53.151000Z,1785956873.151,0.004270538384840243,cores,0.004270538384840243,0.4270538384840243,,
whisper-stt,cpu_usage,whisper-stt,whisper-openai-68966786fb-jsb5d,2026-08-05T20:07:53.151000Z,1785960473.151,0.004105188115997142,cores,0.004105188115997142,0.41051881159971415,,
whisper-stt,cpu_usage,whisper-stt,whisper-openai-68966786fb-jsb5d,2026-08-05T21:07:53.151000Z,1785964073.151,0.004124024601955449,cores,0.004124024601955449,0.4124024601955449,,
whisper-stt,cpu_usage,whisper-stt,whisper-openai-68966786fb-jsb5d,2026-08-05T22:07:53.151000Z,1785967673.151,0.004316527880267528,cores,0.004316527880267528,0.4316527880267528,,
whisper-stt,cpu_usage,whisper-stt,whisper-openai-68966786fb-jsb5d,2026-08-05T23:07:53.151000Z,1785971273.151,0.004336224322081844,cores,0.004336224322081844,0.4336224322081844,,
whisper-stt,cpu_usage,whisper-stt,whisper-openai-68966786fb-jsb5d,2026-08-06T00:07:53.151000Z,1785974873.151,0.004697051846827372,cores,0.004697051846827372,0.4697051846827372,,
whisper-stt,cpu_usage,whisper-stt,whisper-openai-68966786fb-jsb5d,2026-08-06T01:07:53.151000Z,1785978473.151,0.004603734292071745,cores,0.004603734292071745,0.4603734292071745,,
whisper-stt,cpu_usage,whisper-stt,whisper-openai-68966786fb-jsb5d,2026-08-06T02:07:53.151000Z,1785982073.151,0.004636475234658677,cores,0.004636475234658677,0.46364752346586774,,
whisper-stt,cpu_usage,whisper-stt,whisper-openai-68966786fb-jsb5d,2026-08-06T03:07:53.151000Z,1785985673.151,0.004513905458327659,cores,0.004513905458327659,0.45139054583276594,,
whisper-stt,cpu_usage,whisper-stt,whisper-openai-68966786fb-jsb5d,2026-08-06T04:07:53.151000Z,1785989273.151,0.004577726234435082,cores,0.004577726234435082,0.4577726234435082,,
whisper-stt,cpu_usage,whisper-stt,whisper-openai-68966786fb-jsb5d,2026-08-06T05:07:53.151000Z,1785992873.151,0.004593854608689761,cores,0.004593854608689761,0.4593854608689761,,
whisper-stt,cpu_usage,whisper-stt,whisper-openai-68966786fb-jsb5d,2026-08-06T06:07:53.151000Z,1785996473.151,0.004639144288950071,cores,0.004639144288950071,0.4639144288950071,,
whisper-stt,cpu_usage,whisper-stt,whisper-openai-68966786fb-jsb5d,2026-08-06T07:07:53.151000Z,1786000073.151,0.00464354450268376,cores,0.00464354450268376,0.464354450268376,,
whisper-stt,cpu_usage,whisper-stt,whisper-openai-68966786fb-jsb5d,2026-08-06T08:07:53.151000Z,1786003673.151,0.004558846895141031,cores,0.004558846895141031,0.4558846895141031,,
whisper-stt,cpu_usage,whisper-stt,whisper-openai-68966786fb-jsb5d,2026-08-06T09:07:53.151000Z,1786007273.151,0.004542650838327914,cores,0.004542650838327914,0.45426508383279135,,
whisper-stt,cpu_usage,whisper-stt,whisper-openai-68966786fb-jsb5d,2026-08-06T10:07:53.151000Z,1786010873.151,0.004597765104594372,cores,0.004597765104594372,0.45977651045943724,,
whisper-stt,cpu_usage,whisper-stt,whisper-openai-68966786fb-jsb5d,2026-08-06T11:07:53.151000Z,1786014473.151,0.004363517456125522,cores,0.004363517456125522,0.4363517456125522,,
whisper-stt,cpu_usage,whisper-stt,whisper-openai-68966786fb-jsb5d,2026-08-06T12:07:53.151000Z,1786018073.151,0.004485509354550602,cores,0.004485509354550602,0.4485509354550602,,
whisper-stt,cpu_usage,whisper-stt,whisper-openai-68966786fb-jsb5d,2026-08-06T13:07:53.151000Z,1786021673.151,0.004238851079482344,cores,0.004238851079482344,0.4238851079482344,,
whisper-stt,cpu_usage,whisper-stt,whisper-openai-68966786fb-jsb5d,2026-08-06T14:07:53.151000Z,1786025273.151,0.004536745293298842,cores,0.004536745293298842,0.45367452932988417,,
whisper-stt,cpu_usage,whisper-stt,whisper-openai-68966786fb-jsb5d,2026-08-06T15:07:53.151000Z,1786028873.151,0.004454196808287947,cores,0.004454196808287947,0.4454196808287947,,
whisper-stt,cpu_usage,whisper-stt,whisper-openai-68966786fb-jsb5d,2026-08-06T16:07:53.151000Z,1786032473.151,0.0044581160153225,cores,0.0044581160153225,0.44581160153225,,
whisper-stt,cpu_usage,whisper-stt,whisper-openai-68966786fb-jsb5d,2026-08-06T17:07:53.151000Z,1786036073.151,0.004643984932554977,cores,0.004643984932554977,0.4643984932554977,,
whisper-stt,cpu_usage,whisper-stt,whisper-openai-68966786fb-jsb5d,2026-08-06T18:07:53.151000Z,1786039673.151,0.0044734826875402894,cores,0.0044734826875402894,0.44734826875402894,,
whisper-stt,cpu_usage,whisper-stt,whisper-openai-68966786fb-jsb5d,2026-08-06T19:07:53.151000Z,1786043273.151,0.004555351583247453,cores,0.004555351583247453,0.4555351583247453,,
whisper-stt,cpu_usage,whisper-stt,whisper-openai-68966786fb-jsb5d,2026-08-06T20:07:53.151000Z,1786046873.151,0.004433063501016107,cores,0.004433063501016107,0.44330635010161074,,
whisper-stt,cpu_usage,whisper-stt,whisper-openai-68966786fb-jsb5d,2026-08-06T21:07:53.151000Z,1786050473.151,0.004633592998790453,cores,0.004633592998790453,0.4633592998790453,,
whisper-stt,cpu_usage,whisper-stt,whisper-openai-68966786fb-jsb5d,2026-08-06T22:07:53.151000Z,1786054073.151,0.004496959209608286,cores,0.004496959209608286,0.44969592096082855,,
whisper-stt,cpu_usage,whisper-stt,whisper-openai-68966786fb-jsb5d,2026-08-06T23:07:53.151000Z,1786057673.151,0.004513672270613168,cores,0.004513672270613168,0.4513672270613168,,
whisper-stt,cpu_usage,whisper-stt,whisper-openai-68966786fb-jsb5d,2026-08-07T00:07:53.151000Z,1786061273.151,0.004690277546719091,cores,0.004690277546719091,0.46902775467190905,,
whisper-stt,cpu_usage,whisper-stt,whisper-openai-68966786fb-jsb5d,2026-08-07T01:07:53.151000Z,1786064873.151,0.004524277930983015,cores,0.004524277930983015,0.4524277930983015,,
whisper-stt,cpu_usage,whisper-stt,whisper-openai-68966786fb-jsb5d,2026-08-07T02:07:53.151000Z,1786068473.151,0.004387080325085348,cores,0.004387080325085348,0.4387080325085348,,
whisper-stt,cpu_usage,whisper-stt,whisper-openai-68966786fb-jsb5d,2026-08-07T03:07:53.151000Z,1786072073.151,0.004528122004049534,cores,0.004528122004049534,0.4528122004049534,,
whisper-stt,cpu_usage,whisper-stt,whisper-openai-68966786fb-jsb5d,2026-08-07T04:07:53.151000Z,1786075673.151,0.004444446736950031,cores,0.004444446736950031,0.44444467369500307,,
whisper-stt,cpu_usage,whisper-stt,whisper-openai-68966786fb-jsb5d,2026-08-07T05:07:53.151000Z,1786079273.151,0.004237843103799393,cores,0.004237843103799393,0.42378431037993936,,
whisper-stt,cpu_usage,whisper-stt,whisper-openai-68966786fb-jsb5d,2026-08-07T06:07:53.151000Z,1786082873.151,0.004305448415553346,cores,0.004305448415553346,0.4305448415553346,,
whisper-stt,cpu_usage,whisper-stt,whisper-openai-68966786fb-jsb5d,2026-08-07T07:07:53.151000Z,1786086473.151,0.004201126847406241,cores,0.004201126847406241,0.4201126847406241,,
whisper-stt,cpu_usage,whisper-stt,whisper-openai-68966786fb-jsb5d,2026-08-07T08:07:53.151000Z,1786090073.151,0.004492229879941943,cores,0.004492229879941943,0.44922298799419424,,
whisper-stt,cpu_usage,whisper-stt,whisper-openai-68966786fb-jsb5d,2026-08-07T09:07:53.151000Z,1786093673.151,0.004342463018236744,cores,0.004342463018236744,0.4342463018236744,,
whisper-stt,cpu_usage,whisper-stt,whisper-openai-68966786fb-jsb5d,2026-08-07T10:07:53.151000Z,1786097273.151,0.004155055235732137,cores,0.004155055235732137,0.41550552357321374,,
whisper-stt,cpu_usage,whisper-stt,whisper-openai-68966786fb-jsb5d,2026-08-07T11:07:53.151000Z,1786100873.151,0.004604630884800772,cores,0.004604630884800772,0.46046308848007717,,
whisper-stt,cpu_usage,whisper-stt,whisper-openai-68966786fb-jsb5d,2026-08-07T12:07:53.151000Z,1786104473.151,0.004478951519141137,cores,0.004478951519141137,0.4478951519141137,,
whisper-stt,cpu_usage,whisper-stt,whisper-openai-68966786fb-jsb5d,2026-08-07T13:07:53.151000Z,1786108073.151,0.0044001094345167795,cores,0.0044001094345167795,0.44001094345167796,,
whisper-stt,cpu_usage,whisper-stt,whisper-openai-68966786fb-jsb5d,2026-08-07T14:07:53.151000Z,1786111673.151,0.004624326957229557,cores,0.004624326957229557,0.46243269572295564,,
whisper-stt,cpu_usage,whisper-stt,whisper-openai-68966786fb-jsb5d,2026-08-07T15:07:53.151000Z,1786115273.151,0.004590263814838854,cores,0.004590263814838854,0.4590263814838854,,
whisper-stt,cpu_usage,whisper-stt,whisper-openai-68966786fb-jsb5d,2026-08-07T16:07:53.151000Z,1786118873.151,0.004563266566056499,cores,0.004563266566056499,0.4563266566056499,,
whisper-stt,cpu_usage,whisper-stt,whisper-openai-68966786fb-jsb5d,2026-08-07T17:07:53.151000Z,1786122473.151,0.0045374683658879955,cores,0.0045374683658879955,0.45374683658879955,,
whisper-stt,cpu_usage,whisper-stt,whisper-openai-68966786fb-jsb5d,2026-08-07T18:07:53.151000Z,1786126073.151,0.0044515689801302724,cores,0.0044515689801302724,0.44515689801302727,,
whisper-stt,cpu_usage,whisper-stt,whisper-openai-68966786fb-jsb5d,2026-08-07T19:07:53.151000Z,1786129673.151,0.004559314129319283,cores,0.004559314129319283,0.4559314129319283,,
whisper-stt,cpu_usage,whisper-stt,whisper-openai-68966786fb-jsb5d,2026-08-07T20:07:53.151000Z,1786133273.151,0.004533211158048453,cores,0.004533211158048453,0.45332111580484535,,
whisper-stt,cpu_usage,whisper-stt,whisper-openai-68966786fb-jsb5d,2026-08-07T21:07:53.151000Z,1786136873.151,0.004606841460139339,cores,0.004606841460139339,0.4606841460139339,,
whisper-stt,cpu_usage,whisper-stt,whisper-openai-68966786fb-jsb5d,2026-08-07T22:07:53.151000Z,1786140473.151,0.004631957417321629,cores,0.004631957417321629,0.46319574173216294,,
whisper-stt,cpu_usage,whisper-stt,whisper-openai-68966786fb-jsb5d,2026-08-07T23:07:53.151000Z,1786144073.151,0.00442366017395198,cores,0.00442366017395198,0.442366017395198,,
whisper-stt,cpu_usage,whisper-stt,whisper-openai-68966786fb-jsb5d,2026-08-08T00:07:53.151000Z,1786147673.151,0.004526401119648202,cores,0.004526401119648202,0.45264011196482024,,
whisper-stt,cpu_usage,whisper-stt,whisper-openai-68966786fb-jsb5d,2026-08-08T01:07:53.151000Z,1786151273.151,0.0045193461914266675,cores,0.0045193461914266675,0.45193461914266675,,
whisper-stt,cpu_usage,whisper-stt,whisper-openai-68966786fb-jsb5d,2026-08-08T02:07:53.151000Z,1786154873.151,0.004369186259408266,cores,0.004369186259408266,0.43691862594082664,,
whisper-stt,cpu_usage,whisper-stt,whisper-openai-68966786fb-jsb5d,2026-08-08T03:07:53.151000Z,1786158473.151,0.004319866877483524,cores,0.004319866877483524,0.43198668774835236,,
whisper-stt,cpu_usage,whisper-stt,whisper-openai-68966786fb-jsb5d,2026-08-08T04:07:53.151000Z,1786162073.151,0.004099872524202455,cores,0.004099872524202455,0.4099872524202455,,
whisper-stt,cpu_usage,whisper-stt,whisper-openai-68966786fb-jsb5d,2026-08-08T05:07:53.151000Z,1786165673.151,0.004417769389928127,cores,0.004417769389928127,0.44177693899281273,,
whisper-stt,cpu_usage,whisper-stt,whisper-openai-68966786fb-jsb5d,2026-08-08T06:07:53.151000Z,1786169273.151,0.0043677106623587715,cores,0.0043677106623587715,0.43677106623587714,,
whisper-stt,cpu_usage,whisper-stt,whisper-openai-68966786fb-jsb5d,2026-08-08T07:07:53.151000Z,1786172873.151,0.004430692282460152,cores,0.004430692282460152,0.44306922824601513,,
whisper-stt,cpu_usage,whisper-stt,whisper-openai-68966786fb-jsb5d,2026-08-08T08:07:53.151000Z,1786176473.151,0.004566399753389085,cores,0.004566399753389085,0.4566399753389085,,
whisper-stt,cpu_usage,whisper-stt,whisper-openai-68966786fb-jsb5d,2026-08-08T09:07:53.151000Z,1786180073.151,0.004478008510585651,cores,0.004478008510585651,0.44780085105856515,,
whisper-stt,cpu_usage,whisper-stt,whisper-openai-68966786fb-jsb5d,2026-08-08T10:07:53.151000Z,1786183673.151,0.0042894425421343306,cores,0.0042894425421343306,0.4289442542134331,,
whisper-stt,cpu_usage,whisper-stt,whisper-openai-68966786fb-jsb5d,2026-08-08T11:07:53.151000Z,1786187273.151,0.004442749712908759,cores,0.004442749712908759,0.4442749712908759,,
whisper-stt,cpu_usage,whisper-stt,whisper-openai-68966786fb-jsb5d,2026-08-08T12:07:53.151000Z,1786190873.151,0.0043964190185075205,cores,0.0043964190185075205,0.439641901850752,,
whisper-stt,cpu_usage,whisper-stt,whisper-openai-68966786fb-jsb5d,2026-08-08T13:07:53.151000Z,1786194473.151,0.0044382409152049175,cores,0.0044382409152049175,0.44382409152049174,,
whisper-stt,cpu_usage,whisper-stt,whisper-openai-68966786fb-jsb5d,2026-08-08T14:07:53.151000Z,1786198073.151,0.00444842378918297,cores,0.00444842378918297,0.444842378918297,,
whisper-stt,cpu_usage,whisper-stt,whisper-openai-68966786fb-jsb5d,2026-08-08T15:07:53.151000Z,1786201673.151,0.004087575336439989,cores,0.004087575336439989,0.4087575336439989,,
whisper-stt,cpu_usage,whisper-stt,whisper-openai-68966786fb-jsb5d,2026-08-08T16:07:53.151000Z,1786205273.151,0.004477485381161835,cores,0.004477485381161835,0.44774853811618354,,
whisper-stt,cpu_usage,whisper-stt,whisper-openai-68966786fb-jsb5d,2026-08-08T17:07:53.151000Z,1786208873.151,0.004792734605093541,cores,0.004792734605093541,0.4792734605093541,,
whisper-stt,cpu_usage,whisper-stt,whisper-openai-68966786fb-jsb5d,2026-08-08T18:07:53.151000Z,1786212473.151,0.004580761556603682,cores,0.004580761556603682,0.45807615566036813,,
whisper-stt,cpu_usage,whisper-stt,whisper-openai-68966786fb-jsb5d,2026-08-08T19:07:53.151000Z,1786216073.151,0.004654132242943577,cores,0.004654132242943577,0.46541322429435766,,
whisper-stt,cpu_usage,whisper-stt,whisper-openai-68966786fb-jsb5d,2026-08-08T20:07:53.151000Z,1786219673.151,0.004387045505916151,cores,0.004387045505916151,0.4387045505916151,,
whisper-stt,cpu_usage,whisper-stt,whisper-openai-68966786fb-jsb5d,2026-08-08T21:07:53.151000Z,1786223273.151,0.004664513156549979,cores,0.004664513156549979,0.4664513156549979,,
whisper-stt,cpu_usage,whisper-stt,whisper-openai-68966786fb-jsb5d,2026-08-08T22:07:53.151000Z,1786226873.151,0.004611061192761408,cores,0.004611061192761408,0.4611061192761408,,
whisper-stt,cpu_usage,whisper-stt,whisper-openai-68966786fb-jsb5d,2026-08-08T23:07:53.151000Z,1786230473.151,0.004588683476599762,cores,0.004588683476599762,0.4588683476599762,,
whisper-stt,cpu_usage,whisper-stt,whisper-openai-68966786fb-jsb5d,2026-08-09T00:07:53.151000Z,1786234073.151,0.004681977519720605,cores,0.004681977519720605,0.4681977519720605,,
whisper-stt,cpu_usage,whisper-stt,whisper-openai-68966786fb-jsb5d,2026-08-09T01:07:53.151000Z,1786237673.151,0.004706826183131331,cores,0.004706826183131331,0.4706826183131331,,
whisper-stt,cpu_usage,whisper-stt,whisper-openai-68966786fb-jsb5d,2026-08-09T02:07:53.151000Z,1786241273.151,0.004633097365511362,cores,0.004633097365511362,0.46330973655113616,,
whisper-stt,cpu_usage,whisper-stt,whisper-openai-68966786fb-jsb5d,2026-08-09T03:07:53.151000Z,1786244873.151,0.0045213413550153556,cores,0.0045213413550153556,0.4521341355015356,,
whisper-stt,cpu_usage,whisper-stt,whisper-openai-68966786fb-jsb5d,2026-08-09T04:07:53.151000Z,1786248473.151,0.004454890656622694,cores,0.004454890656622694,0.4454890656622694,,
whisper-stt,cpu_usage,whisper-stt,whisper-openai-68966786fb-jsb5d,2026-08-09T05:07:53.151000Z,1786252073.151,0.004573915678417321,cores,0.004573915678417321,0.4573915678417321,,
whisper-stt,cpu_usage,whisper-stt,whisper-openai-68966786fb-jsb5d,2026-08-09T06:07:53.151000Z,1786255673.151,0.004707981781535599,cores,0.004707981781535599,0.4707981781535599,,
whisper-stt,cpu_usage,whisper-stt,whisper-openai-68966786fb-jsb5d,2026-08-09T07:07:53.151000Z,1786259273.151,0.004772522411327628,cores,0.004772522411327628,0.47725224113276277,,
whisper-stt,cpu_usage,whisper-stt,whisper-openai-68966786fb-jsb5d,2026-08-09T08:07:53.151000Z,1786262873.151,0.004611830033967296,cores,0.004611830033967296,0.4611830033967296,,
whisper-stt,cpu_usage,whisper-stt,whisper-openai-68966786fb-jsb5d,2026-08-09T09:07:53.151000Z,1786266473.151,0.004724339089132958,cores,0.004724339089132958,0.4724339089132958,,
whisper-stt,cpu_usage,whisper-stt,whisper-openai-68966786fb-jsb5d,2026-08-09T10:07:53.151000Z,1786270073.151,0.004717488512230229,cores,0.004717488512230229,0.4717488512230229,,
whisper-stt,cpu_usage,whisper-stt,whisper-openai-68966786fb-jsb5d,2026-08-09T11:07:53.151000Z,1786273673.151,0.00452833087357774,cores,0.00452833087357774,0.452833087357774,,
whisper-stt,cpu_usage,whisper-stt,whisper-openai-68966786fb-jsb5d,2026-08-09T12:07:53.151000Z,1786277273.151,0.004611478661327915,cores,0.004611478661327915,0.46114786613279146,,
whisper-stt,cpu_usage,whisper-stt,whisper-openai-68966786fb-jsb5d,2026-08-09T13:07:53.151000Z,1786280873.151,0.0047728592162555586,cores,0.0047728592162555586,0.47728592162555583,,
whisper-stt,cpu_usage,whisper-stt,whisper-openai-68966786fb-jsb5d,2026-08-09T14:07:53.151000Z,1786284473.151,0.004654693295094694,cores,0.004654693295094694,0.4654693295094694,,
whisper-stt,cpu_usage,whisper-stt,whisper-openai-68966786fb-jsb5d,2026-08-09T15:07:53.151000Z,1786288073.151,0.0047353305153082234,cores,0.0047353305153082234,0.47353305153082237,,
whisper-stt,cpu_usage,whisper-stt,whisper-openai-68966786fb-jsb5d,2026-08-09T16:07:53.151000Z,1786291673.151,0.004679428717084258,cores,0.004679428717084258,0.46794287170842574,,
whisper-stt,cpu_usage,whisper-stt,whisper-openai-68966786fb-jsb5d,2026-08-09T17:07:53.151000Z,1786295273.151,0.004694669418937976,cores,0.004694669418937976,0.46946694189379756,,
whisper-stt,cpu_usage,whisper-stt,whisper-openai-68966786fb-jsb5d,2026-08-09T18:07:53.151000Z,1786298873.151,0.004738429035792025,cores,0.004738429035792025,0.47384290357920256,,
whisper-stt,cpu_usage,whisper-stt,whisper-openai-68966786fb-jsb5d,2026-08-09T19:07:53.151000Z,1786302473.151,0.004549086835616905,cores,0.004549086835616905,0.45490868356169045,,
whisper-stt,cpu_usage,whisper-stt,whisper-openai-68966786fb-jsb5d,2026-08-09T20:07:53.151000Z,1786306073.151,0.004609658794974988,cores,0.004609658794974988,0.4609658794974988,,
whisper-stt,cpu_usage,whisper-stt,whisper-openai-68966786fb-jsb5d,2026-08-09T21:07:53.151000Z,1786309673.151,0.004763075841923646,cores,0.004763075841923646,0.4763075841923646,,
whisper-stt,cpu_usage,whisper-stt,whisper-openai-68966786fb-jsb5d,2026-08-09T22:07:53.151000Z,1786313273.151,0.0046936083715000835,cores,0.0046936083715000835,0.46936083715000837,,
whisper-stt,cpu_usage,whisper-stt,whisper-openai-68966786fb-jsb5d,2026-08-09T23:07:53.151000Z,1786316873.151,0.004682752302841872,cores,0.004682752302841872,0.4682752302841872,,
whisper-stt,cpu_usage,whisper-stt,whisper-openai-68966786fb-jsb5d,2026-08-10T00:07:53.151000Z,1786320473.151,0.004722270987926385,cores,0.004722270987926385,0.4722270987926385,,
whisper-stt,cpu_usage,whisper-stt,whisper-openai-68966786fb-jsb5d,2026-08-10T01:07:53.151000Z,1786324073.151,0.004694636662678912,cores,0.004694636662678912,0.4694636662678912,,
whisper-stt,cpu_usage,whisper-stt,whisper-openai-68966786fb-jsb5d,2026-08-10T02:07:53.151000Z,1786327673.151,0.004618528697101603,cores,0.004618528697101603,0.4618528697101603,,
whisper-stt,cpu_usage,whisper-stt,whisper-openai-68966786fb-jsb5d,2026-08-10T03:07:53.151000Z,1786331273.151,0.004065385154086874,cores,0.004065385154086874,0.4065385154086874,,
whisper-stt,cpu_usage,whisper-stt,whisper-openai-68966786fb-jsb5d,2026-08-10T04:07:53.151000Z,1786334873.151,0.0048174778799192405,cores,0.0048174778799192405,0.481747787991924,,
whisper-stt,cpu_usage,whisper-stt,whisper-openai-68966786fb-jsb5d,2026-08-10T05:07:53.151000Z,1786338473.151,0.00463030544565436,cores,0.00463030544565436,0.463030544565436,,
whisper-stt,cpu_usage,whisper-stt,whisper-openai-68966786fb-jsb5d,2026-08-10T06:07:53.151000Z,1786342073.151,0.0047007918890235745,cores,0.0047007918890235745,0.47007918890235745,,
whisper-stt,cpu_usage,whisper-stt,whisper-openai-68966786fb-jsb5d,2026-08-10T07:07:53.151000Z,1786345673.151,0.004784631584096071,cores,0.004784631584096071,0.4784631584096071,,
whisper-stt,cpu_usage,whisper-stt,whisper-openai-68966786fb-jsb5d,2026-08-10T08:07:53.151000Z,1786349273.151,0.004744227881798102,cores,0.004744227881798102,0.47442278817981015,,
whisper-stt,cpu_usage,whisper-stt,whisper-openai-68966786fb-jsb5d,2026-08-10T09:07:53.151000Z,1786352873.151,0.004777372884006445,cores,0.004777372884006445,0.47773728840064444,,
whisper-stt,cpu_usage,whisper-stt,whisper-openai-68966786fb-jsb5d,2026-08-10T10:07:53.151000Z,1786356473.151,0.004787738101926266,cores,0.004787738101926266,0.47877381019262655,,
whisper-stt,cpu_usage,whisper-stt,whisper-openai-68966786fb-jsb5d,2026-08-10T11:07:53.151000Z,1786360073.151,0.0045336812514978906,cores,0.0045336812514978906,0.4533681251497891,,
whisper-stt,cpu_usage,whisper-stt,whisper-openai-68966786fb-jsb5d,2026-08-10T12:07:53.151000Z,1786363673.151,0.004632505839387152,cores,0.004632505839387152,0.4632505839387152,,
whisper-stt,cpu_usage,whisper-stt,whisper-openai-68966786fb-jsb5d,2026-08-10T13:07:53.151000Z,1786367273.151,0.004680255272568515,cores,0.004680255272568515,0.4680255272568515,,
whisper-stt,cpu_usage,whisper-stt,whisper-openai-68966786fb-jsb5d,2026-08-10T14:07:53.151000Z,1786370873.151,0.0045106458021423185,cores,0.0045106458021423185,0.45106458021423185,,
whisper-stt,cpu_usage,whisper-stt,whisper-stt-5b884b75f4-hwczc,2026-08-08T20:07:53.151000Z,1786219673.151,0.00040703357299201696,cores,0.00040703357299201696,0.040703357299201694,,
whisper-stt,cpu_usage,whisper-stt,whisper-stt-847fd8d7b9-mp2kl,2026-08-08T21:07:53.151000Z,1786223273.151,0.0004083711345759686,cores,0.0004083711345759686,0.040837113457596864,,
whisper-stt,cpu_usage,whisper-stt,whisper-stt-847fd8d7b9-mp2kl,2026-08-08T22:07:53.151000Z,1786226873.151,0.0004046794143097076,cores,0.0004046794143097076,0.04046794143097076,,
whisper-stt,cpu_usage,whisper-stt,whisper-stt-847fd8d7b9-mp2kl,2026-08-08T23:07:53.151000Z,1786230473.151,0.000407039253473983,cores,0.000407039253473983,0.0407039253473983,,
whisper-stt,cpu_usage,whisper-stt,whisper-stt-847fd8d7b9-mp2kl,2026-08-09T00:07:53.151000Z,1786234073.151,0.0004173414042533244,cores,0.0004173414042533244,0.04173414042533244,,
whisper-stt,cpu_usage,whisper-stt,whisper-stt-847fd8d7b9-mp2kl,2026-08-09T01:07:53.151000Z,1786237673.151,0.0004486994929394259,cores,0.0004486994929394259,0.04486994929394259,,
whisper-stt,cpu_usage,whisper-stt,whisper-stt-847fd8d7b9-mp2kl,2026-08-09T02:07:53.151000Z,1786241273.151,0.0004345976348428039,cores,0.0004345976348428039,0.04345976348428039,,
whisper-stt,cpu_usage,whisper-stt,whisper-stt-847fd8d7b9-mp2kl,2026-08-09T03:07:53.151000Z,1786244873.151,0.00048104953122808295,cores,0.00048104953122808295,0.0481049531228083,,
whisper-stt,cpu_usage,whisper-stt,whisper-stt-847fd8d7b9-mp2kl,2026-08-09T04:07:53.151000Z,1786248473.151,0.0004587655900699702,cores,0.0004587655900699702,0.04587655900699702,,
whisper-stt,cpu_usage,whisper-stt,whisper-stt-847fd8d7b9-mp2kl,2026-08-09T05:07:53.151000Z,1786252073.151,0.00044473982727064737,cores,0.00044473982727064737,0.04447398272706474,,
whisper-stt,cpu_usage,whisper-stt,whisper-stt-847fd8d7b9-mp2kl,2026-08-09T06:07:53.151000Z,1786255673.151,0.0004263560379551922,cores,0.0004263560379551922,0.04263560379551922,,
whisper-stt,cpu_usage,whisper-stt,whisper-stt-847fd8d7b9-mp2kl,2026-08-09T07:07:53.151000Z,1786259273.151,0.00044247101303356343,cores,0.00044247101303356343,0.044247101303356344,,
whisper-stt,cpu_usage,whisper-stt,whisper-stt-847fd8d7b9-mp2kl,2026-08-09T08:07:53.151000Z,1786262873.151,0.0004503817586510098,cores,0.0004503817586510098,0.045038175865100984,,
whisper-stt,cpu_usage,whisper-stt,whisper-stt-847fd8d7b9-mp2kl,2026-08-09T09:07:53.151000Z,1786266473.151,0.00044888508915797614,cores,0.00044888508915797614,0.04488850891579761,,
whisper-stt,cpu_usage,whisper-stt,whisper-stt-847fd8d7b9-mp2kl,2026-08-09T10:07:53.151000Z,1786270073.151,0.00045616595064972693,cores,0.00045616595064972693,0.04561659506497269,,
whisper-stt,cpu_usage,whisper-stt,whisper-stt-847fd8d7b9-mp2kl,2026-08-09T11:07:53.151000Z,1786273673.151,0.0004406592878427966,cores,0.0004406592878427966,0.04406592878427966,,
whisper-stt,cpu_usage,whisper-stt,whisper-stt-847fd8d7b9-mp2kl,2026-08-09T12:07:53.151000Z,1786277273.151,0.0004480571167529494,cores,0.0004480571167529494,0.04480571167529494,,
whisper-stt,cpu_usage,whisper-stt,whisper-stt-847fd8d7b9-mp2kl,2026-08-09T13:07:53.151000Z,1786280873.151,0.00039991633549467035,cores,0.00039991633549467035,0.03999163354946703,,
whisper-stt,cpu_usage,whisper-stt,whisper-stt-847fd8d7b9-mp2kl,2026-08-09T14:07:53.151000Z,1786284473.151,0.00044202823841463836,cores,0.00044202823841463836,0.04420282384146384,,
whisper-stt,cpu_usage,whisper-stt,whisper-stt-847fd8d7b9-mp2kl,2026-08-09T15:07:53.151000Z,1786288073.151,0.00043960605428047605,cores,0.00043960605428047605,0.043960605428047604,,
whisper-stt,cpu_usage,whisper-stt,whisper-stt-847fd8d7b9-mp2kl,2026-08-09T16:07:53.151000Z,1786291673.151,0.00048232961708302274,cores,0.00048232961708302274,0.048232961708302276,,
whisper-stt,cpu_usage,whisper-stt,whisper-stt-847fd8d7b9-mp2kl,2026-08-09T17:07:53.151000Z,1786295273.151,0.0004030760781939293,cores,0.0004030760781939293,0.04030760781939293,,
whisper-stt,cpu_usage,whisper-stt,whisper-stt-847fd8d7b9-mp2kl,2026-08-09T18:07:53.151000Z,1786298873.151,0.0004466198493950452,cores,0.0004466198493950452,0.044661984939504525,,
whisper-stt,cpu_usage,whisper-stt,whisper-stt-847fd8d7b9-mp2kl,2026-08-09T19:07:53.151000Z,1786302473.151,0.0003502217831156806,cores,0.0003502217831156806,0.03502217831156806,,
whisper-stt,cpu_usage,whisper-stt,whisper-stt-847fd8d7b9-mp2kl,2026-08-09T20:07:53.151000Z,1786306073.151,0.0004615415305045579,cores,0.0004615415305045579,0.04615415305045579,,
whisper-stt,cpu_usage,whisper-stt,whisper-stt-847fd8d7b9-mp2kl,2026-08-09T21:07:53.151000Z,1786309673.151,0.00041205524685576503,cores,0.00041205524685576503,0.041205524685576506,,
whisper-stt,cpu_usage,whisper-stt,whisper-stt-847fd8d7b9-mp2kl,2026-08-09T22:07:53.151000Z,1786313273.151,0.0004757216096636145,cores,0.0004757216096636145,0.04757216096636145,,
whisper-stt,cpu_usage,whisper-stt,whisper-stt-847fd8d7b9-mp2kl,2026-08-09T23:07:53.151000Z,1786316873.151,0.0004180182028489292,cores,0.0004180182028489292,0.04180182028489292,,
whisper-stt,cpu_usage,whisper-stt,whisper-stt-847fd8d7b9-mp2kl,2026-08-10T00:07:53.151000Z,1786320473.151,0.0004583643043727501,cores,0.0004583643043727501,0.04583643043727501,,
whisper-stt,cpu_usage,whisper-stt,whisper-stt-847fd8d7b9-mp2kl,2026-08-10T01:07:53.151000Z,1786324073.151,0.0003791171477079928,cores,0.0003791171477079928,0.03791171477079928,,
whisper-stt,cpu_usage,whisper-stt,whisper-stt-847fd8d7b9-mp2kl,2026-08-10T02:07:53.151000Z,1786327673.151,0.0004450890089451722,cores,0.0004450890089451722,0.04450890089451722,,
whisper-stt,cpu_usage,whisper-stt,whisper-stt-847fd8d7b9-mp2kl,2026-08-10T03:07:53.151000Z,1786331273.151,0.00043065835035395266,cores,0.00043065835035395266,0.04306583503539527,,
whisper-stt,cpu_usage,whisper-stt,whisper-stt-847fd8d7b9-mp2kl,2026-08-10T04:07:53.151000Z,1786334873.151,0.0004074265946957555,cores,0.0004074265946957555,0.040742659469575546,,
whisper-stt,cpu_usage,whisper-stt,whisper-stt-847fd8d7b9-mp2kl,2026-08-10T05:07:53.151000Z,1786338473.151,0.0004248463663220173,cores,0.0004248463663220173,0.04248463663220173,,
whisper-stt,cpu_usage,whisper-stt,whisper-stt-847fd8d7b9-mp2kl,2026-08-10T06:07:53.151000Z,1786342073.151,0.0004222147153160486,cores,0.0004222147153160486,0.04222147153160486,,
whisper-stt,cpu_usage,whisper-stt,whisper-stt-847fd8d7b9-mp2kl,2026-08-10T07:07:53.151000Z,1786345673.151,0.0004378060941828213,cores,0.0004378060941828213,0.04378060941828213,,
whisper-stt,cpu_usage,whisper-stt,whisper-stt-847fd8d7b9-mp2kl,2026-08-10T08:07:53.151000Z,1786349273.151,0.00040214397177556143,cores,0.00040214397177556143,0.04021439717755614,,
whisper-stt,cpu_usage,whisper-stt,whisper-stt-847fd8d7b9-mp2kl,2026-08-10T09:07:53.151000Z,1786352873.151,0.0003950778132277574,cores,0.0003950778132277574,0.03950778132277574,,
whisper-stt,cpu_usage,whisper-stt,whisper-stt-847fd8d7b9-mp2kl,2026-08-10T10:07:53.151000Z,1786356473.151,0.00043223477199915133,cores,0.00043223477199915133,0.043223477199915136,,
whisper-stt,cpu_usage,whisper-stt,whisper-stt-847fd8d7b9-mp2kl,2026-08-10T11:07:53.151000Z,1786360073.151,0.00046269401485117344,cores,0.00046269401485117344,0.046269401485117344,,
whisper-stt,cpu_usage,whisper-stt,whisper-stt-847fd8d7b9-mp2kl,2026-08-10T12:07:53.151000Z,1786363673.151,0.0004036466762792997,cores,0.0004036466762792997,0.04036466762792997,,
whisper-stt,cpu_usage,whisper-stt,whisper-stt-847fd8d7b9-mp2kl,2026-08-10T13:07:53.151000Z,1786367273.151,0.00045046678732055376,cores,0.00045046678732055376,0.045046678732055374,,
whisper-stt,cpu_usage,whisper-stt,whisper-stt-847fd8d7b9-mp2kl,2026-08-10T14:07:53.151000Z,1786370873.151,0.00041360866414201497,cores,0.00041360866414201497,0.041360866414201496,,
whisper-stt,cpu_usage,whisper-stt,whisper-stt-847fd8d7b9-v2rs5,2026-07-31T12:07:53.151000Z,1785499673.151,0.0005626595305359887,cores,0.0005626595305359887,0.05626595305359887,,
whisper-stt,cpu_usage,whisper-stt,whisper-stt-847fd8d7b9-v2rs5,2026-07-31T13:07:53.151000Z,1785503273.151,0.0006053854681638551,cores,0.0006053854681638551,0.060538546816385506,,
whisper-stt,cpu_usage,whisper-stt,whisper-stt-847fd8d7b9-v2rs5,2026-07-31T14:07:53.151000Z,1785506873.151,0.0005751982042769132,cores,0.0005751982042769132,0.05751982042769132,,
whisper-stt,cpu_usage,whisper-stt,whisper-stt-847fd8d7b9-v2rs5,2026-07-31T15:07:53.151000Z,1785510473.151,0.0005407318836531603,cores,0.0005407318836531603,0.054073188365316036,,
whisper-stt,cpu_usage,whisper-stt,whisper-stt-847fd8d7b9-v2rs5,2026-07-31T16:07:53.151000Z,1785514073.151,0.0005817682534515787,cores,0.0005817682534515787,0.05817682534515787,,
whisper-stt,cpu_usage,whisper-stt,whisper-stt-847fd8d7b9-v2rs5,2026-07-31T17:07:53.151000Z,1785517673.151,0.0005548830294459145,cores,0.0005548830294459145,0.05548830294459145,,
whisper-stt,cpu_usage,whisper-stt,whisper-stt-847fd8d7b9-v2rs5,2026-07-31T18:07:53.151000Z,1785521273.151,0.0005694444444460007,cores,0.0005694444444460007,0.056944444444600076,,
whisper-stt,cpu_usage,whisper-stt,whisper-stt-847fd8d7b9-v2rs5,2026-07-31T19:07:53.151000Z,1785524873.151,0.0005608070070781838,cores,0.0005608070070781838,0.056080700707818384,,
whisper-stt,cpu_usage,whisper-stt,whisper-stt-847fd8d7b9-v2rs5,2026-07-31T20:07:53.151000Z,1785528473.151,0.0006044248105499918,cores,0.0006044248105499918,0.06044248105499918,,
whisper-stt,cpu_usage,whisper-stt,whisper-stt-847fd8d7b9-v2rs5,2026-07-31T21:07:53.151000Z,1785532073.151,0.0005544131924439743,cores,0.0005544131924439743,0.05544131924439743,,
whisper-stt,cpu_usage,whisper-stt,whisper-stt-847fd8d7b9-v2rs5,2026-07-31T22:07:53.151000Z,1785535673.151,0.0005733744290220433,cores,0.0005733744290220433,0.057337442902204334,,
whisper-stt,cpu_usage,whisper-stt,whisper-stt-847fd8d7b9-v2rs5,2026-07-31T23:07:53.151000Z,1785539273.151,0.000551929913642762,cores,0.000551929913642762,0.055192991364276196,,
whisper-stt,cpu_usage,whisper-stt,whisper-stt-847fd8d7b9-v2rs5,2026-08-01T00:07:53.151000Z,1785542873.151,0.0006378851327141706,cores,0.0006378851327141706,0.06378851327141706,,
whisper-stt,cpu_usage,whisper-stt,whisper-stt-847fd8d7b9-v2rs5,2026-08-01T01:07:53.151000Z,1785546473.151,0.0006463444663199146,cores,0.0006463444663199146,0.06463444663199146,,
whisper-stt,cpu_usage,whisper-stt,whisper-stt-847fd8d7b9-v2rs5,2026-08-01T02:07:53.151000Z,1785550073.151,0.0006021573509388807,cores,0.0006021573509388807,0.06021573509388807,,
whisper-stt,cpu_usage,whisper-stt,whisper-stt-847fd8d7b9-v2rs5,2026-08-01T03:07:53.151000Z,1785553673.151,0.0006232130663460668,cores,0.0006232130663460668,0.06232130663460669,,
whisper-stt,cpu_usage,whisper-stt,whisper-stt-847fd8d7b9-v2rs5,2026-08-01T04:07:53.151000Z,1785557273.151,0.0006246034419614179,cores,0.0006246034419614179,0.06246034419614179,,
whisper-stt,cpu_usage,whisper-stt,whisper-stt-847fd8d7b9-v2rs5,2026-08-01T05:07:53.151000Z,1785560873.151,0.0006634421829282401,cores,0.0006634421829282401,0.06634421829282401,,
whisper-stt,cpu_usage,whisper-stt,whisper-stt-847fd8d7b9-v2rs5,2026-08-01T06:07:53.151000Z,1785564473.151,0.0006084800474542962,cores,0.0006084800474542962,0.060848004745429625,,
whisper-stt,cpu_usage,whisper-stt,whisper-stt-847fd8d7b9-v2rs5,2026-08-01T07:07:53.151000Z,1785568073.151,0.0006246519765260616,cores,0.0006246519765260616,0.06246519765260616,,
whisper-stt,cpu_usage,whisper-stt,whisper-stt-847fd8d7b9-v2rs5,2026-08-01T08:07:53.151000Z,1785571673.151,0.0005892764242498787,cores,0.0005892764242498787,0.058927642424987874,,
whisper-stt,cpu_usage,whisper-stt,whisper-stt-847fd8d7b9-v2rs5,2026-08-01T09:07:53.151000Z,1785575273.151,0.0006587295862418479,cores,0.0006587295862418479,0.06587295862418478,,
whisper-stt,cpu_usage,whisper-stt,whisper-stt-847fd8d7b9-v2rs5,2026-08-01T10:07:53.151000Z,1785578873.151,0.0006487537405631703,cores,0.0006487537405631703,0.06487537405631703,,
whisper-stt,cpu_usage,whisper-stt,whisper-stt-847fd8d7b9-v2rs5,2026-08-01T11:07:53.151000Z,1785582473.151,0.0006116459462005107,cores,0.0006116459462005107,0.06116459462005107,,
whisper-stt,cpu_usage,whisper-stt,whisper-stt-847fd8d7b9-v2rs5,2026-08-01T12:07:53.151000Z,1785586073.151,0.0007945125072176639,cores,0.0007945125072176639,0.07945125072176638,,
whisper-stt,cpu_usage,whisper-stt,whisper-stt-847fd8d7b9-v2rs5,2026-08-01T13:07:53.151000Z,1785589673.151,0.0006034270995563615,cores,0.0006034270995563615,0.060342709955636155,,
whisper-stt,cpu_usage,whisper-stt,whisper-stt-847fd8d7b9-v2rs5,2026-08-01T14:07:53.151000Z,1785593273.151,0.000637253561414338,cores,0.000637253561414338,0.0637253561414338,,
whisper-stt,cpu_usage,whisper-stt,whisper-stt-847fd8d7b9-v2rs5,2026-08-01T15:07:53.151000Z,1785596873.151,0.0006267483880389544,cores,0.0006267483880389544,0.06267483880389543,,
whisper-stt,cpu_usage,whisper-stt,whisper-stt-847fd8d7b9-v2rs5,2026-08-01T16:07:53.151000Z,1785600473.151,0.0006236310843128846,cores,0.0006236310843128846,0.062363108431288464,,
whisper-stt,cpu_usage,whisper-stt,whisper-stt-847fd8d7b9-v2rs5,2026-08-01T17:07:53.151000Z,1785604073.151,0.0005896591805012471,cores,0.0005896591805012471,0.05896591805012471,,
whisper-stt,cpu_usage,whisper-stt,whisper-stt-847fd8d7b9-v2rs5,2026-08-01T18:07:53.151000Z,1785607673.151,0.0006425944047948041,cores,0.0006425944047948041,0.06425944047948041,,
whisper-stt,cpu_usage,whisper-stt,whisper-stt-847fd8d7b9-v2rs5,2026-08-01T19:07:53.151000Z,1785611273.151,0.0006379159028587565,cores,0.0006379159028587565,0.06379159028587565,,
whisper-stt,cpu_usage,whisper-stt,whisper-stt-847fd8d7b9-v2rs5,2026-08-01T20:07:53.151000Z,1785614873.151,0.0006049248647542647,cores,0.0006049248647542647,0.06049248647542647,,
whisper-stt,cpu_usage,whisper-stt,whisper-stt-847fd8d7b9-v2rs5,2026-08-01T21:07:53.151000Z,1785618473.151,0.0006577218840103282,cores,0.0006577218840103282,0.06577218840103281,,
whisper-stt,cpu_usage,whisper-stt,whisper-stt-847fd8d7b9-v2rs5,2026-08-01T22:07:53.151000Z,1785622073.151,0.0005552360132483991,cores,0.0005552360132483991,0.05552360132483991,,
whisper-stt,cpu_usage,whisper-stt,whisper-stt-847fd8d7b9-v2rs5,2026-08-01T23:07:53.151000Z,1785625673.151,0.000617744516491401,cores,0.000617744516491401,0.061774451649140104,,
whisper-stt,cpu_usage,whisper-stt,whisper-stt-847fd8d7b9-v2rs5,2026-08-02T00:07:53.151000Z,1785629273.151,0.0006036296279662138,cores,0.0006036296279662138,0.06036296279662138,,
whisper-stt,cpu_usage,whisper-stt,whisper-stt-847fd8d7b9-v2rs5,2026-08-02T01:07:53.151000Z,1785632873.151,0.0006164945366737021,cores,0.0006164945366737021,0.06164945366737021,,
whisper-stt,cpu_usage,whisper-stt,whisper-stt-847fd8d7b9-v2rs5,2026-08-02T02:07:53.151000Z,1785636473.151,0.0006019474523541829,cores,0.0006019474523541829,0.06019474523541829,,
whisper-stt,cpu_usage,whisper-stt,whisper-stt-847fd8d7b9-v2rs5,2026-08-02T03:07:53.151000Z,1785640073.151,0.0006753354515603588,cores,0.0006753354515603588,0.06753354515603588,,
whisper-stt,cpu_usage,whisper-stt,whisper-stt-847fd8d7b9-v2rs5,2026-08-02T04:07:53.151000Z,1785643673.151,0.000634527899325697,cores,0.000634527899325697,0.0634527899325697,,
whisper-stt,cpu_usage,whisper-stt,whisper-stt-847fd8d7b9-v2rs5,2026-08-02T05:07:53.151000Z,1785647273.151,0.0005412309086652428,cores,0.0005412309086652428,0.05412309086652428,,
whisper-stt,cpu_usage,whisper-stt,whisper-stt-847fd8d7b9-v2rs5,2026-08-02T06:07:53.151000Z,1785650873.151,0.0005832479756171725,cores,0.0005832479756171725,0.058324797561717254,,
whisper-stt,cpu_usage,whisper-stt,whisper-stt-847fd8d7b9-v2rs5,2026-08-02T07:07:53.151000Z,1785654473.151,0.0006055909129049304,cores,0.0006055909129049304,0.06055909129049304,,
whisper-stt,cpu_usage,whisper-stt,whisper-stt-847fd8d7b9-v2rs5,2026-08-02T08:07:53.151000Z,1785658073.151,0.0008036256953169995,cores,0.0008036256953169995,0.08036256953169994,,
whisper-stt,cpu_usage,whisper-stt,whisper-stt-847fd8d7b9-v2rs5,2026-08-02T09:07:53.151000Z,1785661673.151,0.0006579001188899694,cores,0.0006579001188899694,0.06579001188899694,,
whisper-stt,cpu_usage,whisper-stt,whisper-stt-847fd8d7b9-v2rs5,2026-08-02T10:07:53.151000Z,1785665273.151,0.000656672174480236,cores,0.000656672174480236,0.0656672174480236,,
whisper-stt,cpu_usage,whisper-stt,whisper-stt-847fd8d7b9-v2rs5,2026-08-02T11:07:53.151000Z,1785668873.151,0.0006203053509161481,cores,0.0006203053509161481,0.062030535091614804,,
whisper-stt,cpu_usage,whisper-stt,whisper-stt-847fd8d7b9-v2rs5,2026-08-02T12:07:53.151000Z,1785672473.151,0.0006497581183446606,cores,0.0006497581183446606,0.06497581183446606,,
whisper-stt,cpu_usage,whisper-stt,whisper-stt-847fd8d7b9-v2rs5,2026-08-02T13:07:53.151000Z,1785676073.151,0.0006418663034739069,cores,0.0006418663034739069,0.06418663034739068,,
whisper-stt,cpu_usage,whisper-stt,whisper-stt-847fd8d7b9-v2rs5,2026-08-02T14:07:53.151000Z,1785679673.151,0.0005997971616856507,cores,0.0005997971616856507,0.05997971616856507,,
whisper-stt,cpu_usage,whisper-stt,whisper-stt-847fd8d7b9-v2rs5,2026-08-02T15:07:53.151000Z,1785683273.151,0.0006169708288941488,cores,0.0006169708288941488,0.06169708288941488,,
whisper-stt,cpu_usage,whisper-stt,whisper-stt-847fd8d7b9-v2rs5,2026-08-02T16:07:53.151000Z,1785686873.151,0.000580321368879275,cores,0.000580321368879275,0.058032136887927493,,
whisper-stt,cpu_usage,whisper-stt,whisper-stt-847fd8d7b9-v2rs5,2026-08-02T17:07:53.151000Z,1785690473.151,0.0006265539448067811,cores,0.0006265539448067811,0.06265539448067811,,
whisper-stt,cpu_usage,whisper-stt,whisper-stt-847fd8d7b9-v2rs5,2026-08-02T18:07:53.151000Z,1785694073.151,0.0006441730153974001,cores,0.0006441730153974001,0.06441730153974001,,
whisper-stt,cpu_usage,whisper-stt,whisper-stt-847fd8d7b9-v2rs5,2026-08-02T19:07:53.151000Z,1785697673.151,0.0006253248445705439,cores,0.0006253248445705439,0.0625324844570544,,
whisper-stt,cpu_usage,whisper-stt,whisper-stt-847fd8d7b9-v2rs5,2026-08-02T20:07:53.151000Z,1785701273.151,0.0006088547599045677,cores,0.0006088547599045677,0.06088547599045677,,
whisper-stt,cpu_usage,whisper-stt,whisper-stt-847fd8d7b9-v2rs5,2026-08-02T21:07:53.151000Z,1785704873.151,0.0006448006992846226,cores,0.0006448006992846226,0.06448006992846225,,
whisper-stt,cpu_usage,whisper-stt,whisper-stt-847fd8d7b9-v2rs5,2026-08-02T22:07:53.151000Z,1785708473.151,0.0006327369577022514,cores,0.0006327369577022514,0.06327369577022514,,
whisper-stt,cpu_usage,whisper-stt,whisper-stt-847fd8d7b9-v2rs5,2026-08-02T23:07:53.151000Z,1785712073.151,0.0006001020517126913,cores,0.0006001020517126913,0.060010205171269135,,
whisper-stt,cpu_usage,whisper-stt,whisper-stt-847fd8d7b9-v2rs5,2026-08-03T00:07:53.151000Z,1785715673.151,0.0006641323616197078,cores,0.0006641323616197078,0.06641323616197078,,
whisper-stt,cpu_usage,whisper-stt,whisper-stt-847fd8d7b9-v2rs5,2026-08-03T01:07:53.151000Z,1785719273.151,0.0005840351217000754,cores,0.0005840351217000754,0.058403512170007534,,
whisper-stt,cpu_usage,whisper-stt,whisper-stt-847fd8d7b9-v2rs5,2026-08-03T02:07:53.151000Z,1785722873.151,0.0006189460575456958,cores,0.0006189460575456958,0.061894605754569586,,
whisper-stt,cpu_usage,whisper-stt,whisper-stt-847fd8d7b9-v2rs5,2026-08-03T03:07:53.151000Z,1785726473.151,0.0006118325162578871,cores,0.0006118325162578871,0.061183251625788714,,
whisper-stt,cpu_usage,whisper-stt,whisper-stt-847fd8d7b9-v2rs5,2026-08-03T04:07:53.151000Z,1785730073.151,0.0006452919398761888,cores,0.0006452919398761888,0.06452919398761887,,
whisper-stt,cpu_usage,whisper-stt,whisper-stt-847fd8d7b9-v2rs5,2026-08-03T05:07:53.151000Z,1785733673.151,0.0006366944578571012,cores,0.0006366944578571012,0.06366944578571013,,
whisper-stt,cpu_usage,whisper-stt,whisper-stt-847fd8d7b9-v2rs5,2026-08-03T06:07:53.151000Z,1785737273.151,0.0005989037915344456,cores,0.0005989037915344456,0.05989037915344456,,
whisper-stt,cpu_usage,whisper-stt,whisper-stt-847fd8d7b9-v2rs5,2026-08-03T07:07:53.151000Z,1785740873.151,0.0006158682996790112,cores,0.0006158682996790112,0.06158682996790112,,
whisper-stt,cpu_usage,whisper-stt,whisper-stt-847fd8d7b9-v2rs5,2026-08-03T08:07:53.151000Z,1785744473.151,0.0005827459864496514,cores,0.0005827459864496514,0.05827459864496514,,
whisper-stt,cpu_usage,whisper-stt,whisper-stt-847fd8d7b9-v2rs5,2026-08-03T09:07:53.151000Z,1785748073.151,0.0006156699590918387,cores,0.0006156699590918387,0.06156699590918387,,
whisper-stt,cpu_usage,whisper-stt,whisper-stt-847fd8d7b9-v2rs5,2026-08-03T10:07:53.151000Z,1785751673.151,0.0006280190153273796,cores,0.0006280190153273796,0.06280190153273796,,
whisper-stt,cpu_usage,whisper-stt,whisper-stt-847fd8d7b9-v2rs5,2026-08-03T11:07:53.151000Z,1785755273.151,0.000628503242075915,cores,0.000628503242075915,0.0628503242075915,,
whisper-stt,cpu_usage,whisper-stt,whisper-stt-847fd8d7b9-v2rs5,2026-08-03T12:07:53.151000Z,1785758873.151,0.0006158087233373834,cores,0.0006158087233373834,0.06158087233373834,,
whisper-stt,cpu_usage,whisper-stt,whisper-stt-847fd8d7b9-v2rs5,2026-08-03T13:07:53.151000Z,1785762473.151,0.0006518623896491834,cores,0.0006518623896491834,0.06518623896491833,,
whisper-stt,cpu_usage,whisper-stt,whisper-stt-847fd8d7b9-v2rs5,2026-08-03T14:07:53.151000Z,1785766073.151,0.0006600513125078488,cores,0.0006600513125078488,0.06600513125078489,,
whisper-stt,cpu_usage,whisper-stt,whisper-stt-847fd8d7b9-v2rs5,2026-08-03T15:07:53.151000Z,1785769673.151,0.0005857680600433241,cores,0.0005857680600433241,0.05857680600433241,,
whisper-stt,cpu_usage,whisper-stt,whisper-stt-847fd8d7b9-v2rs5,2026-08-03T16:07:53.151000Z,1785773273.151,0.000674916717680462,cores,0.000674916717680462,0.0674916717680462,,
whisper-stt,cpu_usage,whisper-stt,whisper-stt-847fd8d7b9-v2rs5,2026-08-03T17:07:53.151000Z,1785776873.151,0.0006050926975666052,cores,0.0006050926975666052,0.060509269756660516,,
whisper-stt,cpu_usage,whisper-stt,whisper-stt-847fd8d7b9-v2rs5,2026-08-03T18:07:53.151000Z,1785780473.151,0.0006059259826403102,cores,0.0006059259826403102,0.06059259826403102,,
whisper-stt,cpu_usage,whisper-stt,whisper-stt-847fd8d7b9-v2rs5,2026-08-03T19:07:53.151000Z,1785784073.151,0.0006194327242350962,cores,0.0006194327242350962,0.061943272423509624,,
whisper-stt,cpu_usage,whisper-stt,whisper-stt-847fd8d7b9-v2rs5,2026-08-03T20:07:53.151000Z,1785787673.151,0.0006383112277368758,cores,0.0006383112277368758,0.06383112277368758,,
whisper-stt,cpu_usage,whisper-stt,whisper-stt-847fd8d7b9-v2rs5,2026-08-03T21:07:53.151000Z,1785791273.151,0.0006754090038682574,cores,0.0006754090038682574,0.06754090038682574,,
whisper-stt,cpu_usage,whisper-stt,whisper-stt-847fd8d7b9-v2rs5,2026-08-03T22:07:53.151000Z,1785794873.151,0.0006349243380099038,cores,0.0006349243380099038,0.06349243380099039,,
whisper-stt,cpu_usage,whisper-stt,whisper-stt-847fd8d7b9-v2rs5,2026-08-03T23:07:53.151000Z,1785798473.151,0.0006361889688894371,cores,0.0006361889688894371,0.0636188968889437,,
whisper-stt,cpu_usage,whisper-stt,whisper-stt-847fd8d7b9-v2rs5,2026-08-04T00:07:53.151000Z,1785802073.151,0.0005971402778006978,cores,0.0005971402778006978,0.05971402778006978,,
whisper-stt,cpu_usage,whisper-stt,whisper-stt-847fd8d7b9-v2rs5,2026-08-04T01:07:53.151000Z,1785805673.151,0.0006259278511298283,cores,0.0006259278511298283,0.06259278511298283,,
whisper-stt,cpu_usage,whisper-stt,whisper-stt-847fd8d7b9-v2rs5,2026-08-04T02:07:53.151000Z,1785809273.151,0.0006203307481587849,cores,0.0006203307481587849,0.06203307481587849,,
whisper-stt,cpu_usage,whisper-stt,whisper-stt-847fd8d7b9-v2rs5,2026-08-04T03:07:53.151000Z,1785812873.151,0.0006439401742392363,cores,0.0006439401742392363,0.06439401742392363,,
whisper-stt,cpu_usage,whisper-stt,whisper-stt-847fd8d7b9-v2rs5,2026-08-04T04:07:53.151000Z,1785816473.151,0.0005330370586765083,cores,0.0005330370586765083,0.05330370586765083,,
whisper-stt,cpu_usage,whisper-stt,whisper-stt-847fd8d7b9-v2rs5,2026-08-04T05:07:53.151000Z,1785820073.151,0.0006261184389566774,cores,0.0006261184389566774,0.06261184389566773,,
whisper-stt,cpu_usage,whisper-stt,whisper-stt-847fd8d7b9-v2rs5,2026-08-04T06:07:53.151000Z,1785823673.151,0.0006730983161424754,cores,0.0006730983161424754,0.06730983161424754,,
whisper-stt,cpu_usage,whisper-stt,whisper-stt-847fd8d7b9-v2rs5,2026-08-04T07:07:53.151000Z,1785827273.151,0.0006179906828688626,cores,0.0006179906828688626,0.061799068286886256,,
whisper-stt,cpu_usage,whisper-stt,whisper-stt-847fd8d7b9-v2rs5,2026-08-04T08:07:53.151000Z,1785830873.151,0.0006668334818586915,cores,0.0006668334818586915,0.06668334818586916,,
whisper-stt,cpu_usage,whisper-stt,whisper-stt-847fd8d7b9-v2rs5,2026-08-04T09:07:53.151000Z,1785834473.151,0.0006211783025963731,cores,0.0006211783025963731,0.06211783025963731,,
whisper-stt,cpu_usage,whisper-stt,whisper-stt-847fd8d7b9-v2rs5,2026-08-04T10:07:53.151000Z,1785838073.151,0.0006430768017949766,cores,0.0006430768017949766,0.06430768017949766,,
whisper-stt,cpu_usage,whisper-stt,whisper-stt-847fd8d7b9-v2rs5,2026-08-04T11:07:53.151000Z,1785841673.151,0.0006327969375408476,cores,0.0006327969375408476,0.06327969375408476,,
whisper-stt,cpu_usage,whisper-stt,whisper-stt-847fd8d7b9-v2rs5,2026-08-04T12:07:53.151000Z,1785845273.151,0.0006243204438243957,cores,0.0006243204438243957,0.062432044382439565,,
whisper-stt,cpu_usage,whisper-stt,whisper-stt-847fd8d7b9-v2rs5,2026-08-04T13:07:53.151000Z,1785848873.151,0.0006049189589917956,cores,0.0006049189589917956,0.060491895899179554,,
whisper-stt,cpu_usage,whisper-stt,whisper-stt-847fd8d7b9-v2rs5,2026-08-04T14:07:53.151000Z,1785852473.151,0.0006746793525611683,cores,0.0006746793525611683,0.06746793525611683,,
whisper-stt,cpu_usage,whisper-stt,whisper-stt-847fd8d7b9-v2rs5,2026-08-04T15:07:53.151000Z,1785856073.151,0.0006454267648026141,cores,0.0006454267648026141,0.06454267648026141,,
whisper-stt,cpu_usage,whisper-stt,whisper-stt-847fd8d7b9-v2rs5,2026-08-04T16:07:53.151000Z,1785859673.151,0.0005930402866983891,cores,0.0005930402866983891,0.05930402866983891,,
whisper-stt,cpu_usage,whisper-stt,whisper-stt-847fd8d7b9-v2rs5,2026-08-04T17:07:53.151000Z,1785863273.151,0.0006151662504926997,cores,0.0006151662504926997,0.06151662504926997,,
whisper-stt,cpu_usage,whisper-stt,whisper-stt-847fd8d7b9-v2rs5,2026-08-04T18:07:53.151000Z,1785866873.151,3.4474533921754675,cores,3.4474533921754675,344.74533921754676,,
whisper-stt,cpu_usage,whisper-stt,whisper-stt-847fd8d7b9-v2rs5,2026-08-04T19:07:53.151000Z,1785870473.151,0.000645389754263766,cores,0.000645389754263766,0.0645389754263766,,
whisper-stt,cpu_usage,whisper-stt,whisper-stt-847fd8d7b9-v2rs5,2026-08-04T20:07:53.151000Z,1785874073.151,0.000649260698488883,cores,0.000649260698488883,0.0649260698488883,,
whisper-stt,cpu_usage,whisper-stt,whisper-stt-847fd8d7b9-v2rs5,2026-08-04T21:07:53.151000Z,1785877673.151,0.0006598560095733124,cores,0.0006598560095733124,0.06598560095733125,,
whisper-stt,cpu_usage,whisper-stt,whisper-stt-847fd8d7b9-v2rs5,2026-08-04T22:07:53.151000Z,1785881273.151,0.0006266088861956818,cores,0.0006266088861956818,0.06266088861956817,,
whisper-stt,cpu_usage,whisper-stt,whisper-stt-847fd8d7b9-v2rs5,2026-08-04T23:07:53.151000Z,1785884873.151,0.0005998741763947757,cores,0.0005998741763947757,0.05998741763947756,,
whisper-stt,cpu_usage,whisper-stt,whisper-stt-847fd8d7b9-v2rs5,2026-08-05T00:07:53.151000Z,1785888473.151,0.00055622234301741,cores,0.00055622234301741,0.05562223430174101,,
whisper-stt,cpu_usage,whisper-stt,whisper-stt-847fd8d7b9-v2rs5,2026-08-05T01:07:53.151000Z,1785892073.151,0.0005354083708427321,cores,0.0005354083708427321,0.05354083708427321,,
whisper-stt,cpu_usage,whisper-stt,whisper-stt-847fd8d7b9-v2rs5,2026-08-05T02:07:53.151000Z,1785895673.151,0.000574605017196831,cores,0.000574605017196831,0.0574605017196831,,
whisper-stt,cpu_usage,whisper-stt,whisper-stt-847fd8d7b9-v2rs5,2026-08-05T03:07:53.151000Z,1785899273.151,0.0004991168110444979,cores,0.0004991168110444979,0.04991168110444979,,
whisper-stt,cpu_usage,whisper-stt,whisper-stt-847fd8d7b9-v2rs5,2026-08-05T04:07:53.151000Z,1785902873.151,0.0005266750312082452,cores,0.0005266750312082452,0.05266750312082452,,
whisper-stt,cpu_usage,whisper-stt,whisper-stt-847fd8d7b9-v2rs5,2026-08-05T05:07:53.151000Z,1785906473.151,0.0004970780734516925,cores,0.0004970780734516925,0.049707807345169254,,
whisper-stt,cpu_usage,whisper-stt,whisper-stt-847fd8d7b9-v2rs5,2026-08-05T06:07:53.151000Z,1785910073.151,0.0005598047251706921,cores,0.0005598047251706921,0.0559804725170692,,
whisper-stt,cpu_usage,whisper-stt,whisper-stt-847fd8d7b9-v2rs5,2026-08-05T07:07:53.151000Z,1785913673.151,0.0005774967862940281,cores,0.0005774967862940281,0.057749678629402806,,
whisper-stt,cpu_usage,whisper-stt,whisper-stt-847fd8d7b9-v2rs5,2026-08-05T08:07:53.151000Z,1785917273.151,0.0005123568497651551,cores,0.0005123568497651551,0.05123568497651551,,
whisper-stt,cpu_usage,whisper-stt,whisper-stt-847fd8d7b9-v2rs5,2026-08-05T09:07:53.151000Z,1785920873.151,0.0005544431579922635,cores,0.0005544431579922635,0.05544431579922635,,
whisper-stt,cpu_usage,whisper-stt,whisper-stt-847fd8d7b9-v2rs5,2026-08-05T10:07:53.151000Z,1785924473.151,0.0005001056925958423,cores,0.0005001056925958423,0.05001056925958423,,
whisper-stt,cpu_usage,whisper-stt,whisper-stt-847fd8d7b9-v2rs5,2026-08-05T11:07:53.151000Z,1785928073.151,0.0005192357921251054,cores,0.0005192357921251054,0.051923579212510534,,
whisper-stt,cpu_usage,whisper-stt,whisper-stt-847fd8d7b9-v2rs5,2026-08-05T12:07:53.151000Z,1785931673.151,0.0005268606173619361,cores,0.0005268606173619361,0.052686061736193605,,
whisper-stt,cpu_usage,whisper-stt,whisper-stt-847fd8d7b9-v2rs5,2026-08-05T13:07:53.151000Z,1785935273.151,0.0005208150988462567,cores,0.0005208150988462567,0.05208150988462567,,
whisper-stt,cpu_usage,whisper-stt,whisper-stt-847fd8d7b9-v2rs5,2026-08-05T14:07:53.151000Z,1785938873.151,0.0005086660740272167,cores,0.0005086660740272167,0.05086660740272167,,
whisper-stt,cpu_usage,whisper-stt,whisper-stt-847fd8d7b9-v2rs5,2026-08-05T15:07:53.151000Z,1785942473.151,0.0005170657122681994,cores,0.0005170657122681994,0.051706571226819945,,
whisper-stt,cpu_usage,whisper-stt,whisper-stt-847fd8d7b9-v2rs5,2026-08-05T16:07:53.151000Z,1785946073.151,0.0005465489682105458,cores,0.0005465489682105458,0.05465489682105458,,
whisper-stt,cpu_usage,whisper-stt,whisper-stt-847fd8d7b9-v2rs5,2026-08-05T17:07:53.151000Z,1785949673.151,0.0004435363541520457,cores,0.0004435363541520457,0.04435363541520457,,
whisper-stt,cpu_usage,whisper-stt,whisper-stt-847fd8d7b9-v2rs5,2026-08-05T18:07:53.151000Z,1785953273.151,0.0005549304557254676,cores,0.0005549304557254676,0.05549304557254676,,
whisper-stt,cpu_usage,whisper-stt,whisper-stt-847fd8d7b9-v2rs5,2026-08-05T19:07:53.151000Z,1785956873.151,0.0005321007177152874,cores,0.0005321007177152874,0.053210071771528734,,
whisper-stt,cpu_usage,whisper-stt,whisper-stt-847fd8d7b9-v2rs5,2026-08-05T20:07:53.151000Z,1785960473.151,0.0005231465343108292,cores,0.0005231465343108292,0.05231465343108292,,
whisper-stt,cpu_usage,whisper-stt,whisper-stt-847fd8d7b9-v2rs5,2026-08-05T21:07:53.151000Z,1785964073.151,0.0005229017003136614,cores,0.0005229017003136614,0.05229017003136614,,
whisper-stt,cpu_usage,whisper-stt,whisper-stt-847fd8d7b9-v2rs5,2026-08-05T22:07:53.151000Z,1785967673.151,0.0005717510911394974,cores,0.0005717510911394974,0.05717510911394974,,
whisper-stt,cpu_usage,whisper-stt,whisper-stt-847fd8d7b9-v2rs5,2026-08-05T23:07:53.151000Z,1785971273.151,0.0005250476497347743,cores,0.0005250476497347743,0.052504764973477426,,
whisper-stt,cpu_usage,whisper-stt,whisper-stt-847fd8d7b9-v2rs5,2026-08-06T00:07:53.151000Z,1785974873.151,0.0005870513576095535,cores,0.0005870513576095535,0.05870513576095535,,
whisper-stt,cpu_usage,whisper-stt,whisper-stt-847fd8d7b9-v2rs5,2026-08-06T01:07:53.151000Z,1785978473.151,4.073875616748416,cores,4.073875616748416,407.3875616748416,,
whisper-stt,cpu_usage,whisper-stt,whisper-stt-847fd8d7b9-v2rs5,2026-08-06T02:07:53.151000Z,1785982073.151,0.000647727352542647,cores,0.000647727352542647,0.0647727352542647,,
whisper-stt,cpu_usage,whisper-stt,whisper-stt-847fd8d7b9-v2rs5,2026-08-06T03:07:53.151000Z,1785985673.151,0.0006412950457261865,cores,0.0006412950457261865,0.06412950457261865,,
whisper-stt,cpu_usage,whisper-stt,whisper-stt-847fd8d7b9-v2rs5,2026-08-06T04:07:53.151000Z,1785989273.151,0.0006250713179541304,cores,0.0006250713179541304,0.06250713179541303,,
whisper-stt,cpu_usage,whisper-stt,whisper-stt-847fd8d7b9-v2rs5,2026-08-06T05:07:53.151000Z,1785992873.151,0.0005989870847305472,cores,0.0005989870847305472,0.059898708473054715,,
whisper-stt,cpu_usage,whisper-stt,whisper-stt-847fd8d7b9-v2rs5,2026-08-06T06:07:53.151000Z,1785996473.151,0.0006198608135285041,cores,0.0006198608135285041,0.06198608135285041,,
whisper-stt,cpu_usage,whisper-stt,whisper-stt-847fd8d7b9-v2rs5,2026-08-06T07:07:53.151000Z,1786000073.151,0.0006436247871668635,cores,0.0006436247871668635,0.06436247871668635,,
whisper-stt,cpu_usage,whisper-stt,whisper-stt-847fd8d7b9-v2rs5,2026-08-06T08:07:53.151000Z,1786003673.151,0.0006357076686964538,cores,0.0006357076686964538,0.06357076686964538,,
whisper-stt,cpu_usage,whisper-stt,whisper-stt-847fd8d7b9-v2rs5,2026-08-06T09:07:53.151000Z,1786007273.151,0.0006293472216650612,cores,0.0006293472216650612,0.06293472216650613,,
whisper-stt,cpu_usage,whisper-stt,whisper-stt-847fd8d7b9-v2rs5,2026-08-06T10:07:53.151000Z,1786010873.151,0.0006335620881540202,cores,0.0006335620881540202,0.06335620881540202,,
whisper-stt,cpu_usage,whisper-stt,whisper-stt-847fd8d7b9-v2rs5,2026-08-06T11:07:53.151000Z,1786014473.151,0.0005576140400998249,cores,0.0005576140400998249,0.055761404009982495,,
whisper-stt,cpu_usage,whisper-stt,whisper-stt-847fd8d7b9-v2rs5,2026-08-06T12:07:53.151000Z,1786018073.151,0.0006289647449095859,cores,0.0006289647449095859,0.06289647449095859,,
whisper-stt,cpu_usage,whisper-stt,whisper-stt-847fd8d7b9-v2rs5,2026-08-06T13:07:53.151000Z,1786021673.151,0.0004926890691596081,cores,0.0004926890691596081,0.04926890691596081,,
whisper-stt,cpu_usage,whisper-stt,whisper-stt-847fd8d7b9-v2rs5,2026-08-06T14:07:53.151000Z,1786025273.151,0.0006468105294492589,cores,0.0006468105294492589,0.06468105294492589,,
whisper-stt,cpu_usage,whisper-stt,whisper-stt-847fd8d7b9-v2rs5,2026-08-06T15:07:53.151000Z,1786028873.151,0.0006192894489970535,cores,0.0006192894489970535,0.06192894489970535,,
whisper-stt,cpu_usage,whisper-stt,whisper-stt-847fd8d7b9-v2rs5,2026-08-06T16:07:53.151000Z,1786032473.151,0.0006401781561683394,cores,0.0006401781561683394,0.06401781561683394,,
whisper-stt,cpu_usage,whisper-stt,whisper-stt-847fd8d7b9-v2rs5,2026-08-06T17:07:53.151000Z,1786036073.151,0.0006564001246481823,cores,0.0006564001246481823,0.06564001246481824,,
whisper-stt,cpu_usage,whisper-stt,whisper-stt-847fd8d7b9-v2rs5,2026-08-06T18:07:53.151000Z,1786039673.151,0.0006046350140059188,cores,0.0006046350140059188,0.060463501400591875,,
whisper-stt,cpu_usage,whisper-stt,whisper-stt-847fd8d7b9-v2rs5,2026-08-06T19:07:53.151000Z,1786043273.151,0.0006067605420679653,cores,0.0006067605420679653,0.06067605420679653,,
whisper-stt,cpu_usage,whisper-stt,whisper-stt-847fd8d7b9-v2rs5,2026-08-06T20:07:53.151000Z,1786046873.151,0.0006174582709262546,cores,0.0006174582709262546,0.06174582709262546,,
whisper-stt,cpu_usage,whisper-stt,whisper-stt-847fd8d7b9-v2rs5,2026-08-06T21:07:53.151000Z,1786050473.151,0.0006568156346208964,cores,0.0006568156346208964,0.06568156346208963,,
whisper-stt,cpu_usage,whisper-stt,whisper-stt-847fd8d7b9-v2rs5,2026-08-06T22:07:53.151000Z,1786054073.151,0.0006186626951047577,cores,0.0006186626951047577,0.06186626951047577,,
whisper-stt,cpu_usage,whisper-stt,whisper-stt-847fd8d7b9-v2rs5,2026-08-06T23:07:53.151000Z,1786057673.151,0.0006225340100572906,cores,0.0006225340100572906,0.06225340100572906,,
whisper-stt,cpu_usage,whisper-stt,whisper-stt-847fd8d7b9-v2rs5,2026-08-07T00:07:53.151000Z,1786061273.151,0.0006152014373695069,cores,0.0006152014373695069,0.061520143736950694,,
whisper-stt,cpu_usage,whisper-stt,whisper-stt-847fd8d7b9-v2rs5,2026-08-07T01:07:53.151000Z,1786064873.151,0.0006139120427182946,cores,0.0006139120427182946,0.06139120427182946,,
whisper-stt,cpu_usage,whisper-stt,whisper-stt-847fd8d7b9-v2rs5,2026-08-07T02:07:53.151000Z,1786068473.151,0.0006236029769009095,cores,0.0006236029769009095,0.062360297690090945,,
whisper-stt,cpu_usage,whisper-stt,whisper-stt-847fd8d7b9-v2rs5,2026-08-07T03:07:53.151000Z,1786072073.151,0.0005578055825442694,cores,0.0005578055825442694,0.05578055825442694,,
whisper-stt,cpu_usage,whisper-stt,whisper-stt-847fd8d7b9-v2rs5,2026-08-07T04:07:53.151000Z,1786075673.151,0.000659588423657546,cores,0.000659588423657546,0.0659588423657546,,
whisper-stt,cpu_usage,whisper-stt,whisper-stt-847fd8d7b9-v2rs5,2026-08-07T05:07:53.151000Z,1786079273.151,0.0006108164319357032,cores,0.0006108164319357032,0.06108164319357032,,
whisper-stt,cpu_usage,whisper-stt,whisper-stt-847fd8d7b9-v2rs5,2026-08-07T06:07:53.151000Z,1786082873.151,0.0006565283901780896,cores,0.0006565283901780896,0.06565283901780895,,
whisper-stt,cpu_usage,whisper-stt,whisper-stt-847fd8d7b9-v2rs5,2026-08-07T07:07:53.151000Z,1786086473.151,0.0006389407938882348,cores,0.0006389407938882348,0.06389407938882348,,
whisper-stt,cpu_usage,whisper-stt,whisper-stt-847fd8d7b9-v2rs5,2026-08-07T08:07:53.151000Z,1786090073.151,0.0006339862950071554,cores,0.0006339862950071554,0.06339862950071554,,
whisper-stt,cpu_usage,whisper-stt,whisper-stt-847fd8d7b9-v2rs5,2026-08-07T09:07:53.151000Z,1786093673.151,0.0006611090046417694,cores,0.0006611090046417694,0.06611090046417693,,
whisper-stt,cpu_usage,whisper-stt,whisper-stt-847fd8d7b9-v2rs5,2026-08-07T10:07:53.151000Z,1786097273.151,0.0005958695216662014,cores,0.0005958695216662014,0.05958695216662014,,
whisper-stt,cpu_usage,whisper-stt,whisper-stt-847fd8d7b9-v2rs5,2026-08-07T11:07:53.151000Z,1786100873.151,0.0006484486075131951,cores,0.0006484486075131951,0.06484486075131951,,
whisper-stt,cpu_usage,whisper-stt,whisper-stt-847fd8d7b9-v2rs5,2026-08-07T12:07:53.151000Z,1786104473.151,0.0005664065251665473,cores,0.0005664065251665473,0.056640652516654726,,
whisper-stt,cpu_usage,whisper-stt,whisper-stt-847fd8d7b9-v2rs5,2026-08-07T13:07:53.151000Z,1786108073.151,0.0006046431850862763,cores,0.0006046431850862763,0.06046431850862762,,
whisper-stt,cpu_usage,whisper-stt,whisper-stt-847fd8d7b9-v2rs5,2026-08-07T14:07:53.151000Z,1786111673.151,0.0006110311204315389,cores,0.0006110311204315389,0.06110311204315389,,
whisper-stt,cpu_usage,whisper-stt,whisper-stt-847fd8d7b9-v2rs5,2026-08-07T15:07:53.151000Z,1786115273.151,0.0006533030222965222,cores,0.0006533030222965222,0.06533030222965222,,
whisper-stt,cpu_usage,whisper-stt,whisper-stt-847fd8d7b9-v2rs5,2026-08-07T16:07:53.151000Z,1786118873.151,3.855061513197778,cores,3.855061513197778,385.5061513197778,,
whisper-stt,cpu_usage,whisper-stt,whisper-stt-847fd8d7b9-v2rs5,2026-08-07T17:07:53.151000Z,1786122473.151,0.0005559560267750744,cores,0.0005559560267750744,0.05559560267750744,,
whisper-stt,cpu_usage,whisper-stt,whisper-stt-847fd8d7b9-v2rs5,2026-08-07T18:07:53.151000Z,1786126073.151,0.0005506205071850264,cores,0.0005506205071850264,0.05506205071850264,,
whisper-stt,cpu_usage,whisper-stt,whisper-stt-847fd8d7b9-v2rs5,2026-08-07T19:07:53.151000Z,1786129673.151,0.0005999892686628001,cores,0.0005999892686628001,0.059998926866280014,,
whisper-stt,cpu_usage,whisper-stt,whisper-stt-847fd8d7b9-v2rs5,2026-08-07T20:07:53.151000Z,1786133273.151,0.0005966892101569194,cores,0.0005966892101569194,0.05966892101569194,,
whisper-stt,cpu_usage,whisper-stt,whisper-stt-847fd8d7b9-v2rs5,2026-08-07T21:07:53.151000Z,1786136873.151,0.0005938825703778439,cores,0.0005938825703778439,0.059388257037784394,,
whisper-stt,cpu_usage,whisper-stt,whisper-stt-847fd8d7b9-v2rs5,2026-08-07T22:07:53.151000Z,1786140473.151,0.000597911915603427,cores,0.000597911915603427,0.059791191560342696,,
whisper-stt,cpu_usage,whisper-stt,whisper-stt-847fd8d7b9-v2rs5,2026-08-07T23:07:53.151000Z,1786144073.151,0.0006020789646641152,cores,0.0006020789646641152,0.060207896466411524,,
whisper-stt,cpu_usage,whisper-stt,whisper-stt-847fd8d7b9-v2rs5,2026-08-08T00:07:53.151000Z,1786147673.151,0.0006029641877757033,cores,0.0006029641877757033,0.06029641877757033,,
whisper-stt,cpu_usage,whisper-stt,whisper-stt-847fd8d7b9-v2rs5,2026-08-08T01:07:53.151000Z,1786151273.151,0.0006213830764832859,cores,0.0006213830764832859,0.062138307648328596,,
whisper-stt,cpu_usage,whisper-stt,whisper-stt-847fd8d7b9-v2rs5,2026-08-08T02:07:53.151000Z,1786154873.151,0.0006092869558925896,cores,0.0006092869558925896,0.06092869558925896,,
whisper-stt,cpu_usage,whisper-stt,whisper-stt-847fd8d7b9-v2rs5,2026-08-08T03:07:53.151000Z,1786158473.151,0.0005835336940339509,cores,0.0005835336940339509,0.05835336940339509,,
whisper-stt,cpu_usage,whisper-stt,whisper-stt-847fd8d7b9-v2rs5,2026-08-08T04:07:53.151000Z,1786162073.151,0.0005711428745912673,cores,0.0005711428745912673,0.05711428745912673,,
whisper-stt,cpu_usage,whisper-stt,whisper-stt-847fd8d7b9-v2rs5,2026-08-08T05:07:53.151000Z,1786165673.151,0.0006174484606749747,cores,0.0006174484606749747,0.061744846067497465,,
whisper-stt,cpu_usage,whisper-stt,whisper-stt-847fd8d7b9-v2rs5,2026-08-08T06:07:53.151000Z,1786169273.151,0.0005853959195064561,cores,0.0005853959195064561,0.058539591950645606,,
whisper-stt,cpu_usage,whisper-stt,whisper-stt-847fd8d7b9-v2rs5,2026-08-08T07:07:53.151000Z,1786172873.151,0.0005986467349729595,cores,0.0005986467349729595,0.059864673497295955,,
whisper-stt,cpu_usage,whisper-stt,whisper-stt-847fd8d7b9-v2rs5,2026-08-08T08:07:53.151000Z,1786176473.151,0.000569851872360409,cores,0.000569851872360409,0.056985187236040895,,
whisper-stt,cpu_usage,whisper-stt,whisper-stt-847fd8d7b9-v2rs5,2026-08-08T09:07:53.151000Z,1786180073.151,0.0006220442874534974,cores,0.0006220442874534974,0.06220442874534974,,
whisper-stt,cpu_usage,whisper-stt,whisper-stt-847fd8d7b9-v2rs5,2026-08-08T10:07:53.151000Z,1786183673.151,0.0006383682964675199,cores,0.0006383682964675199,0.06383682964675198,,
whisper-stt,cpu_usage,whisper-stt,whisper-stt-847fd8d7b9-v2rs5,2026-08-08T11:07:53.151000Z,1786187273.151,0.0006501668102667407,cores,0.0006501668102667407,0.06501668102667407,,
whisper-stt,cpu_usage,whisper-stt,whisper-stt-847fd8d7b9-v2rs5,2026-08-08T12:07:53.151000Z,1786190873.151,0.0006316724625519423,cores,0.0006316724625519423,0.06316724625519422,,
whisper-stt,cpu_usage,whisper-stt,whisper-stt-847fd8d7b9-v2rs5,2026-08-08T13:07:53.151000Z,1786194473.151,0.0006138672960250972,cores,0.0006138672960250972,0.06138672960250972,,
whisper-stt,cpu_usage,whisper-stt,whisper-stt-847fd8d7b9-v2rs5,2026-08-08T14:07:53.151000Z,1786198073.151,0.0005979588863451417,cores,0.0005979588863451417,0.05979588863451417,,
whisper-stt,cpu_usage,whisper-stt,whisper-stt-847fd8d7b9-v2rs5,2026-08-08T15:07:53.151000Z,1786201673.151,0.0006123082945955458,cores,0.0006123082945955458,0.061230829459554575,,
whisper-stt,cpu_usage,whisper-stt,whisper-stt-847fd8d7b9-v2rs5,2026-08-08T16:07:53.151000Z,1786205273.151,0.0006053293007906668,cores,0.0006053293007906668,0.06053293007906668,,
whisper-stt,cpu_usage,whisper-stt,whisper-stt-847fd8d7b9-v2rs5,2026-08-08T17:07:53.151000Z,1786208873.151,0.00060132104357143,cores,0.00060132104357143,0.060132104357143,,
whisper-stt,cpu_usage,whisper-stt,whisper-stt-847fd8d7b9-v2rs5,2026-08-08T18:07:53.151000Z,1786212473.151,0.0005788403813318016,cores,0.0005788403813318016,0.05788403813318016,,
whisper-stt,cpu_usage,whisper-stt,whisper-stt-847fd8d7b9-v2rs5,2026-08-08T19:07:53.151000Z,1786216073.151,0.00039874174794995846,cores,0.00039874174794995846,0.039874174794995845,,
whisper-stt,memory_working_set,whisper-stt,whisper-openai-68966786fb-jsb5d,2026-07-31T12:07:53.151000Z,1785499673.151,5848121344.0,bytes,,,5848121344.0,5577.203125
whisper-stt,memory_working_set,whisper-stt,whisper-openai-68966786fb-jsb5d,2026-07-31T13:07:53.151000Z,1785503273.151,5848117248.0,bytes,,,5848117248.0,5577.19921875
whisper-stt,memory_working_set,whisper-stt,whisper-openai-68966786fb-jsb5d,2026-07-31T14:07:53.151000Z,1785506873.151,5848055808.0,bytes,,,5848055808.0,5577.140625
whisper-stt,memory_working_set,whisper-stt,whisper-openai-68966786fb-jsb5d,2026-07-31T15:07:53.151000Z,1785510473.151,5848010752.0,bytes,,,5848010752.0,5577.09765625
whisper-stt,memory_working_set,whisper-stt,whisper-openai-68966786fb-jsb5d,2026-07-31T16:07:53.151000Z,1785514073.151,5848002560.0,bytes,,,5848002560.0,5577.08984375
whisper-stt,memory_working_set,whisper-stt,whisper-openai-68966786fb-jsb5d,2026-07-31T17:07:53.151000Z,1785517673.151,5848002560.0,bytes,,,5848002560.0,5577.08984375
whisper-stt,memory_working_set,whisper-stt,whisper-openai-68966786fb-jsb5d,2026-07-31T18:07:53.151000Z,1785521273.151,5847998464.0,bytes,,,5847998464.0,5577.0859375
whisper-stt,memory_working_set,whisper-stt,whisper-openai-68966786fb-jsb5d,2026-07-31T19:07:53.151000Z,1785524873.151,5847977984.0,bytes,,,5847977984.0,5577.06640625
whisper-stt,memory_working_set,whisper-stt,whisper-openai-68966786fb-jsb5d,2026-07-31T20:07:53.151000Z,1785528473.151,5847949312.0,bytes,,,5847949312.0,5577.0390625
whisper-stt,memory_working_set,whisper-stt,whisper-openai-68966786fb-jsb5d,2026-07-31T21:07:53.151000Z,1785532073.151,5847879680.0,bytes,,,5847879680.0,5576.97265625
whisper-stt,memory_working_set,whisper-stt,whisper-openai-68966786fb-jsb5d,2026-07-31T22:07:53.151000Z,1785535673.151,5847748608.0,bytes,,,5847748608.0,5576.84765625
whisper-stt,memory_working_set,whisper-stt,whisper-openai-68966786fb-jsb5d,2026-07-31T23:07:53.151000Z,1785539273.151,5847699456.0,bytes,,,5847699456.0,5576.80078125
whisper-stt,memory_working_set,whisper-stt,whisper-openai-68966786fb-jsb5d,2026-08-01T00:07:53.151000Z,1785542873.151,5847658496.0,bytes,,,5847658496.0,5576.76171875
whisper-stt,memory_working_set,whisper-stt,whisper-openai-68966786fb-jsb5d,2026-08-01T01:07:53.151000Z,1785546473.151,5847654400.0,bytes,,,5847654400.0,5576.7578125
whisper-stt,memory_working_set,whisper-stt,whisper-openai-68966786fb-jsb5d,2026-08-01T02:07:53.151000Z,1785550073.151,5847568384.0,bytes,,,5847568384.0,5576.67578125
whisper-stt,memory_working_set,whisper-stt,whisper-openai-68966786fb-jsb5d,2026-08-01T03:07:53.151000Z,1785553673.151,5847523328.0,bytes,,,5847523328.0,5576.6328125
whisper-stt,memory_working_set,whisper-stt,whisper-openai-68966786fb-jsb5d,2026-08-01T04:07:53.151000Z,1785557273.151,5847453696.0,bytes,,,5847453696.0,5576.56640625
whisper-stt,memory_working_set,whisper-stt,whisper-openai-68966786fb-jsb5d,2026-08-01T05:07:53.151000Z,1785560873.151,5847326720.0,bytes,,,5847326720.0,5576.4453125
whisper-stt,memory_working_set,whisper-stt,whisper-openai-68966786fb-jsb5d,2026-08-01T06:07:53.151000Z,1785564473.151,5847212032.0,bytes,,,5847212032.0,5576.3359375
whisper-stt,memory_working_set,whisper-stt,whisper-openai-68966786fb-jsb5d,2026-08-01T07:07:53.151000Z,1785568073.151,5847207936.0,bytes,,,5847207936.0,5576.33203125
whisper-stt,memory_working_set,whisper-stt,whisper-openai-68966786fb-jsb5d,2026-08-01T08:07:53.151000Z,1785571673.151,5847207936.0,bytes,,,5847207936.0,5576.33203125
whisper-stt,memory_working_set,whisper-stt,whisper-openai-68966786fb-jsb5d,2026-08-01T09:07:53.151000Z,1785575273.151,5847179264.0,bytes,,,5847179264.0,5576.3046875
whisper-stt,memory_working_set,whisper-stt,whisper-openai-68966786fb-jsb5d,2026-08-01T10:07:53.151000Z,1785578873.151,5847076864.0,bytes,,,5847076864.0,5576.20703125
whisper-stt,memory_working_set,whisper-stt,whisper-openai-68966786fb-jsb5d,2026-08-01T11:07:53.151000Z,1785582473.151,5846978560.0,bytes,,,5846978560.0,5576.11328125
whisper-stt,memory_working_set,whisper-stt,whisper-openai-68966786fb-jsb5d,2026-08-01T12:07:53.151000Z,1785586073.151,5846827008.0,bytes,,,5846827008.0,5575.96875
whisper-stt,memory_working_set,whisper-stt,whisper-openai-68966786fb-jsb5d,2026-08-01T13:07:53.151000Z,1785589673.151,5846671360.0,bytes,,,5846671360.0,5575.8203125
whisper-stt,memory_working_set,whisper-stt,whisper-openai-68966786fb-jsb5d,2026-08-01T14:07:53.151000Z,1785593273.151,5846503424.0,bytes,,,5846503424.0,5575.66015625
whisper-stt,memory_working_set,whisper-stt,whisper-openai-68966786fb-jsb5d,2026-08-01T15:07:53.151000Z,1785596873.151,5846441984.0,bytes,,,5846441984.0,5575.6015625
whisper-stt,memory_working_set,whisper-stt,whisper-openai-68966786fb-jsb5d,2026-08-01T16:07:53.151000Z,1785600473.151,5846392832.0,bytes,,,5846392832.0,5575.5546875
whisper-stt,memory_working_set,whisper-stt,whisper-openai-68966786fb-jsb5d,2026-08-01T17:07:53.151000Z,1785604073.151,5846319104.0,bytes,,,5846319104.0,5575.484375
whisper-stt,memory_working_set,whisper-stt,whisper-openai-68966786fb-jsb5d,2026-08-01T18:07:53.151000Z,1785607673.151,5846188032.0,bytes,,,5846188032.0,5575.359375
whisper-stt,memory_working_set,whisper-stt,whisper-openai-68966786fb-jsb5d,2026-08-01T19:07:53.151000Z,1785611273.151,5845999616.0,bytes,,,5845999616.0,5575.1796875
whisper-stt,memory_working_set,whisper-stt,whisper-openai-68966786fb-jsb5d,2026-08-01T20:07:53.151000Z,1785614873.151,5845864448.0,bytes,,,5845864448.0,5575.05078125
whisper-stt,memory_working_set,whisper-stt,whisper-openai-68966786fb-jsb5d,2026-08-01T21:07:53.151000Z,1785618473.151,5845655552.0,bytes,,,5845655552.0,5574.8515625
whisper-stt,memory_working_set,whisper-stt,whisper-openai-68966786fb-jsb5d,2026-08-01T22:07:53.151000Z,1785622073.151,5845434368.0,bytes,,,5845434368.0,5574.640625
whisper-stt,memory_working_set,whisper-stt,whisper-openai-68966786fb-jsb5d,2026-08-01T23:07:53.151000Z,1785625673.151,5845266432.0,bytes,,,5845266432.0,5574.48046875
whisper-stt,memory_working_set,whisper-stt,whisper-openai-68966786fb-jsb5d,2026-08-02T00:07:53.151000Z,1785629273.151,5845032960.0,bytes,,,5845032960.0,5574.2578125
whisper-stt,memory_working_set,whisper-stt,whisper-openai-68966786fb-jsb5d,2026-08-02T01:07:53.151000Z,1785632873.151,5844881408.0,bytes,,,5844881408.0,5574.11328125
whisper-stt,memory_working_set,whisper-stt,whisper-openai-68966786fb-jsb5d,2026-08-02T02:07:53.151000Z,1785636473.151,5844828160.0,bytes,,,5844828160.0,5574.0625
whisper-stt,memory_working_set,whisper-stt,whisper-openai-68966786fb-jsb5d,2026-08-02T03:07:53.151000Z,1785640073.151,5844770816.0,bytes,,,5844770816.0,5574.0078125
whisper-stt,memory_working_set,whisper-stt,whisper-openai-68966786fb-jsb5d,2026-08-02T04:07:53.151000Z,1785643673.151,5844733952.0,bytes,,,5844733952.0,5573.97265625
whisper-stt,memory_working_set,whisper-stt,whisper-openai-68966786fb-jsb5d,2026-08-02T05:07:53.151000Z,1785647273.151,5844643840.0,bytes,,,5844643840.0,5573.88671875
whisper-stt,memory_working_set,whisper-stt,whisper-openai-68966786fb-jsb5d,2026-08-02T06:07:53.151000Z,1785650873.151,5844373504.0,bytes,,,5844373504.0,5573.62890625
whisper-stt,memory_working_set,whisper-stt,whisper-openai-68966786fb-jsb5d,2026-08-02T07:07:53.151000Z,1785654473.151,5844197376.0,bytes,,,5844197376.0,5573.4609375
whisper-stt,memory_working_set,whisper-stt,whisper-openai-68966786fb-jsb5d,2026-08-02T08:07:53.151000Z,1785658073.151,5843988480.0,bytes,,,5843988480.0,5573.26171875
whisper-stt,memory_working_set,whisper-stt,whisper-openai-68966786fb-jsb5d,2026-08-02T09:07:53.151000Z,1785661673.151,5843779584.0,bytes,,,5843779584.0,5573.0625
whisper-stt,memory_working_set,whisper-stt,whisper-openai-68966786fb-jsb5d,2026-08-02T10:07:53.151000Z,1785665273.151,5843709952.0,bytes,,,5843709952.0,5572.99609375
whisper-stt,memory_working_set,whisper-stt,whisper-openai-68966786fb-jsb5d,2026-08-02T11:07:53.151000Z,1785668873.151,5843574784.0,bytes,,,5843574784.0,5572.8671875
whisper-stt,memory_working_set,whisper-stt,whisper-openai-68966786fb-jsb5d,2026-08-02T12:07:53.151000Z,1785672473.151,5843324928.0,bytes,,,5843324928.0,5572.62890625
whisper-stt,memory_working_set,whisper-stt,whisper-openai-68966786fb-jsb5d,2026-08-02T13:07:53.151000Z,1785676073.151,5843255296.0,bytes,,,5843255296.0,5572.5625
whisper-stt,memory_working_set,whisper-stt,whisper-openai-68966786fb-jsb5d,2026-08-02T14:07:53.151000Z,1785679673.151,5843046400.0,bytes,,,5843046400.0,5572.36328125
whisper-stt,memory_working_set,whisper-stt,whisper-openai-68966786fb-jsb5d,2026-08-02T15:07:53.151000Z,1785683273.151,5842882560.0,bytes,,,5842882560.0,5572.20703125
whisper-stt,memory_working_set,whisper-stt,whisper-openai-68966786fb-jsb5d,2026-08-02T16:07:53.151000Z,1785686873.151,5842702336.0,bytes,,,5842702336.0,5572.03515625
whisper-stt,memory_working_set,whisper-stt,whisper-openai-68966786fb-jsb5d,2026-08-02T17:07:53.151000Z,1785690473.151,5842591744.0,bytes,,,5842591744.0,5571.9296875
whisper-stt,memory_working_set,whisper-stt,whisper-openai-68966786fb-jsb5d,2026-08-02T18:07:53.151000Z,1785694073.151,5842583552.0,bytes,,,5842583552.0,5571.921875
whisper-stt,memory_working_set,whisper-stt,whisper-openai-68966786fb-jsb5d,2026-08-02T19:07:53.151000Z,1785697673.151,5842489344.0,bytes,,,5842489344.0,5571.83203125
whisper-stt,memory_working_set,whisper-stt,whisper-openai-68966786fb-jsb5d,2026-08-02T20:07:53.151000Z,1785701273.151,5842268160.0,bytes,,,5842268160.0,5571.62109375
whisper-stt,memory_working_set,whisper-stt,whisper-openai-68966786fb-jsb5d,2026-08-02T21:07:53.151000Z,1785704873.151,5842137088.0,bytes,,,5842137088.0,5571.49609375
whisper-stt,memory_working_set,whisper-stt,whisper-openai-68966786fb-jsb5d,2026-08-02T22:07:53.151000Z,1785708473.151,5841862656.0,bytes,,,5841862656.0,5571.234375
whisper-stt,memory_working_set,whisper-stt,whisper-openai-68966786fb-jsb5d,2026-08-02T23:07:53.151000Z,1785712073.151,5841629184.0,bytes,,,5841629184.0,5571.01171875
whisper-stt,memory_working_set,whisper-stt,whisper-openai-68966786fb-jsb5d,2026-08-03T00:07:53.151000Z,1785715673.151,5841412096.0,bytes,,,5841412096.0,5570.8046875
whisper-stt,memory_working_set,whisper-stt,whisper-openai-68966786fb-jsb5d,2026-08-03T01:07:53.151000Z,1785719273.151,5841252352.0,bytes,,,5841252352.0,5570.65234375
whisper-stt,memory_working_set,whisper-stt,whisper-openai-68966786fb-jsb5d,2026-08-03T02:07:53.151000Z,1785722873.151,5841039360.0,bytes,,,5841039360.0,5570.44921875
whisper-stt,memory_working_set,whisper-stt,whisper-openai-68966786fb-jsb5d,2026-08-03T03:07:53.151000Z,1785726473.151,5841010688.0,bytes,,,5841010688.0,5570.421875
whisper-stt,memory_working_set,whisper-stt,whisper-openai-68966786fb-jsb5d,2026-08-03T04:07:53.151000Z,1785730073.151,5840883712.0,bytes,,,5840883712.0,5570.30078125
whisper-stt,memory_working_set,whisper-stt,whisper-openai-68966786fb-jsb5d,2026-08-03T05:07:53.151000Z,1785733673.151,5840707584.0,bytes,,,5840707584.0,5570.1328125
whisper-stt,memory_working_set,whisper-stt,whisper-openai-68966786fb-jsb5d,2026-08-03T06:07:53.151000Z,1785737273.151,5840707584.0,bytes,,,5840707584.0,5570.1328125
whisper-stt,memory_working_set,whisper-stt,whisper-openai-68966786fb-jsb5d,2026-08-03T07:07:53.151000Z,1785740873.151,5840650240.0,bytes,,,5840650240.0,5570.078125
whisper-stt,memory_working_set,whisper-stt,whisper-openai-68966786fb-jsb5d,2026-08-03T08:07:53.151000Z,1785744473.151,5840547840.0,bytes,,,5840547840.0,5569.98046875
whisper-stt,memory_working_set,whisper-stt,whisper-openai-68966786fb-jsb5d,2026-08-03T09:07:53.151000Z,1785748073.151,5840547840.0,bytes,,,5840547840.0,5569.98046875
whisper-stt,memory_working_set,whisper-stt,whisper-openai-68966786fb-jsb5d,2026-08-03T10:07:53.151000Z,1785751673.151,5840547840.0,bytes,,,5840547840.0,5569.98046875
whisper-stt,memory_working_set,whisper-stt,whisper-openai-68966786fb-jsb5d,2026-08-03T11:07:53.151000Z,1785755273.151,5840547840.0,bytes,,,5840547840.0,5569.98046875
whisper-stt,memory_working_set,whisper-stt,whisper-openai-68966786fb-jsb5d,2026-08-03T12:07:53.151000Z,1785758873.151,5840494592.0,bytes,,,5840494592.0,5569.9296875
whisper-stt,memory_working_set,whisper-stt,whisper-openai-68966786fb-jsb5d,2026-08-03T13:07:53.151000Z,1785762473.151,5840486400.0,bytes,,,5840486400.0,5569.921875
whisper-stt,memory_working_set,whisper-stt,whisper-openai-68966786fb-jsb5d,2026-08-03T14:07:53.151000Z,1785766073.151,5840404480.0,bytes,,,5840404480.0,5569.84375
whisper-stt,memory_working_set,whisper-stt,whisper-openai-68966786fb-jsb5d,2026-08-03T15:07:53.151000Z,1785769673.151,5840224256.0,bytes,,,5840224256.0,5569.671875
whisper-stt,memory_working_set,whisper-stt,whisper-openai-68966786fb-jsb5d,2026-08-03T16:07:53.151000Z,1785773273.151,5840072704.0,bytes,,,5840072704.0,5569.52734375
whisper-stt,memory_working_set,whisper-stt,whisper-openai-68966786fb-jsb5d,2026-08-03T17:07:53.151000Z,1785776873.151,5839986688.0,bytes,,,5839986688.0,5569.4453125
whisper-stt,memory_working_set,whisper-stt,whisper-openai-68966786fb-jsb5d,2026-08-03T18:07:53.151000Z,1785780473.151,5839986688.0,bytes,,,5839986688.0,5569.4453125
whisper-stt,memory_working_set,whisper-stt,whisper-openai-68966786fb-jsb5d,2026-08-03T19:07:53.151000Z,1785784073.151,5839962112.0,bytes,,,5839962112.0,5569.421875
whisper-stt,memory_working_set,whisper-stt,whisper-openai-68966786fb-jsb5d,2026-08-03T20:07:53.151000Z,1785787673.151,5839884288.0,bytes,,,5839884288.0,5569.34765625
whisper-stt,memory_working_set,whisper-stt,whisper-openai-68966786fb-jsb5d,2026-08-03T21:07:53.151000Z,1785791273.151,5839790080.0,bytes,,,5839790080.0,5569.2578125
whisper-stt,memory_working_set,whisper-stt,whisper-openai-68966786fb-jsb5d,2026-08-03T22:07:53.151000Z,1785794873.151,5839630336.0,bytes,,,5839630336.0,5569.10546875
whisper-stt,memory_working_set,whisper-stt,whisper-openai-68966786fb-jsb5d,2026-08-03T23:07:53.151000Z,1785798473.151,5839630336.0,bytes,,,5839630336.0,5569.10546875
whisper-stt,memory_working_set,whisper-stt,whisper-openai-68966786fb-jsb5d,2026-08-04T00:07:53.151000Z,1785802073.151,5839630336.0,bytes,,,5839630336.0,5569.10546875
whisper-stt,memory_working_set,whisper-stt,whisper-openai-68966786fb-jsb5d,2026-08-04T01:07:53.151000Z,1785805673.151,5839630336.0,bytes,,,5839630336.0,5569.10546875
whisper-stt,memory_working_set,whisper-stt,whisper-openai-68966786fb-jsb5d,2026-08-04T02:07:53.151000Z,1785809273.151,5839630336.0,bytes,,,5839630336.0,5569.10546875
whisper-stt,memory_working_set,whisper-stt,whisper-openai-68966786fb-jsb5d,2026-08-04T03:07:53.151000Z,1785812873.151,5839630336.0,bytes,,,5839630336.0,5569.10546875
whisper-stt,memory_working_set,whisper-stt,whisper-openai-68966786fb-jsb5d,2026-08-04T04:07:53.151000Z,1785816473.151,5839630336.0,bytes,,,5839630336.0,5569.10546875
whisper-stt,memory_working_set,whisper-stt,whisper-openai-68966786fb-jsb5d,2026-08-04T05:07:53.151000Z,1785820073.151,5839630336.0,bytes,,,5839630336.0,5569.10546875
whisper-stt,memory_working_set,whisper-stt,whisper-openai-68966786fb-jsb5d,2026-08-04T06:07:53.151000Z,1785823673.151,5839630336.0,bytes,,,5839630336.0,5569.10546875
whisper-stt,memory_working_set,whisper-stt,whisper-openai-68966786fb-jsb5d,2026-08-04T07:07:53.151000Z,1785827273.151,5839630336.0,bytes,,,5839630336.0,5569.10546875
whisper-stt,memory_working_set,whisper-stt,whisper-openai-68966786fb-jsb5d,2026-08-04T08:07:53.151000Z,1785830873.151,5839630336.0,bytes,,,5839630336.0,5569.10546875
whisper-stt,memory_working_set,whisper-stt,whisper-openai-68966786fb-jsb5d,2026-08-04T09:07:53.151000Z,1785834473.151,5839630336.0,bytes,,,5839630336.0,5569.10546875
whisper-stt,memory_working_set,whisper-stt,whisper-openai-68966786fb-jsb5d,2026-08-04T10:07:53.151000Z,1785838073.151,5839630336.0,bytes,,,5839630336.0,5569.10546875
whisper-stt,memory_working_set,whisper-stt,whisper-openai-68966786fb-jsb5d,2026-08-04T11:07:53.151000Z,1785841673.151,5839630336.0,bytes,,,5839630336.0,5569.10546875
whisper-stt,memory_working_set,whisper-stt,whisper-openai-68966786fb-jsb5d,2026-08-04T12:07:53.151000Z,1785845273.151,5839630336.0,bytes,,,5839630336.0,5569.10546875
whisper-stt,memory_working_set,whisper-stt,whisper-openai-68966786fb-jsb5d,2026-08-04T13:07:53.151000Z,1785848873.151,5839630336.0,bytes,,,5839630336.0,5569.10546875
whisper-stt,memory_working_set,whisper-stt,whisper-openai-68966786fb-jsb5d,2026-08-04T14:07:53.151000Z,1785852473.151,5839630336.0,bytes,,,5839630336.0,5569.10546875
whisper-stt,memory_working_set,whisper-stt,whisper-openai-68966786fb-jsb5d,2026-08-04T15:07:53.151000Z,1785856073.151,5839630336.0,bytes,,,5839630336.0,5569.10546875
whisper-stt,memory_working_set,whisper-stt,whisper-openai-68966786fb-jsb5d,2026-08-04T16:07:53.151000Z,1785859673.151,5839630336.0,bytes,,,5839630336.0,5569.10546875
whisper-stt,memory_working_set,whisper-stt,whisper-openai-68966786fb-jsb5d,2026-08-04T17:07:53.151000Z,1785863273.151,5839630336.0,bytes,,,5839630336.0,5569.10546875
whisper-stt,memory_working_set,whisper-stt,whisper-openai-68966786fb-jsb5d,2026-08-04T18:07:53.151000Z,1785866873.151,5839630336.0,bytes,,,5839630336.0,5569.10546875
whisper-stt,memory_working_set,whisper-stt,whisper-openai-68966786fb-jsb5d,2026-08-04T19:07:53.151000Z,1785870473.151,5839630336.0,bytes,,,5839630336.0,5569.10546875
whisper-stt,memory_working_set,whisper-stt,whisper-openai-68966786fb-jsb5d,2026-08-04T20:07:53.151000Z,1785874073.151,5839630336.0,bytes,,,5839630336.0,5569.10546875
whisper-stt,memory_working_set,whisper-stt,whisper-openai-68966786fb-jsb5d,2026-08-04T21:07:53.151000Z,1785877673.151,5839630336.0,bytes,,,5839630336.0,5569.10546875
whisper-stt,memory_working_set,whisper-stt,whisper-openai-68966786fb-jsb5d,2026-08-04T22:07:53.151000Z,1785881273.151,5839630336.0,bytes,,,5839630336.0,5569.10546875
whisper-stt,memory_working_set,whisper-stt,whisper-openai-68966786fb-jsb5d,2026-08-04T23:07:53.151000Z,1785884873.151,5839630336.0,bytes,,,5839630336.0,5569.10546875
whisper-stt,memory_working_set,whisper-stt,whisper-openai-68966786fb-jsb5d,2026-08-05T00:07:53.151000Z,1785888473.151,5839630336.0,bytes,,,5839630336.0,5569.10546875
whisper-stt,memory_working_set,whisper-stt,whisper-openai-68966786fb-jsb5d,2026-08-05T01:07:53.151000Z,1785892073.151,5839630336.0,bytes,,,5839630336.0,5569.10546875
whisper-stt,memory_working_set,whisper-stt,whisper-openai-68966786fb-jsb5d,2026-08-05T02:07:53.151000Z,1785895673.151,5839630336.0,bytes,,,5839630336.0,5569.10546875
whisper-stt,memory_working_set,whisper-stt,whisper-openai-68966786fb-jsb5d,2026-08-05T03:07:53.151000Z,1785899273.151,5839630336.0,bytes,,,5839630336.0,5569.10546875
whisper-stt,memory_working_set,whisper-stt,whisper-openai-68966786fb-jsb5d,2026-08-05T04:07:53.151000Z,1785902873.151,5839630336.0,bytes,,,5839630336.0,5569.10546875
whisper-stt,memory_working_set,whisper-stt,whisper-openai-68966786fb-jsb5d,2026-08-05T05:07:53.151000Z,1785906473.151,5839630336.0,bytes,,,5839630336.0,5569.10546875
whisper-stt,memory_working_set,whisper-stt,whisper-openai-68966786fb-jsb5d,2026-08-05T06:07:53.151000Z,1785910073.151,5839630336.0,bytes,,,5839630336.0,5569.10546875
whisper-stt,memory_working_set,whisper-stt,whisper-openai-68966786fb-jsb5d,2026-08-05T07:07:53.151000Z,1785913673.151,5839630336.0,bytes,,,5839630336.0,5569.10546875
whisper-stt,memory_working_set,whisper-stt,whisper-openai-68966786fb-jsb5d,2026-08-05T08:07:53.151000Z,1785917273.151,5839630336.0,bytes,,,5839630336.0,5569.10546875
whisper-stt,memory_working_set,whisper-stt,whisper-openai-68966786fb-jsb5d,2026-08-05T09:07:53.151000Z,1785920873.151,5839630336.0,bytes,,,5839630336.0,5569.10546875
whisper-stt,memory_working_set,whisper-stt,whisper-openai-68966786fb-jsb5d,2026-08-05T10:07:53.151000Z,1785924473.151,5839630336.0,bytes,,,5839630336.0,5569.10546875
whisper-stt,memory_working_set,whisper-stt,whisper-openai-68966786fb-jsb5d,2026-08-05T11:07:53.151000Z,1785928073.151,5839630336.0,bytes,,,5839630336.0,5569.10546875
whisper-stt,memory_working_set,whisper-stt,whisper-openai-68966786fb-jsb5d,2026-08-05T12:07:53.151000Z,1785931673.151,5839630336.0,bytes,,,5839630336.0,5569.10546875
whisper-stt,memory_working_set,whisper-stt,whisper-openai-68966786fb-jsb5d,2026-08-05T13:07:53.151000Z,1785935273.151,5839630336.0,bytes,,,5839630336.0,5569.10546875
whisper-stt,memory_working_set,whisper-stt,whisper-openai-68966786fb-jsb5d,2026-08-05T14:07:53.151000Z,1785938873.151,5839630336.0,bytes,,,5839630336.0,5569.10546875
whisper-stt,memory_working_set,whisper-stt,whisper-openai-68966786fb-jsb5d,2026-08-05T15:07:53.151000Z,1785942473.151,5839630336.0,bytes,,,5839630336.0,5569.10546875
whisper-stt,memory_working_set,whisper-stt,whisper-openai-68966786fb-jsb5d,2026-08-05T16:07:53.151000Z,1785946073.151,5839630336.0,bytes,,,5839630336.0,5569.10546875
whisper-stt,memory_working_set,whisper-stt,whisper-openai-68966786fb-jsb5d,2026-08-05T17:07:53.151000Z,1785949673.151,5839630336.0,bytes,,,5839630336.0,5569.10546875
whisper-stt,memory_working_set,whisper-stt,whisper-openai-68966786fb-jsb5d,2026-08-05T18:07:53.151000Z,1785953273.151,5839630336.0,bytes,,,5839630336.0,5569.10546875
whisper-stt,memory_working_set,whisper-stt,whisper-openai-68966786fb-jsb5d,2026-08-05T19:07:53.151000Z,1785956873.151,5839630336.0,bytes,,,5839630336.0,5569.10546875
whisper-stt,memory_working_set,whisper-stt,whisper-openai-68966786fb-jsb5d,2026-08-05T20:07:53.151000Z,1785960473.151,5839630336.0,bytes,,,5839630336.0,5569.10546875
whisper-stt,memory_working_set,whisper-stt,whisper-openai-68966786fb-jsb5d,2026-08-05T21:07:53.151000Z,1785964073.151,5839630336.0,bytes,,,5839630336.0,5569.10546875
whisper-stt,memory_working_set,whisper-stt,whisper-openai-68966786fb-jsb5d,2026-08-05T22:07:53.151000Z,1785967673.151,5839630336.0,bytes,,,5839630336.0,5569.10546875
whisper-stt,memory_working_set,whisper-stt,whisper-openai-68966786fb-jsb5d,2026-08-05T23:07:53.151000Z,1785971273.151,5839630336.0,bytes,,,5839630336.0,5569.10546875
whisper-stt,memory_working_set,whisper-stt,whisper-openai-68966786fb-jsb5d,2026-08-06T00:07:53.151000Z,1785974873.151,5839630336.0,bytes,,,5839630336.0,5569.10546875
whisper-stt,memory_working_set,whisper-stt,whisper-openai-68966786fb-jsb5d,2026-08-06T01:07:53.151000Z,1785978473.151,5839630336.0,bytes,,,5839630336.0,5569.10546875
whisper-stt,memory_working_set,whisper-stt,whisper-openai-68966786fb-jsb5d,2026-08-06T02:07:53.151000Z,1785982073.151,5839634432.0,bytes,,,5839634432.0,5569.109375
whisper-stt,memory_working_set,whisper-stt,whisper-openai-68966786fb-jsb5d,2026-08-06T03:07:53.151000Z,1785985673.151,5839634432.0,bytes,,,5839634432.0,5569.109375
whisper-stt,memory_working_set,whisper-stt,whisper-openai-68966786fb-jsb5d,2026-08-06T04:07:53.151000Z,1785989273.151,5839634432.0,bytes,,,5839634432.0,5569.109375
whisper-stt,memory_working_set,whisper-stt,whisper-openai-68966786fb-jsb5d,2026-08-06T05:07:53.151000Z,1785992873.151,5839630336.0,bytes,,,5839630336.0,5569.10546875
whisper-stt,memory_working_set,whisper-stt,whisper-openai-68966786fb-jsb5d,2026-08-06T06:07:53.151000Z,1785996473.151,5839630336.0,bytes,,,5839630336.0,5569.10546875
whisper-stt,memory_working_set,whisper-stt,whisper-openai-68966786fb-jsb5d,2026-08-06T07:07:53.151000Z,1786000073.151,5839630336.0,bytes,,,5839630336.0,5569.10546875
whisper-stt,memory_working_set,whisper-stt,whisper-openai-68966786fb-jsb5d,2026-08-06T08:07:53.151000Z,1786003673.151,5839634432.0,bytes,,,5839634432.0,5569.109375
whisper-stt,memory_working_set,whisper-stt,whisper-openai-68966786fb-jsb5d,2026-08-06T09:07:53.151000Z,1786007273.151,5839630336.0,bytes,,,5839630336.0,5569.10546875
whisper-stt,memory_working_set,whisper-stt,whisper-openai-68966786fb-jsb5d,2026-08-06T10:07:53.151000Z,1786010873.151,5839634432.0,bytes,,,5839634432.0,5569.109375
whisper-stt,memory_working_set,whisper-stt,whisper-openai-68966786fb-jsb5d,2026-08-06T11:07:53.151000Z,1786014473.151,5839634432.0,bytes,,,5839634432.0,5569.109375
whisper-stt,memory_working_set,whisper-stt,whisper-openai-68966786fb-jsb5d,2026-08-06T12:07:53.151000Z,1786018073.151,5839638528.0,bytes,,,5839638528.0,5569.11328125
whisper-stt,memory_working_set,whisper-stt,whisper-openai-68966786fb-jsb5d,2026-08-06T13:07:53.151000Z,1786021673.151,5839630336.0,bytes,,,5839630336.0,5569.10546875
whisper-stt,memory_working_set,whisper-stt,whisper-openai-68966786fb-jsb5d,2026-08-06T14:07:53.151000Z,1786025273.151,5839634432.0,bytes,,,5839634432.0,5569.109375
whisper-stt,memory_working_set,whisper-stt,whisper-openai-68966786fb-jsb5d,2026-08-06T15:07:53.151000Z,1786028873.151,5839634432.0,bytes,,,5839634432.0,5569.109375
whisper-stt,memory_working_set,whisper-stt,whisper-openai-68966786fb-jsb5d,2026-08-06T16:07:53.151000Z,1786032473.151,5839634432.0,bytes,,,5839634432.0,5569.109375
whisper-stt,memory_working_set,whisper-stt,whisper-openai-68966786fb-jsb5d,2026-08-06T17:07:53.151000Z,1786036073.151,5839630336.0,bytes,,,5839630336.0,5569.10546875
whisper-stt,memory_working_set,whisper-stt,whisper-openai-68966786fb-jsb5d,2026-08-06T18:07:53.151000Z,1786039673.151,5839630336.0,bytes,,,5839630336.0,5569.10546875
whisper-stt,memory_working_set,whisper-stt,whisper-openai-68966786fb-jsb5d,2026-08-06T19:07:53.151000Z,1786043273.151,5839630336.0,bytes,,,5839630336.0,5569.10546875
whisper-stt,memory_working_set,whisper-stt,whisper-openai-68966786fb-jsb5d,2026-08-06T20:07:53.151000Z,1786046873.151,5839630336.0,bytes,,,5839630336.0,5569.10546875
whisper-stt,memory_working_set,whisper-stt,whisper-openai-68966786fb-jsb5d,2026-08-06T21:07:53.151000Z,1786050473.151,5839630336.0,bytes,,,5839630336.0,5569.10546875
whisper-stt,memory_working_set,whisper-stt,whisper-openai-68966786fb-jsb5d,2026-08-06T22:07:53.151000Z,1786054073.151,5839630336.0,bytes,,,5839630336.0,5569.10546875
whisper-stt,memory_working_set,whisper-stt,whisper-openai-68966786fb-jsb5d,2026-08-06T23:07:53.151000Z,1786057673.151,5839634432.0,bytes,,,5839634432.0,5569.109375
whisper-stt,memory_working_set,whisper-stt,whisper-openai-68966786fb-jsb5d,2026-08-07T00:07:53.151000Z,1786061273.151,5839630336.0,bytes,,,5839630336.0,5569.10546875
whisper-stt,memory_working_set,whisper-stt,whisper-openai-68966786fb-jsb5d,2026-08-07T01:07:53.151000Z,1786064873.151,5839630336.0,bytes,,,5839630336.0,5569.10546875
whisper-stt,memory_working_set,whisper-stt,whisper-openai-68966786fb-jsb5d,2026-08-07T02:07:53.151000Z,1786068473.151,5839630336.0,bytes,,,5839630336.0,5569.10546875
whisper-stt,memory_working_set,whisper-stt,whisper-openai-68966786fb-jsb5d,2026-08-07T03:07:53.151000Z,1786072073.151,5839630336.0,bytes,,,5839630336.0,5569.10546875
whisper-stt,memory_working_set,whisper-stt,whisper-openai-68966786fb-jsb5d,2026-08-07T04:07:53.151000Z,1786075673.151,5839630336.0,bytes,,,5839630336.0,5569.10546875
whisper-stt,memory_working_set,whisper-stt,whisper-openai-68966786fb-jsb5d,2026-08-07T05:07:53.151000Z,1786079273.151,5839630336.0,bytes,,,5839630336.0,5569.10546875
whisper-stt,memory_working_set,whisper-stt,whisper-openai-68966786fb-jsb5d,2026-08-07T06:07:53.151000Z,1786082873.151,5839634432.0,bytes,,,5839634432.0,5569.109375
whisper-stt,memory_working_set,whisper-stt,whisper-openai-68966786fb-jsb5d,2026-08-07T07:07:53.151000Z,1786086473.151,5839630336.0,bytes,,,5839630336.0,5569.10546875
whisper-stt,memory_working_set,whisper-stt,whisper-openai-68966786fb-jsb5d,2026-08-07T08:07:53.151000Z,1786090073.151,5839634432.0,bytes,,,5839634432.0,5569.109375
whisper-stt,memory_working_set,whisper-stt,whisper-openai-68966786fb-jsb5d,2026-08-07T09:07:53.151000Z,1786093673.151,5839630336.0,bytes,,,5839630336.0,5569.10546875
whisper-stt,memory_working_set,whisper-stt,whisper-openai-68966786fb-jsb5d,2026-08-07T10:07:53.151000Z,1786097273.151,5839634432.0,bytes,,,5839634432.0,5569.109375
whisper-stt,memory_working_set,whisper-stt,whisper-openai-68966786fb-jsb5d,2026-08-07T11:07:53.151000Z,1786100873.151,5839634432.0,bytes,,,5839634432.0,5569.109375
whisper-stt,memory_working_set,whisper-stt,whisper-openai-68966786fb-jsb5d,2026-08-07T12:07:53.151000Z,1786104473.151,5839630336.0,bytes,,,5839630336.0,5569.10546875
whisper-stt,memory_working_set,whisper-stt,whisper-openai-68966786fb-jsb5d,2026-08-07T13:07:53.151000Z,1786108073.151,5839634432.0,bytes,,,5839634432.0,5569.109375
whisper-stt,memory_working_set,whisper-stt,whisper-openai-68966786fb-jsb5d,2026-08-07T14:07:53.151000Z,1786111673.151,5839630336.0,bytes,,,5839630336.0,5569.10546875
whisper-stt,memory_working_set,whisper-stt,whisper-openai-68966786fb-jsb5d,2026-08-07T15:07:53.151000Z,1786115273.151,5839630336.0,bytes,,,5839630336.0,5569.10546875
whisper-stt,memory_working_set,whisper-stt,whisper-openai-68966786fb-jsb5d,2026-08-07T16:07:53.151000Z,1786118873.151,5839630336.0,bytes,,,5839630336.0,5569.10546875
whisper-stt,memory_working_set,whisper-stt,whisper-openai-68966786fb-jsb5d,2026-08-07T17:07:53.151000Z,1786122473.151,5839634432.0,bytes,,,5839634432.0,5569.109375
whisper-stt,memory_working_set,whisper-stt,whisper-openai-68966786fb-jsb5d,2026-08-07T18:07:53.151000Z,1786126073.151,5839630336.0,bytes,,,5839630336.0,5569.10546875
whisper-stt,memory_working_set,whisper-stt,whisper-openai-68966786fb-jsb5d,2026-08-07T19:07:53.151000Z,1786129673.151,5839634432.0,bytes,,,5839634432.0,5569.109375
whisper-stt,memory_working_set,whisper-stt,whisper-openai-68966786fb-jsb5d,2026-08-07T20:07:53.151000Z,1786133273.151,5839630336.0,bytes,,,5839630336.0,5569.10546875
whisper-stt,memory_working_set,whisper-stt,whisper-openai-68966786fb-jsb5d,2026-08-07T21:07:53.151000Z,1786136873.151,5839630336.0,bytes,,,5839630336.0,5569.10546875
whisper-stt,memory_working_set,whisper-stt,whisper-openai-68966786fb-jsb5d,2026-08-07T22:07:53.151000Z,1786140473.151,5839634432.0,bytes,,,5839634432.0,5569.109375
whisper-stt,memory_working_set,whisper-stt,whisper-openai-68966786fb-jsb5d,2026-08-07T23:07:53.151000Z,1786144073.151,5839630336.0,bytes,,,5839630336.0,5569.10546875
whisper-stt,memory_working_set,whisper-stt,whisper-openai-68966786fb-jsb5d,2026-08-08T00:07:53.151000Z,1786147673.151,5839634432.0,bytes,,,5839634432.0,5569.109375
whisper-stt,memory_working_set,whisper-stt,whisper-openai-68966786fb-jsb5d,2026-08-08T01:07:53.151000Z,1786151273.151,5839634432.0,bytes,,,5839634432.0,5569.109375
whisper-stt,memory_working_set,whisper-stt,whisper-openai-68966786fb-jsb5d,2026-08-08T02:07:53.151000Z,1786154873.151,5839630336.0,bytes,,,5839630336.0,5569.10546875
whisper-stt,memory_working_set,whisper-stt,whisper-openai-68966786fb-jsb5d,2026-08-08T03:07:53.151000Z,1786158473.151,5839630336.0,bytes,,,5839630336.0,5569.10546875
whisper-stt,memory_working_set,whisper-stt,whisper-openai-68966786fb-jsb5d,2026-08-08T04:07:53.151000Z,1786162073.151,5839634432.0,bytes,,,5839634432.0,5569.109375
whisper-stt,memory_working_set,whisper-stt,whisper-openai-68966786fb-jsb5d,2026-08-08T05:07:53.151000Z,1786165673.151,5839630336.0,bytes,,,5839630336.0,5569.10546875
whisper-stt,memory_working_set,whisper-stt,whisper-openai-68966786fb-jsb5d,2026-08-08T06:07:53.151000Z,1786169273.151,5839630336.0,bytes,,,5839630336.0,5569.10546875
whisper-stt,memory_working_set,whisper-stt,whisper-openai-68966786fb-jsb5d,2026-08-08T07:07:53.151000Z,1786172873.151,5839634432.0,bytes,,,5839634432.0,5569.109375
whisper-stt,memory_working_set,whisper-stt,whisper-openai-68966786fb-jsb5d,2026-08-08T08:07:53.151000Z,1786176473.151,5839630336.0,bytes,,,5839630336.0,5569.10546875
whisper-stt,memory_working_set,whisper-stt,whisper-openai-68966786fb-jsb5d,2026-08-08T09:07:53.151000Z,1786180073.151,5839634432.0,bytes,,,5839634432.0,5569.109375
whisper-stt,memory_working_set,whisper-stt,whisper-openai-68966786fb-jsb5d,2026-08-08T10:07:53.151000Z,1786183673.151,5839630336.0,bytes,,,5839630336.0,5569.10546875
whisper-stt,memory_working_set,whisper-stt,whisper-openai-68966786fb-jsb5d,2026-08-08T11:07:53.151000Z,1786187273.151,5839630336.0,bytes,,,5839630336.0,5569.10546875
whisper-stt,memory_working_set,whisper-stt,whisper-openai-68966786fb-jsb5d,2026-08-08T12:07:53.151000Z,1786190873.151,5839630336.0,bytes,,,5839630336.0,5569.10546875
whisper-stt,memory_working_set,whisper-stt,whisper-openai-68966786fb-jsb5d,2026-08-08T13:07:53.151000Z,1786194473.151,5839630336.0,bytes,,,5839630336.0,5569.10546875
whisper-stt,memory_working_set,whisper-stt,whisper-openai-68966786fb-jsb5d,2026-08-08T14:07:53.151000Z,1786198073.151,5839630336.0,bytes,,,5839630336.0,5569.10546875
whisper-stt,memory_working_set,whisper-stt,whisper-openai-68966786fb-jsb5d,2026-08-08T15:07:53.151000Z,1786201673.151,5839634432.0,bytes,,,5839634432.0,5569.109375
whisper-stt,memory_working_set,whisper-stt,whisper-openai-68966786fb-jsb5d,2026-08-08T16:07:53.151000Z,1786205273.151,5839630336.0,bytes,,,5839630336.0,5569.10546875
whisper-stt,memory_working_set,whisper-stt,whisper-openai-68966786fb-jsb5d,2026-08-08T17:07:53.151000Z,1786208873.151,5838430208.0,bytes,,,5838430208.0,5567.9609375
whisper-stt,memory_working_set,whisper-stt,whisper-openai-68966786fb-jsb5d,2026-08-08T18:07:53.151000Z,1786212473.151,5838430208.0,bytes,,,5838430208.0,5567.9609375
whisper-stt,memory_working_set,whisper-stt,whisper-openai-68966786fb-jsb5d,2026-08-08T19:07:53.151000Z,1786216073.151,5838430208.0,bytes,,,5838430208.0,5567.9609375
whisper-stt,memory_working_set,whisper-stt,whisper-openai-68966786fb-jsb5d,2026-08-08T20:07:53.151000Z,1786219673.151,5837656064.0,bytes,,,5837656064.0,5567.22265625
whisper-stt,memory_working_set,whisper-stt,whisper-openai-68966786fb-jsb5d,2026-08-08T21:07:53.151000Z,1786223273.151,5837287424.0,bytes,,,5837287424.0,5566.87109375
whisper-stt,memory_working_set,whisper-stt,whisper-openai-68966786fb-jsb5d,2026-08-08T22:07:53.151000Z,1786226873.151,5837291520.0,bytes,,,5837291520.0,5566.875
whisper-stt,memory_working_set,whisper-stt,whisper-openai-68966786fb-jsb5d,2026-08-08T23:07:53.151000Z,1786230473.151,5837217792.0,bytes,,,5837217792.0,5566.8046875
whisper-stt,memory_working_set,whisper-stt,whisper-openai-68966786fb-jsb5d,2026-08-09T00:07:53.151000Z,1786234073.151,5837217792.0,bytes,,,5837217792.0,5566.8046875
whisper-stt,memory_working_set,whisper-stt,whisper-openai-68966786fb-jsb5d,2026-08-09T01:07:53.151000Z,1786237673.151,5837217792.0,bytes,,,5837217792.0,5566.8046875
whisper-stt,memory_working_set,whisper-stt,whisper-openai-68966786fb-jsb5d,2026-08-09T02:07:53.151000Z,1786241273.151,5837221888.0,bytes,,,5837221888.0,5566.80859375
whisper-stt,memory_working_set,whisper-stt,whisper-openai-68966786fb-jsb5d,2026-08-09T03:07:53.151000Z,1786244873.151,5837217792.0,bytes,,,5837217792.0,5566.8046875
whisper-stt,memory_working_set,whisper-stt,whisper-openai-68966786fb-jsb5d,2026-08-09T04:07:53.151000Z,1786248473.151,5837221888.0,bytes,,,5837221888.0,5566.80859375
whisper-stt,memory_working_set,whisper-stt,whisper-openai-68966786fb-jsb5d,2026-08-09T05:07:53.151000Z,1786252073.151,5837221888.0,bytes,,,5837221888.0,5566.80859375
whisper-stt,memory_working_set,whisper-stt,whisper-openai-68966786fb-jsb5d,2026-08-09T06:07:53.151000Z,1786255673.151,5837221888.0,bytes,,,5837221888.0,5566.80859375
whisper-stt,memory_working_set,whisper-stt,whisper-openai-68966786fb-jsb5d,2026-08-09T07:07:53.151000Z,1786259273.151,5837221888.0,bytes,,,5837221888.0,5566.80859375
whisper-stt,memory_working_set,whisper-stt,whisper-openai-68966786fb-jsb5d,2026-08-09T08:07:53.151000Z,1786262873.151,5837217792.0,bytes,,,5837217792.0,5566.8046875
whisper-stt,memory_working_set,whisper-stt,whisper-openai-68966786fb-jsb5d,2026-08-09T09:07:53.151000Z,1786266473.151,5837221888.0,bytes,,,5837221888.0,5566.80859375
whisper-stt,memory_working_set,whisper-stt,whisper-openai-68966786fb-jsb5d,2026-08-09T10:07:53.151000Z,1786270073.151,5837221888.0,bytes,,,5837221888.0,5566.80859375
whisper-stt,memory_working_set,whisper-stt,whisper-openai-68966786fb-jsb5d,2026-08-09T11:07:53.151000Z,1786273673.151,5837221888.0,bytes,,,5837221888.0,5566.80859375
whisper-stt,memory_working_set,whisper-stt,whisper-openai-68966786fb-jsb5d,2026-08-09T12:07:53.151000Z,1786277273.151,5837221888.0,bytes,,,5837221888.0,5566.80859375
whisper-stt,memory_working_set,whisper-stt,whisper-openai-68966786fb-jsb5d,2026-08-09T13:07:53.151000Z,1786280873.151,5837221888.0,bytes,,,5837221888.0,5566.80859375
whisper-stt,memory_working_set,whisper-stt,whisper-openai-68966786fb-jsb5d,2026-08-09T14:07:53.151000Z,1786284473.151,5837221888.0,bytes,,,5837221888.0,5566.80859375
whisper-stt,memory_working_set,whisper-stt,whisper-openai-68966786fb-jsb5d,2026-08-09T15:07:53.151000Z,1786288073.151,5837221888.0,bytes,,,5837221888.0,5566.80859375
whisper-stt,memory_working_set,whisper-stt,whisper-openai-68966786fb-jsb5d,2026-08-09T16:07:53.151000Z,1786291673.151,5837221888.0,bytes,,,5837221888.0,5566.80859375
whisper-stt,memory_working_set,whisper-stt,whisper-openai-68966786fb-jsb5d,2026-08-09T17:07:53.151000Z,1786295273.151,5837221888.0,bytes,,,5837221888.0,5566.80859375
whisper-stt,memory_working_set,whisper-stt,whisper-openai-68966786fb-jsb5d,2026-08-09T18:07:53.151000Z,1786298873.151,5837221888.0,bytes,,,5837221888.0,5566.80859375
whisper-stt,memory_working_set,whisper-stt,whisper-openai-68966786fb-jsb5d,2026-08-09T19:07:53.151000Z,1786302473.151,5837221888.0,bytes,,,5837221888.0,5566.80859375
whisper-stt,memory_working_set,whisper-stt,whisper-openai-68966786fb-jsb5d,2026-08-09T20:07:53.151000Z,1786306073.151,5837221888.0,bytes,,,5837221888.0,5566.80859375
whisper-stt,memory_working_set,whisper-stt,whisper-openai-68966786fb-jsb5d,2026-08-09T21:07:53.151000Z,1786309673.151,5837221888.0,bytes,,,5837221888.0,5566.80859375
whisper-stt,memory_working_set,whisper-stt,whisper-openai-68966786fb-jsb5d,2026-08-09T22:07:53.151000Z,1786313273.151,5837221888.0,bytes,,,5837221888.0,5566.80859375
whisper-stt,memory_working_set,whisper-stt,whisper-openai-68966786fb-jsb5d,2026-08-09T23:07:53.151000Z,1786316873.151,5837221888.0,bytes,,,5837221888.0,5566.80859375
whisper-stt,memory_working_set,whisper-stt,whisper-openai-68966786fb-jsb5d,2026-08-10T00:07:53.151000Z,1786320473.151,5837221888.0,bytes,,,5837221888.0,5566.80859375
whisper-stt,memory_working_set,whisper-stt,whisper-openai-68966786fb-jsb5d,2026-08-10T01:07:53.151000Z,1786324073.151,5837221888.0,bytes,,,5837221888.0,5566.80859375
whisper-stt,memory_working_set,whisper-stt,whisper-openai-68966786fb-jsb5d,2026-08-10T02:07:53.151000Z,1786327673.151,5837221888.0,bytes,,,5837221888.0,5566.80859375
whisper-stt,memory_working_set,whisper-stt,whisper-openai-68966786fb-jsb5d,2026-08-10T03:07:53.151000Z,1786331273.151,5836828672.0,bytes,,,5836828672.0,5566.43359375
whisper-stt,memory_working_set,whisper-stt,whisper-openai-68966786fb-jsb5d,2026-08-10T04:07:53.151000Z,1786334873.151,5836828672.0,bytes,,,5836828672.0,5566.43359375
whisper-stt,memory_working_set,whisper-stt,whisper-openai-68966786fb-jsb5d,2026-08-10T05:07:53.151000Z,1786338473.151,5836828672.0,bytes,,,5836828672.0,5566.43359375
whisper-stt,memory_working_set,whisper-stt,whisper-openai-68966786fb-jsb5d,2026-08-10T06:07:53.151000Z,1786342073.151,5836824576.0,bytes,,,5836824576.0,5566.4296875
whisper-stt,memory_working_set,whisper-stt,whisper-openai-68966786fb-jsb5d,2026-08-10T07:07:53.151000Z,1786345673.151,5836824576.0,bytes,,,5836824576.0,5566.4296875
whisper-stt,memory_working_set,whisper-stt,whisper-openai-68966786fb-jsb5d,2026-08-10T08:07:53.151000Z,1786349273.151,5836828672.0,bytes,,,5836828672.0,5566.43359375
whisper-stt,memory_working_set,whisper-stt,whisper-openai-68966786fb-jsb5d,2026-08-10T09:07:53.151000Z,1786352873.151,5836828672.0,bytes,,,5836828672.0,5566.43359375
whisper-stt,memory_working_set,whisper-stt,whisper-openai-68966786fb-jsb5d,2026-08-10T10:07:53.151000Z,1786356473.151,5836828672.0,bytes,,,5836828672.0,5566.43359375
whisper-stt,memory_working_set,whisper-stt,whisper-openai-68966786fb-jsb5d,2026-08-10T11:07:53.151000Z,1786360073.151,5836828672.0,bytes,,,5836828672.0,5566.43359375
whisper-stt,memory_working_set,whisper-stt,whisper-openai-68966786fb-jsb5d,2026-08-10T12:07:53.151000Z,1786363673.151,5836832768.0,bytes,,,5836832768.0,5566.4375
whisper-stt,memory_working_set,whisper-stt,whisper-openai-68966786fb-jsb5d,2026-08-10T13:07:53.151000Z,1786367273.151,5836828672.0,bytes,,,5836828672.0,5566.43359375
whisper-stt,memory_working_set,whisper-stt,whisper-openai-68966786fb-jsb5d,2026-08-10T14:07:53.151000Z,1786370873.151,5836828672.0,bytes,,,5836828672.0,5566.43359375
whisper-stt,memory_working_set,whisper-stt,whisper-stt-5b884b75f4-hwczc,2026-08-08T20:07:53.151000Z,1786219673.151,2175881216.0,bytes,,,2175881216.0,2075.08203125
whisper-stt,memory_working_set,whisper-stt,whisper-stt-847fd8d7b9-mp2kl,2026-08-08T21:07:53.151000Z,1786223273.151,2166865920.0,bytes,,,2166865920.0,2066.484375
whisper-stt,memory_working_set,whisper-stt,whisper-stt-847fd8d7b9-mp2kl,2026-08-08T22:07:53.151000Z,1786226873.151,2430623744.0,bytes,,,2430623744.0,2318.0234375
whisper-stt,memory_working_set,whisper-stt,whisper-stt-847fd8d7b9-mp2kl,2026-08-08T23:07:53.151000Z,1786230473.151,2430623744.0,bytes,,,2430623744.0,2318.0234375
whisper-stt,memory_working_set,whisper-stt,whisper-stt-847fd8d7b9-mp2kl,2026-08-09T00:07:53.151000Z,1786234073.151,2430623744.0,bytes,,,2430623744.0,2318.0234375
whisper-stt,memory_working_set,whisper-stt,whisper-stt-847fd8d7b9-mp2kl,2026-08-09T01:07:53.151000Z,1786237673.151,2430623744.0,bytes,,,2430623744.0,2318.0234375
whisper-stt,memory_working_set,whisper-stt,whisper-stt-847fd8d7b9-mp2kl,2026-08-09T02:07:53.151000Z,1786241273.151,2430623744.0,bytes,,,2430623744.0,2318.0234375
whisper-stt,memory_working_set,whisper-stt,whisper-stt-847fd8d7b9-mp2kl,2026-08-09T03:07:53.151000Z,1786244873.151,2445275136.0,bytes,,,2445275136.0,2331.99609375
whisper-stt,memory_working_set,whisper-stt,whisper-stt-847fd8d7b9-mp2kl,2026-08-09T04:07:53.151000Z,1786248473.151,2445275136.0,bytes,,,2445275136.0,2331.99609375
whisper-stt,memory_working_set,whisper-stt,whisper-stt-847fd8d7b9-mp2kl,2026-08-09T05:07:53.151000Z,1786252073.151,2445271040.0,bytes,,,2445271040.0,2331.9921875
whisper-stt,memory_working_set,whisper-stt,whisper-stt-847fd8d7b9-mp2kl,2026-08-09T06:07:53.151000Z,1786255673.151,2445275136.0,bytes,,,2445275136.0,2331.99609375
whisper-stt,memory_working_set,whisper-stt,whisper-stt-847fd8d7b9-mp2kl,2026-08-09T07:07:53.151000Z,1786259273.151,2445271040.0,bytes,,,2445271040.0,2331.9921875
whisper-stt,memory_working_set,whisper-stt,whisper-stt-847fd8d7b9-mp2kl,2026-08-09T08:07:53.151000Z,1786262873.151,2445291520.0,bytes,,,2445291520.0,2332.01171875
whisper-stt,memory_working_set,whisper-stt,whisper-stt-847fd8d7b9-mp2kl,2026-08-09T09:07:53.151000Z,1786266473.151,2445291520.0,bytes,,,2445291520.0,2332.01171875
whisper-stt,memory_working_set,whisper-stt,whisper-stt-847fd8d7b9-mp2kl,2026-08-09T10:07:53.151000Z,1786270073.151,2445291520.0,bytes,,,2445291520.0,2332.01171875
whisper-stt,memory_working_set,whisper-stt,whisper-stt-847fd8d7b9-mp2kl,2026-08-09T11:07:53.151000Z,1786273673.151,2445291520.0,bytes,,,2445291520.0,2332.01171875
whisper-stt,memory_working_set,whisper-stt,whisper-stt-847fd8d7b9-mp2kl,2026-08-09T12:07:53.151000Z,1786277273.151,2445291520.0,bytes,,,2445291520.0,2332.01171875
whisper-stt,memory_working_set,whisper-stt,whisper-stt-847fd8d7b9-mp2kl,2026-08-09T13:07:53.151000Z,1786280873.151,2445291520.0,bytes,,,2445291520.0,2332.01171875
whisper-stt,memory_working_set,whisper-stt,whisper-stt-847fd8d7b9-mp2kl,2026-08-09T14:07:53.151000Z,1786284473.151,2445291520.0,bytes,,,2445291520.0,2332.01171875
whisper-stt,memory_working_set,whisper-stt,whisper-stt-847fd8d7b9-mp2kl,2026-08-09T15:07:53.151000Z,1786288073.151,2445291520.0,bytes,,,2445291520.0,2332.01171875
whisper-stt,memory_working_set,whisper-stt,whisper-stt-847fd8d7b9-mp2kl,2026-08-09T16:07:53.151000Z,1786291673.151,2445291520.0,bytes,,,2445291520.0,2332.01171875
whisper-stt,memory_working_set,whisper-stt,whisper-stt-847fd8d7b9-mp2kl,2026-08-09T17:07:53.151000Z,1786295273.151,2445287424.0,bytes,,,2445287424.0,2332.0078125
whisper-stt,memory_working_set,whisper-stt,whisper-stt-847fd8d7b9-mp2kl,2026-08-09T18:07:53.151000Z,1786298873.151,2445291520.0,bytes,,,2445291520.0,2332.01171875
whisper-stt,memory_working_set,whisper-stt,whisper-stt-847fd8d7b9-mp2kl,2026-08-09T19:07:53.151000Z,1786302473.151,2445287424.0,bytes,,,2445287424.0,2332.0078125
whisper-stt,memory_working_set,whisper-stt,whisper-stt-847fd8d7b9-mp2kl,2026-08-09T20:07:53.151000Z,1786306073.151,2445291520.0,bytes,,,2445291520.0,2332.01171875
whisper-stt,memory_working_set,whisper-stt,whisper-stt-847fd8d7b9-mp2kl,2026-08-09T21:07:53.151000Z,1786309673.151,2445287424.0,bytes,,,2445287424.0,2332.0078125
whisper-stt,memory_working_set,whisper-stt,whisper-stt-847fd8d7b9-mp2kl,2026-08-09T22:07:53.151000Z,1786313273.151,2445287424.0,bytes,,,2445287424.0,2332.0078125
whisper-stt,memory_working_set,whisper-stt,whisper-stt-847fd8d7b9-mp2kl,2026-08-09T23:07:53.151000Z,1786316873.151,2445287424.0,bytes,,,2445287424.0,2332.0078125
whisper-stt,memory_working_set,whisper-stt,whisper-stt-847fd8d7b9-mp2kl,2026-08-10T00:07:53.151000Z,1786320473.151,2445287424.0,bytes,,,2445287424.0,2332.0078125
whisper-stt,memory_working_set,whisper-stt,whisper-stt-847fd8d7b9-mp2kl,2026-08-10T01:07:53.151000Z,1786324073.151,2445291520.0,bytes,,,2445291520.0,2332.01171875
whisper-stt,memory_working_set,whisper-stt,whisper-stt-847fd8d7b9-mp2kl,2026-08-10T02:07:53.151000Z,1786327673.151,2445287424.0,bytes,,,2445287424.0,2332.0078125
whisper-stt,memory_working_set,whisper-stt,whisper-stt-847fd8d7b9-mp2kl,2026-08-10T03:07:53.151000Z,1786331273.151,2445291520.0,bytes,,,2445291520.0,2332.01171875
whisper-stt,memory_working_set,whisper-stt,whisper-stt-847fd8d7b9-mp2kl,2026-08-10T04:07:53.151000Z,1786334873.151,2445291520.0,bytes,,,2445291520.0,2332.01171875
whisper-stt,memory_working_set,whisper-stt,whisper-stt-847fd8d7b9-mp2kl,2026-08-10T05:07:53.151000Z,1786338473.151,2445291520.0,bytes,,,2445291520.0,2332.01171875
whisper-stt,memory_working_set,whisper-stt,whisper-stt-847fd8d7b9-mp2kl,2026-08-10T06:07:53.151000Z,1786342073.151,2445299712.0,bytes,,,2445299712.0,2332.01953125
whisper-stt,memory_working_set,whisper-stt,whisper-stt-847fd8d7b9-mp2kl,2026-08-10T07:07:53.151000Z,1786345673.151,2445299712.0,bytes,,,2445299712.0,2332.01953125
whisper-stt,memory_working_set,whisper-stt,whisper-stt-847fd8d7b9-mp2kl,2026-08-10T08:07:53.151000Z,1786349273.151,2445295616.0,bytes,,,2445295616.0,2332.015625
whisper-stt,memory_working_set,whisper-stt,whisper-stt-847fd8d7b9-mp2kl,2026-08-10T09:07:53.151000Z,1786352873.151,2445299712.0,bytes,,,2445299712.0,2332.01953125
whisper-stt,memory_working_set,whisper-stt,whisper-stt-847fd8d7b9-mp2kl,2026-08-10T10:07:53.151000Z,1786356473.151,2445299712.0,bytes,,,2445299712.0,2332.01953125
whisper-stt,memory_working_set,whisper-stt,whisper-stt-847fd8d7b9-mp2kl,2026-08-10T11:07:53.151000Z,1786360073.151,2445299712.0,bytes,,,2445299712.0,2332.01953125
whisper-stt,memory_working_set,whisper-stt,whisper-stt-847fd8d7b9-mp2kl,2026-08-10T12:07:53.151000Z,1786363673.151,2445299712.0,bytes,,,2445299712.0,2332.01953125
whisper-stt,memory_working_set,whisper-stt,whisper-stt-847fd8d7b9-mp2kl,2026-08-10T13:07:53.151000Z,1786367273.151,2445299712.0,bytes,,,2445299712.0,2332.01953125
whisper-stt,memory_working_set,whisper-stt,whisper-stt-847fd8d7b9-mp2kl,2026-08-10T14:07:53.151000Z,1786370873.151,2445303808.0,bytes,,,2445303808.0,2332.0234375
whisper-stt,memory_working_set,whisper-stt,whisper-stt-847fd8d7b9-v2rs5,2026-07-31T12:07:53.151000Z,1785499673.151,3251122176.0,bytes,,,3251122176.0,3100.51171875
whisper-stt,memory_working_set,whisper-stt,whisper-stt-847fd8d7b9-v2rs5,2026-07-31T13:07:53.151000Z,1785503273.151,3251126272.0,bytes,,,3251126272.0,3100.515625
whisper-stt,memory_working_set,whisper-stt,whisper-stt-847fd8d7b9-v2rs5,2026-07-31T14:07:53.151000Z,1785506873.151,3251126272.0,bytes,,,3251126272.0,3100.515625
whisper-stt,memory_working_set,whisper-stt,whisper-stt-847fd8d7b9-v2rs5,2026-07-31T15:07:53.151000Z,1785510473.151,3251122176.0,bytes,,,3251122176.0,3100.51171875
whisper-stt,memory_working_set,whisper-stt,whisper-stt-847fd8d7b9-v2rs5,2026-07-31T16:07:53.151000Z,1785514073.151,3251113984.0,bytes,,,3251113984.0,3100.50390625
whisper-stt,memory_working_set,whisper-stt,whisper-stt-847fd8d7b9-v2rs5,2026-07-31T17:07:53.151000Z,1785517673.151,3251122176.0,bytes,,,3251122176.0,3100.51171875
whisper-stt,memory_working_set,whisper-stt,whisper-stt-847fd8d7b9-v2rs5,2026-07-31T18:07:53.151000Z,1785521273.151,3251122176.0,bytes,,,3251122176.0,3100.51171875
whisper-stt,memory_working_set,whisper-stt,whisper-stt-847fd8d7b9-v2rs5,2026-07-31T19:07:53.151000Z,1785524873.151,3251122176.0,bytes,,,3251122176.0,3100.51171875
whisper-stt,memory_working_set,whisper-stt,whisper-stt-847fd8d7b9-v2rs5,2026-07-31T20:07:53.151000Z,1785528473.151,3251122176.0,bytes,,,3251122176.0,3100.51171875
whisper-stt,memory_working_set,whisper-stt,whisper-stt-847fd8d7b9-v2rs5,2026-07-31T21:07:53.151000Z,1785532073.151,3251122176.0,bytes,,,3251122176.0,3100.51171875
whisper-stt,memory_working_set,whisper-stt,whisper-stt-847fd8d7b9-v2rs5,2026-07-31T22:07:53.151000Z,1785535673.151,3251122176.0,bytes,,,3251122176.0,3100.51171875
whisper-stt,memory_working_set,whisper-stt,whisper-stt-847fd8d7b9-v2rs5,2026-07-31T23:07:53.151000Z,1785539273.151,3251126272.0,bytes,,,3251126272.0,3100.515625
whisper-stt,memory_working_set,whisper-stt,whisper-stt-847fd8d7b9-v2rs5,2026-08-01T00:07:53.151000Z,1785542873.151,3251126272.0,bytes,,,3251126272.0,3100.515625
whisper-stt,memory_working_set,whisper-stt,whisper-stt-847fd8d7b9-v2rs5,2026-08-01T01:07:53.151000Z,1785546473.151,3251122176.0,bytes,,,3251122176.0,3100.51171875
whisper-stt,memory_working_set,whisper-stt,whisper-stt-847fd8d7b9-v2rs5,2026-08-01T02:07:53.151000Z,1785550073.151,3251126272.0,bytes,,,3251126272.0,3100.515625
whisper-stt,memory_working_set,whisper-stt,whisper-stt-847fd8d7b9-v2rs5,2026-08-01T03:07:53.151000Z,1785553673.151,3251126272.0,bytes,,,3251126272.0,3100.515625
whisper-stt,memory_working_set,whisper-stt,whisper-stt-847fd8d7b9-v2rs5,2026-08-01T04:07:53.151000Z,1785557273.151,3251126272.0,bytes,,,3251126272.0,3100.515625
whisper-stt,memory_working_set,whisper-stt,whisper-stt-847fd8d7b9-v2rs5,2026-08-01T05:07:53.151000Z,1785560873.151,3251126272.0,bytes,,,3251126272.0,3100.515625
whisper-stt,memory_working_set,whisper-stt,whisper-stt-847fd8d7b9-v2rs5,2026-08-01T06:07:53.151000Z,1785564473.151,3251126272.0,bytes,,,3251126272.0,3100.515625
whisper-stt,memory_working_set,whisper-stt,whisper-stt-847fd8d7b9-v2rs5,2026-08-01T07:07:53.151000Z,1785568073.151,3251126272.0,bytes,,,3251126272.0,3100.515625
whisper-stt,memory_working_set,whisper-stt,whisper-stt-847fd8d7b9-v2rs5,2026-08-01T08:07:53.151000Z,1785571673.151,3251122176.0,bytes,,,3251122176.0,3100.51171875
whisper-stt,memory_working_set,whisper-stt,whisper-stt-847fd8d7b9-v2rs5,2026-08-01T09:07:53.151000Z,1785575273.151,3251126272.0,bytes,,,3251126272.0,3100.515625
whisper-stt,memory_working_set,whisper-stt,whisper-stt-847fd8d7b9-v2rs5,2026-08-01T10:07:53.151000Z,1785578873.151,3251122176.0,bytes,,,3251122176.0,3100.51171875
whisper-stt,memory_working_set,whisper-stt,whisper-stt-847fd8d7b9-v2rs5,2026-08-01T11:07:53.151000Z,1785582473.151,3251126272.0,bytes,,,3251126272.0,3100.515625
whisper-stt,memory_working_set,whisper-stt,whisper-stt-847fd8d7b9-v2rs5,2026-08-01T12:07:53.151000Z,1785586073.151,3251122176.0,bytes,,,3251122176.0,3100.51171875
whisper-stt,memory_working_set,whisper-stt,whisper-stt-847fd8d7b9-v2rs5,2026-08-01T13:07:53.151000Z,1785589673.151,3251122176.0,bytes,,,3251122176.0,3100.51171875
whisper-stt,memory_working_set,whisper-stt,whisper-stt-847fd8d7b9-v2rs5,2026-08-01T14:07:53.151000Z,1785593273.151,3251122176.0,bytes,,,3251122176.0,3100.51171875
whisper-stt,memory_working_set,whisper-stt,whisper-stt-847fd8d7b9-v2rs5,2026-08-01T15:07:53.151000Z,1785596873.151,3251126272.0,bytes,,,3251126272.0,3100.515625
whisper-stt,memory_working_set,whisper-stt,whisper-stt-847fd8d7b9-v2rs5,2026-08-01T16:07:53.151000Z,1785600473.151,3251122176.0,bytes,,,3251122176.0,3100.51171875
whisper-stt,memory_working_set,whisper-stt,whisper-stt-847fd8d7b9-v2rs5,2026-08-01T17:07:53.151000Z,1785604073.151,3251126272.0,bytes,,,3251126272.0,3100.515625
whisper-stt,memory_working_set,whisper-stt,whisper-stt-847fd8d7b9-v2rs5,2026-08-01T18:07:53.151000Z,1785607673.151,3251126272.0,bytes,,,3251126272.0,3100.515625
whisper-stt,memory_working_set,whisper-stt,whisper-stt-847fd8d7b9-v2rs5,2026-08-01T19:07:53.151000Z,1785611273.151,3251126272.0,bytes,,,3251126272.0,3100.515625
whisper-stt,memory_working_set,whisper-stt,whisper-stt-847fd8d7b9-v2rs5,2026-08-01T20:07:53.151000Z,1785614873.151,3251122176.0,bytes,,,3251122176.0,3100.51171875
whisper-stt,memory_working_set,whisper-stt,whisper-stt-847fd8d7b9-v2rs5,2026-08-01T21:07:53.151000Z,1785618473.151,3251126272.0,bytes,,,3251126272.0,3100.515625
whisper-stt,memory_working_set,whisper-stt,whisper-stt-847fd8d7b9-v2rs5,2026-08-01T22:07:53.151000Z,1785622073.151,3251122176.0,bytes,,,3251122176.0,3100.51171875
whisper-stt,memory_working_set,whisper-stt,whisper-stt-847fd8d7b9-v2rs5,2026-08-01T23:07:53.151000Z,1785625673.151,3251122176.0,bytes,,,3251122176.0,3100.51171875
whisper-stt,memory_working_set,whisper-stt,whisper-stt-847fd8d7b9-v2rs5,2026-08-02T00:07:53.151000Z,1785629273.151,3251126272.0,bytes,,,3251126272.0,3100.515625
whisper-stt,memory_working_set,whisper-stt,whisper-stt-847fd8d7b9-v2rs5,2026-08-02T01:07:53.151000Z,1785632873.151,3251126272.0,bytes,,,3251126272.0,3100.515625
whisper-stt,memory_working_set,whisper-stt,whisper-stt-847fd8d7b9-v2rs5,2026-08-02T02:07:53.151000Z,1785636473.151,3251122176.0,bytes,,,3251122176.0,3100.51171875
whisper-stt,memory_working_set,whisper-stt,whisper-stt-847fd8d7b9-v2rs5,2026-08-02T03:07:53.151000Z,1785640073.151,3251122176.0,bytes,,,3251122176.0,3100.51171875
whisper-stt,memory_working_set,whisper-stt,whisper-stt-847fd8d7b9-v2rs5,2026-08-02T04:07:53.151000Z,1785643673.151,3251126272.0,bytes,,,3251126272.0,3100.515625
whisper-stt,memory_working_set,whisper-stt,whisper-stt-847fd8d7b9-v2rs5,2026-08-02T05:07:53.151000Z,1785647273.151,3251126272.0,bytes,,,3251126272.0,3100.515625
whisper-stt,memory_working_set,whisper-stt,whisper-stt-847fd8d7b9-v2rs5,2026-08-02T06:07:53.151000Z,1785650873.151,3251126272.0,bytes,,,3251126272.0,3100.515625
whisper-stt,memory_working_set,whisper-stt,whisper-stt-847fd8d7b9-v2rs5,2026-08-02T07:07:53.151000Z,1785654473.151,3251122176.0,bytes,,,3251122176.0,3100.51171875
whisper-stt,memory_working_set,whisper-stt,whisper-stt-847fd8d7b9-v2rs5,2026-08-02T08:07:53.151000Z,1785658073.151,3251126272.0,bytes,,,3251126272.0,3100.515625
whisper-stt,memory_working_set,whisper-stt,whisper-stt-847fd8d7b9-v2rs5,2026-08-02T09:07:53.151000Z,1785661673.151,3251126272.0,bytes,,,3251126272.0,3100.515625
whisper-stt,memory_working_set,whisper-stt,whisper-stt-847fd8d7b9-v2rs5,2026-08-02T10:07:53.151000Z,1785665273.151,3251126272.0,bytes,,,3251126272.0,3100.515625
whisper-stt,memory_working_set,whisper-stt,whisper-stt-847fd8d7b9-v2rs5,2026-08-02T11:07:53.151000Z,1785668873.151,3251122176.0,bytes,,,3251122176.0,3100.51171875
whisper-stt,memory_working_set,whisper-stt,whisper-stt-847fd8d7b9-v2rs5,2026-08-02T12:07:53.151000Z,1785672473.151,3251126272.0,bytes,,,3251126272.0,3100.515625
whisper-stt,memory_working_set,whisper-stt,whisper-stt-847fd8d7b9-v2rs5,2026-08-02T13:07:53.151000Z,1785676073.151,3251126272.0,bytes,,,3251126272.0,3100.515625
whisper-stt,memory_working_set,whisper-stt,whisper-stt-847fd8d7b9-v2rs5,2026-08-02T14:07:53.151000Z,1785679673.151,3251122176.0,bytes,,,3251122176.0,3100.51171875
whisper-stt,memory_working_set,whisper-stt,whisper-stt-847fd8d7b9-v2rs5,2026-08-02T15:07:53.151000Z,1785683273.151,3251126272.0,bytes,,,3251126272.0,3100.515625
whisper-stt,memory_working_set,whisper-stt,whisper-stt-847fd8d7b9-v2rs5,2026-08-02T16:07:53.151000Z,1785686873.151,3251126272.0,bytes,,,3251126272.0,3100.515625
whisper-stt,memory_working_set,whisper-stt,whisper-stt-847fd8d7b9-v2rs5,2026-08-02T17:07:53.151000Z,1785690473.151,3251122176.0,bytes,,,3251122176.0,3100.51171875
whisper-stt,memory_working_set,whisper-stt,whisper-stt-847fd8d7b9-v2rs5,2026-08-02T18:07:53.151000Z,1785694073.151,3251126272.0,bytes,,,3251126272.0,3100.515625
whisper-stt,memory_working_set,whisper-stt,whisper-stt-847fd8d7b9-v2rs5,2026-08-02T19:07:53.151000Z,1785697673.151,3251122176.0,bytes,,,3251122176.0,3100.51171875
whisper-stt,memory_working_set,whisper-stt,whisper-stt-847fd8d7b9-v2rs5,2026-08-02T20:07:53.151000Z,1785701273.151,3251126272.0,bytes,,,3251126272.0,3100.515625
whisper-stt,memory_working_set,whisper-stt,whisper-stt-847fd8d7b9-v2rs5,2026-08-02T21:07:53.151000Z,1785704873.151,3251126272.0,bytes,,,3251126272.0,3100.515625
whisper-stt,memory_working_set,whisper-stt,whisper-stt-847fd8d7b9-v2rs5,2026-08-02T22:07:53.151000Z,1785708473.151,3251126272.0,bytes,,,3251126272.0,3100.515625
whisper-stt,memory_working_set,whisper-stt,whisper-stt-847fd8d7b9-v2rs5,2026-08-02T23:07:53.151000Z,1785712073.151,3251126272.0,bytes,,,3251126272.0,3100.515625
whisper-stt,memory_working_set,whisper-stt,whisper-stt-847fd8d7b9-v2rs5,2026-08-03T00:07:53.151000Z,1785715673.151,3251122176.0,bytes,,,3251122176.0,3100.51171875
whisper-stt,memory_working_set,whisper-stt,whisper-stt-847fd8d7b9-v2rs5,2026-08-03T01:07:53.151000Z,1785719273.151,3251122176.0,bytes,,,3251122176.0,3100.51171875
whisper-stt,memory_working_set,whisper-stt,whisper-stt-847fd8d7b9-v2rs5,2026-08-03T02:07:53.151000Z,1785722873.151,3251122176.0,bytes,,,3251122176.0,3100.51171875
whisper-stt,memory_working_set,whisper-stt,whisper-stt-847fd8d7b9-v2rs5,2026-08-03T03:07:53.151000Z,1785726473.151,3251126272.0,bytes,,,3251126272.0,3100.515625
whisper-stt,memory_working_set,whisper-stt,whisper-stt-847fd8d7b9-v2rs5,2026-08-03T04:07:53.151000Z,1785730073.151,3251122176.0,bytes,,,3251122176.0,3100.51171875
whisper-stt,memory_working_set,whisper-stt,whisper-stt-847fd8d7b9-v2rs5,2026-08-03T05:07:53.151000Z,1785733673.151,3251126272.0,bytes,,,3251126272.0,3100.515625
whisper-stt,memory_working_set,whisper-stt,whisper-stt-847fd8d7b9-v2rs5,2026-08-03T06:07:53.151000Z,1785737273.151,3251126272.0,bytes,,,3251126272.0,3100.515625
whisper-stt,memory_working_set,whisper-stt,whisper-stt-847fd8d7b9-v2rs5,2026-08-03T07:07:53.151000Z,1785740873.151,3251122176.0,bytes,,,3251122176.0,3100.51171875
whisper-stt,memory_working_set,whisper-stt,whisper-stt-847fd8d7b9-v2rs5,2026-08-03T08:07:53.151000Z,1785744473.151,3251122176.0,bytes,,,3251122176.0,3100.51171875
whisper-stt,memory_working_set,whisper-stt,whisper-stt-847fd8d7b9-v2rs5,2026-08-03T09:07:53.151000Z,1785748073.151,3251122176.0,bytes,,,3251122176.0,3100.51171875
whisper-stt,memory_working_set,whisper-stt,whisper-stt-847fd8d7b9-v2rs5,2026-08-03T10:07:53.151000Z,1785751673.151,3251122176.0,bytes,,,3251122176.0,3100.51171875
whisper-stt,memory_working_set,whisper-stt,whisper-stt-847fd8d7b9-v2rs5,2026-08-03T11:07:53.151000Z,1785755273.151,3251126272.0,bytes,,,3251126272.0,3100.515625
whisper-stt,memory_working_set,whisper-stt,whisper-stt-847fd8d7b9-v2rs5,2026-08-03T12:07:53.151000Z,1785758873.151,3251122176.0,bytes,,,3251122176.0,3100.51171875
whisper-stt,memory_working_set,whisper-stt,whisper-stt-847fd8d7b9-v2rs5,2026-08-03T13:07:53.151000Z,1785762473.151,3251126272.0,bytes,,,3251126272.0,3100.515625
whisper-stt,memory_working_set,whisper-stt,whisper-stt-847fd8d7b9-v2rs5,2026-08-03T14:07:53.151000Z,1785766073.151,3251122176.0,bytes,,,3251122176.0,3100.51171875
whisper-stt,memory_working_set,whisper-stt,whisper-stt-847fd8d7b9-v2rs5,2026-08-03T15:07:53.151000Z,1785769673.151,3251126272.0,bytes,,,3251126272.0,3100.515625
whisper-stt,memory_working_set,whisper-stt,whisper-stt-847fd8d7b9-v2rs5,2026-08-03T16:07:53.151000Z,1785773273.151,3251122176.0,bytes,,,3251122176.0,3100.51171875
whisper-stt,memory_working_set,whisper-stt,whisper-stt-847fd8d7b9-v2rs5,2026-08-03T17:07:53.151000Z,1785776873.151,3251126272.0,bytes,,,3251126272.0,3100.515625
whisper-stt,memory_working_set,whisper-stt,whisper-stt-847fd8d7b9-v2rs5,2026-08-03T18:07:53.151000Z,1785780473.151,3251126272.0,bytes,,,3251126272.0,3100.515625
whisper-stt,memory_working_set,whisper-stt,whisper-stt-847fd8d7b9-v2rs5,2026-08-03T19:07:53.151000Z,1785784073.151,3251122176.0,bytes,,,3251122176.0,3100.51171875
whisper-stt,memory_working_set,whisper-stt,whisper-stt-847fd8d7b9-v2rs5,2026-08-03T20:07:53.151000Z,1785787673.151,3251126272.0,bytes,,,3251126272.0,3100.515625
whisper-stt,memory_working_set,whisper-stt,whisper-stt-847fd8d7b9-v2rs5,2026-08-03T21:07:53.151000Z,1785791273.151,3251126272.0,bytes,,,3251126272.0,3100.515625
whisper-stt,memory_working_set,whisper-stt,whisper-stt-847fd8d7b9-v2rs5,2026-08-03T22:07:53.151000Z,1785794873.151,3251122176.0,bytes,,,3251122176.0,3100.51171875
whisper-stt,memory_working_set,whisper-stt,whisper-stt-847fd8d7b9-v2rs5,2026-08-03T23:07:53.151000Z,1785798473.151,3251126272.0,bytes,,,3251126272.0,3100.515625
whisper-stt,memory_working_set,whisper-stt,whisper-stt-847fd8d7b9-v2rs5,2026-08-04T00:07:53.151000Z,1785802073.151,3251122176.0,bytes,,,3251122176.0,3100.51171875
whisper-stt,memory_working_set,whisper-stt,whisper-stt-847fd8d7b9-v2rs5,2026-08-04T01:07:53.151000Z,1785805673.151,3251122176.0,bytes,,,3251122176.0,3100.51171875
whisper-stt,memory_working_set,whisper-stt,whisper-stt-847fd8d7b9-v2rs5,2026-08-04T02:07:53.151000Z,1785809273.151,3251126272.0,bytes,,,3251126272.0,3100.515625
whisper-stt,memory_working_set,whisper-stt,whisper-stt-847fd8d7b9-v2rs5,2026-08-04T03:07:53.151000Z,1785812873.151,3251122176.0,bytes,,,3251122176.0,3100.51171875
whisper-stt,memory_working_set,whisper-stt,whisper-stt-847fd8d7b9-v2rs5,2026-08-04T04:07:53.151000Z,1785816473.151,3251122176.0,bytes,,,3251122176.0,3100.51171875
whisper-stt,memory_working_set,whisper-stt,whisper-stt-847fd8d7b9-v2rs5,2026-08-04T05:07:53.151000Z,1785820073.151,3251126272.0,bytes,,,3251126272.0,3100.515625
whisper-stt,memory_working_set,whisper-stt,whisper-stt-847fd8d7b9-v2rs5,2026-08-04T06:07:53.151000Z,1785823673.151,3251122176.0,bytes,,,3251122176.0,3100.51171875
whisper-stt,memory_working_set,whisper-stt,whisper-stt-847fd8d7b9-v2rs5,2026-08-04T07:07:53.151000Z,1785827273.151,3251126272.0,bytes,,,3251126272.0,3100.515625
whisper-stt,memory_working_set,whisper-stt,whisper-stt-847fd8d7b9-v2rs5,2026-08-04T08:07:53.151000Z,1785830873.151,3251122176.0,bytes,,,3251122176.0,3100.51171875
whisper-stt,memory_working_set,whisper-stt,whisper-stt-847fd8d7b9-v2rs5,2026-08-04T09:07:53.151000Z,1785834473.151,3251126272.0,bytes,,,3251126272.0,3100.515625
whisper-stt,memory_working_set,whisper-stt,whisper-stt-847fd8d7b9-v2rs5,2026-08-04T10:07:53.151000Z,1785838073.151,3251126272.0,bytes,,,3251126272.0,3100.515625
whisper-stt,memory_working_set,whisper-stt,whisper-stt-847fd8d7b9-v2rs5,2026-08-04T11:07:53.151000Z,1785841673.151,3251126272.0,bytes,,,3251126272.0,3100.515625
whisper-stt,memory_working_set,whisper-stt,whisper-stt-847fd8d7b9-v2rs5,2026-08-04T12:07:53.151000Z,1785845273.151,3251122176.0,bytes,,,3251122176.0,3100.51171875
whisper-stt,memory_working_set,whisper-stt,whisper-stt-847fd8d7b9-v2rs5,2026-08-04T13:07:53.151000Z,1785848873.151,3251126272.0,bytes,,,3251126272.0,3100.515625
whisper-stt,memory_working_set,whisper-stt,whisper-stt-847fd8d7b9-v2rs5,2026-08-04T14:07:53.151000Z,1785852473.151,3251126272.0,bytes,,,3251126272.0,3100.515625
whisper-stt,memory_working_set,whisper-stt,whisper-stt-847fd8d7b9-v2rs5,2026-08-04T15:07:53.151000Z,1785856073.151,3251122176.0,bytes,,,3251122176.0,3100.51171875
whisper-stt,memory_working_set,whisper-stt,whisper-stt-847fd8d7b9-v2rs5,2026-08-04T16:07:53.151000Z,1785859673.151,3251126272.0,bytes,,,3251126272.0,3100.515625
whisper-stt,memory_working_set,whisper-stt,whisper-stt-847fd8d7b9-v2rs5,2026-08-04T17:07:53.151000Z,1785863273.151,3251126272.0,bytes,,,3251126272.0,3100.515625
whisper-stt,memory_working_set,whisper-stt,whisper-stt-847fd8d7b9-v2rs5,2026-08-04T18:07:53.151000Z,1785866873.151,3249102848.0,bytes,,,3249102848.0,3098.5859375
whisper-stt,memory_working_set,whisper-stt,whisper-stt-847fd8d7b9-v2rs5,2026-08-04T19:07:53.151000Z,1785870473.151,3249106944.0,bytes,,,3249106944.0,3098.58984375
whisper-stt,memory_working_set,whisper-stt,whisper-stt-847fd8d7b9-v2rs5,2026-08-04T20:07:53.151000Z,1785874073.151,3249070080.0,bytes,,,3249070080.0,3098.5546875
whisper-stt,memory_working_set,whisper-stt,whisper-stt-847fd8d7b9-v2rs5,2026-08-04T21:07:53.151000Z,1785877673.151,3249070080.0,bytes,,,3249070080.0,3098.5546875
whisper-stt,memory_working_set,whisper-stt,whisper-stt-847fd8d7b9-v2rs5,2026-08-04T22:07:53.151000Z,1785881273.151,3249065984.0,bytes,,,3249065984.0,3098.55078125
whisper-stt,memory_working_set,whisper-stt,whisper-stt-847fd8d7b9-v2rs5,2026-08-04T23:07:53.151000Z,1785884873.151,3249070080.0,bytes,,,3249070080.0,3098.5546875
whisper-stt,memory_working_set,whisper-stt,whisper-stt-847fd8d7b9-v2rs5,2026-08-05T00:07:53.151000Z,1785888473.151,3249065984.0,bytes,,,3249065984.0,3098.55078125
whisper-stt,memory_working_set,whisper-stt,whisper-stt-847fd8d7b9-v2rs5,2026-08-05T01:07:53.151000Z,1785892073.151,3249065984.0,bytes,,,3249065984.0,3098.55078125
whisper-stt,memory_working_set,whisper-stt,whisper-stt-847fd8d7b9-v2rs5,2026-08-05T02:07:53.151000Z,1785895673.151,3249065984.0,bytes,,,3249065984.0,3098.55078125
whisper-stt,memory_working_set,whisper-stt,whisper-stt-847fd8d7b9-v2rs5,2026-08-05T03:07:53.151000Z,1785899273.151,3249065984.0,bytes,,,3249065984.0,3098.55078125
whisper-stt,memory_working_set,whisper-stt,whisper-stt-847fd8d7b9-v2rs5,2026-08-05T04:07:53.151000Z,1785902873.151,3249065984.0,bytes,,,3249065984.0,3098.55078125
whisper-stt,memory_working_set,whisper-stt,whisper-stt-847fd8d7b9-v2rs5,2026-08-05T05:07:53.151000Z,1785906473.151,3249065984.0,bytes,,,3249065984.0,3098.55078125
whisper-stt,memory_working_set,whisper-stt,whisper-stt-847fd8d7b9-v2rs5,2026-08-05T06:07:53.151000Z,1785910073.151,3249065984.0,bytes,,,3249065984.0,3098.55078125
whisper-stt,memory_working_set,whisper-stt,whisper-stt-847fd8d7b9-v2rs5,2026-08-05T07:07:53.151000Z,1785913673.151,3249065984.0,bytes,,,3249065984.0,3098.55078125
whisper-stt,memory_working_set,whisper-stt,whisper-stt-847fd8d7b9-v2rs5,2026-08-05T08:07:53.151000Z,1785917273.151,3249065984.0,bytes,,,3249065984.0,3098.55078125
whisper-stt,memory_working_set,whisper-stt,whisper-stt-847fd8d7b9-v2rs5,2026-08-05T09:07:53.151000Z,1785920873.151,3249065984.0,bytes,,,3249065984.0,3098.55078125
whisper-stt,memory_working_set,whisper-stt,whisper-stt-847fd8d7b9-v2rs5,2026-08-05T10:07:53.151000Z,1785924473.151,3249065984.0,bytes,,,3249065984.0,3098.55078125
whisper-stt,memory_working_set,whisper-stt,whisper-stt-847fd8d7b9-v2rs5,2026-08-05T11:07:53.151000Z,1785928073.151,3249065984.0,bytes,,,3249065984.0,3098.55078125
whisper-stt,memory_working_set,whisper-stt,whisper-stt-847fd8d7b9-v2rs5,2026-08-05T12:07:53.151000Z,1785931673.151,3249065984.0,bytes,,,3249065984.0,3098.55078125
whisper-stt,memory_working_set,whisper-stt,whisper-stt-847fd8d7b9-v2rs5,2026-08-05T13:07:53.151000Z,1785935273.151,3248566272.0,bytes,,,3248566272.0,3098.07421875
whisper-stt,memory_working_set,whisper-stt,whisper-stt-847fd8d7b9-v2rs5,2026-08-05T14:07:53.151000Z,1785938873.151,3248529408.0,bytes,,,3248529408.0,3098.0390625
whisper-stt,memory_working_set,whisper-stt,whisper-stt-847fd8d7b9-v2rs5,2026-08-05T15:07:53.151000Z,1785942473.151,3248496640.0,bytes,,,3248496640.0,3098.0078125
whisper-stt,memory_working_set,whisper-stt,whisper-stt-847fd8d7b9-v2rs5,2026-08-05T16:07:53.151000Z,1785946073.151,3248496640.0,bytes,,,3248496640.0,3098.0078125
whisper-stt,memory_working_set,whisper-stt,whisper-stt-847fd8d7b9-v2rs5,2026-08-05T17:07:53.151000Z,1785949673.151,3248492544.0,bytes,,,3248492544.0,3098.00390625
whisper-stt,memory_working_set,whisper-stt,whisper-stt-847fd8d7b9-v2rs5,2026-08-05T18:07:53.151000Z,1785953273.151,3248476160.0,bytes,,,3248476160.0,3097.98828125
whisper-stt,memory_working_set,whisper-stt,whisper-stt-847fd8d7b9-v2rs5,2026-08-05T19:07:53.151000Z,1785956873.151,3248410624.0,bytes,,,3248410624.0,3097.92578125
whisper-stt,memory_working_set,whisper-stt,whisper-stt-847fd8d7b9-v2rs5,2026-08-05T20:07:53.151000Z,1785960473.151,3248439296.0,bytes,,,3248439296.0,3097.953125
whisper-stt,memory_working_set,whisper-stt,whisper-stt-847fd8d7b9-v2rs5,2026-08-05T21:07:53.151000Z,1785964073.151,3288637440.0,bytes,,,3288637440.0,3136.2890625
whisper-stt,memory_working_set,whisper-stt,whisper-stt-847fd8d7b9-v2rs5,2026-08-05T22:07:53.151000Z,1785967673.151,3288637440.0,bytes,,,3288637440.0,3136.2890625
whisper-stt,memory_working_set,whisper-stt,whisper-stt-847fd8d7b9-v2rs5,2026-08-05T23:07:53.151000Z,1785971273.151,3288641536.0,bytes,,,3288641536.0,3136.29296875
whisper-stt,memory_working_set,whisper-stt,whisper-stt-847fd8d7b9-v2rs5,2026-08-06T00:07:53.151000Z,1785974873.151,3287810048.0,bytes,,,3287810048.0,3135.5
whisper-stt,memory_working_set,whisper-stt,whisper-stt-847fd8d7b9-v2rs5,2026-08-06T01:07:53.151000Z,1785978473.151,3352317952.0,bytes,,,3352317952.0,3197.01953125
whisper-stt,memory_working_set,whisper-stt,whisper-stt-847fd8d7b9-v2rs5,2026-08-06T02:07:53.151000Z,1785982073.151,3289870336.0,bytes,,,3289870336.0,3137.46484375
whisper-stt,memory_working_set,whisper-stt,whisper-stt-847fd8d7b9-v2rs5,2026-08-06T03:07:53.151000Z,1785985673.151,3289870336.0,bytes,,,3289870336.0,3137.46484375
whisper-stt,memory_working_set,whisper-stt,whisper-stt-847fd8d7b9-v2rs5,2026-08-06T04:07:53.151000Z,1785989273.151,3289866240.0,bytes,,,3289866240.0,3137.4609375
whisper-stt,memory_working_set,whisper-stt,whisper-stt-847fd8d7b9-v2rs5,2026-08-06T05:07:53.151000Z,1785992873.151,3289866240.0,bytes,,,3289866240.0,3137.4609375
whisper-stt,memory_working_set,whisper-stt,whisper-stt-847fd8d7b9-v2rs5,2026-08-06T06:07:53.151000Z,1785996473.151,3289870336.0,bytes,,,3289870336.0,3137.46484375
whisper-stt,memory_working_set,whisper-stt,whisper-stt-847fd8d7b9-v2rs5,2026-08-06T07:07:53.151000Z,1786000073.151,3289870336.0,bytes,,,3289870336.0,3137.46484375
whisper-stt,memory_working_set,whisper-stt,whisper-stt-847fd8d7b9-v2rs5,2026-08-06T08:07:53.151000Z,1786003673.151,3289870336.0,bytes,,,3289870336.0,3137.46484375
whisper-stt,memory_working_set,whisper-stt,whisper-stt-847fd8d7b9-v2rs5,2026-08-06T09:07:53.151000Z,1786007273.151,3289870336.0,bytes,,,3289870336.0,3137.46484375
whisper-stt,memory_working_set,whisper-stt,whisper-stt-847fd8d7b9-v2rs5,2026-08-06T10:07:53.151000Z,1786010873.151,3289870336.0,bytes,,,3289870336.0,3137.46484375
whisper-stt,memory_working_set,whisper-stt,whisper-stt-847fd8d7b9-v2rs5,2026-08-06T11:07:53.151000Z,1786014473.151,3289870336.0,bytes,,,3289870336.0,3137.46484375
whisper-stt,memory_working_set,whisper-stt,whisper-stt-847fd8d7b9-v2rs5,2026-08-06T12:07:53.151000Z,1786018073.151,3289866240.0,bytes,,,3289866240.0,3137.4609375
whisper-stt,memory_working_set,whisper-stt,whisper-stt-847fd8d7b9-v2rs5,2026-08-06T13:07:53.151000Z,1786021673.151,3289866240.0,bytes,,,3289866240.0,3137.4609375
whisper-stt,memory_working_set,whisper-stt,whisper-stt-847fd8d7b9-v2rs5,2026-08-06T14:07:53.151000Z,1786025273.151,3289870336.0,bytes,,,3289870336.0,3137.46484375
whisper-stt,memory_working_set,whisper-stt,whisper-stt-847fd8d7b9-v2rs5,2026-08-06T15:07:53.151000Z,1786028873.151,3289870336.0,bytes,,,3289870336.0,3137.46484375
whisper-stt,memory_working_set,whisper-stt,whisper-stt-847fd8d7b9-v2rs5,2026-08-06T16:07:53.151000Z,1786032473.151,3289870336.0,bytes,,,3289870336.0,3137.46484375
whisper-stt,memory_working_set,whisper-stt,whisper-stt-847fd8d7b9-v2rs5,2026-08-06T17:07:53.151000Z,1786036073.151,3289870336.0,bytes,,,3289870336.0,3137.46484375
whisper-stt,memory_working_set,whisper-stt,whisper-stt-847fd8d7b9-v2rs5,2026-08-06T18:07:53.151000Z,1786039673.151,3289866240.0,bytes,,,3289866240.0,3137.4609375
whisper-stt,memory_working_set,whisper-stt,whisper-stt-847fd8d7b9-v2rs5,2026-08-06T19:07:53.151000Z,1786043273.151,3289870336.0,bytes,,,3289870336.0,3137.46484375
whisper-stt,memory_working_set,whisper-stt,whisper-stt-847fd8d7b9-v2rs5,2026-08-06T20:07:53.151000Z,1786046873.151,3289866240.0,bytes,,,3289866240.0,3137.4609375
whisper-stt,memory_working_set,whisper-stt,whisper-stt-847fd8d7b9-v2rs5,2026-08-06T21:07:53.151000Z,1786050473.151,3289866240.0,bytes,,,3289866240.0,3137.4609375
whisper-stt,memory_working_set,whisper-stt,whisper-stt-847fd8d7b9-v2rs5,2026-08-06T22:07:53.151000Z,1786054073.151,3289866240.0,bytes,,,3289866240.0,3137.4609375
whisper-stt,memory_working_set,whisper-stt,whisper-stt-847fd8d7b9-v2rs5,2026-08-06T23:07:53.151000Z,1786057673.151,3289870336.0,bytes,,,3289870336.0,3137.46484375
whisper-stt,memory_working_set,whisper-stt,whisper-stt-847fd8d7b9-v2rs5,2026-08-07T00:07:53.151000Z,1786061273.151,3289870336.0,bytes,,,3289870336.0,3137.46484375
whisper-stt,memory_working_set,whisper-stt,whisper-stt-847fd8d7b9-v2rs5,2026-08-07T01:07:53.151000Z,1786064873.151,3289870336.0,bytes,,,3289870336.0,3137.46484375
whisper-stt,memory_working_set,whisper-stt,whisper-stt-847fd8d7b9-v2rs5,2026-08-07T02:07:53.151000Z,1786068473.151,3290632192.0,bytes,,,3290632192.0,3138.19140625
whisper-stt,memory_working_set,whisper-stt,whisper-stt-847fd8d7b9-v2rs5,2026-08-07T03:07:53.151000Z,1786072073.151,3290632192.0,bytes,,,3290632192.0,3138.19140625
whisper-stt,memory_working_set,whisper-stt,whisper-stt-847fd8d7b9-v2rs5,2026-08-07T04:07:53.151000Z,1786075673.151,3290644480.0,bytes,,,3290644480.0,3138.203125
whisper-stt,memory_working_set,whisper-stt,whisper-stt-847fd8d7b9-v2rs5,2026-08-07T05:07:53.151000Z,1786079273.151,3290644480.0,bytes,,,3290644480.0,3138.203125
whisper-stt,memory_working_set,whisper-stt,whisper-stt-847fd8d7b9-v2rs5,2026-08-07T06:07:53.151000Z,1786082873.151,3290648576.0,bytes,,,3290648576.0,3138.20703125
whisper-stt,memory_working_set,whisper-stt,whisper-stt-847fd8d7b9-v2rs5,2026-08-07T07:07:53.151000Z,1786086473.151,3290677248.0,bytes,,,3290677248.0,3138.234375
whisper-stt,memory_working_set,whisper-stt,whisper-stt-847fd8d7b9-v2rs5,2026-08-07T08:07:53.151000Z,1786090073.151,3290652672.0,bytes,,,3290652672.0,3138.2109375
whisper-stt,memory_working_set,whisper-stt,whisper-stt-847fd8d7b9-v2rs5,2026-08-07T09:07:53.151000Z,1786093673.151,3290648576.0,bytes,,,3290648576.0,3138.20703125
whisper-stt,memory_working_set,whisper-stt,whisper-stt-847fd8d7b9-v2rs5,2026-08-07T10:07:53.151000Z,1786097273.151,3290652672.0,bytes,,,3290652672.0,3138.2109375
whisper-stt,memory_working_set,whisper-stt,whisper-stt-847fd8d7b9-v2rs5,2026-08-07T11:07:53.151000Z,1786100873.151,3290648576.0,bytes,,,3290648576.0,3138.20703125
whisper-stt,memory_working_set,whisper-stt,whisper-stt-847fd8d7b9-v2rs5,2026-08-07T12:07:53.151000Z,1786104473.151,3290652672.0,bytes,,,3290652672.0,3138.2109375
whisper-stt,memory_working_set,whisper-stt,whisper-stt-847fd8d7b9-v2rs5,2026-08-07T13:07:53.151000Z,1786108073.151,3290652672.0,bytes,,,3290652672.0,3138.2109375
whisper-stt,memory_working_set,whisper-stt,whisper-stt-847fd8d7b9-v2rs5,2026-08-07T14:07:53.151000Z,1786111673.151,3290652672.0,bytes,,,3290652672.0,3138.2109375
whisper-stt,memory_working_set,whisper-stt,whisper-stt-847fd8d7b9-v2rs5,2026-08-07T15:07:53.151000Z,1786115273.151,3290648576.0,bytes,,,3290648576.0,3138.20703125
whisper-stt,memory_working_set,whisper-stt,whisper-stt-847fd8d7b9-v2rs5,2026-08-07T16:07:53.151000Z,1786118873.151,3293376512.0,bytes,,,3293376512.0,3140.80859375
whisper-stt,memory_working_set,whisper-stt,whisper-stt-847fd8d7b9-v2rs5,2026-08-07T17:07:53.151000Z,1786122473.151,3294150656.0,bytes,,,3294150656.0,3141.546875
whisper-stt,memory_working_set,whisper-stt,whisper-stt-847fd8d7b9-v2rs5,2026-08-07T18:07:53.151000Z,1786126073.151,3294048256.0,bytes,,,3294048256.0,3141.44921875
whisper-stt,memory_working_set,whisper-stt,whisper-stt-847fd8d7b9-v2rs5,2026-08-07T19:07:53.151000Z,1786129673.151,3294048256.0,bytes,,,3294048256.0,3141.44921875
whisper-stt,memory_working_set,whisper-stt,whisper-stt-847fd8d7b9-v2rs5,2026-08-07T20:07:53.151000Z,1786133273.151,3294035968.0,bytes,,,3294035968.0,3141.4375
whisper-stt,memory_working_set,whisper-stt,whisper-stt-847fd8d7b9-v2rs5,2026-08-07T21:07:53.151000Z,1786136873.151,3292712960.0,bytes,,,3292712960.0,3140.17578125
whisper-stt,memory_working_set,whisper-stt,whisper-stt-847fd8d7b9-v2rs5,2026-08-07T22:07:53.151000Z,1786140473.151,3292712960.0,bytes,,,3292712960.0,3140.17578125
whisper-stt,memory_working_set,whisper-stt,whisper-stt-847fd8d7b9-v2rs5,2026-08-07T23:07:53.151000Z,1786144073.151,3292717056.0,bytes,,,3292717056.0,3140.1796875
whisper-stt,memory_working_set,whisper-stt,whisper-stt-847fd8d7b9-v2rs5,2026-08-08T00:07:53.151000Z,1786147673.151,3292700672.0,bytes,,,3292700672.0,3140.1640625
whisper-stt,memory_working_set,whisper-stt,whisper-stt-847fd8d7b9-v2rs5,2026-08-08T01:07:53.151000Z,1786151273.151,3292704768.0,bytes,,,3292704768.0,3140.16796875
whisper-stt,memory_working_set,whisper-stt,whisper-stt-847fd8d7b9-v2rs5,2026-08-08T02:07:53.151000Z,1786154873.151,3292704768.0,bytes,,,3292704768.0,3140.16796875
whisper-stt,memory_working_set,whisper-stt,whisper-stt-847fd8d7b9-v2rs5,2026-08-08T03:07:53.151000Z,1786158473.151,3292479488.0,bytes,,,3292479488.0,3139.953125
whisper-stt,memory_working_set,whisper-stt,whisper-stt-847fd8d7b9-v2rs5,2026-08-08T04:07:53.151000Z,1786162073.151,3292479488.0,bytes,,,3292479488.0,3139.953125
whisper-stt,memory_working_set,whisper-stt,whisper-stt-847fd8d7b9-v2rs5,2026-08-08T05:07:53.151000Z,1786165673.151,3292483584.0,bytes,,,3292483584.0,3139.95703125
whisper-stt,memory_working_set,whisper-stt,whisper-stt-847fd8d7b9-v2rs5,2026-08-08T06:07:53.151000Z,1786169273.151,3292479488.0,bytes,,,3292479488.0,3139.953125
whisper-stt,memory_working_set,whisper-stt,whisper-stt-847fd8d7b9-v2rs5,2026-08-08T07:07:53.151000Z,1786172873.151,3292479488.0,bytes,,,3292479488.0,3139.953125
whisper-stt,memory_working_set,whisper-stt,whisper-stt-847fd8d7b9-v2rs5,2026-08-08T08:07:53.151000Z,1786176473.151,3292479488.0,bytes,,,3292479488.0,3139.953125
whisper-stt,memory_working_set,whisper-stt,whisper-stt-847fd8d7b9-v2rs5,2026-08-08T09:07:53.151000Z,1786180073.151,3292479488.0,bytes,,,3292479488.0,3139.953125
whisper-stt,memory_working_set,whisper-stt,whisper-stt-847fd8d7b9-v2rs5,2026-08-08T10:07:53.151000Z,1786183673.151,3292479488.0,bytes,,,3292479488.0,3139.953125
whisper-stt,memory_working_set,whisper-stt,whisper-stt-847fd8d7b9-v2rs5,2026-08-08T11:07:53.151000Z,1786187273.151,3292479488.0,bytes,,,3292479488.0,3139.953125
whisper-stt,memory_working_set,whisper-stt,whisper-stt-847fd8d7b9-v2rs5,2026-08-08T12:07:53.151000Z,1786190873.151,3292479488.0,bytes,,,3292479488.0,3139.953125
whisper-stt,memory_working_set,whisper-stt,whisper-stt-847fd8d7b9-v2rs5,2026-08-08T13:07:53.151000Z,1786194473.151,3292471296.0,bytes,,,3292471296.0,3139.9453125
whisper-stt,memory_working_set,whisper-stt,whisper-stt-847fd8d7b9-v2rs5,2026-08-08T14:07:53.151000Z,1786198073.151,3292467200.0,bytes,,,3292467200.0,3139.94140625
whisper-stt,memory_working_set,whisper-stt,whisper-stt-847fd8d7b9-v2rs5,2026-08-08T15:07:53.151000Z,1786201673.151,3292467200.0,bytes,,,3292467200.0,3139.94140625
whisper-stt,memory_working_set,whisper-stt,whisper-stt-847fd8d7b9-v2rs5,2026-08-08T16:07:53.151000Z,1786205273.151,3292471296.0,bytes,,,3292471296.0,3139.9453125
whisper-stt,memory_working_set,whisper-stt,whisper-stt-847fd8d7b9-v2rs5,2026-08-08T17:07:53.151000Z,1786208873.151,3292340224.0,bytes,,,3292340224.0,3139.8203125
whisper-stt,memory_working_set,whisper-stt,whisper-stt-847fd8d7b9-v2rs5,2026-08-08T18:07:53.151000Z,1786212473.151,3292340224.0,bytes,,,3292340224.0,3139.8203125
whisper-stt,memory_working_set,whisper-stt,whisper-stt-847fd8d7b9-v2rs5,2026-08-08T19:07:53.151000Z,1786216073.151,3292250112.0,bytes,,,3292250112.0,3139.734375
