service,metric,namespace,pod,timestamp,timestamp_unix,value,unit,cpu_cores,cpu_percent_of_one_core,memory_bytes,memory_mib
pbx-web,cpu_usage,pbx-web,lab-rebuild-relay-79957dbd4-xsqhl,2026-07-30T18:14:01.927000Z,1785435241.927,0.0003917287278386098,cores,0.0003917287278386098,0.03917287278386098,,
pbx-web,cpu_usage,pbx-web,lab-rebuild-relay-79957dbd4-xsqhl,2026-07-30T19:14:01.927000Z,1785438841.927,0.00024645071687099697,cores,0.00024645071687099697,0.024645071687099698,,
pbx-web,cpu_usage,pbx-web,lab-rebuild-relay-79957dbd4-xsqhl,2026-07-30T20:14:01.927000Z,1785442441.927,0.0003902419949880327,cores,0.0003902419949880327,0.03902419949880327,,
pbx-web,cpu_usage,pbx-web,lab-rebuild-relay-79957dbd4-xsqhl,2026-07-30T21:14:01.927000Z,1785446041.927,0.00037614595060897217,cores,0.00037614595060897217,0.03761459506089722,,
pbx-web,cpu_usage,pbx-web,lab-rebuild-relay-79957dbd4-xsqhl,2026-07-30T22:14:01.927000Z,1785449641.927,0.0003931656231594017,cores,0.0003931656231594017,0.03931656231594017,,
pbx-web,cpu_usage,pbx-web,lab-rebuild-relay-79957dbd4-xsqhl,2026-07-30T23:14:01.927000Z,1785453241.927,0.0004055777611236088,cores,0.0004055777611236088,0.04055777611236088,,
pbx-web,cpu_usage,pbx-web,lab-rebuild-relay-79957dbd4-xsqhl,2026-07-31T00:14:01.927000Z,1785456841.927,0.00040509776834667485,cores,0.00040509776834667485,0.040509776834667485,,
pbx-web,cpu_usage,pbx-web,lab-rebuild-relay-79957dbd4-xsqhl,2026-07-31T01:14:01.927000Z,1785460441.927,0.0004072194945169062,cores,0.0004072194945169062,0.04072194945169062,,
pbx-web,cpu_usage,pbx-web,lab-rebuild-relay-79957dbd4-xsqhl,2026-07-31T02:14:01.927000Z,1785464041.927,0.00039585032747211057,cores,0.00039585032747211057,0.039585032747211056,,
pbx-web,cpu_usage,pbx-web,lab-rebuild-relay-79957dbd4-xsqhl,2026-07-31T03:14:01.927000Z,1785467641.927,0.0004047887207872962,cores,0.0004047887207872962,0.04047887207872962,,
pbx-web,cpu_usage,pbx-web,lab-rebuild-relay-79957dbd4-xsqhl,2026-07-31T04:14:01.927000Z,1785471241.927,0.00039300640165494097,cores,0.00039300640165494097,0.039300640165494095,,
pbx-web,cpu_usage,pbx-web,lab-rebuild-relay-79957dbd4-xsqhl,2026-07-31T05:14:01.927000Z,1785474841.927,0.0004148708175388971,cores,0.0004148708175388971,0.04148708175388971,,
pbx-web,cpu_usage,pbx-web,lab-rebuild-relay-79957dbd4-xsqhl,2026-07-31T06:14:01.927000Z,1785478441.927,0.0003988261424802336,cores,0.0003988261424802336,0.039882614248023356,,
pbx-web,cpu_usage,pbx-web,lab-rebuild-relay-79957dbd4-xsqhl,2026-07-31T07:14:01.927000Z,1785482041.927,0.00041625335831132153,cores,0.00041625335831132153,0.041625335831132156,,
pbx-web,cpu_usage,pbx-web,lab-rebuild-relay-79957dbd4-xsqhl,2026-07-31T08:14:01.927000Z,1785485641.927,0.00040170682514728675,cores,0.00040170682514728675,0.040170682514728676,,
pbx-web,cpu_usage,pbx-web,lab-rebuild-relay-79957dbd4-xsqhl,2026-07-31T09:14:01.927000Z,1785489241.927,0.0003529625364415911,cores,0.0003529625364415911,0.03529625364415911,,
pbx-web,cpu_usage,pbx-web,lab-rebuild-relay-79957dbd4-xsqhl,2026-07-31T10:14:01.927000Z,1785492841.927,0.00039464014101530076,cores,0.00039464014101530076,0.039464014101530075,,
pbx-web,cpu_usage,pbx-web,lab-rebuild-relay-79957dbd4-xsqhl,2026-07-31T11:14:01.927000Z,1785496441.927,0.00039347893198933125,cores,0.00039347893198933125,0.03934789319893313,,
pbx-web,cpu_usage,pbx-web,lab-rebuild-relay-79957dbd4-xsqhl,2026-07-31T12:14:01.927000Z,1785500041.927,0.0003951721611214852,cores,0.0003951721611214852,0.03951721611214852,,
pbx-web,cpu_usage,pbx-web,lab-rebuild-relay-79957dbd4-xsqhl,2026-07-31T13:14:01.927000Z,1785503641.927,0.00042168947304431265,cores,0.00042168947304431265,0.04216894730443126,,
pbx-web,cpu_usage,pbx-web,lab-rebuild-relay-79957dbd4-xsqhl,2026-07-31T14:14:01.927000Z,1785507241.927,0.00039830121189836663,cores,0.00039830121189836663,0.03983012118983666,,
pbx-web,cpu_usage,pbx-web,lab-rebuild-relay-79957dbd4-xsqhl,2026-07-31T15:14:01.927000Z,1785510841.927,0.0004119887241974418,cores,0.0004119887241974418,0.041198872419744174,,
pbx-web,cpu_usage,pbx-web,lab-rebuild-relay-79957dbd4-xsqhl,2026-07-31T16:14:01.927000Z,1785514441.927,0.00040529706564167357,cores,0.00040529706564167357,0.04052970656416736,,
pbx-web,cpu_usage,pbx-web,lab-rebuild-relay-79957dbd4-xsqhl,2026-07-31T17:14:01.927000Z,1785518041.927,0.0004043226966910097,cores,0.0004043226966910097,0.04043226966910097,,
pbx-web,cpu_usage,pbx-web,lab-rebuild-relay-79957dbd4-xsqhl,2026-07-31T18:14:01.927000Z,1785521641.927,0.0004138656876675906,cores,0.0004138656876675906,0.04138656876675906,,
pbx-web,cpu_usage,pbx-web,lab-rebuild-relay-79957dbd4-xsqhl,2026-07-31T19:14:01.927000Z,1785525241.927,0.00039816411489086934,cores,0.00039816411489086934,0.039816411489086934,,
pbx-web,cpu_usage,pbx-web,lab-rebuild-relay-79957dbd4-xsqhl,2026-07-31T20:14:01.927000Z,1785528841.927,0.0004091868558866607,cores,0.0004091868558866607,0.04091868558866607,,
pbx-web,cpu_usage,pbx-web,lab-rebuild-relay-79957dbd4-xsqhl,2026-07-31T21:14:01.927000Z,1785532441.927,0.0003952102633144232,cores,0.0003952102633144232,0.03952102633144232,,
pbx-web,cpu_usage,pbx-web,lab-rebuild-relay-79957dbd4-xsqhl,2026-07-31T22:14:01.927000Z,1785536041.927,0.00041204274205457485,cores,0.00041204274205457485,0.04120427420545748,,
pbx-web,cpu_usage,pbx-web,lab-rebuild-relay-79957dbd4-xsqhl,2026-07-31T23:14:01.927000Z,1785539641.927,0.00040806835875864425,cores,0.00040806835875864425,0.04080683587586442,,
pbx-web,cpu_usage,pbx-web,lab-rebuild-relay-79957dbd4-xsqhl,2026-08-01T00:14:01.927000Z,1785543241.927,0.00039403093069578603,cores,0.00039403093069578603,0.0394030930695786,,
pbx-web,cpu_usage,pbx-web,lab-rebuild-relay-79957dbd4-xsqhl,2026-08-01T01:14:01.927000Z,1785546841.927,0.00042580724500188634,cores,0.00042580724500188634,0.042580724500188634,,
pbx-web,cpu_usage,pbx-web,lab-rebuild-relay-79957dbd4-xsqhl,2026-08-01T02:14:01.927000Z,1785550441.927,0.00038432231869747963,cores,0.00038432231869747963,0.038432231869747965,,
pbx-web,cpu_usage,pbx-web,lab-rebuild-relay-79957dbd4-xsqhl,2026-08-01T03:14:01.927000Z,1785554041.927,0.000393132676796552,cores,0.000393132676796552,0.0393132676796552,,
pbx-web,cpu_usage,pbx-web,lab-rebuild-relay-79957dbd4-xsqhl,2026-08-01T04:14:01.927000Z,1785557641.927,0.00040235529634526145,cores,0.00040235529634526145,0.040235529634526146,,
pbx-web,cpu_usage,pbx-web,lab-rebuild-relay-79957dbd4-xsqhl,2026-08-01T05:14:01.927000Z,1785561241.927,0.00038504732340456074,cores,0.00038504732340456074,0.03850473234045607,,
pbx-web,cpu_usage,pbx-web,lab-rebuild-relay-79957dbd4-xsqhl,2026-08-01T06:14:01.927000Z,1785564841.927,0.00040464117068535264,cores,0.00040464117068535264,0.04046411706853526,,
pbx-web,cpu_usage,pbx-web,lab-rebuild-relay-79957dbd4-xsqhl,2026-08-01T07:14:01.927000Z,1785568441.927,0.00040048919829640964,cores,0.00040048919829640964,0.04004891982964096,,
pbx-web,cpu_usage,pbx-web,lab-rebuild-relay-79957dbd4-xsqhl,2026-08-01T08:14:01.927000Z,1785572041.927,0.0003448840573885777,cores,0.0003448840573885777,0.03448840573885777,,
pbx-web,cpu_usage,pbx-web,lab-rebuild-relay-79957dbd4-xsqhl,2026-08-01T09:14:01.927000Z,1785575641.927,0.00038834847446011454,cores,0.00038834847446011454,0.038834847446011456,,
pbx-web,cpu_usage,pbx-web,lab-rebuild-relay-79957dbd4-xsqhl,2026-08-01T10:14:01.927000Z,1785579241.927,0.00039594118964595337,cores,0.00039594118964595337,0.03959411896459534,,
pbx-web,cpu_usage,pbx-web,lab-rebuild-relay-79957dbd4-xsqhl,2026-08-01T11:14:01.927000Z,1785582841.927,0.0004080447817489067,cores,0.0004080447817489067,0.04080447817489067,,
pbx-web,cpu_usage,pbx-web,lab-rebuild-relay-79957dbd4-xsqhl,2026-08-01T12:14:01.927000Z,1785586441.927,0.0004189790487318888,cores,0.0004189790487318888,0.04189790487318888,,
pbx-web,cpu_usage,pbx-web,lab-rebuild-relay-79957dbd4-xsqhl,2026-08-01T13:14:01.927000Z,1785590041.927,0.0003838490968947709,cores,0.0003838490968947709,0.038384909689477095,,
pbx-web,cpu_usage,pbx-web,lab-rebuild-relay-79957dbd4-xsqhl,2026-08-01T14:14:01.927000Z,1785593641.927,0.00039993906176376585,cores,0.00039993906176376585,0.03999390617637658,,
pbx-web,cpu_usage,pbx-web,lab-rebuild-relay-79957dbd4-xsqhl,2026-08-01T15:14:01.927000Z,1785597241.927,0.00041268676772886296,cores,0.00041268676772886296,0.041268676772886294,,
pbx-web,cpu_usage,pbx-web,lab-rebuild-relay-79957dbd4-xsqhl,2026-08-01T16:14:01.927000Z,1785600841.927,0.00041493509905933095,cores,0.00041493509905933095,0.0414935099059331,,
pbx-web,cpu_usage,pbx-web,lab-rebuild-relay-79957dbd4-xsqhl,2026-08-01T17:14:01.927000Z,1785604441.927,0.0004068961657262742,cores,0.0004068961657262742,0.040689616572627416,,
pbx-web,cpu_usage,pbx-web,lab-rebuild-relay-79957dbd4-xsqhl,2026-08-01T18:14:01.927000Z,1785608041.927,0.0003858107092092262,cores,0.0003858107092092262,0.038581070920922625,,
pbx-web,cpu_usage,pbx-web,lab-rebuild-relay-79957dbd4-xsqhl,2026-08-01T19:14:01.927000Z,1785611641.927,0.0003928865365322305,cores,0.0003928865365322305,0.03928865365322305,,
pbx-web,cpu_usage,pbx-web,lab-rebuild-relay-79957dbd4-xsqhl,2026-08-01T20:14:01.927000Z,1785615241.927,0.00037970148387747506,cores,0.00037970148387747506,0.03797014838774751,,
pbx-web,cpu_usage,pbx-web,lab-rebuild-relay-79957dbd4-xsqhl,2026-08-01T21:14:01.927000Z,1785618841.927,0.00043456925696093066,cores,0.00043456925696093066,0.043456925696093066,,
pbx-web,cpu_usage,pbx-web,lab-rebuild-relay-79957dbd4-xsqhl,2026-08-01T22:14:01.927000Z,1785622441.927,0.00036922707409497735,cores,0.00036922707409497735,0.03692270740949773,,
pbx-web,cpu_usage,pbx-web,lab-rebuild-relay-79957dbd4-xsqhl,2026-08-01T23:14:01.927000Z,1785626041.927,0.00037383051377437576,cores,0.00037383051377437576,0.037383051377437575,,
pbx-web,cpu_usage,pbx-web,lab-rebuild-relay-79957dbd4-xsqhl,2026-08-02T00:14:01.927000Z,1785629641.927,0.00041186151745926903,cores,0.00041186151745926903,0.0411861517459269,,
pbx-web,cpu_usage,pbx-web,lab-rebuild-relay-79957dbd4-xsqhl,2026-08-02T01:14:01.927000Z,1785633241.927,0.00039806498323175665,cores,0.00039806498323175665,0.03980649832317566,,
pbx-web,cpu_usage,pbx-web,lab-rebuild-relay-79957dbd4-xsqhl,2026-08-02T02:14:01.927000Z,1785636841.927,0.0004035792414714564,cores,0.0004035792414714564,0.04035792414714564,,
pbx-web,cpu_usage,pbx-web,lab-rebuild-relay-79957dbd4-xsqhl,2026-08-02T03:14:01.927000Z,1785640441.927,0.00038998398704880076,cores,0.00038998398704880076,0.038998398704880075,,
pbx-web,cpu_usage,pbx-web,lab-rebuild-relay-79957dbd4-xsqhl,2026-08-02T04:14:01.927000Z,1785644041.927,0.00037886177766403736,cores,0.00037886177766403736,0.03788617776640374,,
pbx-web,cpu_usage,pbx-web,lab-rebuild-relay-79957dbd4-xsqhl,2026-08-02T05:14:01.927000Z,1785647641.927,0.00038132100201344806,cores,0.00038132100201344806,0.038132100201344804,,
pbx-web,cpu_usage,pbx-web,lab-rebuild-relay-79957dbd4-xsqhl,2026-08-02T06:14:01.927000Z,1785651241.927,0.0003714688769887939,cores,0.0003714688769887939,0.03714688769887939,,
pbx-web,cpu_usage,pbx-web,lab-rebuild-relay-79957dbd4-xsqhl,2026-08-02T07:14:01.927000Z,1785654841.927,0.0004026230742681405,cores,0.0004026230742681405,0.04026230742681405,,
pbx-web,cpu_usage,pbx-web,lab-rebuild-relay-79957dbd4-xsqhl,2026-08-02T08:14:01.927000Z,1785658441.927,0.00039613942162420733,cores,0.00039613942162420733,0.039613942162420736,,
pbx-web,cpu_usage,pbx-web,lab-rebuild-relay-79957dbd4-xsqhl,2026-08-02T09:14:01.927000Z,1785662041.927,0.0003894715071146743,cores,0.0003894715071146743,0.03894715071146743,,
pbx-web,cpu_usage,pbx-web,lab-rebuild-relay-79957dbd4-xsqhl,2026-08-02T10:14:01.927000Z,1785665641.927,0.0003916960672226911,cores,0.0003916960672226911,0.03916960672226911,,
pbx-web,cpu_usage,pbx-web,lab-rebuild-relay-79957dbd4-xsqhl,2026-08-02T11:14:01.927000Z,1785669241.927,0.0004051516610496623,cores,0.0004051516610496623,0.04051516610496623,,
pbx-web,cpu_usage,pbx-web,lab-rebuild-relay-79957dbd4-xsqhl,2026-08-02T12:14:01.927000Z,1785672841.927,0.0003716469508681502,cores,0.0003716469508681502,0.037164695086815025,,
pbx-web,cpu_usage,pbx-web,lab-rebuild-relay-79957dbd4-xsqhl,2026-08-02T13:14:01.927000Z,1785676441.927,0.0003940108549235065,cores,0.0003940108549235065,0.03940108549235065,,
pbx-web,cpu_usage,pbx-web,lab-rebuild-relay-79957dbd4-xsqhl,2026-08-02T14:14:01.927000Z,1785680041.927,0.0003820887602677,cores,0.0003820887602677,0.038208876026770006,,
pbx-web,cpu_usage,pbx-web,lab-rebuild-relay-79957dbd4-xsqhl,2026-08-02T15:14:01.927000Z,1785683641.927,0.0003937695121177674,cores,0.0003937695121177674,0.039376951211776735,,
pbx-web,cpu_usage,pbx-web,lab-rebuild-relay-79957dbd4-xsqhl,2026-08-02T16:14:01.927000Z,1785687241.927,0.00041326844472393487,cores,0.00041326844472393487,0.04132684447239349,,
pbx-web,cpu_usage,pbx-web,lab-rebuild-relay-79957dbd4-xsqhl,2026-08-02T17:14:01.927000Z,1785690841.927,0.0003939199322476083,cores,0.0003939199322476083,0.039391993224760835,,
pbx-web,cpu_usage,pbx-web,lab-rebuild-relay-79957dbd4-xsqhl,2026-08-02T18:14:01.927000Z,1785694441.927,0.000377807547901414,cores,0.000377807547901414,0.037780754790141396,,
pbx-web,cpu_usage,pbx-web,lab-rebuild-relay-79957dbd4-xsqhl,2026-08-02T19:14:01.927000Z,1785698041.927,0.00040451933584794504,cores,0.00040451933584794504,0.04045193358479451,,
pbx-web,cpu_usage,pbx-web,lab-rebuild-relay-79957dbd4-xsqhl,2026-08-02T20:14:01.927000Z,1785701641.927,0.0004092326887086348,cores,0.0004092326887086348,0.040923268870863484,,
pbx-web,cpu_usage,pbx-web,lab-rebuild-relay-79957dbd4-xsqhl,2026-08-02T21:14:01.927000Z,1785705241.927,0.00038051330062199677,cores,0.00038051330062199677,0.03805133006219968,,
pbx-web,cpu_usage,pbx-web,lab-rebuild-relay-79957dbd4-xsqhl,2026-08-02T22:14:01.927000Z,1785708841.927,0.0003990746703250043,cores,0.0003990746703250043,0.03990746703250043,,
pbx-web,cpu_usage,pbx-web,lab-rebuild-relay-79957dbd4-xsqhl,2026-08-02T23:14:01.927000Z,1785712441.927,0.0003694816087243167,cores,0.0003694816087243167,0.03694816087243167,,
pbx-web,cpu_usage,pbx-web,lab-rebuild-relay-79957dbd4-xsqhl,2026-08-03T00:14:01.927000Z,1785716041.927,0.00036269294117650643,cores,0.00036269294117650643,0.03626929411765064,,
pbx-web,cpu_usage,pbx-web,lab-rebuild-relay-79957dbd4-xsqhl,2026-08-03T01:14:01.927000Z,1785719641.927,0.00036894656239010176,cores,0.00036894656239010176,0.03689465623901018,,
pbx-web,cpu_usage,pbx-web,lab-rebuild-relay-79957dbd4-xsqhl,2026-08-03T02:14:01.927000Z,1785723241.927,0.0003768723099971814,cores,0.0003768723099971814,0.03768723099971814,,
pbx-web,cpu_usage,pbx-web,lab-rebuild-relay-79957dbd4-xsqhl,2026-08-03T03:14:01.927000Z,1785726841.927,0.00040757045961991646,cores,0.00040757045961991646,0.040757045961991645,,
pbx-web,cpu_usage,pbx-web,lab-rebuild-relay-79957dbd4-xsqhl,2026-08-03T04:14:01.927000Z,1785730441.927,0.0003981434884344301,cores,0.0003981434884344301,0.03981434884344301,,
pbx-web,cpu_usage,pbx-web,lab-rebuild-relay-79957dbd4-xsqhl,2026-08-03T05:14:01.927000Z,1785734041.927,0.00040174534712781684,cores,0.00040174534712781684,0.040174534712781686,,
pbx-web,cpu_usage,pbx-web,lab-rebuild-relay-79957dbd4-xsqhl,2026-08-03T06:14:01.927000Z,1785737641.927,0.0003544185664913142,cores,0.0003544185664913142,0.03544185664913142,,
pbx-web,cpu_usage,pbx-web,lab-rebuild-relay-79957dbd4-xsqhl,2026-08-03T07:14:01.927000Z,1785741241.927,0.00039517298204991817,cores,0.00039517298204991817,0.039517298204991815,,
pbx-web,cpu_usage,pbx-web,lab-rebuild-relay-79957dbd4-xsqhl,2026-08-03T08:14:01.927000Z,1785744841.927,0.00038804715850880285,cores,0.00038804715850880285,0.038804715850880286,,
pbx-web,cpu_usage,pbx-web,lab-rebuild-relay-79957dbd4-xsqhl,2026-08-03T09:14:01.927000Z,1785748441.927,0.00039483219835342685,cores,0.00039483219835342685,0.039483219835342684,,
pbx-web,cpu_usage,pbx-web,lab-rebuild-relay-79957dbd4-xsqhl,2026-08-03T10:14:01.927000Z,1785752041.927,0.0003867036087637956,cores,0.0003867036087637956,0.03867036087637956,,
pbx-web,cpu_usage,pbx-web,lab-rebuild-relay-79957dbd4-xsqhl,2026-08-03T11:14:01.927000Z,1785755641.927,0.00039939423677722507,cores,0.00039939423677722507,0.039939423677722505,,
pbx-web,cpu_usage,pbx-web,lab-rebuild-relay-79957dbd4-xsqhl,2026-08-03T12:14:01.927000Z,1785759241.927,0.0004044938771701128,cores,0.0004044938771701128,0.04044938771701128,,
pbx-web,cpu_usage,pbx-web,lab-rebuild-relay-79957dbd4-xsqhl,2026-08-03T13:14:01.927000Z,1785762841.927,0.00039170267327077475,cores,0.00039170267327077475,0.03917026732707748,,
pbx-web,cpu_usage,pbx-web,lab-rebuild-relay-79957dbd4-xsqhl,2026-08-03T14:14:01.927000Z,1785766441.927,0.00038106046342968223,cores,0.00038106046342968223,0.03810604634296822,,
pbx-web,cpu_usage,pbx-web,lab-rebuild-relay-79957dbd4-xsqhl,2026-08-03T15:14:01.927000Z,1785770041.927,0.0003942328759619252,cores,0.0003942328759619252,0.03942328759619252,,
pbx-web,cpu_usage,pbx-web,lab-rebuild-relay-79957dbd4-xsqhl,2026-08-03T16:14:01.927000Z,1785773641.927,0.0003994056651492428,cores,0.0003994056651492428,0.03994056651492428,,
pbx-web,cpu_usage,pbx-web,lab-rebuild-relay-79957dbd4-xsqhl,2026-08-03T17:14:01.927000Z,1785777241.927,0.0003984340943766616,cores,0.0003984340943766616,0.039843409437666163,,
pbx-web,cpu_usage,pbx-web,lab-rebuild-relay-79957dbd4-xsqhl,2026-08-03T18:14:01.927000Z,1785780841.927,0.0003987636757904378,cores,0.0003987636757904378,0.039876367579043774,,
pbx-web,cpu_usage,pbx-web,lab-rebuild-relay-79957dbd4-xsqhl,2026-08-03T19:14:01.927000Z,1785784441.927,0.0003723384851855299,cores,0.0003723384851855299,0.037233848518552985,,
pbx-web,cpu_usage,pbx-web,lab-rebuild-relay-79957dbd4-xsqhl,2026-08-03T20:14:01.927000Z,1785788041.927,0.00038248591476272277,cores,0.00038248591476272277,0.03824859147627228,,
pbx-web,cpu_usage,pbx-web,lab-rebuild-relay-79957dbd4-xsqhl,2026-08-03T21:14:01.927000Z,1785791641.927,0.0003791287591842764,cores,0.0003791287591842764,0.03791287591842764,,
pbx-web,cpu_usage,pbx-web,lab-rebuild-relay-79957dbd4-xsqhl,2026-08-03T22:14:01.927000Z,1785795241.927,0.0003688575524982333,cores,0.0003688575524982333,0.03688575524982333,,
pbx-web,cpu_usage,pbx-web,lab-rebuild-relay-79957dbd4-xsqhl,2026-08-03T23:14:01.927000Z,1785798841.927,0.00038331483615776564,cores,0.00038331483615776564,0.03833148361577656,,
pbx-web,cpu_usage,pbx-web,lab-rebuild-relay-79957dbd4-xsqhl,2026-08-04T00:14:01.927000Z,1785802441.927,0.00040658002043998106,cores,0.00040658002043998106,0.04065800204399811,,
pbx-web,cpu_usage,pbx-web,lab-rebuild-relay-79957dbd4-xsqhl,2026-08-04T01:14:01.927000Z,1785806041.927,0.00038857815521743926,cores,0.00038857815521743926,0.03885781552174393,,
pbx-web,cpu_usage,pbx-web,lab-rebuild-relay-79957dbd4-xsqhl,2026-08-04T02:14:01.927000Z,1785809641.927,0.00040253138029955126,cores,0.00040253138029955126,0.04025313802995513,,
pbx-web,cpu_usage,pbx-web,lab-rebuild-relay-79957dbd4-xsqhl,2026-08-04T03:14:01.927000Z,1785813241.927,0.00035872588235286135,cores,0.00035872588235286135,0.035872588235286135,,
pbx-web,cpu_usage,pbx-web,lab-rebuild-relay-79957dbd4-xsqhl,2026-08-04T04:14:01.927000Z,1785816841.927,0.000377476091433349,cores,0.000377476091433349,0.0377476091433349,,
pbx-web,cpu_usage,pbx-web,lab-rebuild-relay-79957dbd4-xsqhl,2026-08-04T05:14:01.927000Z,1785820441.927,0.0003765187127733178,cores,0.0003765187127733178,0.03765187127733178,,
pbx-web,cpu_usage,pbx-web,lab-rebuild-relay-79957dbd4-xsqhl,2026-08-04T06:14:01.927000Z,1785824041.927,0.0003885180192194621,cores,0.0003885180192194621,0.03885180192194621,,
pbx-web,cpu_usage,pbx-web,lab-rebuild-relay-79957dbd4-xsqhl,2026-08-04T07:14:01.927000Z,1785827641.927,0.0003985400871993053,cores,0.0003985400871993053,0.03985400871993053,,
pbx-web,cpu_usage,pbx-web,lab-rebuild-relay-79957dbd4-xsqhl,2026-08-04T08:14:01.927000Z,1785831241.927,0.0003718295652173686,cores,0.0003718295652173686,0.03718295652173686,,
pbx-web,cpu_usage,pbx-web,lab-rebuild-relay-79957dbd4-xsqhl,2026-08-04T09:14:01.927000Z,1785834841.927,0.00038934229146905363,cores,0.00038934229146905363,0.038934229146905364,,
pbx-web,cpu_usage,pbx-web,lab-rebuild-relay-79957dbd4-xsqhl,2026-08-04T10:14:01.927000Z,1785838441.927,0.000387231159797258,cores,0.000387231159797258,0.038723115979725796,,
pbx-web,cpu_usage,pbx-web,lab-rebuild-relay-79957dbd4-xsqhl,2026-08-04T11:14:01.927000Z,1785842041.927,0.00038106505561905215,cores,0.00038106505561905215,0.038106505561905216,,
pbx-web,cpu_usage,pbx-web,lab-rebuild-relay-79957dbd4-xsqhl,2026-08-04T12:14:01.927000Z,1785845641.927,0.0004047757368346595,cores,0.0004047757368346595,0.040477573683465946,,
pbx-web,cpu_usage,pbx-web,lab-rebuild-relay-79957dbd4-xsqhl,2026-08-04T13:14:01.927000Z,1785849241.927,0.00038608102410267936,cores,0.00038608102410267936,0.038608102410267936,,
pbx-web,cpu_usage,pbx-web,lab-rebuild-relay-79957dbd4-xsqhl,2026-08-04T14:14:01.927000Z,1785852841.927,0.00037685639498902414,cores,0.00037685639498902414,0.03768563949890241,,
pbx-web,cpu_usage,pbx-web,lab-rebuild-relay-79957dbd4-xsqhl,2026-08-04T15:14:01.927000Z,1785856441.927,0.0003994636745352413,cores,0.0003994636745352413,0.03994636745352413,,
pbx-web,cpu_usage,pbx-web,lab-rebuild-relay-79957dbd4-xsqhl,2026-08-04T16:14:01.927000Z,1785860041.927,0.0003922303734920669,cores,0.0003922303734920669,0.03922303734920669,,
pbx-web,cpu_usage,pbx-web,lab-rebuild-relay-79957dbd4-xsqhl,2026-08-04T17:14:01.927000Z,1785863641.927,0.0003909023617966493,cores,0.0003909023617966493,0.039090236179664936,,
pbx-web,cpu_usage,pbx-web,lab-rebuild-relay-79957dbd4-xsqhl,2026-08-04T18:14:01.927000Z,1785867241.927,0.00038782343163371497,cores,0.00038782343163371497,0.038782343163371494,,
pbx-web,cpu_usage,pbx-web,lab-rebuild-relay-79957dbd4-xsqhl,2026-08-04T19:14:01.927000Z,1785870841.927,0.00038085185787203353,cores,0.00038085185787203353,0.03808518578720335,,
pbx-web,cpu_usage,pbx-web,lab-rebuild-relay-79957dbd4-xsqhl,2026-08-04T20:14:01.927000Z,1785874441.927,0.00041536654685586,cores,0.00041536654685586,0.041536654685586,,
pbx-web,cpu_usage,pbx-web,lab-rebuild-relay-79957dbd4-xsqhl,2026-08-04T21:14:01.927000Z,1785878041.927,0.0004081805958531232,cores,0.0004081805958531232,0.04081805958531232,,
pbx-web,cpu_usage,pbx-web,lab-rebuild-relay-79957dbd4-xsqhl,2026-08-04T22:14:01.927000Z,1785881641.927,0.000395825278924757,cores,0.000395825278924757,0.0395825278924757,,
pbx-web,cpu_usage,pbx-web,lab-rebuild-relay-79957dbd4-xsqhl,2026-08-04T23:14:01.927000Z,1785885241.927,0.0004322114456839312,cores,0.0004322114456839312,0.04322114456839312,,
pbx-web,cpu_usage,pbx-web,lab-rebuild-relay-79957dbd4-xsqhl,2026-08-05T00:14:01.927000Z,1785888841.927,0.000366696053884492,cores,0.000366696053884492,0.0366696053884492,,
pbx-web,cpu_usage,pbx-web,lab-rebuild-relay-79957dbd4-xsqhl,2026-08-05T01:14:01.927000Z,1785892441.927,0.00039766033531589694,cores,0.00039766033531589694,0.039766033531589695,,
pbx-web,cpu_usage,pbx-web,lab-rebuild-relay-79957dbd4-xsqhl,2026-08-05T02:14:01.927000Z,1785896041.927,0.00037710564793744835,cores,0.00037710564793744835,0.037710564793744836,,
pbx-web,cpu_usage,pbx-web,lab-rebuild-relay-79957dbd4-xsqhl,2026-08-05T03:14:01.927000Z,1785899641.927,0.00038003756354497697,cores,0.00038003756354497697,0.038003756354497695,,
pbx-web,cpu_usage,pbx-web,lab-rebuild-relay-79957dbd4-xsqhl,2026-08-05T04:14:01.927000Z,1785903241.927,0.0003891080810353227,cores,0.0003891080810353227,0.03891080810353227,,
pbx-web,cpu_usage,pbx-web,lab-rebuild-relay-79957dbd4-xsqhl,2026-08-05T05:14:01.927000Z,1785906841.927,0.000397241594265106,cores,0.000397241594265106,0.0397241594265106,,
pbx-web,cpu_usage,pbx-web,lab-rebuild-relay-79957dbd4-xsqhl,2026-08-05T06:14:01.927000Z,1785910441.927,0.0003813597431526505,cores,0.0003813597431526505,0.038135974315265046,,
pbx-web,cpu_usage,pbx-web,lab-rebuild-relay-79957dbd4-xsqhl,2026-08-05T07:14:01.927000Z,1785914041.927,0.00042687537782983676,cores,0.00042687537782983676,0.042687537782983676,,
pbx-web,cpu_usage,pbx-web,lab-rebuild-relay-79957dbd4-xsqhl,2026-08-05T08:14:01.927000Z,1785917641.927,0.0004068022233740099,cores,0.0004068022233740099,0.04068022233740099,,
pbx-web,cpu_usage,pbx-web,lab-rebuild-relay-79957dbd4-xsqhl,2026-08-05T09:14:01.927000Z,1785921241.927,0.00040509369956363573,cores,0.00040509369956363573,0.040509369956363575,,
pbx-web,cpu_usage,pbx-web,lab-rebuild-relay-79957dbd4-xsqhl,2026-08-05T10:14:01.927000Z,1785924841.927,0.0004030287937418818,cores,0.0004030287937418818,0.04030287937418818,,
pbx-web,cpu_usage,pbx-web,lab-rebuild-relay-79957dbd4-xsqhl,2026-08-05T11:14:01.927000Z,1785928441.927,0.000424976967202509,cores,0.000424976967202509,0.042497696720250895,,
pbx-web,cpu_usage,pbx-web,lab-rebuild-relay-79957dbd4-xsqhl,2026-08-05T12:14:01.927000Z,1785932041.927,0.00041643783018441614,cores,0.00041643783018441614,0.04164378301844161,,
pbx-web,cpu_usage,pbx-web,lab-rebuild-relay-79957dbd4-xsqhl,2026-08-05T13:14:01.927000Z,1785935641.927,0.0003958133758421154,cores,0.0003958133758421154,0.03958133758421154,,
pbx-web,cpu_usage,pbx-web,lab-rebuild-relay-79957dbd4-xsqhl,2026-08-05T14:14:01.927000Z,1785939241.927,0.00033610263179790725,cores,0.00033610263179790725,0.033610263179790725,,
pbx-web,cpu_usage,pbx-web,lab-rebuild-relay-79957dbd4-xsqhl,2026-08-05T15:14:01.927000Z,1785942841.927,0.0003958437577637189,cores,0.0003958437577637189,0.03958437577637189,,
pbx-web,cpu_usage,pbx-web,lab-rebuild-relay-79957dbd4-xsqhl,2026-08-05T16:14:01.927000Z,1785946441.927,0.0004151359737049296,cores,0.0004151359737049296,0.041513597370492955,,
pbx-web,cpu_usage,pbx-web,lab-rebuild-relay-79957dbd4-xsqhl,2026-08-05T17:14:01.927000Z,1785950041.927,0.0004086886458623031,cores,0.0004086886458623031,0.040868864586230305,,
pbx-web,cpu_usage,pbx-web,lab-rebuild-relay-79957dbd4-xsqhl,2026-08-05T18:14:01.927000Z,1785953641.927,0.0003798903115908113,cores,0.0003798903115908113,0.03798903115908113,,
pbx-web,cpu_usage,pbx-web,lab-rebuild-relay-79957dbd4-xsqhl,2026-08-05T19:14:01.927000Z,1785957241.927,0.0004017293784358556,cores,0.0004017293784358556,0.04017293784358556,,
pbx-web,cpu_usage,pbx-web,lab-rebuild-relay-79957dbd4-xsqhl,2026-08-05T20:14:01.927000Z,1785960841.927,0.0002924159939267908,cores,0.0002924159939267908,0.029241599392679077,,
pbx-web,cpu_usage,pbx-web,lab-rebuild-relay-79957dbd4-xsqhl,2026-08-05T21:14:01.927000Z,1785964441.927,0.00040361577376098244,cores,0.00040361577376098244,0.040361577376098245,,
pbx-web,cpu_usage,pbx-web,lab-rebuild-relay-79957dbd4-xsqhl,2026-08-05T22:14:01.927000Z,1785968041.927,0.0003832541688455842,cores,0.0003832541688455842,0.03832541688455842,,
pbx-web,cpu_usage,pbx-web,lab-rebuild-relay-79957dbd4-xsqhl,2026-08-05T23:14:01.927000Z,1785971641.927,0.00040030576437519557,cores,0.00040030576437519557,0.040030576437519554,,
pbx-web,cpu_usage,pbx-web,lab-rebuild-relay-79957dbd4-xsqhl,2026-08-06T00:14:01.927000Z,1785975241.927,0.0004016360224629087,cores,0.0004016360224629087,0.04016360224629087,,
pbx-web,cpu_usage,pbx-web,lab-rebuild-relay-79957dbd4-xsqhl,2026-08-06T01:14:01.927000Z,1785978841.927,0.00023370744060486625,cores,0.00023370744060486625,0.023370744060486625,,
pbx-web,cpu_usage,pbx-web,lab-rebuild-relay-79957dbd4-xsqhl,2026-08-06T02:14:01.927000Z,1785982441.927,0.0004160176265629751,cores,0.0004160176265629751,0.04160176265629751,,
pbx-web,cpu_usage,pbx-web,lab-rebuild-relay-79957dbd4-xsqhl,2026-08-06T03:14:01.927000Z,1785986041.927,0.00038987601509397934,cores,0.00038987601509397934,0.03898760150939793,,
pbx-web,cpu_usage,pbx-web,lab-rebuild-relay-79957dbd4-xsqhl,2026-08-06T04:14:01.927000Z,1785989641.927,0.0004505933561435945,cores,0.0004505933561435945,0.04505933561435945,,
pbx-web,cpu_usage,pbx-web,lab-rebuild-relay-79957dbd4-xsqhl,2026-08-06T05:14:01.927000Z,1785993241.927,0.00040805015575658474,cores,0.00040805015575658474,0.04080501557565847,,
pbx-web,cpu_usage,pbx-web,lab-rebuild-relay-79957dbd4-xsqhl,2026-08-06T06:14:01.927000Z,1785996841.927,0.0004261699487571087,cores,0.0004261699487571087,0.04261699487571087,,
pbx-web,cpu_usage,pbx-web,lab-rebuild-relay-79957dbd4-xsqhl,2026-08-06T07:14:01.927000Z,1786000441.927,0.00041280030270985876,cores,0.00041280030270985876,0.041280030270985875,,
pbx-web,cpu_usage,pbx-web,lab-rebuild-relay-79957dbd4-xsqhl,2026-08-06T08:14:01.927000Z,1786004041.927,0.0004234849230746635,cores,0.0004234849230746635,0.042348492307466346,,
pbx-web,cpu_usage,pbx-web,lab-rebuild-relay-79957dbd4-xsqhl,2026-08-06T09:14:01.927000Z,1786007641.927,0.0004187750865528332,cores,0.0004187750865528332,0.04187750865528332,,
pbx-web,cpu_usage,pbx-web,lab-rebuild-relay-79957dbd4-xsqhl,2026-08-06T10:14:01.927000Z,1786011241.927,0.00042147252249962635,cores,0.00042147252249962635,0.04214725224996264,,
pbx-web,cpu_usage,pbx-web,lab-rebuild-relay-79957dbd4-xsqhl,2026-08-06T11:14:01.927000Z,1786014841.927,0.0004207849660249294,cores,0.0004207849660249294,0.04207849660249294,,
pbx-web,cpu_usage,pbx-web,lab-rebuild-relay-79957dbd4-xsqhl,2026-08-06T12:14:01.927000Z,1786018441.927,0.0004291642715941128,cores,0.0004291642715941128,0.04291642715941128,,
pbx-web,cpu_usage,pbx-web,lab-rebuild-relay-79957dbd4-xsqhl,2026-08-06T13:14:01.927000Z,1786022041.927,0.0004381916972672574,cores,0.0004381916972672574,0.04381916972672574,,
pbx-web,cpu_usage,pbx-web,lab-rebuild-relay-79957dbd4-xsqhl,2026-08-06T14:14:01.927000Z,1786025641.927,0.0004266206536930681,cores,0.0004266206536930681,0.04266206536930681,,
pbx-web,cpu_usage,pbx-web,lab-rebuild-relay-79957dbd4-xsqhl,2026-08-06T15:14:01.927000Z,1786029241.927,0.00041837320054456765,cores,0.00041837320054456765,0.04183732005445676,,
pbx-web,cpu_usage,pbx-web,lab-rebuild-relay-79957dbd4-xsqhl,2026-08-06T16:14:01.927000Z,1786032841.927,0.00040535307148090513,cores,0.00040535307148090513,0.04053530714809051,,
pbx-web,cpu_usage,pbx-web,lab-rebuild-relay-79957dbd4-xsqhl,2026-08-06T17:14:01.927000Z,1786036441.927,0.0004379075854905084,cores,0.0004379075854905084,0.04379075854905084,,
pbx-web,cpu_usage,pbx-web,lab-rebuild-relay-79957dbd4-xsqhl,2026-08-06T18:14:01.927000Z,1786040041.927,0.0004110492097964087,cores,0.0004110492097964087,0.04110492097964087,,
pbx-web,cpu_usage,pbx-web,lab-rebuild-relay-79957dbd4-xsqhl,2026-08-06T19:14:01.927000Z,1786043641.927,0.00042151709470322437,cores,0.00042151709470322437,0.042151709470322436,,
pbx-web,cpu_usage,pbx-web,lab-rebuild-relay-79957dbd4-xsqhl,2026-08-06T20:14:01.927000Z,1786047241.927,0.00040023642330361546,cores,0.00040023642330361546,0.04002364233036155,,
pbx-web,cpu_usage,pbx-web,lab-rebuild-relay-79957dbd4-xsqhl,2026-08-06T21:14:01.927000Z,1786050841.927,0.00040035554728899475,cores,0.00040035554728899475,0.040035554728899476,,
pbx-web,cpu_usage,pbx-web,lab-rebuild-relay-79957dbd4-xsqhl,2026-08-06T22:14:01.927000Z,1786054441.927,0.00043079879862840216,cores,0.00043079879862840216,0.04307987986284022,,
pbx-web,cpu_usage,pbx-web,lab-rebuild-relay-79957dbd4-xsqhl,2026-08-06T23:14:01.927000Z,1786058041.927,0.00039787443913942783,cores,0.00039787443913942783,0.03978744391394278,,
pbx-web,cpu_usage,pbx-web,lab-rebuild-relay-79957dbd4-xsqhl,2026-08-07T00:14:01.927000Z,1786061641.927,0.00039564390225442855,cores,0.00039564390225442855,0.03956439022544286,,
pbx-web,cpu_usage,pbx-web,lab-rebuild-relay-79957dbd4-xsqhl,2026-08-07T01:14:01.927000Z,1786065241.927,0.00043427497358913787,cores,0.00043427497358913787,0.04342749735891379,,
pbx-web,cpu_usage,pbx-web,lab-rebuild-relay-79957dbd4-xsqhl,2026-08-07T02:14:01.927000Z,1786068841.927,0.00043823259141815234,cores,0.00043823259141815234,0.043823259141815236,,
pbx-web,cpu_usage,pbx-web,lab-rebuild-relay-79957dbd4-xsqhl,2026-08-07T03:14:01.927000Z,1786072441.927,0.0004313755441839241,cores,0.0004313755441839241,0.04313755441839241,,
pbx-web,cpu_usage,pbx-web,lab-rebuild-relay-79957dbd4-xsqhl,2026-08-07T04:14:01.927000Z,1786076041.927,0.0004214560585677285,cores,0.0004214560585677285,0.04214560585677285,,
pbx-web,cpu_usage,pbx-web,lab-rebuild-relay-79957dbd4-xsqhl,2026-08-07T05:14:01.927000Z,1786079641.927,0.00041916027162801854,cores,0.00041916027162801854,0.04191602716280186,,
pbx-web,cpu_usage,pbx-web,lab-rebuild-relay-79957dbd4-xsqhl,2026-08-07T06:14:01.927000Z,1786083241.927,0.0004001925479832638,cores,0.0004001925479832638,0.04001925479832638,,
pbx-web,cpu_usage,pbx-web,lab-rebuild-relay-79957dbd4-xsqhl,2026-08-07T07:14:01.927000Z,1786086841.927,0.00039697929688162144,cores,0.00039697929688162144,0.039697929688162145,,
pbx-web,cpu_usage,pbx-web,lab-rebuild-relay-79957dbd4-xsqhl,2026-08-07T08:14:01.927000Z,1786090441.927,0.0004439921063652814,cores,0.0004439921063652814,0.044399210636528144,,
pbx-web,cpu_usage,pbx-web,lab-rebuild-relay-79957dbd4-xsqhl,2026-08-07T09:14:01.927000Z,1786094041.927,0.0004316726523317796,cores,0.0004316726523317796,0.04316726523317796,,
pbx-web,cpu_usage,pbx-web,lab-rebuild-relay-79957dbd4-xsqhl,2026-08-07T10:14:01.927000Z,1786097641.927,0.0004239298151240367,cores,0.0004239298151240367,0.04239298151240367,,
pbx-web,cpu_usage,pbx-web,lab-rebuild-relay-79957dbd4-xsqhl,2026-08-07T11:14:01.927000Z,1786101241.927,0.0004266190753008293,cores,0.0004266190753008293,0.04266190753008293,,
pbx-web,cpu_usage,pbx-web,lab-rebuild-relay-79957dbd4-xsqhl,2026-08-07T12:14:01.927000Z,1786104841.927,0.00041568637215750253,cores,0.00041568637215750253,0.041568637215750256,,
pbx-web,cpu_usage,pbx-web,lab-rebuild-relay-79957dbd4-xsqhl,2026-08-07T13:14:01.927000Z,1786108441.927,0.000498518885975485,cores,0.000498518885975485,0.0498518885975485,,
pbx-web,cpu_usage,pbx-web,lab-rebuild-relay-79957dbd4-xsqhl,2026-08-07T14:14:01.927000Z,1786112041.927,0.00043046071397685184,cores,0.00043046071397685184,0.04304607139768518,,
pbx-web,cpu_usage,pbx-web,lab-rebuild-relay-79957dbd4-xsqhl,2026-08-07T15:14:01.927000Z,1786115641.927,0.00043780967055050477,cores,0.00043780967055050477,0.043780967055050475,,
pbx-web,cpu_usage,pbx-web,lab-rebuild-relay-79957dbd4-xsqhl,2026-08-07T16:14:01.927000Z,1786119241.927,0.00023648320482145028,cores,0.00023648320482145028,0.02364832048214503,,
pbx-web,cpu_usage,pbx-web,lab-rebuild-relay-79957dbd4-xsqhl,2026-08-07T17:14:01.927000Z,1786122841.927,0.00042696208716389597,cores,0.00042696208716389597,0.0426962087163896,,
pbx-web,cpu_usage,pbx-web,lab-rebuild-relay-79957dbd4-xsqhl,2026-08-07T18:14:01.927000Z,1786126441.927,0.00042599599296610775,cores,0.00042599599296610775,0.04259959929661077,,
pbx-web,cpu_usage,pbx-web,lab-rebuild-relay-79957dbd4-xsqhl,2026-08-07T19:14:01.927000Z,1786130041.927,0.0003501808041738405,cores,0.0003501808041738405,0.03501808041738405,,
pbx-web,cpu_usage,pbx-web,lab-rebuild-relay-79957dbd4-xsqhl,2026-08-07T20:14:01.927000Z,1786133641.927,0.000389416206518969,cores,0.000389416206518969,0.0389416206518969,,
pbx-web,cpu_usage,pbx-web,lab-rebuild-relay-79957dbd4-xsqhl,2026-08-07T21:14:01.927000Z,1786137241.927,0.00040739618390289213,cores,0.00040739618390289213,0.040739618390289216,,
pbx-web,cpu_usage,pbx-web,lab-rebuild-relay-79957dbd4-xsqhl,2026-08-07T22:14:01.927000Z,1786140841.927,0.00039746380373278917,cores,0.00039746380373278917,0.03974638037327892,,
pbx-web,cpu_usage,pbx-web,lab-rebuild-relay-79957dbd4-xsqhl,2026-08-07T23:14:01.927000Z,1786144441.927,0.00039604818865169336,cores,0.00039604818865169336,0.03960481886516934,,
pbx-web,cpu_usage,pbx-web,lab-rebuild-relay-79957dbd4-xsqhl,2026-08-08T00:14:01.927000Z,1786148041.927,0.0003828147321504739,cores,0.0003828147321504739,0.03828147321504739,,
pbx-web,cpu_usage,pbx-web,lab-rebuild-relay-79957dbd4-xsqhl,2026-08-08T01:14:01.927000Z,1786151641.927,0.0003830503553355459,cores,0.0003830503553355459,0.03830503553355459,,
pbx-web,cpu_usage,pbx-web,lab-rebuild-relay-79957dbd4-xsqhl,2026-08-08T02:14:01.927000Z,1786155241.927,0.00039137907826740647,cores,0.00039137907826740647,0.03913790782674065,,
pbx-web,cpu_usage,pbx-web,lab-rebuild-relay-79957dbd4-xsqhl,2026-08-08T03:14:01.927000Z,1786158841.927,0.00037485978287949025,cores,0.00037485978287949025,0.03748597828794902,,
pbx-web,cpu_usage,pbx-web,lab-rebuild-relay-79957dbd4-xsqhl,2026-08-08T04:14:01.927000Z,1786162441.927,0.0004201940952978026,cores,0.0004201940952978026,0.04201940952978026,,
pbx-web,cpu_usage,pbx-web,lab-rebuild-relay-79957dbd4-xsqhl,2026-08-08T05:14:01.927000Z,1786166041.927,0.00038595755243027154,cores,0.00038595755243027154,0.038595755243027156,,
pbx-web,cpu_usage,pbx-web,lab-rebuild-relay-79957dbd4-xsqhl,2026-08-08T06:14:01.927000Z,1786169641.927,0.000401225221271186,cores,0.000401225221271186,0.0401225221271186,,
pbx-web,cpu_usage,pbx-web,lab-rebuild-relay-79957dbd4-xsqhl,2026-08-08T07:14:01.927000Z,1786173241.927,0.0004124506016280611,cores,0.0004124506016280611,0.04124506016280611,,
pbx-web,cpu_usage,pbx-web,lab-rebuild-relay-79957dbd4-xsqhl,2026-08-08T08:14:01.927000Z,1786176841.927,0.0003883331590133069,cores,0.0003883331590133069,0.03883331590133069,,
pbx-web,cpu_usage,pbx-web,lab-rebuild-relay-79957dbd4-xsqhl,2026-08-08T09:14:01.927000Z,1786180441.927,0.000390945377778562,cores,0.000390945377778562,0.039094537777856195,,
pbx-web,cpu_usage,pbx-web,lab-rebuild-relay-79957dbd4-xsqhl,2026-08-08T10:14:01.927000Z,1786184041.927,0.00040127290152037874,cores,0.00040127290152037874,0.04012729015203787,,
pbx-web,cpu_usage,pbx-web,lab-rebuild-relay-79957dbd4-xsqhl,2026-08-08T11:14:01.927000Z,1786187641.927,0.0004068560282153413,cores,0.0004068560282153413,0.04068560282153413,,
pbx-web,cpu_usage,pbx-web,lab-rebuild-relay-79957dbd4-xsqhl,2026-08-08T12:14:01.927000Z,1786191241.927,0.00035442662431715795,cores,0.00035442662431715795,0.035442662431715795,,
pbx-web,cpu_usage,pbx-web,lab-rebuild-relay-79957dbd4-xsqhl,2026-08-08T13:14:01.927000Z,1786194841.927,0.0004108852229653571,cores,0.0004108852229653571,0.04108852229653571,,
pbx-web,cpu_usage,pbx-web,lab-rebuild-relay-79957dbd4-xsqhl,2026-08-08T14:14:01.927000Z,1786198441.927,0.0004085636615503527,cores,0.0004085636615503527,0.040856366155035274,,
pbx-web,cpu_usage,pbx-web,lab-rebuild-relay-79957dbd4-xsqhl,2026-08-08T15:14:01.927000Z,1786202041.927,0.000402086938097993,cores,0.000402086938097993,0.0402086938097993,,
pbx-web,cpu_usage,pbx-web,lab-rebuild-relay-79957dbd4-xsqhl,2026-08-08T16:14:01.927000Z,1786205641.927,0.00039651786321574263,cores,0.00039651786321574263,0.03965178632157426,,
pbx-web,cpu_usage,pbx-web,lab-rebuild-relay-79957dbd4-xsqhl,2026-08-08T17:14:01.927000Z,1786209241.927,0.0003872964431652123,cores,0.0003872964431652123,0.038729644316521226,,
pbx-web,cpu_usage,pbx-web,lab-rebuild-relay-79957dbd4-xsqhl,2026-08-08T18:14:01.927000Z,1786212841.927,0.00033712051883291516,cores,0.00033712051883291516,0.033712051883291516,,
pbx-web,cpu_usage,pbx-web,lab-rebuild-relay-79957dbd4-xsqhl,2026-08-08T19:14:01.927000Z,1786216441.927,0.00036315872884628994,cores,0.00036315872884628994,0.036315872884628994,,
pbx-web,cpu_usage,pbx-web,lab-rebuild-relay-79957dbd4-xsqhl,2026-08-08T20:14:01.927000Z,1786220041.927,0.0002433896069459341,cores,0.0002433896069459341,0.02433896069459341,,
pbx-web,cpu_usage,pbx-web,lab-rebuild-relay-79957dbd4-xsqhl,2026-08-08T21:14:01.927000Z,1786223641.927,0.0002679484135850974,cores,0.0002679484135850974,0.02679484135850974,,
pbx-web,cpu_usage,pbx-web,lab-rebuild-relay-79957dbd4-xsqhl,2026-08-08T22:14:01.927000Z,1786227241.927,0.0002565310980814119,cores,0.0002565310980814119,0.025653109808141193,,
pbx-web,cpu_usage,pbx-web,lab-rebuild-relay-79957dbd4-xsqhl,2026-08-08T23:14:01.927000Z,1786230841.927,0.0002593897850205645,cores,0.0002593897850205645,0.02593897850205645,,
pbx-web,cpu_usage,pbx-web,lab-rebuild-relay-79957dbd4-xsqhl,2026-08-09T00:14:01.927000Z,1786234441.927,0.0002727272727271541,cores,0.0002727272727271541,0.027272727272715413,,
pbx-web,cpu_usage,pbx-web,lab-rebuild-relay-79957dbd4-xsqhl,2026-08-09T01:14:01.927000Z,1786238041.927,0.00024632487709630284,cores,0.00024632487709630284,0.024632487709630283,,
pbx-web,cpu_usage,pbx-web,lab-rebuild-relay-79957dbd4-xsqhl,2026-08-09T02:14:01.927000Z,1786241641.927,0.00029090368238629777,cores,0.00029090368238629777,0.029090368238629778,,
pbx-web,cpu_usage,pbx-web,lab-rebuild-relay-79957dbd4-xsqhl,2026-08-09T03:14:01.927000Z,1786245241.927,0.00027463586489760575,cores,0.00027463586489760575,0.027463586489760574,,
pbx-web,cpu_usage,pbx-web,lab-rebuild-relay-79957dbd4-xsqhl,2026-08-09T04:14:01.927000Z,1786248841.927,0.00026597338789279104,cores,0.00026597338789279104,0.026597338789279105,,
pbx-web,cpu_usage,pbx-web,lab-rebuild-relay-79957dbd4-xsqhl,2026-08-09T05:14:01.927000Z,1786252441.927,0.0002555825689010824,cores,0.0002555825689010824,0.025558256890108242,,
pbx-web,cpu_usage,pbx-web,lab-rebuild-relay-79957dbd4-xsqhl,2026-08-09T06:14:01.927000Z,1786256041.927,0.00024026918717935422,cores,0.00024026918717935422,0.02402691871793542,,
pbx-web,cpu_usage,pbx-web,lab-rebuild-relay-79957dbd4-xsqhl,2026-08-09T07:14:01.927000Z,1786259641.927,0.00026649564056798164,cores,0.00026649564056798164,0.026649564056798164,,
pbx-web,cpu_usage,pbx-web,lab-rebuild-relay-79957dbd4-xsqhl,2026-08-09T08:14:01.927000Z,1786263241.927,0.0002712575143981826,cores,0.0002712575143981826,0.027125751439818258,,
pbx-web,cpu_usage,pbx-web,lab-rebuild-relay-79957dbd4-xsqhl,2026-08-09T09:14:01.927000Z,1786266841.927,0.0002729457125125518,cores,0.0002729457125125518,0.02729457125125518,,
pbx-web,cpu_usage,pbx-web,lab-rebuild-relay-79957dbd4-xsqhl,2026-08-09T10:14:01.927000Z,1786270441.927,0.0002627133035338135,cores,0.0002627133035338135,0.02627133035338135,,
pbx-web,cpu_usage,pbx-web,lab-rebuild-relay-79957dbd4-xsqhl,2026-08-09T11:14:01.927000Z,1786274041.927,0.00027427626591284155,cores,0.00027427626591284155,0.027427626591284154,,
pbx-web,cpu_usage,pbx-web,lab-rebuild-relay-79957dbd4-xsqhl,2026-08-09T12:14:01.927000Z,1786277641.927,0.0002638682216147555,cores,0.0002638682216147555,0.026386822161475552,,
pbx-web,cpu_usage,pbx-web,lab-rebuild-relay-79957dbd4-xsqhl,2026-08-09T13:14:01.927000Z,1786281241.927,0.0002704430598822598,cores,0.0002704430598822598,0.027044305988225978,,
pbx-web,cpu_usage,pbx-web,lab-rebuild-relay-79957dbd4-xsqhl,2026-08-09T14:14:01.927000Z,1786284841.927,0.000317120601392406,cores,0.000317120601392406,0.0317120601392406,,
pbx-web,cpu_usage,pbx-web,lab-rebuild-relay-79957dbd4-xsqhl,2026-08-09T15:14:01.927000Z,1786288441.927,0.00032737314144059665,cores,0.00032737314144059665,0.032737314144059664,,
pbx-web,cpu_usage,pbx-web,lab-rebuild-relay-79957dbd4-xsqhl,2026-08-09T16:14:01.927000Z,1786292041.927,0.0002700570569545009,cores,0.0002700570569545009,0.027005705695450088,,
pbx-web,cpu_usage,pbx-web,lab-rebuild-relay-79957dbd4-xsqhl,2026-08-09T17:14:01.927000Z,1786295641.927,0.0002640285905065934,cores,0.0002640285905065934,0.026402859050659342,,
pbx-web,cpu_usage,pbx-web,lab-rebuild-relay-79957dbd4-xsqhl,2026-08-09T18:14:01.927000Z,1786299241.927,0.00026056254367570465,cores,0.00026056254367570465,0.026056254367570465,,
pbx-web,cpu_usage,pbx-web,lab-rebuild-relay-79957dbd4-xsqhl,2026-08-09T19:14:01.927000Z,1786302841.927,0.00026654650686842445,cores,0.00026654650686842445,0.026654650686842446,,
pbx-web,cpu_usage,pbx-web,lab-rebuild-relay-79957dbd4-xsqhl,2026-08-09T20:14:01.927000Z,1786306441.927,0.00026275029995535273,cores,0.00026275029995535273,0.026275029995535274,,
pbx-web,cpu_usage,pbx-web,lab-rebuild-relay-79957dbd4-xsqhl,2026-08-09T21:14:01.927000Z,1786310041.927,0.0002758872981815073,cores,0.0002758872981815073,0.02758872981815073,,
pbx-web,cpu_usage,pbx-web,lab-rebuild-relay-79957dbd4-xsqhl,2026-08-09T22:14:01.927000Z,1786313641.927,0.0002678784723831717,cores,0.0002678784723831717,0.026787847238317168,,
pbx-web,cpu_usage,pbx-web,lab-rebuild-relay-79957dbd4-xsqhl,2026-08-09T23:14:01.927000Z,1786317241.927,0.0003173528019102643,cores,0.0003173528019102643,0.03173528019102643,,
pbx-web,cpu_usage,pbx-web,lab-rebuild-relay-79957dbd4-xsqhl,2026-08-10T00:14:01.927000Z,1786320841.927,0.0002711019105593848,cores,0.0002711019105593848,0.02711019105593848,,
pbx-web,cpu_usage,pbx-web,lab-rebuild-relay-79957dbd4-xsqhl,2026-08-10T01:14:01.927000Z,1786324441.927,0.00027047396505411444,cores,0.00027047396505411444,0.027047396505411443,,
pbx-web,cpu_usage,pbx-web,lab-rebuild-relay-79957dbd4-xsqhl,2026-08-10T02:14:01.927000Z,1786328041.927,0.00027989554894528745,cores,0.00027989554894528745,0.027989554894528746,,
pbx-web,cpu_usage,pbx-web,lab-rebuild-relay-79957dbd4-xsqhl,2026-08-10T03:14:01.927000Z,1786331641.927,0.00030117848249805343,cores,0.00030117848249805343,0.030117848249805342,,
pbx-web,cpu_usage,pbx-web,lab-rebuild-relay-79957dbd4-xsqhl,2026-08-10T04:14:01.927000Z,1786335241.927,0.00027492207247351686,cores,0.00027492207247351686,0.027492207247351685,,
pbx-web,cpu_usage,pbx-web,lab-rebuild-relay-79957dbd4-xsqhl,2026-08-10T05:14:01.927000Z,1786338841.927,0.0003077467766164173,cores,0.0003077467766164173,0.03077467766164173,,
pbx-web,cpu_usage,pbx-web,lab-rebuild-relay-79957dbd4-xsqhl,2026-08-10T06:14:01.927000Z,1786342441.927,0.00028233428152746245,cores,0.00028233428152746245,0.028233428152746244,,
pbx-web,cpu_usage,pbx-web,lab-rebuild-relay-79957dbd4-xsqhl,2026-08-10T07:14:01.927000Z,1786346041.927,0.000269055656966418,cores,0.000269055656966418,0.0269055656966418,,
pbx-web,cpu_usage,pbx-web,lab-rebuild-relay-79957dbd4-xsqhl,2026-08-10T08:14:01.927000Z,1786349641.927,0.0002691619870710732,cores,0.0002691619870710732,0.026916198707107323,,
pbx-web,cpu_usage,pbx-web,lab-rebuild-relay-79957dbd4-xsqhl,2026-08-10T09:14:01.927000Z,1786353241.927,0.00026475273712449446,cores,0.00026475273712449446,0.026475273712449447,,
pbx-web,cpu_usage,pbx-web,lab-rebuild-relay-79957dbd4-xsqhl,2026-08-10T10:14:01.927000Z,1786356841.927,0.0002717231846101844,cores,0.0002717231846101844,0.027172318461018443,,
pbx-web,cpu_usage,pbx-web,lab-rebuild-relay-79957dbd4-xsqhl,2026-08-10T11:14:01.927000Z,1786360441.927,0.00026065686176960577,cores,0.00026065686176960577,0.026065686176960576,,
pbx-web,cpu_usage,pbx-web,pbx-rebuild-relay-588d79c5b9-vmmlz,2026-07-30T18:14:01.927000Z,1785435241.927,0.0004340630519725963,cores,0.0004340630519725963,0.04340630519725963,,
pbx-web,cpu_usage,pbx-web,pbx-rebuild-relay-588d79c5b9-vmmlz,2026-07-30T19:14:01.927000Z,1785438841.927,0.00022823027060726574,cores,0.00022823027060726574,0.022823027060726572,,
pbx-web,cpu_usage,pbx-web,pbx-rebuild-relay-588d79c5b9-vmmlz,2026-07-30T20:14:01.927000Z,1785442441.927,0.0004241289329099236,cores,0.0004241289329099236,0.04241289329099236,,
pbx-web,cpu_usage,pbx-web,pbx-rebuild-relay-588d79c5b9-vmmlz,2026-07-30T21:14:01.927000Z,1785446041.927,0.00043621628202225447,cores,0.00043621628202225447,0.04362162820222545,,
pbx-web,cpu_usage,pbx-web,pbx-rebuild-relay-588d79c5b9-vmmlz,2026-07-30T22:14:01.927000Z,1785449641.927,0.00044099539999322785,cores,0.00044099539999322785,0.044099539999322784,,
pbx-web,cpu_usage,pbx-web,pbx-rebuild-relay-588d79c5b9-vmmlz,2026-07-30T23:14:01.927000Z,1785453241.927,0.0004062720325887189,cores,0.0004062720325887189,0.04062720325887189,,
pbx-web,cpu_usage,pbx-web,pbx-rebuild-relay-588d79c5b9-vmmlz,2026-07-31T00:14:01.927000Z,1785456841.927,0.00041197511442641455,cores,0.00041197511442641455,0.04119751144264146,,
pbx-web,cpu_usage,pbx-web,pbx-rebuild-relay-588d79c5b9-vmmlz,2026-07-31T01:14:01.927000Z,1785460441.927,0.0004107905239025254,cores,0.0004107905239025254,0.041079052390252536,,
pbx-web,cpu_usage,pbx-web,pbx-rebuild-relay-588d79c5b9-vmmlz,2026-07-31T02:14:01.927000Z,1785464041.927,0.00043122202688240286,cores,0.00043122202688240286,0.04312220268824029,,
pbx-web,cpu_usage,pbx-web,pbx-rebuild-relay-588d79c5b9-vmmlz,2026-07-31T03:14:01.927000Z,1785467641.927,0.0004353334411557527,cores,0.0004353334411557527,0.04353334411557527,,
pbx-web,cpu_usage,pbx-web,pbx-rebuild-relay-588d79c5b9-vmmlz,2026-07-31T04:14:01.927000Z,1785471241.927,0.0004085751567242571,cores,0.0004085751567242571,0.04085751567242571,,
pbx-web,cpu_usage,pbx-web,pbx-rebuild-relay-588d79c5b9-vmmlz,2026-07-31T05:14:01.927000Z,1785474841.927,0.0004285962912054409,cores,0.0004285962912054409,0.04285962912054409,,
pbx-web,cpu_usage,pbx-web,pbx-rebuild-relay-588d79c5b9-vmmlz,2026-07-31T06:14:01.927000Z,1785478441.927,0.0004391303266074561,cores,0.0004391303266074561,0.04391303266074561,,
pbx-web,cpu_usage,pbx-web,pbx-rebuild-relay-588d79c5b9-vmmlz,2026-07-31T07:14:01.927000Z,1785482041.927,0.0004386709663042377,cores,0.0004386709663042377,0.04386709663042377,,
pbx-web,cpu_usage,pbx-web,pbx-rebuild-relay-588d79c5b9-vmmlz,2026-07-31T08:14:01.927000Z,1785485641.927,0.00040955391877358727,cores,0.00040955391877358727,0.04095539187735873,,
pbx-web,cpu_usage,pbx-web,pbx-rebuild-relay-588d79c5b9-vmmlz,2026-07-31T09:14:01.927000Z,1785489241.927,0.0003912924410879206,cores,0.0003912924410879206,0.03912924410879206,,
pbx-web,cpu_usage,pbx-web,pbx-rebuild-relay-588d79c5b9-vmmlz,2026-07-31T10:14:01.927000Z,1785492841.927,0.000439277066758787,cores,0.000439277066758787,0.0439277066758787,,
pbx-web,cpu_usage,pbx-web,pbx-rebuild-relay-588d79c5b9-vmmlz,2026-07-31T11:14:01.927000Z,1785496441.927,0.00042810285038236216,cores,0.00042810285038236216,0.042810285038236216,,
pbx-web,cpu_usage,pbx-web,pbx-rebuild-relay-588d79c5b9-vmmlz,2026-07-31T12:14:01.927000Z,1785500041.927,0.00041065864628082594,cores,0.00041065864628082594,0.04106586462808259,,
pbx-web,cpu_usage,pbx-web,pbx-rebuild-relay-588d79c5b9-vmmlz,2026-07-31T13:14:01.927000Z,1785503641.927,0.00042523695448388506,cores,0.00042523695448388506,0.04252369544838851,,
pbx-web,cpu_usage,pbx-web,pbx-rebuild-relay-588d79c5b9-vmmlz,2026-07-31T14:14:01.927000Z,1785507241.927,0.00044281569489462973,cores,0.00044281569489462973,0.04428156948946298,,
pbx-web,cpu_usage,pbx-web,pbx-rebuild-relay-588d79c5b9-vmmlz,2026-07-31T15:14:01.927000Z,1785510841.927,0.0004185046444565877,cores,0.0004185046444565877,0.04185046444565877,,
pbx-web,cpu_usage,pbx-web,pbx-rebuild-relay-588d79c5b9-vmmlz,2026-07-31T16:14:01.927000Z,1785514441.927,0.0004230343460361682,cores,0.0004230343460361682,0.04230343460361682,,
pbx-web,cpu_usage,pbx-web,pbx-rebuild-relay-588d79c5b9-vmmlz,2026-07-31T17:14:01.927000Z,1785518041.927,0.00043291597215058483,cores,0.00043291597215058483,0.043291597215058486,,
pbx-web,cpu_usage,pbx-web,pbx-rebuild-relay-588d79c5b9-vmmlz,2026-07-31T18:14:01.927000Z,1785521641.927,0.00040357873315719167,cores,0.00040357873315719167,0.04035787331571917,,
pbx-web,cpu_usage,pbx-web,pbx-rebuild-relay-588d79c5b9-vmmlz,2026-07-31T19:14:01.927000Z,1785525241.927,0.00043279256794243146,cores,0.00043279256794243146,0.043279256794243146,,
pbx-web,cpu_usage,pbx-web,pbx-rebuild-relay-588d79c5b9-vmmlz,2026-07-31T20:14:01.927000Z,1785528841.927,0.00039223950157984874,cores,0.00039223950157984874,0.039223950157984876,,
pbx-web,cpu_usage,pbx-web,pbx-rebuild-relay-588d79c5b9-vmmlz,2026-07-31T21:14:01.927000Z,1785532441.927,0.000450056240961271,cores,0.000450056240961271,0.0450056240961271,,
pbx-web,cpu_usage,pbx-web,pbx-rebuild-relay-588d79c5b9-vmmlz,2026-07-31T22:14:01.927000Z,1785536041.927,0.0004355746679615625,cores,0.0004355746679615625,0.04355746679615625,,
pbx-web,cpu_usage,pbx-web,pbx-rebuild-relay-588d79c5b9-vmmlz,2026-07-31T23:14:01.927000Z,1785539641.927,0.00042969164513321676,cores,0.00042969164513321676,0.042969164513321674,,
pbx-web,cpu_usage,pbx-web,pbx-rebuild-relay-588d79c5b9-vmmlz,2026-08-01T00:14:01.927000Z,1785543241.927,0.0004254611099140686,cores,0.0004254611099140686,0.04254611099140686,,
pbx-web,cpu_usage,pbx-web,pbx-rebuild-relay-588d79c5b9-vmmlz,2026-08-01T01:14:01.927000Z,1785546841.927,0.00044798671193399655,cores,0.00044798671193399655,0.044798671193399656,,
pbx-web,cpu_usage,pbx-web,pbx-rebuild-relay-588d79c5b9-vmmlz,2026-08-01T02:14:01.927000Z,1785550441.927,0.00044000669043915095,cores,0.00044000669043915095,0.04400066904391509,,
pbx-web,cpu_usage,pbx-web,pbx-rebuild-relay-588d79c5b9-vmmlz,2026-08-01T03:14:01.927000Z,1785554041.927,0.00041760122944042703,cores,0.00041760122944042703,0.0417601229440427,,
pbx-web,cpu_usage,pbx-web,pbx-rebuild-relay-588d79c5b9-vmmlz,2026-08-01T04:14:01.927000Z,1785557641.927,0.0004388041901469197,cores,0.0004388041901469197,0.04388041901469197,,
pbx-web,cpu_usage,pbx-web,pbx-rebuild-relay-588d79c5b9-vmmlz,2026-08-01T05:14:01.927000Z,1785561241.927,0.00039181742074054617,cores,0.00039181742074054617,0.039181742074054615,,
pbx-web,cpu_usage,pbx-web,pbx-rebuild-relay-588d79c5b9-vmmlz,2026-08-01T06:14:01.927000Z,1785564841.927,0.00045690046511629394,cores,0.00045690046511629394,0.0456900465116294,,
pbx-web,cpu_usage,pbx-web,pbx-rebuild-relay-588d79c5b9-vmmlz,2026-08-01T07:14:01.927000Z,1785568441.927,0.00042434085562432665,cores,0.00042434085562432665,0.042434085562432666,,
pbx-web,cpu_usage,pbx-web,pbx-rebuild-relay-588d79c5b9-vmmlz,2026-08-01T08:14:01.927000Z,1785572041.927,0.00044284235149747326,cores,0.00044284235149747326,0.044284235149747324,,
pbx-web,cpu_usage,pbx-web,pbx-rebuild-relay-588d79c5b9-vmmlz,2026-08-01T09:14:01.927000Z,1785575641.927,0.00042194644706941353,cores,0.00042194644706941353,0.042194644706941356,,
pbx-web,cpu_usage,pbx-web,pbx-rebuild-relay-588d79c5b9-vmmlz,2026-08-01T10:14:01.927000Z,1785579241.927,0.00039677093204716055,cores,0.00039677093204716055,0.03967709320471605,,
pbx-web,cpu_usage,pbx-web,pbx-rebuild-relay-588d79c5b9-vmmlz,2026-08-01T11:14:01.927000Z,1785582841.927,0.00041734131736519017,cores,0.00041734131736519017,0.04173413173651902,,
pbx-web,cpu_usage,pbx-web,pbx-rebuild-relay-588d79c5b9-vmmlz,2026-08-01T12:14:01.927000Z,1785586441.927,0.0004288138029183358,cores,0.0004288138029183358,0.04288138029183358,,
pbx-web,cpu_usage,pbx-web,pbx-rebuild-relay-588d79c5b9-vmmlz,2026-08-01T13:14:01.927000Z,1785590041.927,0.00040832709268261093,cores,0.00040832709268261093,0.040832709268261096,,
pbx-web,cpu_usage,pbx-web,pbx-rebuild-relay-588d79c5b9-vmmlz,2026-08-01T14:14:01.927000Z,1785593641.927,0.00041073582409885,cores,0.00041073582409885,0.041073582409885,,
pbx-web,cpu_usage,pbx-web,pbx-rebuild-relay-588d79c5b9-vmmlz,2026-08-01T15:14:01.927000Z,1785597241.927,0.0004251063800440779,cores,0.0004251063800440779,0.04251063800440779,,
pbx-web,cpu_usage,pbx-web,pbx-rebuild-relay-588d79c5b9-vmmlz,2026-08-01T16:14:01.927000Z,1785600841.927,0.0004222160633719265,cores,0.0004222160633719265,0.04222160633719265,,
pbx-web,cpu_usage,pbx-web,pbx-rebuild-relay-588d79c5b9-vmmlz,2026-08-01T17:14:01.927000Z,1785604441.927,0.0004301181137601448,cores,0.0004301181137601448,0.04301181137601448,,
pbx-web,cpu_usage,pbx-web,pbx-rebuild-relay-588d79c5b9-vmmlz,2026-08-01T18:14:01.927000Z,1785608041.927,0.0004445817795103996,cores,0.0004445817795103996,0.04445817795103996,,
pbx-web,cpu_usage,pbx-web,pbx-rebuild-relay-588d79c5b9-vmmlz,2026-08-01T19:14:01.927000Z,1785611641.927,0.0004199181505348997,cores,0.0004199181505348997,0.041991815053489964,,
pbx-web,cpu_usage,pbx-web,pbx-rebuild-relay-588d79c5b9-vmmlz,2026-08-01T20:14:01.927000Z,1785615241.927,0.00043025353174347365,cores,0.00043025353174347365,0.043025353174347365,,
pbx-web,cpu_usage,pbx-web,pbx-rebuild-relay-588d79c5b9-vmmlz,2026-08-01T21:14:01.927000Z,1785618841.927,0.00044095885199436316,cores,0.00044095885199436316,0.044095885199436316,,
pbx-web,cpu_usage,pbx-web,pbx-rebuild-relay-588d79c5b9-vmmlz,2026-08-01T22:14:01.927000Z,1785622441.927,0.0004031313745837042,cores,0.0004031313745837042,0.040313137458370424,,
pbx-web,cpu_usage,pbx-web,pbx-rebuild-relay-588d79c5b9-vmmlz,2026-08-01T23:14:01.927000Z,1785626041.927,0.00036630268219786357,cores,0.00036630268219786357,0.036630268219786356,,
pbx-web,cpu_usage,pbx-web,pbx-rebuild-relay-588d79c5b9-vmmlz,2026-08-02T00:14:01.927000Z,1785629641.927,0.0004128126491313148,cores,0.0004128126491313148,0.04128126491313148,,
pbx-web,cpu_usage,pbx-web,pbx-rebuild-relay-588d79c5b9-vmmlz,2026-08-02T01:14:01.927000Z,1785633241.927,0.0004404919483277176,cores,0.0004404919483277176,0.04404919483277176,,
pbx-web,cpu_usage,pbx-web,pbx-rebuild-relay-588d79c5b9-vmmlz,2026-08-02T02:14:01.927000Z,1785636841.927,0.0004255095752994032,cores,0.0004255095752994032,0.04255095752994032,,
pbx-web,cpu_usage,pbx-web,pbx-rebuild-relay-588d79c5b9-vmmlz,2026-08-02T03:14:01.927000Z,1785640441.927,0.00040666261193416915,cores,0.00040666261193416915,0.04066626119341692,,
pbx-web,cpu_usage,pbx-web,pbx-rebuild-relay-588d79c5b9-vmmlz,2026-08-02T04:14:01.927000Z,1785644041.927,0.00037211741862422403,cores,0.00037211741862422403,0.037211741862422404,,
pbx-web,cpu_usage,pbx-web,pbx-rebuild-relay-588d79c5b9-vmmlz,2026-08-02T05:14:01.927000Z,1785647641.927,0.00044201110204996155,cores,0.00044201110204996155,0.044201110204996154,,
pbx-web,cpu_usage,pbx-web,pbx-rebuild-relay-588d79c5b9-vmmlz,2026-08-02T06:14:01.927000Z,1785651241.927,0.00041630887929423215,cores,0.00041630887929423215,0.04163088792942322,,
pbx-web,cpu_usage,pbx-web,pbx-rebuild-relay-588d79c5b9-vmmlz,2026-08-02T07:14:01.927000Z,1785654841.927,0.00041625957536632537,cores,0.00041625957536632537,0.041625957536632535,,
pbx-web,cpu_usage,pbx-web,pbx-rebuild-relay-588d79c5b9-vmmlz,2026-08-02T08:14:01.927000Z,1785658441.927,0.00044243274392121926,cores,0.00044243274392121926,0.044243274392121924,,
pbx-web,cpu_usage,pbx-web,pbx-rebuild-relay-588d79c5b9-vmmlz,2026-08-02T09:14:01.927000Z,1785662041.927,0.000426857940108962,cores,0.000426857940108962,0.0426857940108962,,
pbx-web,cpu_usage,pbx-web,pbx-rebuild-relay-588d79c5b9-vmmlz,2026-08-02T10:14:01.927000Z,1785665641.927,0.0004137050627120708,cores,0.0004137050627120708,0.04137050627120708,,
pbx-web,cpu_usage,pbx-web,pbx-rebuild-relay-588d79c5b9-vmmlz,2026-08-02T11:14:01.927000Z,1785669241.927,0.00041908770597304316,cores,0.00041908770597304316,0.041908770597304315,,
pbx-web,cpu_usage,pbx-web,pbx-rebuild-relay-588d79c5b9-vmmlz,2026-08-02T12:14:01.927000Z,1785672841.927,0.0004077722541070591,cores,0.0004077722541070591,0.040777225410705914,,
pbx-web,cpu_usage,pbx-web,pbx-rebuild-relay-588d79c5b9-vmmlz,2026-08-02T13:14:01.927000Z,1785676441.927,0.00043522495885743963,cores,0.00043522495885743963,0.043522495885743966,,
pbx-web,cpu_usage,pbx-web,pbx-rebuild-relay-588d79c5b9-vmmlz,2026-08-02T14:14:01.927000Z,1785680041.927,0.00041543699132948707,cores,0.00041543699132948707,0.041543699132948704,,
pbx-web,cpu_usage,pbx-web,pbx-rebuild-relay-588d79c5b9-vmmlz,2026-08-02T15:14:01.927000Z,1785683641.927,0.00044396612018825313,cores,0.00044396612018825313,0.04439661201882531,,
pbx-web,cpu_usage,pbx-web,pbx-rebuild-relay-588d79c5b9-vmmlz,2026-08-02T16:14:01.927000Z,1785687241.927,0.00042745282225261364,cores,0.00042745282225261364,0.04274528222526136,,
pbx-web,cpu_usage,pbx-web,pbx-rebuild-relay-588d79c5b9-vmmlz,2026-08-02T17:14:01.927000Z,1785690841.927,0.000411623044868053,cores,0.000411623044868053,0.0411623044868053,,
pbx-web,cpu_usage,pbx-web,pbx-rebuild-relay-588d79c5b9-vmmlz,2026-08-02T18:14:01.927000Z,1785694441.927,0.00040614265920924493,cores,0.00040614265920924493,0.04061426592092449,,
pbx-web,cpu_usage,pbx-web,pbx-rebuild-relay-588d79c5b9-vmmlz,2026-08-02T19:14:01.927000Z,1785698041.927,0.00040275462946533794,cores,0.00040275462946533794,0.040275462946533794,,
pbx-web,cpu_usage,pbx-web,pbx-rebuild-relay-588d79c5b9-vmmlz,2026-08-02T20:14:01.927000Z,1785701641.927,0.00040549389726724264,cores,0.00040549389726724264,0.04054938972672426,,
pbx-web,cpu_usage,pbx-web,pbx-rebuild-relay-588d79c5b9-vmmlz,2026-08-02T21:14:01.927000Z,1785705241.927,0.00043605590947989257,cores,0.00043605590947989257,0.043605590947989256,,
pbx-web,cpu_usage,pbx-web,pbx-rebuild-relay-588d79c5b9-vmmlz,2026-08-02T22:14:01.927000Z,1785708841.927,0.000439666695105778,cores,0.000439666695105778,0.0439666695105778,,
pbx-web,cpu_usage,pbx-web,pbx-rebuild-relay-588d79c5b9-vmmlz,2026-08-02T23:14:01.927000Z,1785712441.927,0.00043633251920887614,cores,0.00043633251920887614,0.043633251920887614,,
pbx-web,cpu_usage,pbx-web,pbx-rebuild-relay-588d79c5b9-vmmlz,2026-08-03T00:14:01.927000Z,1785716041.927,0.00041876100419431305,cores,0.00041876100419431305,0.04187610041943131,,
pbx-web,cpu_usage,pbx-web,pbx-rebuild-relay-588d79c5b9-vmmlz,2026-08-03T01:14:01.927000Z,1785719641.927,0.0003873246337772643,cores,0.0003873246337772643,0.038732463377726435,,
pbx-web,cpu_usage,pbx-web,pbx-rebuild-relay-588d79c5b9-vmmlz,2026-08-03T02:14:01.927000Z,1785723241.927,0.00046459439184550735,cores,0.00046459439184550735,0.046459439184550734,,
pbx-web,cpu_usage,pbx-web,pbx-rebuild-relay-588d79c5b9-vmmlz,2026-08-03T03:14:01.927000Z,1785726841.927,0.000379983446960038,cores,0.000379983446960038,0.0379983446960038,,
pbx-web,cpu_usage,pbx-web,pbx-rebuild-relay-588d79c5b9-vmmlz,2026-08-03T04:14:01.927000Z,1785730441.927,0.0004194644570808525,cores,0.0004194644570808525,0.04194644570808525,,
pbx-web,cpu_usage,pbx-web,pbx-rebuild-relay-588d79c5b9-vmmlz,2026-08-03T05:14:01.927000Z,1785734041.927,0.0003995157807336913,cores,0.0003995157807336913,0.03995157807336913,,
pbx-web,cpu_usage,pbx-web,pbx-rebuild-relay-588d79c5b9-vmmlz,2026-08-03T06:14:01.927000Z,1785737641.927,0.00042908189971047056,cores,0.00042908189971047056,0.042908189971047055,,
pbx-web,cpu_usage,pbx-web,pbx-rebuild-relay-588d79c5b9-vmmlz,2026-08-03T07:14:01.927000Z,1785741241.927,0.00044134869597524314,cores,0.00044134869597524314,0.044134869597524315,,
pbx-web,cpu_usage,pbx-web,pbx-rebuild-relay-588d79c5b9-vmmlz,2026-08-03T08:14:01.927000Z,1785744841.927,0.0004453778671760908,cores,0.0004453778671760908,0.04453778671760908,,
pbx-web,cpu_usage,pbx-web,pbx-rebuild-relay-588d79c5b9-vmmlz,2026-08-03T09:14:01.927000Z,1785748441.927,0.0004203835516433149,cores,0.0004203835516433149,0.042038355164331485,,
pbx-web,cpu_usage,pbx-web,pbx-rebuild-relay-588d79c5b9-vmmlz,2026-08-03T10:14:01.927000Z,1785752041.927,0.0004228807284094297,cores,0.0004228807284094297,0.04228807284094297,,
pbx-web,cpu_usage,pbx-web,pbx-rebuild-relay-588d79c5b9-vmmlz,2026-08-03T11:14:01.927000Z,1785755641.927,0.0004343425614880192,cores,0.0004343425614880192,0.04343425614880192,,
pbx-web,cpu_usage,pbx-web,pbx-rebuild-relay-588d79c5b9-vmmlz,2026-08-03T12:14:01.927000Z,1785759241.927,0.00041932151923573596,cores,0.00041932151923573596,0.04193215192357359,,
pbx-web,cpu_usage,pbx-web,pbx-rebuild-relay-588d79c5b9-vmmlz,2026-08-03T13:14:01.927000Z,1785762841.927,0.0004399110506198504,cores,0.0004399110506198504,0.04399110506198504,,
pbx-web,cpu_usage,pbx-web,pbx-rebuild-relay-588d79c5b9-vmmlz,2026-08-03T14:14:01.927000Z,1785766441.927,0.000417713719656804,cores,0.000417713719656804,0.0417713719656804,,
pbx-web,cpu_usage,pbx-web,pbx-rebuild-relay-588d79c5b9-vmmlz,2026-08-03T15:14:01.927000Z,1785770041.927,0.0004189151356078864,cores,0.0004189151356078864,0.04189151356078864,,
pbx-web,cpu_usage,pbx-web,pbx-rebuild-relay-588d79c5b9-vmmlz,2026-08-03T16:14:01.927000Z,1785773641.927,0.0004314095301338082,cores,0.0004314095301338082,0.04314095301338082,,
pbx-web,cpu_usage,pbx-web,pbx-rebuild-relay-588d79c5b9-vmmlz,2026-08-03T17:14:01.927000Z,1785777241.927,0.0004166226941344275,cores,0.0004166226941344275,0.041662269413442754,,
pbx-web,cpu_usage,pbx-web,pbx-rebuild-relay-588d79c5b9-vmmlz,2026-08-03T18:14:01.927000Z,1785780841.927,0.0004389199410475426,cores,0.0004389199410475426,0.04389199410475426,,
pbx-web,cpu_usage,pbx-web,pbx-rebuild-relay-588d79c5b9-vmmlz,2026-08-03T19:14:01.927000Z,1785784441.927,0.00044671316477739,cores,0.00044671316477739,0.044671316477739,,
pbx-web,cpu_usage,pbx-web,pbx-rebuild-relay-588d79c5b9-vmmlz,2026-08-03T20:14:01.927000Z,1785788041.927,0.0004481770576028762,cores,0.0004481770576028762,0.044817705760287624,,
pbx-web,cpu_usage,pbx-web,pbx-rebuild-relay-588d79c5b9-vmmlz,2026-08-03T21:14:01.927000Z,1785791641.927,0.00042100015797540054,cores,0.00042100015797540054,0.04210001579754005,,
pbx-web,cpu_usage,pbx-web,pbx-rebuild-relay-588d79c5b9-vmmlz,2026-08-03T22:14:01.927000Z,1785795241.927,0.000420897641788254,cores,0.000420897641788254,0.0420897641788254,,
pbx-web,cpu_usage,pbx-web,pbx-rebuild-relay-588d79c5b9-vmmlz,2026-08-03T23:14:01.927000Z,1785798841.927,0.00042923797930185934,cores,0.00042923797930185934,0.042923797930185935,,
pbx-web,cpu_usage,pbx-web,pbx-rebuild-relay-588d79c5b9-vmmlz,2026-08-04T00:14:01.927000Z,1785802441.927,0.0004380045636467215,cores,0.0004380045636467215,0.04380045636467215,,
pbx-web,cpu_usage,pbx-web,pbx-rebuild-relay-588d79c5b9-vmmlz,2026-08-04T01:14:01.927000Z,1785806041.927,0.00041494595601951285,cores,0.00041494595601951285,0.04149459560195128,,
pbx-web,cpu_usage,pbx-web,pbx-rebuild-relay-588d79c5b9-vmmlz,2026-08-04T02:14:01.927000Z,1785809641.927,0.00044240339832445107,cores,0.00044240339832445107,0.04424033983244511,,
pbx-web,cpu_usage,pbx-web,pbx-rebuild-relay-588d79c5b9-vmmlz,2026-08-04T03:14:01.927000Z,1785813241.927,0.00040846987144579216,cores,0.00040846987144579216,0.04084698714457922,,
pbx-web,cpu_usage,pbx-web,pbx-rebuild-relay-588d79c5b9-vmmlz,2026-08-04T04:14:01.927000Z,1785816841.927,0.00041230583042152014,cores,0.00041230583042152014,0.04123058304215201,,
pbx-web,cpu_usage,pbx-web,pbx-rebuild-relay-588d79c5b9-vmmlz,2026-08-04T05:14:01.927000Z,1785820441.927,0.00042026546826319283,cores,0.00042026546826319283,0.04202654682631928,,
pbx-web,cpu_usage,pbx-web,pbx-rebuild-relay-588d79c5b9-vmmlz,2026-08-04T06:14:01.927000Z,1785824041.927,0.00041241132640846043,cores,0.00041241132640846043,0.04124113264084604,,
pbx-web,cpu_usage,pbx-web,pbx-rebuild-relay-588d79c5b9-vmmlz,2026-08-04T07:14:01.927000Z,1785827641.927,0.0004309408625292618,cores,0.0004309408625292618,0.043094086252926184,,
pbx-web,cpu_usage,pbx-web,pbx-rebuild-relay-588d79c5b9-vmmlz,2026-08-04T08:14:01.927000Z,1785831241.927,0.00043630504383967587,cores,0.00043630504383967587,0.04363050438396759,,
pbx-web,cpu_usage,pbx-web,pbx-rebuild-relay-588d79c5b9-vmmlz,2026-08-04T09:14:01.927000Z,1785834841.927,0.0004487325753241568,cores,0.0004487325753241568,0.04487325753241568,,
pbx-web,cpu_usage,pbx-web,pbx-rebuild-relay-588d79c5b9-vmmlz,2026-08-04T10:14:01.927000Z,1785838441.927,0.00042161783340279355,cores,0.00042161783340279355,0.042161783340279355,,
pbx-web,cpu_usage,pbx-web,pbx-rebuild-relay-588d79c5b9-vmmlz,2026-08-04T11:14:01.927000Z,1785842041.927,0.0004349143249286555,cores,0.0004349143249286555,0.04349143249286555,,
pbx-web,cpu_usage,pbx-web,pbx-rebuild-relay-588d79c5b9-vmmlz,2026-08-04T12:14:01.927000Z,1785845641.927,0.0004152457714089882,cores,0.0004152457714089882,0.04152457714089882,,
pbx-web,cpu_usage,pbx-web,pbx-rebuild-relay-588d79c5b9-vmmlz,2026-08-04T13:14:01.927000Z,1785849241.927,0.0004251740077574161,cores,0.0004251740077574161,0.04251740077574161,,
pbx-web,cpu_usage,pbx-web,pbx-rebuild-relay-588d79c5b9-vmmlz,2026-08-04T14:14:01.927000Z,1785852841.927,0.000384119315125177,cores,0.000384119315125177,0.038411931512517705,,
pbx-web,cpu_usage,pbx-web,pbx-rebuild-relay-588d79c5b9-vmmlz,2026-08-04T15:14:01.927000Z,1785856441.927,0.0004264556749621916,cores,0.0004264556749621916,0.04264556749621916,,
pbx-web,cpu_usage,pbx-web,pbx-rebuild-relay-588d79c5b9-vmmlz,2026-08-04T16:14:01.927000Z,1785860041.927,0.0004078172740145603,cores,0.0004078172740145603,0.04078172740145603,,
pbx-web,cpu_usage,pbx-web,pbx-rebuild-relay-588d79c5b9-vmmlz,2026-08-04T17:14:01.927000Z,1785863641.927,0.0004329531994122639,cores,0.0004329531994122639,0.043295319941226394,,
pbx-web,cpu_usage,pbx-web,pbx-rebuild-relay-588d79c5b9-vmmlz,2026-08-04T18:14:01.927000Z,1785867241.927,0.0004085681883582457,cores,0.0004085681883582457,0.04085681883582457,,
pbx-web,cpu_usage,pbx-web,pbx-rebuild-relay-588d79c5b9-vmmlz,2026-08-04T19:14:01.927000Z,1785870841.927,0.0004319156043953166,cores,0.0004319156043953166,0.043191560439531665,,
pbx-web,cpu_usage,pbx-web,pbx-rebuild-relay-588d79c5b9-vmmlz,2026-08-04T20:14:01.927000Z,1785874441.927,0.0004077576642647282,cores,0.0004077576642647282,0.04077576642647282,,
pbx-web,cpu_usage,pbx-web,pbx-rebuild-relay-588d79c5b9-vmmlz,2026-08-04T21:14:01.927000Z,1785878041.927,0.00042484603935391785,cores,0.00042484603935391785,0.04248460393539179,,
pbx-web,cpu_usage,pbx-web,pbx-rebuild-relay-588d79c5b9-vmmlz,2026-08-04T22:14:01.927000Z,1785881641.927,0.0004311587912883621,cores,0.0004311587912883621,0.04311587912883621,,
pbx-web,cpu_usage,pbx-web,pbx-rebuild-relay-588d79c5b9-vmmlz,2026-08-04T23:14:01.927000Z,1785885241.927,0.00043985778972717297,cores,0.00043985778972717297,0.0439857789727173,,
pbx-web,cpu_usage,pbx-web,pbx-rebuild-relay-588d79c5b9-vmmlz,2026-08-05T00:14:01.927000Z,1785888841.927,0.0004460648712180451,cores,0.0004460648712180451,0.04460648712180451,,
pbx-web,cpu_usage,pbx-web,pbx-rebuild-relay-588d79c5b9-vmmlz,2026-08-05T01:14:01.927000Z,1785892441.927,0.00045168233239053314,cores,0.00045168233239053314,0.045168233239053314,,
pbx-web,cpu_usage,pbx-web,pbx-rebuild-relay-588d79c5b9-vmmlz,2026-08-05T02:14:01.927000Z,1785896041.927,0.00044508814148892773,cores,0.00044508814148892773,0.044508814148892774,,
pbx-web,cpu_usage,pbx-web,pbx-rebuild-relay-588d79c5b9-vmmlz,2026-08-05T03:14:01.927000Z,1785899641.927,0.0004049816273498204,cores,0.0004049816273498204,0.040498162734982045,,
pbx-web,cpu_usage,pbx-web,pbx-rebuild-relay-588d79c5b9-vmmlz,2026-08-05T04:14:01.927000Z,1785903241.927,0.00043211358078256573,cores,0.00043211358078256573,0.04321135807825657,,
pbx-web,cpu_usage,pbx-web,pbx-rebuild-relay-588d79c5b9-vmmlz,2026-08-05T05:14:01.927000Z,1785906841.927,0.00043242235098093546,cores,0.00043242235098093546,0.043242235098093544,,
pbx-web,cpu_usage,pbx-web,pbx-rebuild-relay-588d79c5b9-vmmlz,2026-08-05T06:14:01.927000Z,1785910441.927,0.00045312553707831685,cores,0.00045312553707831685,0.04531255370783169,,
pbx-web,cpu_usage,pbx-web,pbx-rebuild-relay-588d79c5b9-vmmlz,2026-08-05T07:14:01.927000Z,1785914041.927,0.00042124169703045445,cores,0.00042124169703045445,0.042124169703045444,,
pbx-web,cpu_usage,pbx-web,pbx-rebuild-relay-588d79c5b9-vmmlz,2026-08-05T08:14:01.927000Z,1785917641.927,0.0004301500148491315,cores,0.0004301500148491315,0.04301500148491315,,
pbx-web,cpu_usage,pbx-web,pbx-rebuild-relay-588d79c5b9-vmmlz,2026-08-05T09:14:01.927000Z,1785921241.927,0.000440852031028418,cores,0.000440852031028418,0.0440852031028418,,
pbx-web,cpu_usage,pbx-web,pbx-rebuild-relay-588d79c5b9-vmmlz,2026-08-05T10:14:01.927000Z,1785924841.927,0.0004298710014169043,cores,0.0004298710014169043,0.04298710014169043,,
pbx-web,cpu_usage,pbx-web,pbx-rebuild-relay-588d79c5b9-vmmlz,2026-08-05T11:14:01.927000Z,1785928441.927,0.0004552935392426652,cores,0.0004552935392426652,0.04552935392426652,,
pbx-web,cpu_usage,pbx-web,pbx-rebuild-relay-588d79c5b9-vmmlz,2026-08-05T12:14:01.927000Z,1785932041.927,0.0004454130569570641,cores,0.0004454130569570641,0.04454130569570641,,
pbx-web,cpu_usage,pbx-web,pbx-rebuild-relay-588d79c5b9-vmmlz,2026-08-05T13:14:01.927000Z,1785935641.927,0.00043773778434108877,cores,0.00043773778434108877,0.04377377843410888,,
pbx-web,cpu_usage,pbx-web,pbx-rebuild-relay-588d79c5b9-vmmlz,2026-08-05T14:14:01.927000Z,1785939241.927,0.00041789852747176195,cores,0.00041789852747176195,0.0417898527471762,,
pbx-web,cpu_usage,pbx-web,pbx-rebuild-relay-588d79c5b9-vmmlz,2026-08-05T15:14:01.927000Z,1785942841.927,0.00042454344589595963,cores,0.00042454344589595963,0.04245434458959596,,
pbx-web,cpu_usage,pbx-web,pbx-rebuild-relay-588d79c5b9-vmmlz,2026-08-05T16:14:01.927000Z,1785946441.927,0.00042405670543900514,cores,0.00042405670543900514,0.042405670543900514,,
pbx-web,cpu_usage,pbx-web,pbx-rebuild-relay-588d79c5b9-vmmlz,2026-08-05T17:14:01.927000Z,1785950041.927,0.000431767423017706,cores,0.000431767423017706,0.0431767423017706,,
pbx-web,cpu_usage,pbx-web,pbx-rebuild-relay-588d79c5b9-vmmlz,2026-08-05T18:14:01.927000Z,1785953641.927,0.0004178305677571948,cores,0.0004178305677571948,0.04178305677571948,,
pbx-web,cpu_usage,pbx-web,pbx-rebuild-relay-588d79c5b9-vmmlz,2026-08-05T19:14:01.927000Z,1785957241.927,0.00043037823993053977,cores,0.00043037823993053977,0.043037823993053975,,
pbx-web,cpu_usage,pbx-web,pbx-rebuild-relay-588d79c5b9-vmmlz,2026-08-05T20:14:01.927000Z,1785960841.927,0.0002934515050620414,cores,0.0002934515050620414,0.02934515050620414,,
pbx-web,cpu_usage,pbx-web,pbx-rebuild-relay-588d79c5b9-vmmlz,2026-08-05T21:14:01.927000Z,1785964441.927,0.00042608973158231057,cores,0.00042608973158231057,0.042608973158231055,,
pbx-web,cpu_usage,pbx-web,pbx-rebuild-relay-588d79c5b9-vmmlz,2026-08-05T22:14:01.927000Z,1785968041.927,0.00043638498137476623,cores,0.00043638498137476623,0.043638498137476625,,
pbx-web,cpu_usage,pbx-web,pbx-rebuild-relay-588d79c5b9-vmmlz,2026-08-05T23:14:01.927000Z,1785971641.927,0.00043950476122431255,cores,0.00043950476122431255,0.043950476122431255,,
pbx-web,cpu_usage,pbx-web,pbx-rebuild-relay-588d79c5b9-vmmlz,2026-08-06T00:14:01.927000Z,1785975241.927,0.0003960976205614955,cores,0.0003960976205614955,0.03960976205614955,,
pbx-web,cpu_usage,pbx-web,pbx-rebuild-relay-588d79c5b9-vmmlz,2026-08-06T01:14:01.927000Z,1785978841.927,0.0002163941311935239,cores,0.0002163941311935239,0.02163941311935239,,
pbx-web,cpu_usage,pbx-web,pbx-rebuild-relay-588d79c5b9-vmmlz,2026-08-06T02:14:01.927000Z,1785982441.927,0.0003980757267571717,cores,0.0003980757267571717,0.03980757267571717,,
pbx-web,cpu_usage,pbx-web,pbx-rebuild-relay-588d79c5b9-vmmlz,2026-08-06T03:14:01.927000Z,1785986041.927,0.0004232687300339002,cores,0.0004232687300339002,0.042326873003390025,,
pbx-web,cpu_usage,pbx-web,pbx-rebuild-relay-588d79c5b9-vmmlz,2026-08-06T04:14:01.927000Z,1785989641.927,0.0004257936563952986,cores,0.0004257936563952986,0.04257936563952986,,
pbx-web,cpu_usage,pbx-web,pbx-rebuild-relay-588d79c5b9-vmmlz,2026-08-06T05:14:01.927000Z,1785993241.927,0.0004307400980603569,cores,0.0004307400980603569,0.04307400980603569,,
pbx-web,cpu_usage,pbx-web,pbx-rebuild-relay-588d79c5b9-vmmlz,2026-08-06T06:14:01.927000Z,1785996841.927,0.00039605181112198443,cores,0.00039605181112198443,0.03960518111219844,,
pbx-web,cpu_usage,pbx-web,pbx-rebuild-relay-588d79c5b9-vmmlz,2026-08-06T07:14:01.927000Z,1786000441.927,0.00042689141931099385,cores,0.00042689141931099385,0.042689141931099385,,
pbx-web,cpu_usage,pbx-web,pbx-rebuild-relay-588d79c5b9-vmmlz,2026-08-06T08:14:01.927000Z,1786004041.927,0.0004370998962895593,cores,0.0004370998962895593,0.043709989628955934,,
pbx-web,cpu_usage,pbx-web,pbx-rebuild-relay-588d79c5b9-vmmlz,2026-08-06T09:14:01.927000Z,1786007641.927,0.00042478569971939924,cores,0.00042478569971939924,0.042478569971939925,,
pbx-web,cpu_usage,pbx-web,pbx-rebuild-relay-588d79c5b9-vmmlz,2026-08-06T10:14:01.927000Z,1786011241.927,0.0004103701134617725,cores,0.0004103701134617725,0.04103701134617725,,
pbx-web,cpu_usage,pbx-web,pbx-rebuild-relay-588d79c5b9-vmmlz,2026-08-06T11:14:01.927000Z,1786014841.927,0.00043050413421920325,cores,0.00043050413421920325,0.04305041342192033,,
pbx-web,cpu_usage,pbx-web,pbx-rebuild-relay-588d79c5b9-vmmlz,2026-08-06T12:14:01.927000Z,1786018441.927,0.00042531625757892804,cores,0.00042531625757892804,0.04253162575789281,,
pbx-web,cpu_usage,pbx-web,pbx-rebuild-relay-588d79c5b9-vmmlz,2026-08-06T13:14:01.927000Z,1786022041.927,0.00042217019674154323,cores,0.00042217019674154323,0.042217019674154324,,
pbx-web,cpu_usage,pbx-web,pbx-rebuild-relay-588d79c5b9-vmmlz,2026-08-06T14:14:01.927000Z,1786025641.927,0.00042406276452134234,cores,0.00042406276452134234,0.04240627645213423,,
pbx-web,cpu_usage,pbx-web,pbx-rebuild-relay-588d79c5b9-vmmlz,2026-08-06T15:14:01.927000Z,1786029241.927,0.00041015122886642417,cores,0.00041015122886642417,0.04101512288664241,,
pbx-web,cpu_usage,pbx-web,pbx-rebuild-relay-588d79c5b9-vmmlz,2026-08-06T16:14:01.927000Z,1786032841.927,0.00043822785543988783,cores,0.00043822785543988783,0.04382278554398878,,
pbx-web,cpu_usage,pbx-web,pbx-rebuild-relay-588d79c5b9-vmmlz,2026-08-06T17:14:01.927000Z,1786036441.927,0.00043379803524976236,cores,0.00043379803524976236,0.04337980352497624,,
pbx-web,cpu_usage,pbx-web,pbx-rebuild-relay-588d79c5b9-vmmlz,2026-08-06T18:14:01.927000Z,1786040041.927,0.0004339908358215333,cores,0.0004339908358215333,0.04339908358215333,,
pbx-web,cpu_usage,pbx-web,pbx-rebuild-relay-588d79c5b9-vmmlz,2026-08-06T19:14:01.927000Z,1786043641.927,0.00044061416019554144,cores,0.00044061416019554144,0.04406141601955414,,
pbx-web,cpu_usage,pbx-web,pbx-rebuild-relay-588d79c5b9-vmmlz,2026-08-06T20:14:01.927000Z,1786047241.927,0.00042106182175450106,cores,0.00042106182175450106,0.042106182175450105,,
pbx-web,cpu_usage,pbx-web,pbx-rebuild-relay-588d79c5b9-vmmlz,2026-08-06T21:14:01.927000Z,1786050841.927,0.00043482719186339246,cores,0.00043482719186339246,0.043482719186339246,,
pbx-web,cpu_usage,pbx-web,pbx-rebuild-relay-588d79c5b9-vmmlz,2026-08-06T22:14:01.927000Z,1786054441.927,0.0004160554124217049,cores,0.0004160554124217049,0.04160554124217049,,
pbx-web,cpu_usage,pbx-web,pbx-rebuild-relay-588d79c5b9-vmmlz,2026-08-06T23:14:01.927000Z,1786058041.927,0.00042619431587343507,cores,0.00042619431587343507,0.042619431587343506,,
pbx-web,cpu_usage,pbx-web,pbx-rebuild-relay-588d79c5b9-vmmlz,2026-08-07T00:14:01.927000Z,1786061641.927,0.0004548065946500027,cores,0.0004548065946500027,0.045480659465000274,,
pbx-web,cpu_usage,pbx-web,pbx-rebuild-relay-588d79c5b9-vmmlz,2026-08-07T01:14:01.927000Z,1786065241.927,0.00042789119020450754,cores,0.00042789119020450754,0.04278911902045075,,
pbx-web,cpu_usage,pbx-web,pbx-rebuild-relay-588d79c5b9-vmmlz,2026-08-07T02:14:01.927000Z,1786068841.927,0.0004499564033668169,cores,0.0004499564033668169,0.044995640336681686,,
pbx-web,cpu_usage,pbx-web,pbx-rebuild-relay-588d79c5b9-vmmlz,2026-08-07T03:14:01.927000Z,1786072441.927,0.0004256298009135826,cores,0.0004256298009135826,0.04256298009135826,,
pbx-web,cpu_usage,pbx-web,pbx-rebuild-relay-588d79c5b9-vmmlz,2026-08-07T04:14:01.927000Z,1786076041.927,0.0004661142770178595,cores,0.0004661142770178595,0.04661142770178595,,
pbx-web,cpu_usage,pbx-web,pbx-rebuild-relay-588d79c5b9-vmmlz,2026-08-07T05:14:01.927000Z,1786079641.927,0.0004371817783325039,cores,0.0004371817783325039,0.04371817783325039,,
pbx-web,cpu_usage,pbx-web,pbx-rebuild-relay-588d79c5b9-vmmlz,2026-08-07T06:14:01.927000Z,1786083241.927,0.00042481533332675416,cores,0.00042481533332675416,0.04248153333267542,,
pbx-web,cpu_usage,pbx-web,pbx-rebuild-relay-588d79c5b9-vmmlz,2026-08-07T07:14:01.927000Z,1786086841.927,0.0004496285197837517,cores,0.0004496285197837517,0.04496285197837517,,
pbx-web,cpu_usage,pbx-web,pbx-rebuild-relay-588d79c5b9-vmmlz,2026-08-07T08:14:01.927000Z,1786090441.927,0.00041280890207920514,cores,0.00041280890207920514,0.041280890207920515,,
pbx-web,cpu_usage,pbx-web,pbx-rebuild-relay-588d79c5b9-vmmlz,2026-08-07T09:14:01.927000Z,1786094041.927,0.00048301540200668293,cores,0.00048301540200668293,0.04830154020066829,,
pbx-web,cpu_usage,pbx-web,pbx-rebuild-relay-588d79c5b9-vmmlz,2026-08-07T10:14:01.927000Z,1786097641.927,0.0004346636177204125,cores,0.0004346636177204125,0.043466361772041245,,
pbx-web,cpu_usage,pbx-web,pbx-rebuild-relay-588d79c5b9-vmmlz,2026-08-07T11:14:01.927000Z,1786101241.927,0.00046064187690642353,cores,0.00046064187690642353,0.046064187690642355,,
pbx-web,cpu_usage,pbx-web,pbx-rebuild-relay-588d79c5b9-vmmlz,2026-08-07T12:14:01.927000Z,1786104841.927,0.0004515436033372919,cores,0.0004515436033372919,0.04515436033372919,,
pbx-web,cpu_usage,pbx-web,pbx-rebuild-relay-588d79c5b9-vmmlz,2026-08-07T13:14:01.927000Z,1786108441.927,0.00046035555987859863,cores,0.00046035555987859863,0.04603555598785986,,
pbx-web,cpu_usage,pbx-web,pbx-rebuild-relay-588d79c5b9-vmmlz,2026-08-07T14:14:01.927000Z,1786112041.927,0.0004533548734516118,cores,0.0004533548734516118,0.045335487345161185,,
pbx-web,cpu_usage,pbx-web,pbx-rebuild-relay-588d79c5b9-vmmlz,2026-08-07T15:14:01.927000Z,1786115641.927,0.0004474082853513893,cores,0.0004474082853513893,0.04474082853513893,,
pbx-web,cpu_usage,pbx-web,pbx-rebuild-relay-588d79c5b9-vmmlz,2026-08-07T16:14:01.927000Z,1786119241.927,0.000223695498182578,cores,0.000223695498182578,0.0223695498182578,,
pbx-web,cpu_usage,pbx-web,pbx-rebuild-relay-588d79c5b9-vmmlz,2026-08-07T17:14:01.927000Z,1786122841.927,0.0004481857754587491,cores,0.0004481857754587491,0.04481857754587491,,
pbx-web,cpu_usage,pbx-web,pbx-rebuild-relay-588d79c5b9-vmmlz,2026-08-07T18:14:01.927000Z,1786126441.927,0.000422774803547356,cores,0.000422774803547356,0.0422774803547356,,
pbx-web,cpu_usage,pbx-web,pbx-rebuild-relay-588d79c5b9-vmmlz,2026-08-07T19:14:01.927000Z,1786130041.927,0.00039053708884265767,cores,0.00039053708884265767,0.039053708884265764,,
pbx-web,cpu_usage,pbx-web,pbx-rebuild-relay-588d79c5b9-vmmlz,2026-08-07T20:14:01.927000Z,1786133641.927,0.0004406491156303037,cores,0.0004406491156303037,0.04406491156303037,,
pbx-web,cpu_usage,pbx-web,pbx-rebuild-relay-588d79c5b9-vmmlz,2026-08-07T21:14:01.927000Z,1786137241.927,0.0004558945698063774,cores,0.0004558945698063774,0.04558945698063774,,
pbx-web,cpu_usage,pbx-web,pbx-rebuild-relay-588d79c5b9-vmmlz,2026-08-07T22:14:01.927000Z,1786140841.927,0.0004672447607203879,cores,0.0004672447607203879,0.04672447607203879,,
pbx-web,cpu_usage,pbx-web,pbx-rebuild-relay-588d79c5b9-vmmlz,2026-08-07T23:14:01.927000Z,1786144441.927,0.00045870112117727893,cores,0.00045870112117727893,0.045870112117727894,,
pbx-web,cpu_usage,pbx-web,pbx-rebuild-relay-588d79c5b9-vmmlz,2026-08-08T00:14:01.927000Z,1786148041.927,0.0004298586282005882,cores,0.0004298586282005882,0.04298586282005882,,
pbx-web,cpu_usage,pbx-web,pbx-rebuild-relay-588d79c5b9-vmmlz,2026-08-08T01:14:01.927000Z,1786151641.927,0.0004762060879912211,cores,0.0004762060879912211,0.04762060879912211,,
pbx-web,cpu_usage,pbx-web,pbx-rebuild-relay-588d79c5b9-vmmlz,2026-08-08T02:14:01.927000Z,1786155241.927,0.00047256400553166245,cores,0.00047256400553166245,0.047256400553166246,,
pbx-web,cpu_usage,pbx-web,pbx-rebuild-relay-588d79c5b9-vmmlz,2026-08-08T03:14:01.927000Z,1786158841.927,0.00045059141509656874,cores,0.00045059141509656874,0.045059141509656876,,
pbx-web,cpu_usage,pbx-web,pbx-rebuild-relay-588d79c5b9-vmmlz,2026-08-08T04:14:01.927000Z,1786162441.927,0.00043484792964438207,cores,0.00043484792964438207,0.043484792964438204,,
pbx-web,cpu_usage,pbx-web,pbx-rebuild-relay-588d79c5b9-vmmlz,2026-08-08T05:14:01.927000Z,1786166041.927,0.0004629698270025092,cores,0.0004629698270025092,0.04629698270025092,,
pbx-web,cpu_usage,pbx-web,pbx-rebuild-relay-588d79c5b9-vmmlz,2026-08-08T06:14:01.927000Z,1786169641.927,0.0004462283587952373,cores,0.0004462283587952373,0.04462283587952373,,
pbx-web,cpu_usage,pbx-web,pbx-rebuild-relay-588d79c5b9-vmmlz,2026-08-08T07:14:01.927000Z,1786173241.927,0.00047231159975889603,cores,0.00047231159975889603,0.0472311599758896,,
pbx-web,cpu_usage,pbx-web,pbx-rebuild-relay-588d79c5b9-vmmlz,2026-08-08T08:14:01.927000Z,1786176841.927,0.0004584581180452871,cores,0.0004584581180452871,0.04584581180452871,,
pbx-web,cpu_usage,pbx-web,pbx-rebuild-relay-588d79c5b9-vmmlz,2026-08-08T09:14:01.927000Z,1786180441.927,0.0004643784705201218,cores,0.0004643784705201218,0.046437847052012184,,
pbx-web,cpu_usage,pbx-web,pbx-rebuild-relay-588d79c5b9-vmmlz,2026-08-08T10:14:01.927000Z,1786184041.927,0.00046906979299715304,cores,0.00046906979299715304,0.0469069792997153,,
pbx-web,cpu_usage,pbx-web,pbx-rebuild-relay-588d79c5b9-vmmlz,2026-08-08T11:14:01.927000Z,1786187641.927,0.0004640066320141763,cores,0.0004640066320141763,0.04640066320141763,,
pbx-web,cpu_usage,pbx-web,pbx-rebuild-relay-588d79c5b9-vmmlz,2026-08-08T12:14:01.927000Z,1786191241.927,0.0004059392563769818,cores,0.0004059392563769818,0.040593925637698175,,
pbx-web,cpu_usage,pbx-web,pbx-rebuild-relay-588d79c5b9-vmmlz,2026-08-08T13:14:01.927000Z,1786194841.927,0.0004588718137089454,cores,0.0004588718137089454,0.04588718137089454,,
pbx-web,cpu_usage,pbx-web,pbx-rebuild-relay-588d79c5b9-vmmlz,2026-08-08T14:14:01.927000Z,1786198441.927,0.00047748857266068697,cores,0.00047748857266068697,0.0477488572660687,,
pbx-web,cpu_usage,pbx-web,pbx-rebuild-relay-588d79c5b9-vmmlz,2026-08-08T15:14:01.927000Z,1786202041.927,0.0004566660955254524,cores,0.0004566660955254524,0.04566660955254524,,
pbx-web,cpu_usage,pbx-web,pbx-rebuild-relay-588d79c5b9-vmmlz,2026-08-08T16:14:01.927000Z,1786205641.927,0.00044817580483241896,cores,0.00044817580483241896,0.044817580483241894,,
pbx-web,cpu_usage,pbx-web,pbx-rebuild-relay-588d79c5b9-vmmlz,2026-08-08T17:14:01.927000Z,1786209241.927,0.0004492781610181682,cores,0.0004492781610181682,0.04492781610181682,,
pbx-web,cpu_usage,pbx-web,pbx-rebuild-relay-588d79c5b9-vmmlz,2026-08-08T18:14:01.927000Z,1786212841.927,0.0003640253830419041,cores,0.0003640253830419041,0.03640253830419041,,
pbx-web,cpu_usage,pbx-web,pbx-rebuild-relay-588d79c5b9-vmmlz,2026-08-08T19:14:01.927000Z,1786216441.927,0.00035367168129317835,cores,0.00035367168129317835,0.03536716812931783,,
pbx-web,cpu_usage,pbx-web,pbx-rebuild-relay-588d79c5b9-vmmlz,2026-08-08T20:14:01.927000Z,1786220041.927,0.00030827413202109944,cores,0.00030827413202109944,0.030827413202109945,,
pbx-web,cpu_usage,pbx-web,pbx-rebuild-relay-588d79c5b9-vmmlz,2026-08-08T21:14:01.927000Z,1786223641.927,0.0004478771578143666,cores,0.0004478771578143666,0.044787715781436664,,
pbx-web,cpu_usage,pbx-web,pbx-rebuild-relay-588d79c5b9-vmmlz,2026-08-08T22:14:01.927000Z,1786227241.927,0.00041409905967984637,cores,0.00041409905967984637,0.041409905967984634,,
pbx-web,cpu_usage,pbx-web,pbx-rebuild-relay-588d79c5b9-vmmlz,2026-08-08T23:14:01.927000Z,1786230841.927,0.00042191191065251154,cores,0.00042191191065251154,0.042191191065251155,,
pbx-web,cpu_usage,pbx-web,pbx-rebuild-relay-588d79c5b9-vmmlz,2026-08-09T00:14:01.927000Z,1786234441.927,0.0004355492207732545,cores,0.0004355492207732545,0.043554922077325454,,
pbx-web,cpu_usage,pbx-web,pbx-rebuild-relay-588d79c5b9-vmmlz,2026-08-09T01:14:01.927000Z,1786238041.927,0.0003736389878954067,cores,0.0003736389878954067,0.03736389878954067,,
pbx-web,cpu_usage,pbx-web,pbx-rebuild-relay-588d79c5b9-vmmlz,2026-08-09T02:14:01.927000Z,1786241641.927,0.0004098905319082676,cores,0.0004098905319082676,0.04098905319082676,,
pbx-web,cpu_usage,pbx-web,pbx-rebuild-relay-588d79c5b9-vmmlz,2026-08-09T03:14:01.927000Z,1786245241.927,0.000478156104105735,cores,0.000478156104105735,0.0478156104105735,,
pbx-web,cpu_usage,pbx-web,pbx-rebuild-relay-588d79c5b9-vmmlz,2026-08-09T04:14:01.927000Z,1786248841.927,0.0004560801615840439,cores,0.0004560801615840439,0.045608016158404395,,
pbx-web,cpu_usage,pbx-web,pbx-rebuild-relay-588d79c5b9-vmmlz,2026-08-09T05:14:01.927000Z,1786252441.927,0.00040514532934385675,cores,0.00040514532934385675,0.04051453293438567,,
pbx-web,cpu_usage,pbx-web,pbx-rebuild-relay-588d79c5b9-vmmlz,2026-08-09T06:14:01.927000Z,1786256041.927,0.0003846990383307999,cores,0.0003846990383307999,0.038469903833079994,,
pbx-web,cpu_usage,pbx-web,pbx-rebuild-relay-588d79c5b9-vmmlz,2026-08-09T07:14:01.927000Z,1786259641.927,0.00042553096830417504,cores,0.00042553096830417504,0.042553096830417504,,
pbx-web,cpu_usage,pbx-web,pbx-rebuild-relay-588d79c5b9-vmmlz,2026-08-09T08:14:01.927000Z,1786263241.927,0.00047134492059538167,cores,0.00047134492059538167,0.047134492059538166,,
pbx-web,cpu_usage,pbx-web,pbx-rebuild-relay-588d79c5b9-vmmlz,2026-08-09T09:14:01.927000Z,1786266841.927,0.00043726003712299123,cores,0.00043726003712299123,0.04372600371229912,,
pbx-web,cpu_usage,pbx-web,pbx-rebuild-relay-588d79c5b9-vmmlz,2026-08-09T10:14:01.927000Z,1786270441.927,0.0004606905425689854,cores,0.0004606905425689854,0.046069054256898535,,
pbx-web,cpu_usage,pbx-web,pbx-rebuild-relay-588d79c5b9-vmmlz,2026-08-09T11:14:01.927000Z,1786274041.927,0.0004238612101206303,cores,0.0004238612101206303,0.04238612101206303,,
pbx-web,cpu_usage,pbx-web,pbx-rebuild-relay-588d79c5b9-vmmlz,2026-08-09T12:14:01.927000Z,1786277641.927,0.0004318317900160696,cores,0.0004318317900160696,0.04318317900160696,,
pbx-web,cpu_usage,pbx-web,pbx-rebuild-relay-588d79c5b9-vmmlz,2026-08-09T13:14:01.927000Z,1786281241.927,0.0004687401441080768,cores,0.0004687401441080768,0.04687401441080768,,
pbx-web,cpu_usage,pbx-web,pbx-rebuild-relay-588d79c5b9-vmmlz,2026-08-09T14:14:01.927000Z,1786284841.927,0.00044909394288613654,cores,0.00044909394288613654,0.04490939428861365,,
pbx-web,cpu_usage,pbx-web,pbx-rebuild-relay-588d79c5b9-vmmlz,2026-08-09T15:14:01.927000Z,1786288441.927,0.0004058506406820808,cores,0.0004058506406820808,0.04058506406820808,,
pbx-web,cpu_usage,pbx-web,pbx-rebuild-relay-588d79c5b9-vmmlz,2026-08-09T16:14:01.927000Z,1786292041.927,0.0004480767192963079,cores,0.0004480767192963079,0.04480767192963079,,
pbx-web,cpu_usage,pbx-web,pbx-rebuild-relay-588d79c5b9-vmmlz,2026-08-09T17:14:01.927000Z,1786295641.927,0.0004505683550367874,cores,0.0004505683550367874,0.04505683550367874,,
pbx-web,cpu_usage,pbx-web,pbx-rebuild-relay-588d79c5b9-vmmlz,2026-08-09T18:14:01.927000Z,1786299241.927,0.00044502484894021985,cores,0.00044502484894021985,0.04450248489402198,,
pbx-web,cpu_usage,pbx-web,pbx-rebuild-relay-588d79c5b9-vmmlz,2026-08-09T19:14:01.927000Z,1786302841.927,0.00043463606641291116,cores,0.00043463606641291116,0.04346360664129112,,
pbx-web,cpu_usage,pbx-web,pbx-rebuild-relay-588d79c5b9-vmmlz,2026-08-09T20:14:01.927000Z,1786306441.927,0.00038733707746133576,cores,0.00038733707746133576,0.03873370774613358,,
pbx-web,cpu_usage,pbx-web,pbx-rebuild-relay-588d79c5b9-vmmlz,2026-08-09T21:14:01.927000Z,1786310041.927,0.00042687160865138564,cores,0.00042687160865138564,0.04268716086513857,,
pbx-web,cpu_usage,pbx-web,pbx-rebuild-relay-588d79c5b9-vmmlz,2026-08-09T22:14:01.927000Z,1786313641.927,0.0004259649005402973,cores,0.0004259649005402973,0.04259649005402973,,
pbx-web,cpu_usage,pbx-web,pbx-rebuild-relay-588d79c5b9-vmmlz,2026-08-09T23:14:01.927000Z,1786317241.927,0.0003953786637858265,cores,0.0003953786637858265,0.03953786637858265,,
pbx-web,cpu_usage,pbx-web,pbx-rebuild-relay-588d79c5b9-vmmlz,2026-08-10T00:14:01.927000Z,1786320841.927,0.00043119520545461507,cores,0.00043119520545461507,0.043119520545461504,,
pbx-web,cpu_usage,pbx-web,pbx-rebuild-relay-588d79c5b9-vmmlz,2026-08-10T01:14:01.927000Z,1786324441.927,0.0004620108607409311,cores,0.0004620108607409311,0.04620108607409311,,
pbx-web,cpu_usage,pbx-web,pbx-rebuild-relay-588d79c5b9-vmmlz,2026-08-10T02:14:01.927000Z,1786328041.927,0.0004357317535944536,cores,0.0004357317535944536,0.04357317535944536,,
pbx-web,cpu_usage,pbx-web,pbx-rebuild-relay-588d79c5b9-vmmlz,2026-08-10T03:14:01.927000Z,1786331641.927,0.000461628617119275,cores,0.000461628617119275,0.0461628617119275,,
pbx-web,cpu_usage,pbx-web,pbx-rebuild-relay-588d79c5b9-vmmlz,2026-08-10T04:14:01.927000Z,1786335241.927,0.0004557448133079136,cores,0.0004557448133079136,0.04557448133079136,,
pbx-web,cpu_usage,pbx-web,pbx-rebuild-relay-588d79c5b9-vmmlz,2026-08-10T05:14:01.927000Z,1786338841.927,0.0004260518977034136,cores,0.0004260518977034136,0.04260518977034136,,
pbx-web,cpu_usage,pbx-web,pbx-rebuild-relay-588d79c5b9-vmmlz,2026-08-10T06:14:01.927000Z,1786342441.927,0.0004468933417146289,cores,0.0004468933417146289,0.04468933417146289,,
pbx-web,cpu_usage,pbx-web,pbx-rebuild-relay-588d79c5b9-vmmlz,2026-08-10T07:14:01.927000Z,1786346041.927,0.00044603343909015733,cores,0.00044603343909015733,0.044603343909015734,,
pbx-web,cpu_usage,pbx-web,pbx-rebuild-relay-588d79c5b9-vmmlz,2026-08-10T08:14:01.927000Z,1786349641.927,0.000423877213779539,cores,0.000423877213779539,0.0423877213779539,,
pbx-web,cpu_usage,pbx-web,pbx-rebuild-relay-588d79c5b9-vmmlz,2026-08-10T09:14:01.927000Z,1786353241.927,0.0004393026575424782,cores,0.0004393026575424782,0.04393026575424782,,
pbx-web,cpu_usage,pbx-web,pbx-rebuild-relay-588d79c5b9-vmmlz,2026-08-10T10:14:01.927000Z,1786356841.927,0.0004693212408336446,cores,0.0004693212408336446,0.04693212408336446,,
pbx-web,cpu_usage,pbx-web,pbx-rebuild-relay-588d79c5b9-vmmlz,2026-08-10T11:14:01.927000Z,1786360441.927,0.0004349122618148286,cores,0.0004349122618148286,0.04349122618148286,,
pbx-web,cpu_usage,pbx-web,pbx-web-5ff68464d-mkn8n,2026-07-30T18:14:01.927000Z,1785435241.927,0.001119123431913953,cores,0.001119123431913953,0.1119123431913953,,
pbx-web,cpu_usage,pbx-web,pbx-web-5ff68464d-mkn8n,2026-07-30T19:14:01.927000Z,1785438841.927,0.0010519595440086744,cores,0.0010519595440086744,0.10519595440086743,,
pbx-web,cpu_usage,pbx-web,pbx-web-5ff68464d-mkn8n,2026-07-30T20:14:01.927000Z,1785442441.927,0.001095723510868782,cores,0.001095723510868782,0.1095723510868782,,
pbx-web,cpu_usage,pbx-web,pbx-web-5ff68464d-mkn8n,2026-07-30T21:14:01.927000Z,1785446041.927,0.0010967286869592262,cores,0.0010967286869592262,0.10967286869592262,,
pbx-web,cpu_usage,pbx-web,pbx-web-5ff68464d-mkn8n,2026-07-30T22:14:01.927000Z,1785449641.927,0.0010585840843014133,cores,0.0010585840843014133,0.10585840843014133,,
pbx-web,cpu_usage,pbx-web,pbx-web-5ff68464d-mkn8n,2026-07-30T23:14:01.927000Z,1785453241.927,0.0010976592767081824,cores,0.0010976592767081824,0.10976592767081823,,
pbx-web,cpu_usage,pbx-web,pbx-web-5ff68464d-mkn8n,2026-07-31T00:14:01.927000Z,1785456841.927,0.0010812053469773408,cores,0.0010812053469773408,0.10812053469773407,,
pbx-web,cpu_usage,pbx-web,pbx-web-5ff68464d-mkn8n,2026-07-31T01:14:01.927000Z,1785460441.927,0.001003583883201219,cores,0.001003583883201219,0.1003583883201219,,
pbx-web,cpu_usage,pbx-web,pbx-web-5ff68464d-mkn8n,2026-07-31T02:14:01.927000Z,1785464041.927,0.0011660178873108842,cores,0.0011660178873108842,0.11660178873108841,,
pbx-web,cpu_usage,pbx-web,pbx-web-5ff68464d-mkn8n,2026-07-31T03:14:01.927000Z,1785467641.927,0.0009868152733565009,cores,0.0009868152733565009,0.09868152733565008,,
pbx-web,cpu_usage,pbx-web,pbx-web-5ff68464d-mkn8n,2026-07-31T04:14:01.927000Z,1785471241.927,0.0009836498221617407,cores,0.0009836498221617407,0.09836498221617407,,
pbx-web,cpu_usage,pbx-web,pbx-web-5ff68464d-mkn8n,2026-07-31T05:14:01.927000Z,1785474841.927,0.0009116255930929778,cores,0.0009116255930929778,0.09116255930929779,,
pbx-web,cpu_usage,pbx-web,pbx-web-5ff68464d-mkn8n,2026-07-31T06:14:01.927000Z,1785478441.927,0.0011025974165028304,cores,0.0011025974165028304,0.11025974165028303,,
pbx-web,cpu_usage,pbx-web,pbx-web-5ff68464d-mkn8n,2026-07-31T07:14:01.927000Z,1785482041.927,0.0011399606118068389,cores,0.0011399606118068389,0.1139960611806839,,
pbx-web,cpu_usage,pbx-web,pbx-web-5ff68464d-mkn8n,2026-07-31T08:14:01.927000Z,1785485641.927,0.0011423096462971367,cores,0.0011423096462971367,0.11423096462971366,,
pbx-web,cpu_usage,pbx-web,pbx-web-5ff68464d-mkn8n,2026-07-31T09:14:01.927000Z,1785489241.927,0.0010478375895785956,cores,0.0010478375895785956,0.10478375895785956,,
pbx-web,cpu_usage,pbx-web,pbx-web-5ff68464d-mkn8n,2026-07-31T10:14:01.927000Z,1785492841.927,0.0011154891030297684,cores,0.0011154891030297684,0.11154891030297684,,
pbx-web,cpu_usage,pbx-web,pbx-web-5ff68464d-mkn8n,2026-07-31T11:14:01.927000Z,1785496441.927,0.0012372223176433425,cores,0.0012372223176433425,0.12372223176433425,,
pbx-web,cpu_usage,pbx-web,pbx-web-5ff68464d-mkn8n,2026-07-31T12:14:01.927000Z,1785500041.927,0.0010652356212089735,cores,0.0010652356212089735,0.10652356212089735,,
pbx-web,cpu_usage,pbx-web,pbx-web-5ff68464d-mkn8n,2026-07-31T13:14:01.927000Z,1785503641.927,0.001097057872004027,cores,0.001097057872004027,0.1097057872004027,,
pbx-web,cpu_usage,pbx-web,pbx-web-5ff68464d-mkn8n,2026-07-31T14:14:01.927000Z,1785507241.927,0.0011526853722825844,cores,0.0011526853722825844,0.11526853722825844,,
pbx-web,cpu_usage,pbx-web,pbx-web-5ff68464d-mkn8n,2026-07-31T15:14:01.927000Z,1785510841.927,0.001117444527049706,cores,0.001117444527049706,0.11174445270497059,,
pbx-web,cpu_usage,pbx-web,pbx-web-5ff68464d-mkn8n,2026-07-31T16:14:01.927000Z,1785514441.927,0.0010828090721214454,cores,0.0010828090721214454,0.10828090721214455,,
pbx-web,cpu_usage,pbx-web,pbx-web-5ff68464d-mkn8n,2026-07-31T17:14:01.927000Z,1785518041.927,0.0009398293171313469,cores,0.0009398293171313469,0.09398293171313468,,
pbx-web,cpu_usage,pbx-web,pbx-web-5ff68464d-mkn8n,2026-07-31T18:14:01.927000Z,1785521641.927,0.0010015233145421137,cores,0.0010015233145421137,0.10015233145421137,,
pbx-web,cpu_usage,pbx-web,pbx-web-5ff68464d-mkn8n,2026-07-31T19:14:01.927000Z,1785525241.927,0.0009979527345326685,cores,0.0009979527345326685,0.09979527345326684,,
pbx-web,cpu_usage,pbx-web,pbx-web-5ff68464d-mkn8n,2026-07-31T20:14:01.927000Z,1785528841.927,0.0010749952692443397,cores,0.0010749952692443397,0.10749952692443397,,
pbx-web,cpu_usage,pbx-web,pbx-web-5ff68464d-mkn8n,2026-07-31T21:14:01.927000Z,1785532441.927,0.0010996767648284887,cores,0.0010996767648284887,0.10996767648284887,,
pbx-web,cpu_usage,pbx-web,pbx-web-5ff68464d-mkn8n,2026-07-31T22:14:01.927000Z,1785536041.927,0.0010828798636994144,cores,0.0010828798636994144,0.10828798636994144,,
pbx-web,cpu_usage,pbx-web,pbx-web-5ff68464d-mkn8n,2026-07-31T23:14:01.927000Z,1785539641.927,0.0010777232771298252,cores,0.0010777232771298252,0.10777232771298252,,
pbx-web,cpu_usage,pbx-web,pbx-web-5ff68464d-mkn8n,2026-08-01T00:14:01.927000Z,1785543241.927,0.0010807316312584263,cores,0.0010807316312584263,0.10807316312584263,,
pbx-web,cpu_usage,pbx-web,pbx-web-5ff68464d-mkn8n,2026-08-01T01:14:01.927000Z,1785546841.927,0.0011503731037863923,cores,0.0011503731037863923,0.11503731037863923,,
pbx-web,cpu_usage,pbx-web,pbx-web-5ff68464d-mkn8n,2026-08-01T02:14:01.927000Z,1785550441.927,0.0010916350722169424,cores,0.0010916350722169424,0.10916350722169424,,
pbx-web,cpu_usage,pbx-web,pbx-web-5ff68464d-mkn8n,2026-08-01T03:14:01.927000Z,1785554041.927,0.001062445349633783,cores,0.001062445349633783,0.10624453496337831,,
pbx-web,cpu_usage,pbx-web,pbx-web-5ff68464d-mkn8n,2026-08-01T04:14:01.927000Z,1785557641.927,0.0008979974718184153,cores,0.0008979974718184153,0.08979974718184153,,
pbx-web,cpu_usage,pbx-web,pbx-web-5ff68464d-mkn8n,2026-08-01T05:14:01.927000Z,1785561241.927,0.001085628688325891,cores,0.001085628688325891,0.1085628688325891,,
pbx-web,cpu_usage,pbx-web,pbx-web-5ff68464d-mkn8n,2026-08-01T06:14:01.927000Z,1785564841.927,0.0010373204121109695,cores,0.0010373204121109695,0.10373204121109694,,
pbx-web,cpu_usage,pbx-web,pbx-web-5ff68464d-mkn8n,2026-08-01T07:14:01.927000Z,1785568441.927,0.001148138885149249,cores,0.001148138885149249,0.1148138885149249,,
pbx-web,cpu_usage,pbx-web,pbx-web-5ff68464d-mkn8n,2026-08-01T08:14:01.927000Z,1785572041.927,0.0009653532687140022,cores,0.0009653532687140022,0.09653532687140022,,
pbx-web,cpu_usage,pbx-web,pbx-web-5ff68464d-mkn8n,2026-08-01T09:14:01.927000Z,1785575641.927,0.0009806257047865036,cores,0.0009806257047865036,0.09806257047865036,,
pbx-web,cpu_usage,pbx-web,pbx-web-5ff68464d-mkn8n,2026-08-01T10:14:01.927000Z,1785579241.927,0.0011156371307021221,cores,0.0011156371307021221,0.11156371307021222,,
pbx-web,cpu_usage,pbx-web,pbx-web-5ff68464d-mkn8n,2026-08-01T11:14:01.927000Z,1785582841.927,0.0010223570142844675,cores,0.0010223570142844675,0.10223570142844675,,
pbx-web,cpu_usage,pbx-web,pbx-web-5ff68464d-mkn8n,2026-08-01T12:14:01.927000Z,1785586441.927,0.001014711226342026,cores,0.001014711226342026,0.1014711226342026,,
pbx-web,cpu_usage,pbx-web,pbx-web-5ff68464d-mkn8n,2026-08-01T13:14:01.927000Z,1785590041.927,0.00108968869470694,cores,0.00108968869470694,0.10896886947069401,,
pbx-web,cpu_usage,pbx-web,pbx-web-5ff68464d-mkn8n,2026-08-01T14:14:01.927000Z,1785593641.927,0.0012150740914295588,cores,0.0012150740914295588,0.12150740914295588,,
pbx-web,cpu_usage,pbx-web,pbx-web-5ff68464d-mkn8n,2026-08-01T15:14:01.927000Z,1785597241.927,0.0011167043428729078,cores,0.0011167043428729078,0.11167043428729079,,
pbx-web,cpu_usage,pbx-web,pbx-web-5ff68464d-mkn8n,2026-08-01T16:14:01.927000Z,1785600841.927,0.0011041685632573342,cores,0.0011041685632573342,0.11041685632573342,,
pbx-web,cpu_usage,pbx-web,pbx-web-5ff68464d-mkn8n,2026-08-01T17:14:01.927000Z,1785604441.927,0.001000574167417063,cores,0.001000574167417063,0.1000574167417063,,
pbx-web,cpu_usage,pbx-web,pbx-web-5ff68464d-mkn8n,2026-08-01T18:14:01.927000Z,1785608041.927,0.0010792480773935877,cores,0.0010792480773935877,0.10792480773935878,,
pbx-web,cpu_usage,pbx-web,pbx-web-5ff68464d-mkn8n,2026-08-01T19:14:01.927000Z,1785611641.927,0.0011365042592912959,cores,0.0011365042592912959,0.11365042592912959,,
pbx-web,cpu_usage,pbx-web,pbx-web-5ff68464d-mkn8n,2026-08-01T20:14:01.927000Z,1785615241.927,0.0011262051541235034,cores,0.0011262051541235034,0.11262051541235034,,
pbx-web,cpu_usage,pbx-web,pbx-web-5ff68464d-mkn8n,2026-08-01T21:14:01.927000Z,1785618841.927,0.0010840536304007149,cores,0.0010840536304007149,0.10840536304007149,,
pbx-web,cpu_usage,pbx-web,pbx-web-5ff68464d-mkn8n,2026-08-01T22:14:01.927000Z,1785622441.927,0.000876945303135283,cores,0.000876945303135283,0.08769453031352831,,
pbx-web,cpu_usage,pbx-web,pbx-web-5ff68464d-mkn8n,2026-08-01T23:14:01.927000Z,1785626041.927,0.0008918131480929833,cores,0.0008918131480929833,0.08918131480929833,,
pbx-web,cpu_usage,pbx-web,pbx-web-5ff68464d-mkn8n,2026-08-02T00:14:01.927000Z,1785629641.927,0.0011139047036193676,cores,0.0011139047036193676,0.11139047036193676,,
pbx-web,cpu_usage,pbx-web,pbx-web-5ff68464d-mkn8n,2026-08-02T01:14:01.927000Z,1785633241.927,0.000955949719164486,cores,0.000955949719164486,0.0955949719164486,,
pbx-web,cpu_usage,pbx-web,pbx-web-5ff68464d-mkn8n,2026-08-02T02:14:01.927000Z,1785636841.927,0.001033938790789203,cores,0.001033938790789203,0.10339387907892031,,
pbx-web,cpu_usage,pbx-web,pbx-web-5ff68464d-mkn8n,2026-08-02T03:14:01.927000Z,1785640441.927,0.0012100306770730321,cores,0.0012100306770730321,0.12100306770730321,,
pbx-web,cpu_usage,pbx-web,pbx-web-5ff68464d-mkn8n,2026-08-02T04:14:01.927000Z,1785644041.927,0.0010400014404086315,cores,0.0010400014404086315,0.10400014404086315,,
pbx-web,cpu_usage,pbx-web,pbx-web-5ff68464d-mkn8n,2026-08-02T05:14:01.927000Z,1785647641.927,0.0010311559140001058,cores,0.0010311559140001058,0.10311559140001059,,
pbx-web,cpu_usage,pbx-web,pbx-web-5ff68464d-mkn8n,2026-08-02T06:14:01.927000Z,1785651241.927,0.001080989368233431,cores,0.001080989368233431,0.10809893682334311,,
pbx-web,cpu_usage,pbx-web,pbx-web-5ff68464d-mkn8n,2026-08-02T07:14:01.927000Z,1785654841.927,0.0010407395450021827,cores,0.0010407395450021827,0.10407395450021827,,
pbx-web,cpu_usage,pbx-web,pbx-web-5ff68464d-mkn8n,2026-08-02T08:14:01.927000Z,1785658441.927,0.0011995878685901798,cores,0.0011995878685901798,0.11995878685901798,,
pbx-web,cpu_usage,pbx-web,pbx-web-5ff68464d-mkn8n,2026-08-02T09:14:01.927000Z,1785662041.927,0.0011061416462527097,cores,0.0011061416462527097,0.11061416462527097,,
pbx-web,cpu_usage,pbx-web,pbx-web-5ff68464d-mkn8n,2026-08-02T10:14:01.927000Z,1785665641.927,0.0010708548108373404,cores,0.0010708548108373404,0.10708548108373404,,
pbx-web,cpu_usage,pbx-web,pbx-web-5ff68464d-mkn8n,2026-08-02T11:14:01.927000Z,1785669241.927,0.0010511375701982998,cores,0.0010511375701982998,0.10511375701982997,,
pbx-web,cpu_usage,pbx-web,pbx-web-5ff68464d-mkn8n,2026-08-02T12:14:01.927000Z,1785672841.927,0.0010376472769937698,cores,0.0010376472769937698,0.10376472769937697,,
pbx-web,cpu_usage,pbx-web,pbx-web-5ff68464d-mkn8n,2026-08-02T13:14:01.927000Z,1785676441.927,0.0010559176397712717,cores,0.0010559176397712717,0.10559176397712718,,
pbx-web,cpu_usage,pbx-web,pbx-web-5ff68464d-mkn8n,2026-08-02T14:14:01.927000Z,1785680041.927,0.0009662316596156397,cores,0.0009662316596156397,0.09662316596156396,,
pbx-web,cpu_usage,pbx-web,pbx-web-5ff68464d-mkn8n,2026-08-02T15:14:01.927000Z,1785683641.927,0.0010300051820793126,cores,0.0010300051820793126,0.10300051820793127,,
pbx-web,cpu_usage,pbx-web,pbx-web-5ff68464d-mkn8n,2026-08-02T16:14:01.927000Z,1785687241.927,0.0009672166227523154,cores,0.0009672166227523154,0.09672166227523155,,
pbx-web,cpu_usage,pbx-web,pbx-web-5ff68464d-mkn8n,2026-08-02T17:14:01.927000Z,1785690841.927,0.0009576457291451728,cores,0.0009576457291451728,0.09576457291451727,,
pbx-web,cpu_usage,pbx-web,pbx-web-5ff68464d-mkn8n,2026-08-02T18:14:01.927000Z,1785694441.927,0.0011470262835890162,cores,0.0011470262835890162,0.11470262835890162,,
pbx-web,cpu_usage,pbx-web,pbx-web-5ff68464d-mkn8n,2026-08-02T19:14:01.927000Z,1785698041.927,0.0011281167027929074,cores,0.0011281167027929074,0.11281167027929073,,
pbx-web,cpu_usage,pbx-web,pbx-web-5ff68464d-mkn8n,2026-08-02T20:14:01.927000Z,1785701641.927,0.0010171077123466627,cores,0.0010171077123466627,0.10171077123466628,,
pbx-web,cpu_usage,pbx-web,pbx-web-5ff68464d-mkn8n,2026-08-02T21:14:01.927000Z,1785705241.927,0.0011902351110392145,cores,0.0011902351110392145,0.11902351110392145,,
pbx-web,cpu_usage,pbx-web,pbx-web-5ff68464d-mkn8n,2026-08-02T22:14:01.927000Z,1785708841.927,0.0011361043097393555,cores,0.0011361043097393555,0.11361043097393554,,
pbx-web,cpu_usage,pbx-web,pbx-web-5ff68464d-mkn8n,2026-08-02T23:14:01.927000Z,1785712441.927,0.001079945107426132,cores,0.001079945107426132,0.1079945107426132,,
pbx-web,cpu_usage,pbx-web,pbx-web-5ff68464d-mkn8n,2026-08-03T00:14:01.927000Z,1785716041.927,0.0011227837001402926,cores,0.0011227837001402926,0.11227837001402925,,
pbx-web,cpu_usage,pbx-web,pbx-web-5ff68464d-mkn8n,2026-08-03T01:14:01.927000Z,1785719641.927,0.001106776593425447,cores,0.001106776593425447,0.11067765934254471,,
pbx-web,cpu_usage,pbx-web,pbx-web-5ff68464d-mkn8n,2026-08-03T02:14:01.927000Z,1785723241.927,0.0011413985166965682,cores,0.0011413985166965682,0.11413985166965682,,
pbx-web,cpu_usage,pbx-web,pbx-web-5ff68464d-mkn8n,2026-08-03T03:14:01.927000Z,1785726841.927,0.0010032034208731807,cores,0.0010032034208731807,0.10032034208731808,,
pbx-web,cpu_usage,pbx-web,pbx-web-5ff68464d-mkn8n,2026-08-03T04:14:01.927000Z,1785730441.927,0.0010592543675080773,cores,0.0010592543675080773,0.10592543675080773,,
pbx-web,cpu_usage,pbx-web,pbx-web-5ff68464d-mkn8n,2026-08-03T05:14:01.927000Z,1785734041.927,0.0009750002835450746,cores,0.0009750002835450746,0.09750002835450747,,
pbx-web,cpu_usage,pbx-web,pbx-web-5ff68464d-mkn8n,2026-08-03T06:14:01.927000Z,1785737641.927,0.0010008931856262365,cores,0.0010008931856262365,0.10008931856262365,,
pbx-web,cpu_usage,pbx-web,pbx-web-5ff68464d-mkn8n,2026-08-03T07:14:01.927000Z,1785741241.927,0.0009288414268102949,cores,0.0009288414268102949,0.09288414268102949,,
pbx-web,cpu_usage,pbx-web,pbx-web-5ff68464d-mkn8n,2026-08-03T08:14:01.927000Z,1785744841.927,0.0011015755417409195,cores,0.0011015755417409195,0.11015755417409195,,
pbx-web,cpu_usage,pbx-web,pbx-web-5ff68464d-mkn8n,2026-08-03T09:14:01.927000Z,1785748441.927,0.0011382479854273393,cores,0.0011382479854273393,0.11382479854273393,,
pbx-web,cpu_usage,pbx-web,pbx-web-5ff68464d-mkn8n,2026-08-03T10:14:01.927000Z,1785752041.927,0.0011328608392925734,cores,0.0011328608392925734,0.11328608392925735,,
pbx-web,cpu_usage,pbx-web,pbx-web-5ff68464d-mkn8n,2026-08-03T11:14:01.927000Z,1785755641.927,0.0011527599087965735,cores,0.0011527599087965735,0.11527599087965736,,
pbx-web,cpu_usage,pbx-web,pbx-web-5ff68464d-mkn8n,2026-08-03T12:14:01.927000Z,1785759241.927,0.001156307340459585,cores,0.001156307340459585,0.11563073404595851,,
pbx-web,cpu_usage,pbx-web,pbx-web-5ff68464d-mkn8n,2026-08-03T13:14:01.927000Z,1785762841.927,0.001161983788148563,cores,0.001161983788148563,0.1161983788148563,,
pbx-web,cpu_usage,pbx-web,pbx-web-5ff68464d-mkn8n,2026-08-03T14:14:01.927000Z,1785766441.927,0.0011406407147587564,cores,0.0011406407147587564,0.11406407147587563,,
pbx-web,cpu_usage,pbx-web,pbx-web-5ff68464d-mkn8n,2026-08-03T15:14:01.927000Z,1785770041.927,0.0012174751160593596,cores,0.0012174751160593596,0.12174751160593596,,
pbx-web,cpu_usage,pbx-web,pbx-web-5ff68464d-mkn8n,2026-08-03T16:14:01.927000Z,1785773641.927,0.0011649287478233208,cores,0.0011649287478233208,0.11649287478233208,,
pbx-web,cpu_usage,pbx-web,pbx-web-5ff68464d-mkn8n,2026-08-03T17:14:01.927000Z,1785777241.927,0.0009490264919329808,cores,0.0009490264919329808,0.09490264919329808,,
pbx-web,cpu_usage,pbx-web,pbx-web-5ff68464d-mkn8n,2026-08-03T18:14:01.927000Z,1785780841.927,0.0011237450417676354,cores,0.0011237450417676354,0.11237450417676353,,
pbx-web,cpu_usage,pbx-web,pbx-web-5ff68464d-mkn8n,2026-08-03T19:14:01.927000Z,1785784441.927,0.001050181223939452,cores,0.001050181223939452,0.10501812239394519,,
pbx-web,cpu_usage,pbx-web,pbx-web-5ff68464d-mkn8n,2026-08-03T20:14:01.927000Z,1785788041.927,0.0009822298138028667,cores,0.0009822298138028667,0.09822298138028668,,
pbx-web,cpu_usage,pbx-web,pbx-web-5ff68464d-mkn8n,2026-08-03T21:14:01.927000Z,1785791641.927,0.0010601132027021573,cores,0.0010601132027021573,0.10601132027021573,,
pbx-web,cpu_usage,pbx-web,pbx-web-5ff68464d-mkn8n,2026-08-03T22:14:01.927000Z,1785795241.927,0.0011403407912445934,cores,0.0011403407912445934,0.11403407912445934,,
pbx-web,cpu_usage,pbx-web,pbx-web-5ff68464d-mkn8n,2026-08-03T23:14:01.927000Z,1785798841.927,0.0010958688289148682,cores,0.0010958688289148682,0.10958688289148683,,
pbx-web,cpu_usage,pbx-web,pbx-web-5ff68464d-mkn8n,2026-08-04T00:14:01.927000Z,1785802441.927,0.0011949721330418521,cores,0.0011949721330418521,0.11949721330418521,,
pbx-web,cpu_usage,pbx-web,pbx-web-5ff68464d-mkn8n,2026-08-04T01:14:01.927000Z,1785806041.927,0.0011296291790438816,cores,0.0011296291790438816,0.11296291790438816,,
pbx-web,cpu_usage,pbx-web,pbx-web-5ff68464d-mkn8n,2026-08-04T02:14:01.927000Z,1785809641.927,0.0011450959297834382,cores,0.0011450959297834382,0.11450959297834382,,
pbx-web,cpu_usage,pbx-web,pbx-web-5ff68464d-mkn8n,2026-08-04T03:14:01.927000Z,1785813241.927,0.001020250319656954,cores,0.001020250319656954,0.1020250319656954,,
pbx-web,cpu_usage,pbx-web,pbx-web-5ff68464d-mkn8n,2026-08-04T04:14:01.927000Z,1785816841.927,0.0011050917620147199,cores,0.0011050917620147199,0.11050917620147199,,
pbx-web,cpu_usage,pbx-web,pbx-web-5ff68464d-mkn8n,2026-08-04T05:14:01.927000Z,1785820441.927,0.0011144484758630953,cores,0.0011144484758630953,0.11144484758630953,,
pbx-web,cpu_usage,pbx-web,pbx-web-5ff68464d-mkn8n,2026-08-04T06:14:01.927000Z,1785824041.927,0.0010685893882256712,cores,0.0010685893882256712,0.10685893882256713,,
pbx-web,cpu_usage,pbx-web,pbx-web-5ff68464d-mkn8n,2026-08-04T07:14:01.927000Z,1785827641.927,0.00124527704168811,cores,0.00124527704168811,0.124527704168811,,
pbx-web,cpu_usage,pbx-web,pbx-web-5ff68464d-mkn8n,2026-08-04T08:14:01.927000Z,1785831241.927,0.0009576691182560798,cores,0.0009576691182560798,0.09576691182560798,,
pbx-web,cpu_usage,pbx-web,pbx-web-5ff68464d-mkn8n,2026-08-04T09:14:01.927000Z,1785834841.927,0.0010934687804134368,cores,0.0010934687804134368,0.10934687804134367,,
pbx-web,cpu_usage,pbx-web,pbx-web-5ff68464d-mkn8n,2026-08-04T10:14:01.927000Z,1785838441.927,0.0008647412833535205,cores,0.0008647412833535205,0.08647412833535205,,
pbx-web,cpu_usage,pbx-web,pbx-web-5ff68464d-mkn8n,2026-08-04T11:14:01.927000Z,1785842041.927,0.0009668622585739197,cores,0.0009668622585739197,0.09668622585739198,,
pbx-web,cpu_usage,pbx-web,pbx-web-5ff68464d-mkn8n,2026-08-04T12:14:01.927000Z,1785845641.927,0.0009540008331549014,cores,0.0009540008331549014,0.09540008331549014,,
pbx-web,cpu_usage,pbx-web,pbx-web-5ff68464d-mkn8n,2026-08-04T13:14:01.927000Z,1785849241.927,0.0011923860311001354,cores,0.0011923860311001354,0.11923860311001354,,
pbx-web,cpu_usage,pbx-web,pbx-web-5ff68464d-mkn8n,2026-08-04T14:14:01.927000Z,1785852841.927,0.0010897123398287383,cores,0.0010897123398287383,0.10897123398287384,,
pbx-web,cpu_usage,pbx-web,pbx-web-5ff68464d-mkn8n,2026-08-04T15:14:01.927000Z,1785856441.927,0.001112226671800665,cores,0.001112226671800665,0.1112226671800665,,
pbx-web,cpu_usage,pbx-web,pbx-web-5ff68464d-mkn8n,2026-08-04T16:14:01.927000Z,1785860041.927,0.0011388293205563192,cores,0.0011388293205563192,0.11388293205563192,,
pbx-web,cpu_usage,pbx-web,pbx-web-5ff68464d-mkn8n,2026-08-04T17:14:01.927000Z,1785863641.927,0.0010409714825549041,cores,0.0010409714825549041,0.10409714825549042,,
pbx-web,cpu_usage,pbx-web,pbx-web-5ff68464d-mkn8n,2026-08-04T18:14:01.927000Z,1785867241.927,0.001104386642725461,cores,0.001104386642725461,0.11043866427254609,,
pbx-web,cpu_usage,pbx-web,pbx-web-5ff68464d-mkn8n,2026-08-04T19:14:01.927000Z,1785870841.927,0.0011454018451232681,cores,0.0011454018451232681,0.11454018451232681,,
pbx-web,cpu_usage,pbx-web,pbx-web-5ff68464d-mkn8n,2026-08-04T20:14:01.927000Z,1785874441.927,0.0011261754212273378,cores,0.0011261754212273378,0.11261754212273378,,
pbx-web,cpu_usage,pbx-web,pbx-web-5ff68464d-mkn8n,2026-08-04T21:14:01.927000Z,1785878041.927,0.0009392069842205184,cores,0.0009392069842205184,0.09392069842205183,,
pbx-web,cpu_usage,pbx-web,pbx-web-5ff68464d-mkn8n,2026-08-04T22:14:01.927000Z,1785881641.927,0.0009979792308527455,cores,0.0009979792308527455,0.09979792308527455,,
pbx-web,cpu_usage,pbx-web,pbx-web-5ff68464d-mkn8n,2026-08-04T23:14:01.927000Z,1785885241.927,0.0009750938952086574,cores,0.0009750938952086574,0.09750938952086574,,
pbx-web,cpu_usage,pbx-web,pbx-web-5ff68464d-mkn8n,2026-08-05T00:14:01.927000Z,1785888841.927,0.0009302124696043257,cores,0.0009302124696043257,0.09302124696043257,,
pbx-web,cpu_usage,pbx-web,pbx-web-5ff68464d-mkn8n,2026-08-05T01:14:01.927000Z,1785892441.927,0.0009571591708374434,cores,0.0009571591708374434,0.09571591708374434,,
pbx-web,cpu_usage,pbx-web,pbx-web-5ff68464d-mkn8n,2026-08-05T02:14:01.927000Z,1785896041.927,0.0009884709173862893,cores,0.0009884709173862893,0.09884709173862893,,
pbx-web,cpu_usage,pbx-web,pbx-web-5ff68464d-mkn8n,2026-08-05T03:14:01.927000Z,1785899641.927,0.0011029098492917702,cores,0.0011029098492917702,0.11029098492917702,,
pbx-web,cpu_usage,pbx-web,pbx-web-5ff68464d-mkn8n,2026-08-05T04:14:01.927000Z,1785903241.927,0.0011004324854858728,cores,0.0011004324854858728,0.11004324854858728,,
pbx-web,cpu_usage,pbx-web,pbx-web-5ff68464d-mkn8n,2026-08-05T05:14:01.927000Z,1785906841.927,0.0011187410608055506,cores,0.0011187410608055506,0.11187410608055506,,
pbx-web,cpu_usage,pbx-web,pbx-web-5ff68464d-mkn8n,2026-08-05T06:14:01.927000Z,1785910441.927,0.0010795819957274393,cores,0.0010795819957274393,0.10795819957274394,,
pbx-web,cpu_usage,pbx-web,pbx-web-5ff68464d-mkn8n,2026-08-05T07:14:01.927000Z,1785914041.927,0.0011560914964191767,cores,0.0011560914964191767,0.11560914964191768,,
pbx-web,cpu_usage,pbx-web,pbx-web-5ff68464d-mkn8n,2026-08-05T08:14:01.927000Z,1785917641.927,0.0011292006058488868,cores,0.0011292006058488868,0.11292006058488868,,
pbx-web,cpu_usage,pbx-web,pbx-web-5ff68464d-mkn8n,2026-08-05T09:14:01.927000Z,1785921241.927,0.0010882667194680167,cores,0.0010882667194680167,0.10882667194680166,,
pbx-web,cpu_usage,pbx-web,pbx-web-5ff68464d-mkn8n,2026-08-05T10:14:01.927000Z,1785924841.927,0.0011909365896348252,cores,0.0011909365896348252,0.11909365896348252,,
pbx-web,cpu_usage,pbx-web,pbx-web-5ff68464d-mkn8n,2026-08-05T11:14:01.927000Z,1785928441.927,0.0011496824669751807,cores,0.0011496824669751807,0.11496824669751807,,
pbx-web,cpu_usage,pbx-web,pbx-web-5ff68464d-mkn8n,2026-08-05T12:14:01.927000Z,1785932041.927,0.001084408719295367,cores,0.001084408719295367,0.1084408719295367,,
pbx-web,cpu_usage,pbx-web,pbx-web-5ff68464d-mkn8n,2026-08-05T13:14:01.927000Z,1785935641.927,0.0009161149509891622,cores,0.0009161149509891622,0.09161149509891622,,
pbx-web,cpu_usage,pbx-web,pbx-web-5ff68464d-mkn8n,2026-08-05T14:14:01.927000Z,1785939241.927,0.021965948452284414,cores,0.021965948452284414,2.196594845228441,,
pbx-web,cpu_usage,pbx-web,pbx-web-5ff68464d-mkn8n,2026-08-05T15:14:01.927000Z,1785942841.927,0.0012306495046190912,cores,0.0012306495046190912,0.12306495046190911,,
pbx-web,cpu_usage,pbx-web,pbx-web-5ff68464d-mkn8n,2026-08-05T16:14:01.927000Z,1785946441.927,0.0011284166588209788,cores,0.0011284166588209788,0.11284166588209787,,
pbx-web,cpu_usage,pbx-web,pbx-web-5ff68464d-mkn8n,2026-08-05T17:14:01.927000Z,1785950041.927,0.0011542947046989745,cores,0.0011542947046989745,0.11542947046989745,,
pbx-web,cpu_usage,pbx-web,pbx-web-5ff68464d-mkn8n,2026-08-05T18:14:01.927000Z,1785953641.927,0.0011713696353596067,cores,0.0011713696353596067,0.11713696353596068,,
pbx-web,cpu_usage,pbx-web,pbx-web-5ff68464d-mkn8n,2026-08-05T19:14:01.927000Z,1785957241.927,0.0010577961440379497,cores,0.0010577961440379497,0.10577961440379496,,
pbx-web,cpu_usage,pbx-web,pbx-web-5ff68464d-mkn8n,2026-08-05T20:14:01.927000Z,1785960841.927,0.0291800643591998,cores,0.0291800643591998,2.91800643591998,,
pbx-web,cpu_usage,pbx-web,pbx-web-5ff68464d-mkn8n,2026-08-05T21:14:01.927000Z,1785964441.927,0.0010710706905017746,cores,0.0010710706905017746,0.10710706905017746,,
pbx-web,cpu_usage,pbx-web,pbx-web-5ff68464d-mkn8n,2026-08-05T22:14:01.927000Z,1785968041.927,0.0010690333095023517,cores,0.0010690333095023517,0.10690333095023517,,
pbx-web,cpu_usage,pbx-web,pbx-web-5ff68464d-mkn8n,2026-08-05T23:14:01.927000Z,1785971641.927,0.0009990371804899862,cores,0.0009990371804899862,0.09990371804899861,,
pbx-web,cpu_usage,pbx-web,pbx-web-5ff68464d-mkn8n,2026-08-06T00:14:01.927000Z,1785975241.927,0.0009863721146208231,cores,0.0009863721146208231,0.09863721146208232,,
pbx-web,cpu_usage,pbx-web,pbx-web-5ff68464d-mkn8n,2026-08-06T01:14:01.927000Z,1785978841.927,0.0008675230310222269,cores,0.0008675230310222269,0.08675230310222269,,
pbx-web,cpu_usage,pbx-web,pbx-web-5ff68464d-mkn8n,2026-08-06T02:14:01.927000Z,1785982441.927,0.0012408785627246659,cores,0.0012408785627246659,0.12408785627246659,,
pbx-web,cpu_usage,pbx-web,pbx-web-5ff68464d-mkn8n,2026-08-06T03:14:01.927000Z,1785986041.927,0.0011449161299209654,cores,0.0011449161299209654,0.11449161299209654,,
pbx-web,cpu_usage,pbx-web,pbx-web-5ff68464d-mkn8n,2026-08-06T04:14:01.927000Z,1785989641.927,0.0010791044925026836,cores,0.0010791044925026836,0.10791044925026835,,
pbx-web,cpu_usage,pbx-web,pbx-web-5ff68464d-mkn8n,2026-08-06T05:14:01.927000Z,1785993241.927,0.0010530760955741098,cores,0.0010530760955741098,0.10530760955741099,,
pbx-web,cpu_usage,pbx-web,pbx-web-5ff68464d-mkn8n,2026-08-06T06:14:01.927000Z,1785996841.927,0.0010812082821246814,cores,0.0010812082821246814,0.10812082821246814,,
pbx-web,cpu_usage,pbx-web,pbx-web-5ff68464d-mkn8n,2026-08-06T07:14:01.927000Z,1786000441.927,0.0011489943036418584,cores,0.0011489943036418584,0.11489943036418583,,
pbx-web,cpu_usage,pbx-web,pbx-web-5ff68464d-mkn8n,2026-08-06T08:14:01.927000Z,1786004041.927,0.0011393167262598834,cores,0.0011393167262598834,0.11393167262598834,,
pbx-web,cpu_usage,pbx-web,pbx-web-5ff68464d-mkn8n,2026-08-06T09:14:01.927000Z,1786007641.927,0.0012278847085279688,cores,0.0012278847085279688,0.12278847085279687,,
pbx-web,cpu_usage,pbx-web,pbx-web-5ff68464d-mkn8n,2026-08-06T10:14:01.927000Z,1786011241.927,0.0010384002371491162,cores,0.0010384002371491162,0.10384002371491162,,
pbx-web,cpu_usage,pbx-web,pbx-web-5ff68464d-mkn8n,2026-08-06T11:14:01.927000Z,1786014841.927,0.0011555366861748576,cores,0.0011555366861748576,0.11555366861748576,,
pbx-web,cpu_usage,pbx-web,pbx-web-5ff68464d-mkn8n,2026-08-06T12:14:01.927000Z,1786018441.927,0.0010687894311490246,cores,0.0010687894311490246,0.10687894311490245,,
pbx-web,cpu_usage,pbx-web,pbx-web-5ff68464d-mkn8n,2026-08-06T13:14:01.927000Z,1786022041.927,0.0010497368634776363,cores,0.0010497368634776363,0.10497368634776363,,
pbx-web,cpu_usage,pbx-web,pbx-web-5ff68464d-mkn8n,2026-08-06T14:14:01.927000Z,1786025641.927,0.0010081885400259148,cores,0.0010081885400259148,0.10081885400259147,,
pbx-web,cpu_usage,pbx-web,pbx-web-5ff68464d-mkn8n,2026-08-06T15:14:01.927000Z,1786029241.927,0.0009530713582608253,cores,0.0009530713582608253,0.09530713582608252,,
pbx-web,cpu_usage,pbx-web,pbx-web-5ff68464d-mkn8n,2026-08-06T16:14:01.927000Z,1786032841.927,0.0010054567671623775,cores,0.0010054567671623775,0.10054567671623775,,
pbx-web,cpu_usage,pbx-web,pbx-web-5ff68464d-mkn8n,2026-08-06T17:14:01.927000Z,1786036441.927,0.0011279993590040762,cores,0.0011279993590040762,0.11279993590040763,,
pbx-web,cpu_usage,pbx-web,pbx-web-5ff68464d-mkn8n,2026-08-06T18:14:01.927000Z,1786040041.927,0.0011409394014982258,cores,0.0011409394014982258,0.11409394014982258,,
pbx-web,cpu_usage,pbx-web,pbx-web-5ff68464d-mkn8n,2026-08-06T19:14:01.927000Z,1786043641.927,0.0011809490628657431,cores,0.0011809490628657431,0.11809490628657432,,
pbx-web,cpu_usage,pbx-web,pbx-web-5ff68464d-mkn8n,2026-08-06T20:14:01.927000Z,1786047241.927,0.0010113633402171987,cores,0.0010113633402171987,0.10113633402171987,,
pbx-web,cpu_usage,pbx-web,pbx-web-5ff68464d-mkn8n,2026-08-06T21:14:01.927000Z,1786050841.927,0.001227042638029594,cores,0.001227042638029594,0.1227042638029594,,
pbx-web,cpu_usage,pbx-web,pbx-web-5ff68464d-mkn8n,2026-08-06T22:14:01.927000Z,1786054441.927,0.0011505546101571395,cores,0.0011505546101571395,0.11505546101571394,,
pbx-web,cpu_usage,pbx-web,pbx-web-5ff68464d-mkn8n,2026-08-06T23:14:01.927000Z,1786058041.927,0.0011561114273227558,cores,0.0011561114273227558,0.11561114273227557,,
pbx-web,cpu_usage,pbx-web,pbx-web-5ff68464d-mkn8n,2026-08-07T00:14:01.927000Z,1786061641.927,0.0011638785641150085,cores,0.0011638785641150085,0.11638785641150086,,
pbx-web,cpu_usage,pbx-web,pbx-web-5ff68464d-mkn8n,2026-08-07T01:14:01.927000Z,1786065241.927,0.001061702653794299,cores,0.001061702653794299,0.10617026537942989,,
pbx-web,cpu_usage,pbx-web,pbx-web-5ff68464d-mkn8n,2026-08-07T02:14:01.927000Z,1786068841.927,0.001165587314254607,cores,0.001165587314254607,0.1165587314254607,,
pbx-web,cpu_usage,pbx-web,pbx-web-5ff68464d-mkn8n,2026-08-07T03:14:01.927000Z,1786072441.927,0.0011430685520930199,cores,0.0011430685520930199,0.11430685520930199,,
pbx-web,cpu_usage,pbx-web,pbx-web-5ff68464d-mkn8n,2026-08-07T04:14:01.927000Z,1786076041.927,0.0009801637840514224,cores,0.0009801637840514224,0.09801637840514224,,
pbx-web,cpu_usage,pbx-web,pbx-web-5ff68464d-mkn8n,2026-08-07T05:14:01.927000Z,1786079641.927,0.001039618734094445,cores,0.001039618734094445,0.10396187340944449,,
pbx-web,cpu_usage,pbx-web,pbx-web-5ff68464d-mkn8n,2026-08-07T06:14:01.927000Z,1786083241.927,0.0010536689810993715,cores,0.0010536689810993715,0.10536689810993714,,
pbx-web,cpu_usage,pbx-web,pbx-web-5ff68464d-mkn8n,2026-08-07T07:14:01.927000Z,1786086841.927,0.0011383127461635576,cores,0.0011383127461635576,0.11383127461635577,,
pbx-web,cpu_usage,pbx-web,pbx-web-5ff68464d-mkn8n,2026-08-07T08:14:01.927000Z,1786090441.927,0.001127975734889486,cores,0.001127975734889486,0.11279757348894862,,
pbx-web,cpu_usage,pbx-web,pbx-web-5ff68464d-mkn8n,2026-08-07T09:14:01.927000Z,1786094041.927,0.0010987380032151848,cores,0.0010987380032151848,0.10987380032151847,,
pbx-web,cpu_usage,pbx-web,pbx-web-5ff68464d-mkn8n,2026-08-07T10:14:01.927000Z,1786097641.927,0.0011024124536315781,cores,0.0011024124536315781,0.11024124536315781,,
pbx-web,cpu_usage,pbx-web,pbx-web-5ff68464d-mkn8n,2026-08-07T11:14:01.927000Z,1786101241.927,0.0011458645997217735,cores,0.0011458645997217735,0.11458645997217734,,
pbx-web,cpu_usage,pbx-web,pbx-web-5ff68464d-mkn8n,2026-08-07T12:14:01.927000Z,1786104841.927,0.0012037808326960404,cores,0.0012037808326960404,0.12037808326960403,,
pbx-web,cpu_usage,pbx-web,pbx-web-5ff68464d-mkn8n,2026-08-07T13:14:01.927000Z,1786108441.927,0.0011897272651015846,cores,0.0011897272651015846,0.11897272651015846,,
pbx-web,cpu_usage,pbx-web,pbx-web-5ff68464d-mkn8n,2026-08-07T14:14:01.927000Z,1786112041.927,0.0011068839509661798,cores,0.0011068839509661798,0.11068839509661799,,
pbx-web,cpu_usage,pbx-web,pbx-web-5ff68464d-mkn8n,2026-08-07T15:14:01.927000Z,1786115641.927,0.0011463821475573971,cores,0.0011463821475573971,0.11463821475573971,,
pbx-web,cpu_usage,pbx-web,pbx-web-5ff68464d-mkn8n,2026-08-07T16:14:01.927000Z,1786119241.927,0.020299560409549014,cores,0.020299560409549014,2.0299560409549016,,
pbx-web,cpu_usage,pbx-web,pbx-web-5ff68464d-mkn8n,2026-08-07T17:14:01.927000Z,1786122841.927,0.0010263227935319449,cores,0.0010263227935319449,0.1026322793531945,,
pbx-web,cpu_usage,pbx-web,pbx-web-5ff68464d-mkn8n,2026-08-07T18:14:01.927000Z,1786126441.927,0.0012104000693564803,cores,0.0012104000693564803,0.12104000693564804,,
pbx-web,cpu_usage,pbx-web,pbx-web-5ff68464d-mkn8n,2026-08-07T19:14:01.927000Z,1786130041.927,0.0011809520885065446,cores,0.0011809520885065446,0.11809520885065446,,
pbx-web,cpu_usage,pbx-web,pbx-web-5ff68464d-mkn8n,2026-08-07T20:14:01.927000Z,1786133641.927,0.0011801256435462393,cores,0.0011801256435462393,0.11801256435462393,,
pbx-web,cpu_usage,pbx-web,pbx-web-5ff68464d-mkn8n,2026-08-07T21:14:01.927000Z,1786137241.927,0.0012162715310581299,cores,0.0012162715310581299,0.12162715310581299,,
pbx-web,cpu_usage,pbx-web,pbx-web-5ff68464d-mkn8n,2026-08-07T22:14:01.927000Z,1786140841.927,0.0011512621396504027,cores,0.0011512621396504027,0.11512621396504027,,
pbx-web,cpu_usage,pbx-web,pbx-web-5ff68464d-mkn8n,2026-08-07T23:14:01.927000Z,1786144441.927,0.0012556979652093392,cores,0.0012556979652093392,0.12556979652093392,,
pbx-web,cpu_usage,pbx-web,pbx-web-5ff68464d-mkn8n,2026-08-08T00:14:01.927000Z,1786148041.927,0.0011490530345863964,cores,0.0011490530345863964,0.11490530345863964,,
pbx-web,cpu_usage,pbx-web,pbx-web-5ff68464d-mkn8n,2026-08-08T01:14:01.927000Z,1786151641.927,0.0011081360810798033,cores,0.0011081360810798033,0.11081360810798033,,
pbx-web,cpu_usage,pbx-web,pbx-web-5ff68464d-mkn8n,2026-08-08T02:14:01.927000Z,1786155241.927,0.0011390667886114873,cores,0.0011390667886114873,0.11390667886114873,,
pbx-web,cpu_usage,pbx-web,pbx-web-5ff68464d-mkn8n,2026-08-08T03:14:01.927000Z,1786158841.927,0.0012620852434936608,cores,0.0012620852434936608,0.12620852434936608,,
pbx-web,cpu_usage,pbx-web,pbx-web-5ff68464d-mkn8n,2026-08-08T04:14:01.927000Z,1786162441.927,0.001199389454474469,cores,0.001199389454474469,0.1199389454474469,,
pbx-web,cpu_usage,pbx-web,pbx-web-5ff68464d-mkn8n,2026-08-08T05:14:01.927000Z,1786166041.927,0.0012284787010076788,cores,0.0012284787010076788,0.12284787010076789,,
pbx-web,cpu_usage,pbx-web,pbx-web-5ff68464d-mkn8n,2026-08-08T06:14:01.927000Z,1786169641.927,0.0012993170679645207,cores,0.0012993170679645207,0.12993170679645205,,
pbx-web,cpu_usage,pbx-web,pbx-web-5ff68464d-mkn8n,2026-08-08T07:14:01.927000Z,1786173241.927,0.0013177556066059555,cores,0.0013177556066059555,0.13177556066059554,,
pbx-web,cpu_usage,pbx-web,pbx-web-5ff68464d-mkn8n,2026-08-08T08:14:01.927000Z,1786176841.927,0.0012372800695981813,cores,0.0012372800695981813,0.12372800695981813,,
pbx-web,cpu_usage,pbx-web,pbx-web-5ff68464d-mkn8n,2026-08-08T09:14:01.927000Z,1786180441.927,0.0012248262425488877,cores,0.0012248262425488877,0.12248262425488878,,
pbx-web,cpu_usage,pbx-web,pbx-web-5ff68464d-mkn8n,2026-08-08T10:14:01.927000Z,1786184041.927,0.0012434506311513253,cores,0.0012434506311513253,0.12434506311513253,,
pbx-web,cpu_usage,pbx-web,pbx-web-5ff68464d-mkn8n,2026-08-08T11:14:01.927000Z,1786187641.927,0.0010557243513180852,cores,0.0010557243513180852,0.10557243513180851,,
pbx-web,cpu_usage,pbx-web,pbx-web-5ff68464d-mkn8n,2026-08-08T12:14:01.927000Z,1786191241.927,0.001217756009777291,cores,0.001217756009777291,0.12177560097772909,,
pbx-web,cpu_usage,pbx-web,pbx-web-5ff68464d-mkn8n,2026-08-08T13:14:01.927000Z,1786194841.927,0.0011827471927625438,cores,0.0011827471927625438,0.11827471927625438,,
pbx-web,cpu_usage,pbx-web,pbx-web-5ff68464d-mkn8n,2026-08-08T14:14:01.927000Z,1786198441.927,0.0012561146108969246,cores,0.0012561146108969246,0.12561146108969246,,
pbx-web,cpu_usage,pbx-web,pbx-web-5ff68464d-mkn8n,2026-08-08T15:14:01.927000Z,1786202041.927,0.0012531754904478193,cores,0.0012531754904478193,0.12531754904478193,,
pbx-web,cpu_usage,pbx-web,pbx-web-5ff68464d-mkn8n,2026-08-08T16:14:01.927000Z,1786205641.927,0.0010977399542423005,cores,0.0010977399542423005,0.10977399542423005,,
pbx-web,cpu_usage,pbx-web,pbx-web-5ff68464d-mkn8n,2026-08-08T17:14:01.927000Z,1786209241.927,0.0011527657624413102,cores,0.0011527657624413102,0.11527657624413103,,
pbx-web,cpu_usage,pbx-web,pbx-web-5ff68464d-mkn8n,2026-08-08T18:14:01.927000Z,1786212841.927,0.0011516208681543337,cores,0.0011516208681543337,0.11516208681543337,,
pbx-web,cpu_usage,pbx-web,pbx-web-5ff68464d-mkn8n,2026-08-08T19:14:01.927000Z,1786216441.927,0.0011432301314003603,cores,0.0011432301314003603,0.11432301314003603,,
pbx-web,cpu_usage,pbx-web,pbx-web-5ff68464d-qx45p,2026-08-08T20:14:01.927000Z,1786220041.927,0.02762838610668362,cores,0.02762838610668362,2.762838610668362,,
pbx-web,cpu_usage,pbx-web,pbx-web-5ff68464d-qx45p,2026-08-08T21:14:01.927000Z,1786223641.927,0.002286774211514197,cores,0.002286774211514197,0.2286774211514197,,
pbx-web,cpu_usage,pbx-web,pbx-web-5ff68464d-qx45p,2026-08-08T22:14:01.927000Z,1786227241.927,0.0022623976536113944,cores,0.0022623976536113944,0.22623976536113943,,
pbx-web,cpu_usage,pbx-web,pbx-web-5ff68464d-qx45p,2026-08-08T23:14:01.927000Z,1786230841.927,0.0024619096281598796,cores,0.0024619096281598796,0.24619096281598796,,
pbx-web,cpu_usage,pbx-web,pbx-web-5ff68464d-qx45p,2026-08-09T00:14:01.927000Z,1786234441.927,0.001801172748483929,cores,0.001801172748483929,0.1801172748483929,,
pbx-web,cpu_usage,pbx-web,pbx-web-5ff68464d-qx45p,2026-08-09T01:14:01.927000Z,1786238041.927,0.0023771528186119543,cores,0.0023771528186119543,0.23771528186119542,,
pbx-web,cpu_usage,pbx-web,pbx-web-5ff68464d-qx45p,2026-08-09T02:14:01.927000Z,1786241641.927,0.002515514430486101,cores,0.002515514430486101,0.2515514430486101,,
pbx-web,cpu_usage,pbx-web,pbx-web-5ff68464d-qx45p,2026-08-09T03:14:01.927000Z,1786245241.927,0.0022216974263273284,cores,0.0022216974263273284,0.22216974263273284,,
pbx-web,cpu_usage,pbx-web,pbx-web-5ff68464d-qx45p,2026-08-09T04:14:01.927000Z,1786248841.927,0.0019160443671608894,cores,0.0019160443671608894,0.19160443671608893,,
pbx-web,cpu_usage,pbx-web,pbx-web-5ff68464d-qx45p,2026-08-09T05:14:01.927000Z,1786252441.927,0.002332473058453634,cores,0.002332473058453634,0.2332473058453634,,
pbx-web,cpu_usage,pbx-web,pbx-web-5ff68464d-qx45p,2026-08-09T06:14:01.927000Z,1786256041.927,0.002438224503357311,cores,0.002438224503357311,0.24382245033573108,,
pbx-web,cpu_usage,pbx-web,pbx-web-5ff68464d-qx45p,2026-08-09T07:14:01.927000Z,1786259641.927,0.0022461636496448503,cores,0.0022461636496448503,0.22461636496448503,,
pbx-web,cpu_usage,pbx-web,pbx-web-5ff68464d-qx45p,2026-08-09T08:14:01.927000Z,1786263241.927,0.0022396255308518125,cores,0.0022396255308518125,0.22396255308518126,,
pbx-web,cpu_usage,pbx-web,pbx-web-5ff68464d-qx45p,2026-08-09T09:14:01.927000Z,1786266841.927,0.0021609324792308164,cores,0.0021609324792308164,0.21609324792308165,,
pbx-web,cpu_usage,pbx-web,pbx-web-5ff68464d-qx45p,2026-08-09T10:14:01.927000Z,1786270441.927,0.0023405164026940625,cores,0.0023405164026940625,0.23405164026940625,,
pbx-web,cpu_usage,pbx-web,pbx-web-5ff68464d-qx45p,2026-08-09T11:14:01.927000Z,1786274041.927,0.0021754155526087964,cores,0.0021754155526087964,0.21754155526087965,,
pbx-web,cpu_usage,pbx-web,pbx-web-5ff68464d-qx45p,2026-08-09T12:14:01.927000Z,1786277641.927,0.0023504610999537383,cores,0.0023504610999537383,0.23504610999537384,,
pbx-web,cpu_usage,pbx-web,pbx-web-5ff68464d-qx45p,2026-08-09T13:14:01.927000Z,1786281241.927,0.002217014255822773,cores,0.002217014255822773,0.2217014255822773,,
pbx-web,cpu_usage,pbx-web,pbx-web-5ff68464d-qx45p,2026-08-09T14:14:01.927000Z,1786284841.927,0.0026220659795847955,cores,0.0026220659795847955,0.26220659795847956,,
pbx-web,cpu_usage,pbx-web,pbx-web-5ff68464d-qx45p,2026-08-09T15:14:01.927000Z,1786288441.927,0.002213276763424663,cores,0.002213276763424663,0.2213276763424663,,
pbx-web,cpu_usage,pbx-web,pbx-web-5ff68464d-qx45p,2026-08-09T16:14:01.927000Z,1786292041.927,0.002452946282328349,cores,0.002452946282328349,0.24529462823283493,,
pbx-web,cpu_usage,pbx-web,pbx-web-5ff68464d-qx45p,2026-08-09T17:14:01.927000Z,1786295641.927,0.002190229784780689,cores,0.002190229784780689,0.2190229784780689,,
pbx-web,cpu_usage,pbx-web,pbx-web-5ff68464d-qx45p,2026-08-09T18:14:01.927000Z,1786299241.927,0.0022853083458102604,cores,0.0022853083458102604,0.22853083458102605,,
pbx-web,cpu_usage,pbx-web,pbx-web-5ff68464d-qx45p,2026-08-09T19:14:01.927000Z,1786302841.927,0.002365363739228215,cores,0.002365363739228215,0.2365363739228215,,
pbx-web,cpu_usage,pbx-web,pbx-web-5ff68464d-qx45p,2026-08-09T20:14:01.927000Z,1786306441.927,0.0017673948069464151,cores,0.0017673948069464151,0.17673948069464152,,
pbx-web,cpu_usage,pbx-web,pbx-web-5ff68464d-qx45p,2026-08-09T21:14:01.927000Z,1786310041.927,0.00178061653611565,cores,0.00178061653611565,0.178061653611565,,
pbx-web,cpu_usage,pbx-web,pbx-web-5ff68464d-qx45p,2026-08-09T22:14:01.927000Z,1786313641.927,0.0022488209578037373,cores,0.0022488209578037373,0.22488209578037371,,
pbx-web,cpu_usage,pbx-web,pbx-web-5ff68464d-qx45p,2026-08-09T23:14:01.927000Z,1786317241.927,0.0030756582238915995,cores,0.0030756582238915995,0.30756582238915997,,
pbx-web,cpu_usage,pbx-web,pbx-web-5ff68464d-qx45p,2026-08-10T00:14:01.927000Z,1786320841.927,0.0021432511328684416,cores,0.0021432511328684416,0.21432511328684417,,
pbx-web,cpu_usage,pbx-web,pbx-web-5ff68464d-qx45p,2026-08-10T01:14:01.927000Z,1786324441.927,0.0023432855489560847,cores,0.0023432855489560847,0.23432855489560847,,
pbx-web,cpu_usage,pbx-web,pbx-web-5ff68464d-qx45p,2026-08-10T02:14:01.927000Z,1786328041.927,0.001939853246332408,cores,0.001939853246332408,0.1939853246332408,,
pbx-web,cpu_usage,pbx-web,pbx-web-5ff68464d-qx45p,2026-08-10T03:14:01.927000Z,1786331641.927,0.002110540500147177,cores,0.002110540500147177,0.2110540500147177,,
pbx-web,cpu_usage,pbx-web,pbx-web-5ff68464d-qx45p,2026-08-10T04:14:01.927000Z,1786335241.927,0.00214750152517297,cores,0.00214750152517297,0.21475015251729698,,
pbx-web,cpu_usage,pbx-web,pbx-web-5ff68464d-qx45p,2026-08-10T05:14:01.927000Z,1786338841.927,0.002459864164023825,cores,0.002459864164023825,0.2459864164023825,,
pbx-web,cpu_usage,pbx-web,pbx-web-5ff68464d-qx45p,2026-08-10T06:14:01.927000Z,1786342441.927,0.002274721739368656,cores,0.002274721739368656,0.2274721739368656,,
pbx-web,cpu_usage,pbx-web,pbx-web-5ff68464d-qx45p,2026-08-10T07:14:01.927000Z,1786346041.927,0.0019112305410443162,cores,0.0019112305410443162,0.19112305410443162,,
pbx-web,cpu_usage,pbx-web,pbx-web-5ff68464d-qx45p,2026-08-10T08:14:01.927000Z,1786349641.927,0.0023792496912766253,cores,0.0023792496912766253,0.23792496912766253,,
pbx-web,cpu_usage,pbx-web,pbx-web-5ff68464d-qx45p,2026-08-10T09:14:01.927000Z,1786353241.927,0.002245082723736332,cores,0.002245082723736332,0.2245082723736332,,
pbx-web,cpu_usage,pbx-web,pbx-web-5ff68464d-qx45p,2026-08-10T10:14:01.927000Z,1786356841.927,0.0022416324907491973,cores,0.0022416324907491973,0.22416324907491972,,
pbx-web,cpu_usage,pbx-web,pbx-web-5ff68464d-qx45p,2026-08-10T11:14:01.927000Z,1786360441.927,0.002405075603035263,cores,0.002405075603035263,0.24050756030352627,,
pbx-web,cpu_usage,pbx-web,pbx-web-6d86477cdb-5wvwn,2026-08-08T20:14:01.927000Z,1786220041.927,0.003159370835086166,cores,0.003159370835086166,0.3159370835086166,,
pbx-web,memory_working_set,pbx-web,lab-rebuild-relay-79957dbd4-xsqhl,2026-07-30T18:14:01.927000Z,1785435241.927,18894848.0,bytes,,,18894848.0,18.01953125
pbx-web,memory_working_set,pbx-web,lab-rebuild-relay-79957dbd4-xsqhl,2026-07-30T19:14:01.927000Z,1785438841.927,18898944.0,bytes,,,18898944.0,18.0234375
pbx-web,memory_working_set,pbx-web,lab-rebuild-relay-79957dbd4-xsqhl,2026-07-30T20:14:01.927000Z,1785442441.927,18894848.0,bytes,,,18894848.0,18.01953125
pbx-web,memory_working_set,pbx-web,lab-rebuild-relay-79957dbd4-xsqhl,2026-07-30T21:14:01.927000Z,1785446041.927,19161088.0,bytes,,,19161088.0,18.2734375
pbx-web,memory_working_set,pbx-web,lab-rebuild-relay-79957dbd4-xsqhl,2026-07-30T22:14:01.927000Z,1785449641.927,18907136.0,bytes,,,18907136.0,18.03125
pbx-web,memory_working_set,pbx-web,lab-rebuild-relay-79957dbd4-xsqhl,2026-07-30T23:14:01.927000Z,1785453241.927,18907136.0,bytes,,,18907136.0,18.03125
pbx-web,memory_working_set,pbx-web,lab-rebuild-relay-79957dbd4-xsqhl,2026-07-31T00:14:01.927000Z,1785456841.927,18911232.0,bytes,,,18911232.0,18.03515625
pbx-web,memory_working_set,pbx-web,lab-rebuild-relay-79957dbd4-xsqhl,2026-07-31T01:14:01.927000Z,1785460441.927,18911232.0,bytes,,,18911232.0,18.03515625
pbx-web,memory_working_set,pbx-web,lab-rebuild-relay-79957dbd4-xsqhl,2026-07-31T02:14:01.927000Z,1785464041.927,18911232.0,bytes,,,18911232.0,18.03515625
pbx-web,memory_working_set,pbx-web,lab-rebuild-relay-79957dbd4-xsqhl,2026-07-31T03:14:01.927000Z,1785467641.927,18911232.0,bytes,,,18911232.0,18.03515625
pbx-web,memory_working_set,pbx-web,lab-rebuild-relay-79957dbd4-xsqhl,2026-07-31T04:14:01.927000Z,1785471241.927,18907136.0,bytes,,,18907136.0,18.03125
pbx-web,memory_working_set,pbx-web,lab-rebuild-relay-79957dbd4-xsqhl,2026-07-31T05:14:01.927000Z,1785474841.927,18911232.0,bytes,,,18911232.0,18.03515625
pbx-web,memory_working_set,pbx-web,lab-rebuild-relay-79957dbd4-xsqhl,2026-07-31T06:14:01.927000Z,1785478441.927,18911232.0,bytes,,,18911232.0,18.03515625
pbx-web,memory_working_set,pbx-web,lab-rebuild-relay-79957dbd4-xsqhl,2026-07-31T07:14:01.927000Z,1785482041.927,18911232.0,bytes,,,18911232.0,18.03515625
pbx-web,memory_working_set,pbx-web,lab-rebuild-relay-79957dbd4-xsqhl,2026-07-31T08:14:01.927000Z,1785485641.927,18907136.0,bytes,,,18907136.0,18.03125
pbx-web,memory_working_set,pbx-web,lab-rebuild-relay-79957dbd4-xsqhl,2026-07-31T09:14:01.927000Z,1785489241.927,18907136.0,bytes,,,18907136.0,18.03125
pbx-web,memory_working_set,pbx-web,lab-rebuild-relay-79957dbd4-xsqhl,2026-07-31T10:14:01.927000Z,1785492841.927,18911232.0,bytes,,,18911232.0,18.03515625
pbx-web,memory_working_set,pbx-web,lab-rebuild-relay-79957dbd4-xsqhl,2026-07-31T11:14:01.927000Z,1785496441.927,18911232.0,bytes,,,18911232.0,18.03515625
pbx-web,memory_working_set,pbx-web,lab-rebuild-relay-79957dbd4-xsqhl,2026-07-31T12:14:01.927000Z,1785500041.927,18911232.0,bytes,,,18911232.0,18.03515625
pbx-web,memory_working_set,pbx-web,lab-rebuild-relay-79957dbd4-xsqhl,2026-07-31T13:14:01.927000Z,1785503641.927,18911232.0,bytes,,,18911232.0,18.03515625
pbx-web,memory_working_set,pbx-web,lab-rebuild-relay-79957dbd4-xsqhl,2026-07-31T14:14:01.927000Z,1785507241.927,18911232.0,bytes,,,18911232.0,18.03515625
pbx-web,memory_working_set,pbx-web,lab-rebuild-relay-79957dbd4-xsqhl,2026-07-31T15:14:01.927000Z,1785510841.927,18911232.0,bytes,,,18911232.0,18.03515625
pbx-web,memory_working_set,pbx-web,lab-rebuild-relay-79957dbd4-xsqhl,2026-07-31T16:14:01.927000Z,1785514441.927,18911232.0,bytes,,,18911232.0,18.03515625
pbx-web,memory_working_set,pbx-web,lab-rebuild-relay-79957dbd4-xsqhl,2026-07-31T17:14:01.927000Z,1785518041.927,18911232.0,bytes,,,18911232.0,18.03515625
pbx-web,memory_working_set,pbx-web,lab-rebuild-relay-79957dbd4-xsqhl,2026-07-31T18:14:01.927000Z,1785521641.927,18911232.0,bytes,,,18911232.0,18.03515625
pbx-web,memory_working_set,pbx-web,lab-rebuild-relay-79957dbd4-xsqhl,2026-07-31T19:14:01.927000Z,1785525241.927,18911232.0,bytes,,,18911232.0,18.03515625
pbx-web,memory_working_set,pbx-web,lab-rebuild-relay-79957dbd4-xsqhl,2026-07-31T20:14:01.927000Z,1785528841.927,18911232.0,bytes,,,18911232.0,18.03515625
pbx-web,memory_working_set,pbx-web,lab-rebuild-relay-79957dbd4-xsqhl,2026-07-31T21:14:01.927000Z,1785532441.927,18907136.0,bytes,,,18907136.0,18.03125
pbx-web,memory_working_set,pbx-web,lab-rebuild-relay-79957dbd4-xsqhl,2026-07-31T22:14:01.927000Z,1785536041.927,18911232.0,bytes,,,18911232.0,18.03515625
pbx-web,memory_working_set,pbx-web,lab-rebuild-relay-79957dbd4-xsqhl,2026-07-31T23:14:01.927000Z,1785539641.927,18911232.0,bytes,,,18911232.0,18.03515625
pbx-web,memory_working_set,pbx-web,lab-rebuild-relay-79957dbd4-xsqhl,2026-08-01T00:14:01.927000Z,1785543241.927,18907136.0,bytes,,,18907136.0,18.03125
pbx-web,memory_working_set,pbx-web,lab-rebuild-relay-79957dbd4-xsqhl,2026-08-01T01:14:01.927000Z,1785546841.927,18907136.0,bytes,,,18907136.0,18.03125
pbx-web,memory_working_set,pbx-web,lab-rebuild-relay-79957dbd4-xsqhl,2026-08-01T02:14:01.927000Z,1785550441.927,18907136.0,bytes,,,18907136.0,18.03125
pbx-web,memory_working_set,pbx-web,lab-rebuild-relay-79957dbd4-xsqhl,2026-08-01T03:14:01.927000Z,1785554041.927,18907136.0,bytes,,,18907136.0,18.03125
pbx-web,memory_working_set,pbx-web,lab-rebuild-relay-79957dbd4-xsqhl,2026-08-01T04:14:01.927000Z,1785557641.927,18911232.0,bytes,,,18911232.0,18.03515625
pbx-web,memory_working_set,pbx-web,lab-rebuild-relay-79957dbd4-xsqhl,2026-08-01T05:14:01.927000Z,1785561241.927,18911232.0,bytes,,,18911232.0,18.03515625
pbx-web,memory_working_set,pbx-web,lab-rebuild-relay-79957dbd4-xsqhl,2026-08-01T06:14:01.927000Z,1785564841.927,18907136.0,bytes,,,18907136.0,18.03125
pbx-web,memory_working_set,pbx-web,lab-rebuild-relay-79957dbd4-xsqhl,2026-08-01T07:14:01.927000Z,1785568441.927,18907136.0,bytes,,,18907136.0,18.03125
pbx-web,memory_working_set,pbx-web,lab-rebuild-relay-79957dbd4-xsqhl,2026-08-01T08:14:01.927000Z,1785572041.927,18907136.0,bytes,,,18907136.0,18.03125
pbx-web,memory_working_set,pbx-web,lab-rebuild-relay-79957dbd4-xsqhl,2026-08-01T09:14:01.927000Z,1785575641.927,18907136.0,bytes,,,18907136.0,18.03125
pbx-web,memory_working_set,pbx-web,lab-rebuild-relay-79957dbd4-xsqhl,2026-08-01T10:14:01.927000Z,1785579241.927,18911232.0,bytes,,,18911232.0,18.03515625
pbx-web,memory_working_set,pbx-web,lab-rebuild-relay-79957dbd4-xsqhl,2026-08-01T11:14:01.927000Z,1785582841.927,18911232.0,bytes,,,18911232.0,18.03515625
pbx-web,memory_working_set,pbx-web,lab-rebuild-relay-79957dbd4-xsqhl,2026-08-01T12:14:01.927000Z,1785586441.927,18907136.0,bytes,,,18907136.0,18.03125
pbx-web,memory_working_set,pbx-web,lab-rebuild-relay-79957dbd4-xsqhl,2026-08-01T13:14:01.927000Z,1785590041.927,18911232.0,bytes,,,18911232.0,18.03515625
pbx-web,memory_working_set,pbx-web,lab-rebuild-relay-79957dbd4-xsqhl,2026-08-01T14:14:01.927000Z,1785593641.927,18911232.0,bytes,,,18911232.0,18.03515625
pbx-web,memory_working_set,pbx-web,lab-rebuild-relay-79957dbd4-xsqhl,2026-08-01T15:14:01.927000Z,1785597241.927,18911232.0,bytes,,,18911232.0,18.03515625
pbx-web,memory_working_set,pbx-web,lab-rebuild-relay-79957dbd4-xsqhl,2026-08-01T16:14:01.927000Z,1785600841.927,18907136.0,bytes,,,18907136.0,18.03125
pbx-web,memory_working_set,pbx-web,lab-rebuild-relay-79957dbd4-xsqhl,2026-08-01T17:14:01.927000Z,1785604441.927,18911232.0,bytes,,,18911232.0,18.03515625
pbx-web,memory_working_set,pbx-web,lab-rebuild-relay-79957dbd4-xsqhl,2026-08-01T18:14:01.927000Z,1785608041.927,18911232.0,bytes,,,18911232.0,18.03515625
pbx-web,memory_working_set,pbx-web,lab-rebuild-relay-79957dbd4-xsqhl,2026-08-01T19:14:01.927000Z,1785611641.927,18907136.0,bytes,,,18907136.0,18.03125
pbx-web,memory_working_set,pbx-web,lab-rebuild-relay-79957dbd4-xsqhl,2026-08-01T20:14:01.927000Z,1785615241.927,18907136.0,bytes,,,18907136.0,18.03125
pbx-web,memory_working_set,pbx-web,lab-rebuild-relay-79957dbd4-xsqhl,2026-08-01T21:14:01.927000Z,1785618841.927,18911232.0,bytes,,,18911232.0,18.03515625
pbx-web,memory_working_set,pbx-web,lab-rebuild-relay-79957dbd4-xsqhl,2026-08-01T22:14:01.927000Z,1785622441.927,18907136.0,bytes,,,18907136.0,18.03125
pbx-web,memory_working_set,pbx-web,lab-rebuild-relay-79957dbd4-xsqhl,2026-08-01T23:14:01.927000Z,1785626041.927,18911232.0,bytes,,,18911232.0,18.03515625
pbx-web,memory_working_set,pbx-web,lab-rebuild-relay-79957dbd4-xsqhl,2026-08-02T00:14:01.927000Z,1785629641.927,18907136.0,bytes,,,18907136.0,18.03125
pbx-web,memory_working_set,pbx-web,lab-rebuild-relay-79957dbd4-xsqhl,2026-08-02T01:14:01.927000Z,1785633241.927,18911232.0,bytes,,,18911232.0,18.03515625
pbx-web,memory_working_set,pbx-web,lab-rebuild-relay-79957dbd4-xsqhl,2026-08-02T02:14:01.927000Z,1785636841.927,18911232.0,bytes,,,18911232.0,18.03515625
pbx-web,memory_working_set,pbx-web,lab-rebuild-relay-79957dbd4-xsqhl,2026-08-02T03:14:01.927000Z,1785640441.927,18907136.0,bytes,,,18907136.0,18.03125
pbx-web,memory_working_set,pbx-web,lab-rebuild-relay-79957dbd4-xsqhl,2026-08-02T04:14:01.927000Z,1785644041.927,18907136.0,bytes,,,18907136.0,18.03125
pbx-web,memory_working_set,pbx-web,lab-rebuild-relay-79957dbd4-xsqhl,2026-08-02T05:14:01.927000Z,1785647641.927,18907136.0,bytes,,,18907136.0,18.03125
pbx-web,memory_working_set,pbx-web,lab-rebuild-relay-79957dbd4-xsqhl,2026-08-02T06:14:01.927000Z,1785651241.927,18907136.0,bytes,,,18907136.0,18.03125
pbx-web,memory_working_set,pbx-web,lab-rebuild-relay-79957dbd4-xsqhl,2026-08-02T07:14:01.927000Z,1785654841.927,18911232.0,bytes,,,18911232.0,18.03515625
pbx-web,memory_working_set,pbx-web,lab-rebuild-relay-79957dbd4-xsqhl,2026-08-02T08:14:01.927000Z,1785658441.927,18911232.0,bytes,,,18911232.0,18.03515625
pbx-web,memory_working_set,pbx-web,lab-rebuild-relay-79957dbd4-xsqhl,2026-08-02T09:14:01.927000Z,1785662041.927,18911232.0,bytes,,,18911232.0,18.03515625
pbx-web,memory_working_set,pbx-web,lab-rebuild-relay-79957dbd4-xsqhl,2026-08-02T10:14:01.927000Z,1785665641.927,18911232.0,bytes,,,18911232.0,18.03515625
pbx-web,memory_working_set,pbx-web,lab-rebuild-relay-79957dbd4-xsqhl,2026-08-02T11:14:01.927000Z,1785669241.927,18907136.0,bytes,,,18907136.0,18.03125
pbx-web,memory_working_set,pbx-web,lab-rebuild-relay-79957dbd4-xsqhl,2026-08-02T12:14:01.927000Z,1785672841.927,18911232.0,bytes,,,18911232.0,18.03515625
pbx-web,memory_working_set,pbx-web,lab-rebuild-relay-79957dbd4-xsqhl,2026-08-02T13:14:01.927000Z,1785676441.927,18907136.0,bytes,,,18907136.0,18.03125
pbx-web,memory_working_set,pbx-web,lab-rebuild-relay-79957dbd4-xsqhl,2026-08-02T14:14:01.927000Z,1785680041.927,18911232.0,bytes,,,18911232.0,18.03515625
pbx-web,memory_working_set,pbx-web,lab-rebuild-relay-79957dbd4-xsqhl,2026-08-02T15:14:01.927000Z,1785683641.927,18907136.0,bytes,,,18907136.0,18.03125
pbx-web,memory_working_set,pbx-web,lab-rebuild-relay-79957dbd4-xsqhl,2026-08-02T16:14:01.927000Z,1785687241.927,18956288.0,bytes,,,18956288.0,18.078125
pbx-web,memory_working_set,pbx-web,lab-rebuild-relay-79957dbd4-xsqhl,2026-08-02T17:14:01.927000Z,1785690841.927,18952192.0,bytes,,,18952192.0,18.07421875
pbx-web,memory_working_set,pbx-web,lab-rebuild-relay-79957dbd4-xsqhl,2026-08-02T18:14:01.927000Z,1785694441.927,18956288.0,bytes,,,18956288.0,18.078125
pbx-web,memory_working_set,pbx-web,lab-rebuild-relay-79957dbd4-xsqhl,2026-08-02T19:14:01.927000Z,1785698041.927,18956288.0,bytes,,,18956288.0,18.078125
pbx-web,memory_working_set,pbx-web,lab-rebuild-relay-79957dbd4-xsqhl,2026-08-02T20:14:01.927000Z,1785701641.927,18952192.0,bytes,,,18952192.0,18.07421875
pbx-web,memory_working_set,pbx-web,lab-rebuild-relay-79957dbd4-xsqhl,2026-08-02T21:14:01.927000Z,1785705241.927,18956288.0,bytes,,,18956288.0,18.078125
pbx-web,memory_working_set,pbx-web,lab-rebuild-relay-79957dbd4-xsqhl,2026-08-02T22:14:01.927000Z,1785708841.927,18952192.0,bytes,,,18952192.0,18.07421875
pbx-web,memory_working_set,pbx-web,lab-rebuild-relay-79957dbd4-xsqhl,2026-08-02T23:14:01.927000Z,1785712441.927,18956288.0,bytes,,,18956288.0,18.078125
pbx-web,memory_working_set,pbx-web,lab-rebuild-relay-79957dbd4-xsqhl,2026-08-03T00:14:01.927000Z,1785716041.927,18956288.0,bytes,,,18956288.0,18.078125
pbx-web,memory_working_set,pbx-web,lab-rebuild-relay-79957dbd4-xsqhl,2026-08-03T01:14:01.927000Z,1785719641.927,18956288.0,bytes,,,18956288.0,18.078125
pbx-web,memory_working_set,pbx-web,lab-rebuild-relay-79957dbd4-xsqhl,2026-08-03T02:14:01.927000Z,1785723241.927,18952192.0,bytes,,,18952192.0,18.07421875
pbx-web,memory_working_set,pbx-web,lab-rebuild-relay-79957dbd4-xsqhl,2026-08-03T03:14:01.927000Z,1785726841.927,18956288.0,bytes,,,18956288.0,18.078125
pbx-web,memory_working_set,pbx-web,lab-rebuild-relay-79957dbd4-xsqhl,2026-08-03T04:14:01.927000Z,1785730441.927,18952192.0,bytes,,,18952192.0,18.07421875
pbx-web,memory_working_set,pbx-web,lab-rebuild-relay-79957dbd4-xsqhl,2026-08-03T05:14:01.927000Z,1785734041.927,18956288.0,bytes,,,18956288.0,18.078125
pbx-web,memory_working_set,pbx-web,lab-rebuild-relay-79957dbd4-xsqhl,2026-08-03T06:14:01.927000Z,1785737641.927,18952192.0,bytes,,,18952192.0,18.07421875
pbx-web,memory_working_set,pbx-web,lab-rebuild-relay-79957dbd4-xsqhl,2026-08-03T07:14:01.927000Z,1785741241.927,18952192.0,bytes,,,18952192.0,18.07421875
pbx-web,memory_working_set,pbx-web,lab-rebuild-relay-79957dbd4-xsqhl,2026-08-03T08:14:01.927000Z,1785744841.927,18956288.0,bytes,,,18956288.0,18.078125
pbx-web,memory_working_set,pbx-web,lab-rebuild-relay-79957dbd4-xsqhl,2026-08-03T09:14:01.927000Z,1785748441.927,18956288.0,bytes,,,18956288.0,18.078125
pbx-web,memory_working_set,pbx-web,lab-rebuild-relay-79957dbd4-xsqhl,2026-08-03T10:14:01.927000Z,1785752041.927,18952192.0,bytes,,,18952192.0,18.07421875
pbx-web,memory_working_set,pbx-web,lab-rebuild-relay-79957dbd4-xsqhl,2026-08-03T11:14:01.927000Z,1785755641.927,18956288.0,bytes,,,18956288.0,18.078125
pbx-web,memory_working_set,pbx-web,lab-rebuild-relay-79957dbd4-xsqhl,2026-08-03T12:14:01.927000Z,1785759241.927,18952192.0,bytes,,,18952192.0,18.07421875
pbx-web,memory_working_set,pbx-web,lab-rebuild-relay-79957dbd4-xsqhl,2026-08-03T13:14:01.927000Z,1785762841.927,18952192.0,bytes,,,18952192.0,18.07421875
pbx-web,memory_working_set,pbx-web,lab-rebuild-relay-79957dbd4-xsqhl,2026-08-03T14:14:01.927000Z,1785766441.927,18952192.0,bytes,,,18952192.0,18.07421875
pbx-web,memory_working_set,pbx-web,lab-rebuild-relay-79957dbd4-xsqhl,2026-08-03T15:14:01.927000Z,1785770041.927,18956288.0,bytes,,,18956288.0,18.078125
pbx-web,memory_working_set,pbx-web,lab-rebuild-relay-79957dbd4-xsqhl,2026-08-03T16:14:01.927000Z,1785773641.927,18956288.0,bytes,,,18956288.0,18.078125
pbx-web,memory_working_set,pbx-web,lab-rebuild-relay-79957dbd4-xsqhl,2026-08-03T17:14:01.927000Z,1785777241.927,18952192.0,bytes,,,18952192.0,18.07421875
pbx-web,memory_working_set,pbx-web,lab-rebuild-relay-79957dbd4-xsqhl,2026-08-03T18:14:01.927000Z,1785780841.927,18956288.0,bytes,,,18956288.0,18.078125
pbx-web,memory_working_set,pbx-web,lab-rebuild-relay-79957dbd4-xsqhl,2026-08-03T19:14:01.927000Z,1785784441.927,18956288.0,bytes,,,18956288.0,18.078125
pbx-web,memory_working_set,pbx-web,lab-rebuild-relay-79957dbd4-xsqhl,2026-08-03T20:14:01.927000Z,1785788041.927,18956288.0,bytes,,,18956288.0,18.078125
pbx-web,memory_working_set,pbx-web,lab-rebuild-relay-79957dbd4-xsqhl,2026-08-03T21:14:01.927000Z,1785791641.927,18952192.0,bytes,,,18952192.0,18.07421875
pbx-web,memory_working_set,pbx-web,lab-rebuild-relay-79957dbd4-xsqhl,2026-08-03T22:14:01.927000Z,1785795241.927,18952192.0,bytes,,,18952192.0,18.07421875
pbx-web,memory_working_set,pbx-web,lab-rebuild-relay-79957dbd4-xsqhl,2026-08-03T23:14:01.927000Z,1785798841.927,18956288.0,bytes,,,18956288.0,18.078125
pbx-web,memory_working_set,pbx-web,lab-rebuild-relay-79957dbd4-xsqhl,2026-08-04T00:14:01.927000Z,1785802441.927,18952192.0,bytes,,,18952192.0,18.07421875
pbx-web,memory_working_set,pbx-web,lab-rebuild-relay-79957dbd4-xsqhl,2026-08-04T01:14:01.927000Z,1785806041.927,18952192.0,bytes,,,18952192.0,18.07421875
pbx-web,memory_working_set,pbx-web,lab-rebuild-relay-79957dbd4-xsqhl,2026-08-04T02:14:01.927000Z,1785809641.927,18952192.0,bytes,,,18952192.0,18.07421875
pbx-web,memory_working_set,pbx-web,lab-rebuild-relay-79957dbd4-xsqhl,2026-08-04T03:14:01.927000Z,1785813241.927,18956288.0,bytes,,,18956288.0,18.078125
pbx-web,memory_working_set,pbx-web,lab-rebuild-relay-79957dbd4-xsqhl,2026-08-04T04:14:01.927000Z,1785816841.927,18956288.0,bytes,,,18956288.0,18.078125
pbx-web,memory_working_set,pbx-web,lab-rebuild-relay-79957dbd4-xsqhl,2026-08-04T05:14:01.927000Z,1785820441.927,18952192.0,bytes,,,18952192.0,18.07421875
pbx-web,memory_working_set,pbx-web,lab-rebuild-relay-79957dbd4-xsqhl,2026-08-04T06:14:01.927000Z,1785824041.927,18952192.0,bytes,,,18952192.0,18.07421875
pbx-web,memory_working_set,pbx-web,lab-rebuild-relay-79957dbd4-xsqhl,2026-08-04T07:14:01.927000Z,1785827641.927,18952192.0,bytes,,,18952192.0,18.07421875
pbx-web,memory_working_set,pbx-web,lab-rebuild-relay-79957dbd4-xsqhl,2026-08-04T08:14:01.927000Z,1785831241.927,18956288.0,bytes,,,18956288.0,18.078125
pbx-web,memory_working_set,pbx-web,lab-rebuild-relay-79957dbd4-xsqhl,2026-08-04T09:14:01.927000Z,1785834841.927,18956288.0,bytes,,,18956288.0,18.078125
pbx-web,memory_working_set,pbx-web,lab-rebuild-relay-79957dbd4-xsqhl,2026-08-04T10:14:01.927000Z,1785838441.927,18952192.0,bytes,,,18952192.0,18.07421875
pbx-web,memory_working_set,pbx-web,lab-rebuild-relay-79957dbd4-xsqhl,2026-08-04T11:14:01.927000Z,1785842041.927,18952192.0,bytes,,,18952192.0,18.07421875
pbx-web,memory_working_set,pbx-web,lab-rebuild-relay-79957dbd4-xsqhl,2026-08-04T12:14:01.927000Z,1785845641.927,18952192.0,bytes,,,18952192.0,18.07421875
pbx-web,memory_working_set,pbx-web,lab-rebuild-relay-79957dbd4-xsqhl,2026-08-04T13:14:01.927000Z,1785849241.927,18952192.0,bytes,,,18952192.0,18.07421875
pbx-web,memory_working_set,pbx-web,lab-rebuild-relay-79957dbd4-xsqhl,2026-08-04T14:14:01.927000Z,1785852841.927,18956288.0,bytes,,,18956288.0,18.078125
pbx-web,memory_working_set,pbx-web,lab-rebuild-relay-79957dbd4-xsqhl,2026-08-04T15:14:01.927000Z,1785856441.927,18956288.0,bytes,,,18956288.0,18.078125
pbx-web,memory_working_set,pbx-web,lab-rebuild-relay-79957dbd4-xsqhl,2026-08-04T16:14:01.927000Z,1785860041.927,18952192.0,bytes,,,18952192.0,18.07421875
pbx-web,memory_working_set,pbx-web,lab-rebuild-relay-79957dbd4-xsqhl,2026-08-04T17:14:01.927000Z,1785863641.927,18956288.0,bytes,,,18956288.0,18.078125
pbx-web,memory_working_set,pbx-web,lab-rebuild-relay-79957dbd4-xsqhl,2026-08-04T18:14:01.927000Z,1785867241.927,18956288.0,bytes,,,18956288.0,18.078125
pbx-web,memory_working_set,pbx-web,lab-rebuild-relay-79957dbd4-xsqhl,2026-08-04T19:14:01.927000Z,1785870841.927,18956288.0,bytes,,,18956288.0,18.078125
pbx-web,memory_working_set,pbx-web,lab-rebuild-relay-79957dbd4-xsqhl,2026-08-04T20:14:01.927000Z,1785874441.927,18952192.0,bytes,,,18952192.0,18.07421875
pbx-web,memory_working_set,pbx-web,lab-rebuild-relay-79957dbd4-xsqhl,2026-08-04T21:14:01.927000Z,1785878041.927,18956288.0,bytes,,,18956288.0,18.078125
pbx-web,memory_working_set,pbx-web,lab-rebuild-relay-79957dbd4-xsqhl,2026-08-04T22:14:01.927000Z,1785881641.927,18956288.0,bytes,,,18956288.0,18.078125
pbx-web,memory_working_set,pbx-web,lab-rebuild-relay-79957dbd4-xsqhl,2026-08-04T23:14:01.927000Z,1785885241.927,18952192.0,bytes,,,18952192.0,18.07421875
pbx-web,memory_working_set,pbx-web,lab-rebuild-relay-79957dbd4-xsqhl,2026-08-05T00:14:01.927000Z,1785888841.927,18952192.0,bytes,,,18952192.0,18.07421875
pbx-web,memory_working_set,pbx-web,lab-rebuild-relay-79957dbd4-xsqhl,2026-08-05T01:14:01.927000Z,1785892441.927,18956288.0,bytes,,,18956288.0,18.078125
pbx-web,memory_working_set,pbx-web,lab-rebuild-relay-79957dbd4-xsqhl,2026-08-05T02:14:01.927000Z,1785896041.927,18956288.0,bytes,,,18956288.0,18.078125
pbx-web,memory_working_set,pbx-web,lab-rebuild-relay-79957dbd4-xsqhl,2026-08-05T03:14:01.927000Z,1785899641.927,18956288.0,bytes,,,18956288.0,18.078125
pbx-web,memory_working_set,pbx-web,lab-rebuild-relay-79957dbd4-xsqhl,2026-08-05T04:14:01.927000Z,1785903241.927,18956288.0,bytes,,,18956288.0,18.078125
pbx-web,memory_working_set,pbx-web,lab-rebuild-relay-79957dbd4-xsqhl,2026-08-05T05:14:01.927000Z,1785906841.927,18952192.0,bytes,,,18952192.0,18.07421875
pbx-web,memory_working_set,pbx-web,lab-rebuild-relay-79957dbd4-xsqhl,2026-08-05T06:14:01.927000Z,1785910441.927,18952192.0,bytes,,,18952192.0,18.07421875
pbx-web,memory_working_set,pbx-web,lab-rebuild-relay-79957dbd4-xsqhl,2026-08-05T07:14:01.927000Z,1785914041.927,18952192.0,bytes,,,18952192.0,18.07421875
pbx-web,memory_working_set,pbx-web,lab-rebuild-relay-79957dbd4-xsqhl,2026-08-05T08:14:01.927000Z,1785917641.927,18956288.0,bytes,,,18956288.0,18.078125
pbx-web,memory_working_set,pbx-web,lab-rebuild-relay-79957dbd4-xsqhl,2026-08-05T09:14:01.927000Z,1785921241.927,18952192.0,bytes,,,18952192.0,18.07421875
pbx-web,memory_working_set,pbx-web,lab-rebuild-relay-79957dbd4-xsqhl,2026-08-05T10:14:01.927000Z,1785924841.927,18956288.0,bytes,,,18956288.0,18.078125
pbx-web,memory_working_set,pbx-web,lab-rebuild-relay-79957dbd4-xsqhl,2026-08-05T11:14:01.927000Z,1785928441.927,18952192.0,bytes,,,18952192.0,18.07421875
pbx-web,memory_working_set,pbx-web,lab-rebuild-relay-79957dbd4-xsqhl,2026-08-05T12:14:01.927000Z,1785932041.927,18952192.0,bytes,,,18952192.0,18.07421875
pbx-web,memory_working_set,pbx-web,lab-rebuild-relay-79957dbd4-xsqhl,2026-08-05T13:14:01.927000Z,1785935641.927,18968576.0,bytes,,,18968576.0,18.08984375
pbx-web,memory_working_set,pbx-web,lab-rebuild-relay-79957dbd4-xsqhl,2026-08-05T14:14:01.927000Z,1785939241.927,18968576.0,bytes,,,18968576.0,18.08984375
pbx-web,memory_working_set,pbx-web,lab-rebuild-relay-79957dbd4-xsqhl,2026-08-05T15:14:01.927000Z,1785942841.927,18968576.0,bytes,,,18968576.0,18.08984375
pbx-web,memory_working_set,pbx-web,lab-rebuild-relay-79957dbd4-xsqhl,2026-08-05T16:14:01.927000Z,1785946441.927,18968576.0,bytes,,,18968576.0,18.08984375
pbx-web,memory_working_set,pbx-web,lab-rebuild-relay-79957dbd4-xsqhl,2026-08-05T17:14:01.927000Z,1785950041.927,18964480.0,bytes,,,18964480.0,18.0859375
pbx-web,memory_working_set,pbx-web,lab-rebuild-relay-79957dbd4-xsqhl,2026-08-05T18:14:01.927000Z,1785953641.927,18968576.0,bytes,,,18968576.0,18.08984375
pbx-web,memory_working_set,pbx-web,lab-rebuild-relay-79957dbd4-xsqhl,2026-08-05T19:14:01.927000Z,1785957241.927,18964480.0,bytes,,,18964480.0,18.0859375
pbx-web,memory_working_set,pbx-web,lab-rebuild-relay-79957dbd4-xsqhl,2026-08-05T20:14:01.927000Z,1785960841.927,18964480.0,bytes,,,18964480.0,18.0859375
pbx-web,memory_working_set,pbx-web,lab-rebuild-relay-79957dbd4-xsqhl,2026-08-05T21:14:01.927000Z,1785964441.927,18964480.0,bytes,,,18964480.0,18.0859375
pbx-web,memory_working_set,pbx-web,lab-rebuild-relay-79957dbd4-xsqhl,2026-08-05T22:14:01.927000Z,1785968041.927,18968576.0,bytes,,,18968576.0,18.08984375
pbx-web,memory_working_set,pbx-web,lab-rebuild-relay-79957dbd4-xsqhl,2026-08-05T23:14:01.927000Z,1785971641.927,18964480.0,bytes,,,18964480.0,18.0859375
pbx-web,memory_working_set,pbx-web,lab-rebuild-relay-79957dbd4-xsqhl,2026-08-06T00:14:01.927000Z,1785975241.927,18976768.0,bytes,,,18976768.0,18.09765625
pbx-web,memory_working_set,pbx-web,lab-rebuild-relay-79957dbd4-xsqhl,2026-08-06T01:14:01.927000Z,1785978841.927,18976768.0,bytes,,,18976768.0,18.09765625
pbx-web,memory_working_set,pbx-web,lab-rebuild-relay-79957dbd4-xsqhl,2026-08-06T02:14:01.927000Z,1785982441.927,18976768.0,bytes,,,18976768.0,18.09765625
pbx-web,memory_working_set,pbx-web,lab-rebuild-relay-79957dbd4-xsqhl,2026-08-06T03:14:01.927000Z,1785986041.927,18980864.0,bytes,,,18980864.0,18.1015625
pbx-web,memory_working_set,pbx-web,lab-rebuild-relay-79957dbd4-xsqhl,2026-08-06T04:14:01.927000Z,1785989641.927,18976768.0,bytes,,,18976768.0,18.09765625
pbx-web,memory_working_set,pbx-web,lab-rebuild-relay-79957dbd4-xsqhl,2026-08-06T05:14:01.927000Z,1785993241.927,18980864.0,bytes,,,18980864.0,18.1015625
pbx-web,memory_working_set,pbx-web,lab-rebuild-relay-79957dbd4-xsqhl,2026-08-06T06:14:01.927000Z,1785996841.927,18976768.0,bytes,,,18976768.0,18.09765625
pbx-web,memory_working_set,pbx-web,lab-rebuild-relay-79957dbd4-xsqhl,2026-08-06T07:14:01.927000Z,1786000441.927,18976768.0,bytes,,,18976768.0,18.09765625
pbx-web,memory_working_set,pbx-web,lab-rebuild-relay-79957dbd4-xsqhl,2026-08-06T08:14:01.927000Z,1786004041.927,18980864.0,bytes,,,18980864.0,18.1015625
pbx-web,memory_working_set,pbx-web,lab-rebuild-relay-79957dbd4-xsqhl,2026-08-06T09:14:01.927000Z,1786007641.927,18980864.0,bytes,,,18980864.0,18.1015625
pbx-web,memory_working_set,pbx-web,lab-rebuild-relay-79957dbd4-xsqhl,2026-08-06T10:14:01.927000Z,1786011241.927,18980864.0,bytes,,,18980864.0,18.1015625
pbx-web,memory_working_set,pbx-web,lab-rebuild-relay-79957dbd4-xsqhl,2026-08-06T11:14:01.927000Z,1786014841.927,18980864.0,bytes,,,18980864.0,18.1015625
pbx-web,memory_working_set,pbx-web,lab-rebuild-relay-79957dbd4-xsqhl,2026-08-06T12:14:01.927000Z,1786018441.927,18997248.0,bytes,,,18997248.0,18.1171875
pbx-web,memory_working_set,pbx-web,lab-rebuild-relay-79957dbd4-xsqhl,2026-08-06T13:14:01.927000Z,1786022041.927,18980864.0,bytes,,,18980864.0,18.1015625
pbx-web,memory_working_set,pbx-web,lab-rebuild-relay-79957dbd4-xsqhl,2026-08-06T14:14:01.927000Z,1786025641.927,18980864.0,bytes,,,18980864.0,18.1015625
pbx-web,memory_working_set,pbx-web,lab-rebuild-relay-79957dbd4-xsqhl,2026-08-06T15:14:01.927000Z,1786029241.927,18980864.0,bytes,,,18980864.0,18.1015625
pbx-web,memory_working_set,pbx-web,lab-rebuild-relay-79957dbd4-xsqhl,2026-08-06T16:14:01.927000Z,1786032841.927,18980864.0,bytes,,,18980864.0,18.1015625
pbx-web,memory_working_set,pbx-web,lab-rebuild-relay-79957dbd4-xsqhl,2026-08-06T17:14:01.927000Z,1786036441.927,18984960.0,bytes,,,18984960.0,18.10546875
pbx-web,memory_working_set,pbx-web,lab-rebuild-relay-79957dbd4-xsqhl,2026-08-06T18:14:01.927000Z,1786040041.927,18980864.0,bytes,,,18980864.0,18.1015625
pbx-web,memory_working_set,pbx-web,lab-rebuild-relay-79957dbd4-xsqhl,2026-08-06T19:14:01.927000Z,1786043641.927,18984960.0,bytes,,,18984960.0,18.10546875
pbx-web,memory_working_set,pbx-web,lab-rebuild-relay-79957dbd4-xsqhl,2026-08-06T20:14:01.927000Z,1786047241.927,18984960.0,bytes,,,18984960.0,18.10546875
pbx-web,memory_working_set,pbx-web,lab-rebuild-relay-79957dbd4-xsqhl,2026-08-06T21:14:01.927000Z,1786050841.927,18984960.0,bytes,,,18984960.0,18.10546875
pbx-web,memory_working_set,pbx-web,lab-rebuild-relay-79957dbd4-xsqhl,2026-08-06T22:14:01.927000Z,1786054441.927,18984960.0,bytes,,,18984960.0,18.10546875
pbx-web,memory_working_set,pbx-web,lab-rebuild-relay-79957dbd4-xsqhl,2026-08-06T23:14:01.927000Z,1786058041.927,18980864.0,bytes,,,18980864.0,18.1015625
pbx-web,memory_working_set,pbx-web,lab-rebuild-relay-79957dbd4-xsqhl,2026-08-07T00:14:01.927000Z,1786061641.927,18980864.0,bytes,,,18980864.0,18.1015625
pbx-web,memory_working_set,pbx-web,lab-rebuild-relay-79957dbd4-xsqhl,2026-08-07T01:14:01.927000Z,1786065241.927,18984960.0,bytes,,,18984960.0,18.10546875
pbx-web,memory_working_set,pbx-web,lab-rebuild-relay-79957dbd4-xsqhl,2026-08-07T02:14:01.927000Z,1786068841.927,19005440.0,bytes,,,19005440.0,18.125
pbx-web,memory_working_set,pbx-web,lab-rebuild-relay-79957dbd4-xsqhl,2026-08-07T03:14:01.927000Z,1786072441.927,19005440.0,bytes,,,19005440.0,18.125
pbx-web,memory_working_set,pbx-web,lab-rebuild-relay-79957dbd4-xsqhl,2026-08-07T04:14:01.927000Z,1786076041.927,19005440.0,bytes,,,19005440.0,18.125
pbx-web,memory_working_set,pbx-web,lab-rebuild-relay-79957dbd4-xsqhl,2026-08-07T05:14:01.927000Z,1786079641.927,19001344.0,bytes,,,19001344.0,18.12109375
pbx-web,memory_working_set,pbx-web,lab-rebuild-relay-79957dbd4-xsqhl,2026-08-07T06:14:01.927000Z,1786083241.927,19001344.0,bytes,,,19001344.0,18.12109375
pbx-web,memory_working_set,pbx-web,lab-rebuild-relay-79957dbd4-xsqhl,2026-08-07T07:14:01.927000Z,1786086841.927,19005440.0,bytes,,,19005440.0,18.125
pbx-web,memory_working_set,pbx-web,lab-rebuild-relay-79957dbd4-xsqhl,2026-08-07T08:14:01.927000Z,1786090441.927,19005440.0,bytes,,,19005440.0,18.125
pbx-web,memory_working_set,pbx-web,lab-rebuild-relay-79957dbd4-xsqhl,2026-08-07T09:14:01.927000Z,1786094041.927,19005440.0,bytes,,,19005440.0,18.125
pbx-web,memory_working_set,pbx-web,lab-rebuild-relay-79957dbd4-xsqhl,2026-08-07T10:14:01.927000Z,1786097641.927,19005440.0,bytes,,,19005440.0,18.125
pbx-web,memory_working_set,pbx-web,lab-rebuild-relay-79957dbd4-xsqhl,2026-08-07T11:14:01.927000Z,1786101241.927,19005440.0,bytes,,,19005440.0,18.125
pbx-web,memory_working_set,pbx-web,lab-rebuild-relay-79957dbd4-xsqhl,2026-08-07T12:14:01.927000Z,1786104841.927,19005440.0,bytes,,,19005440.0,18.125
pbx-web,memory_working_set,pbx-web,lab-rebuild-relay-79957dbd4-xsqhl,2026-08-07T13:14:01.927000Z,1786108441.927,19005440.0,bytes,,,19005440.0,18.125
pbx-web,memory_working_set,pbx-web,lab-rebuild-relay-79957dbd4-xsqhl,2026-08-07T14:14:01.927000Z,1786112041.927,19005440.0,bytes,,,19005440.0,18.125
pbx-web,memory_working_set,pbx-web,lab-rebuild-relay-79957dbd4-xsqhl,2026-08-07T15:14:01.927000Z,1786115641.927,19005440.0,bytes,,,19005440.0,18.125
pbx-web,memory_working_set,pbx-web,lab-rebuild-relay-79957dbd4-xsqhl,2026-08-07T16:14:01.927000Z,1786119241.927,19001344.0,bytes,,,19001344.0,18.12109375
pbx-web,memory_working_set,pbx-web,lab-rebuild-relay-79957dbd4-xsqhl,2026-08-07T17:14:01.927000Z,1786122841.927,19005440.0,bytes,,,19005440.0,18.125
pbx-web,memory_working_set,pbx-web,lab-rebuild-relay-79957dbd4-xsqhl,2026-08-07T18:14:01.927000Z,1786126441.927,19005440.0,bytes,,,19005440.0,18.125
pbx-web,memory_working_set,pbx-web,lab-rebuild-relay-79957dbd4-xsqhl,2026-08-07T19:14:01.927000Z,1786130041.927,19005440.0,bytes,,,19005440.0,18.125
pbx-web,memory_working_set,pbx-web,lab-rebuild-relay-79957dbd4-xsqhl,2026-08-07T20:14:01.927000Z,1786133641.927,19001344.0,bytes,,,19001344.0,18.12109375
pbx-web,memory_working_set,pbx-web,lab-rebuild-relay-79957dbd4-xsqhl,2026-08-07T21:14:01.927000Z,1786137241.927,19001344.0,bytes,,,19001344.0,18.12109375
pbx-web,memory_working_set,pbx-web,lab-rebuild-relay-79957dbd4-xsqhl,2026-08-07T22:14:01.927000Z,1786140841.927,19005440.0,bytes,,,19005440.0,18.125
pbx-web,memory_working_set,pbx-web,lab-rebuild-relay-79957dbd4-xsqhl,2026-08-07T23:14:01.927000Z,1786144441.927,19005440.0,bytes,,,19005440.0,18.125
pbx-web,memory_working_set,pbx-web,lab-rebuild-relay-79957dbd4-xsqhl,2026-08-08T00:14:01.927000Z,1786148041.927,19001344.0,bytes,,,19001344.0,18.12109375
pbx-web,memory_working_set,pbx-web,lab-rebuild-relay-79957dbd4-xsqhl,2026-08-08T01:14:01.927000Z,1786151641.927,19005440.0,bytes,,,19005440.0,18.125
pbx-web,memory_working_set,pbx-web,lab-rebuild-relay-79957dbd4-xsqhl,2026-08-08T02:14:01.927000Z,1786155241.927,19038208.0,bytes,,,19038208.0,18.15625
pbx-web,memory_working_set,pbx-web,lab-rebuild-relay-79957dbd4-xsqhl,2026-08-08T03:14:01.927000Z,1786158841.927,19038208.0,bytes,,,19038208.0,18.15625
pbx-web,memory_working_set,pbx-web,lab-rebuild-relay-79957dbd4-xsqhl,2026-08-08T04:14:01.927000Z,1786162441.927,19038208.0,bytes,,,19038208.0,18.15625
pbx-web,memory_working_set,pbx-web,lab-rebuild-relay-79957dbd4-xsqhl,2026-08-08T05:14:01.927000Z,1786166041.927,19034112.0,bytes,,,19034112.0,18.15234375
pbx-web,memory_working_set,pbx-web,lab-rebuild-relay-79957dbd4-xsqhl,2026-08-08T06:14:01.927000Z,1786169641.927,19034112.0,bytes,,,19034112.0,18.15234375
pbx-web,memory_working_set,pbx-web,lab-rebuild-relay-79957dbd4-xsqhl,2026-08-08T07:14:01.927000Z,1786173241.927,19054592.0,bytes,,,19054592.0,18.171875
pbx-web,memory_working_set,pbx-web,lab-rebuild-relay-79957dbd4-xsqhl,2026-08-08T08:14:01.927000Z,1786176841.927,19038208.0,bytes,,,19038208.0,18.15625
pbx-web,memory_working_set,pbx-web,lab-rebuild-relay-79957dbd4-xsqhl,2026-08-08T09:14:01.927000Z,1786180441.927,19038208.0,bytes,,,19038208.0,18.15625
pbx-web,memory_working_set,pbx-web,lab-rebuild-relay-79957dbd4-xsqhl,2026-08-08T10:14:01.927000Z,1786184041.927,19038208.0,bytes,,,19038208.0,18.15625
pbx-web,memory_working_set,pbx-web,lab-rebuild-relay-79957dbd4-xsqhl,2026-08-08T11:14:01.927000Z,1786187641.927,19034112.0,bytes,,,19034112.0,18.15234375
pbx-web,memory_working_set,pbx-web,lab-rebuild-relay-79957dbd4-xsqhl,2026-08-08T12:14:01.927000Z,1786191241.927,19034112.0,bytes,,,19034112.0,18.15234375
pbx-web,memory_working_set,pbx-web,lab-rebuild-relay-79957dbd4-xsqhl,2026-08-08T13:14:01.927000Z,1786194841.927,19034112.0,bytes,,,19034112.0,18.15234375
pbx-web,memory_working_set,pbx-web,lab-rebuild-relay-79957dbd4-xsqhl,2026-08-08T14:14:01.927000Z,1786198441.927,19034112.0,bytes,,,19034112.0,18.15234375
pbx-web,memory_working_set,pbx-web,lab-rebuild-relay-79957dbd4-xsqhl,2026-08-08T15:14:01.927000Z,1786202041.927,19038208.0,bytes,,,19038208.0,18.15625
pbx-web,memory_working_set,pbx-web,lab-rebuild-relay-79957dbd4-xsqhl,2026-08-08T16:14:01.927000Z,1786205641.927,19034112.0,bytes,,,19034112.0,18.15234375
pbx-web,memory_working_set,pbx-web,lab-rebuild-relay-79957dbd4-xsqhl,2026-08-08T17:14:01.927000Z,1786209241.927,19038208.0,bytes,,,19038208.0,18.15625
pbx-web,memory_working_set,pbx-web,lab-rebuild-relay-79957dbd4-xsqhl,2026-08-08T18:14:01.927000Z,1786212841.927,19038208.0,bytes,,,19038208.0,18.15625
pbx-web,memory_working_set,pbx-web,lab-rebuild-relay-79957dbd4-xsqhl,2026-08-08T19:14:01.927000Z,1786216441.927,19038208.0,bytes,,,19038208.0,18.15625
pbx-web,memory_working_set,pbx-web,lab-rebuild-relay-79957dbd4-xsqhl,2026-08-08T20:14:01.927000Z,1786220041.927,21913600.0,bytes,,,21913600.0,20.8984375
pbx-web,memory_working_set,pbx-web,lab-rebuild-relay-79957dbd4-xsqhl,2026-08-08T21:14:01.927000Z,1786223641.927,21909504.0,bytes,,,21909504.0,20.89453125
pbx-web,memory_working_set,pbx-web,lab-rebuild-relay-79957dbd4-xsqhl,2026-08-08T22:14:01.927000Z,1786227241.927,21909504.0,bytes,,,21909504.0,20.89453125
pbx-web,memory_working_set,pbx-web,lab-rebuild-relay-79957dbd4-xsqhl,2026-08-08T23:14:01.927000Z,1786230841.927,21913600.0,bytes,,,21913600.0,20.8984375
pbx-web,memory_working_set,pbx-web,lab-rebuild-relay-79957dbd4-xsqhl,2026-08-09T00:14:01.927000Z,1786234441.927,21909504.0,bytes,,,21909504.0,20.89453125
pbx-web,memory_working_set,pbx-web,lab-rebuild-relay-79957dbd4-xsqhl,2026-08-09T01:14:01.927000Z,1786238041.927,21909504.0,bytes,,,21909504.0,20.89453125
pbx-web,memory_working_set,pbx-web,lab-rebuild-relay-79957dbd4-xsqhl,2026-08-09T02:14:01.927000Z,1786241641.927,21909504.0,bytes,,,21909504.0,20.89453125
pbx-web,memory_working_set,pbx-web,lab-rebuild-relay-79957dbd4-xsqhl,2026-08-09T03:14:01.927000Z,1786245241.927,21909504.0,bytes,,,21909504.0,20.89453125
pbx-web,memory_working_set,pbx-web,lab-rebuild-relay-79957dbd4-xsqhl,2026-08-09T04:14:01.927000Z,1786248841.927,21909504.0,bytes,,,21909504.0,20.89453125
pbx-web,memory_working_set,pbx-web,lab-rebuild-relay-79957dbd4-xsqhl,2026-08-09T05:14:01.927000Z,1786252441.927,21909504.0,bytes,,,21909504.0,20.89453125
pbx-web,memory_working_set,pbx-web,lab-rebuild-relay-79957dbd4-xsqhl,2026-08-09T06:14:01.927000Z,1786256041.927,21917696.0,bytes,,,21917696.0,20.90234375
pbx-web,memory_working_set,pbx-web,lab-rebuild-relay-79957dbd4-xsqhl,2026-08-09T07:14:01.927000Z,1786259641.927,21909504.0,bytes,,,21909504.0,20.89453125
pbx-web,memory_working_set,pbx-web,lab-rebuild-relay-79957dbd4-xsqhl,2026-08-09T08:14:01.927000Z,1786263241.927,21909504.0,bytes,,,21909504.0,20.89453125
pbx-web,memory_working_set,pbx-web,lab-rebuild-relay-79957dbd4-xsqhl,2026-08-09T09:14:01.927000Z,1786266841.927,21909504.0,bytes,,,21909504.0,20.89453125
pbx-web,memory_working_set,pbx-web,lab-rebuild-relay-79957dbd4-xsqhl,2026-08-09T10:14:01.927000Z,1786270441.927,21909504.0,bytes,,,21909504.0,20.89453125
pbx-web,memory_working_set,pbx-web,lab-rebuild-relay-79957dbd4-xsqhl,2026-08-09T11:14:01.927000Z,1786274041.927,21913600.0,bytes,,,21913600.0,20.8984375
pbx-web,memory_working_set,pbx-web,lab-rebuild-relay-79957dbd4-xsqhl,2026-08-09T12:14:01.927000Z,1786277641.927,21909504.0,bytes,,,21909504.0,20.89453125
pbx-web,memory_working_set,pbx-web,lab-rebuild-relay-79957dbd4-xsqhl,2026-08-09T13:14:01.927000Z,1786281241.927,21909504.0,bytes,,,21909504.0,20.89453125
pbx-web,memory_working_set,pbx-web,lab-rebuild-relay-79957dbd4-xsqhl,2026-08-09T14:14:01.927000Z,1786284841.927,21909504.0,bytes,,,21909504.0,20.89453125
pbx-web,memory_working_set,pbx-web,lab-rebuild-relay-79957dbd4-xsqhl,2026-08-09T15:14:01.927000Z,1786288441.927,21909504.0,bytes,,,21909504.0,20.89453125
pbx-web,memory_working_set,pbx-web,lab-rebuild-relay-79957dbd4-xsqhl,2026-08-09T16:14:01.927000Z,1786292041.927,21909504.0,bytes,,,21909504.0,20.89453125
pbx-web,memory_working_set,pbx-web,lab-rebuild-relay-79957dbd4-xsqhl,2026-08-09T17:14:01.927000Z,1786295641.927,21909504.0,bytes,,,21909504.0,20.89453125
pbx-web,memory_working_set,pbx-web,lab-rebuild-relay-79957dbd4-xsqhl,2026-08-09T18:14:01.927000Z,1786299241.927,21909504.0,bytes,,,21909504.0,20.89453125
pbx-web,memory_working_set,pbx-web,lab-rebuild-relay-79957dbd4-xsqhl,2026-08-09T19:14:01.927000Z,1786302841.927,21909504.0,bytes,,,21909504.0,20.89453125
pbx-web,memory_working_set,pbx-web,lab-rebuild-relay-79957dbd4-xsqhl,2026-08-09T20:14:01.927000Z,1786306441.927,21913600.0,bytes,,,21913600.0,20.8984375
pbx-web,memory_working_set,pbx-web,lab-rebuild-relay-79957dbd4-xsqhl,2026-08-09T21:14:01.927000Z,1786310041.927,21909504.0,bytes,,,21909504.0,20.89453125
pbx-web,memory_working_set,pbx-web,lab-rebuild-relay-79957dbd4-xsqhl,2026-08-09T22:14:01.927000Z,1786313641.927,21909504.0,bytes,,,21909504.0,20.89453125
pbx-web,memory_working_set,pbx-web,lab-rebuild-relay-79957dbd4-xsqhl,2026-08-09T23:14:01.927000Z,1786317241.927,21909504.0,bytes,,,21909504.0,20.89453125
pbx-web,memory_working_set,pbx-web,lab-rebuild-relay-79957dbd4-xsqhl,2026-08-10T00:14:01.927000Z,1786320841.927,21909504.0,bytes,,,21909504.0,20.89453125
pbx-web,memory_working_set,pbx-web,lab-rebuild-relay-79957dbd4-xsqhl,2026-08-10T01:14:01.927000Z,1786324441.927,21909504.0,bytes,,,21909504.0,20.89453125
pbx-web,memory_working_set,pbx-web,lab-rebuild-relay-79957dbd4-xsqhl,2026-08-10T02:14:01.927000Z,1786328041.927,21909504.0,bytes,,,21909504.0,20.89453125
pbx-web,memory_working_set,pbx-web,lab-rebuild-relay-79957dbd4-xsqhl,2026-08-10T03:14:01.927000Z,1786331641.927,21913600.0,bytes,,,21913600.0,20.8984375
pbx-web,memory_working_set,pbx-web,lab-rebuild-relay-79957dbd4-xsqhl,2026-08-10T04:14:01.927000Z,1786335241.927,21909504.0,bytes,,,21909504.0,20.89453125
pbx-web,memory_working_set,pbx-web,lab-rebuild-relay-79957dbd4-xsqhl,2026-08-10T05:14:01.927000Z,1786338841.927,21909504.0,bytes,,,21909504.0,20.89453125
pbx-web,memory_working_set,pbx-web,lab-rebuild-relay-79957dbd4-xsqhl,2026-08-10T06:14:01.927000Z,1786342441.927,21909504.0,bytes,,,21909504.0,20.89453125
pbx-web,memory_working_set,pbx-web,lab-rebuild-relay-79957dbd4-xsqhl,2026-08-10T07:14:01.927000Z,1786346041.927,21913600.0,bytes,,,21913600.0,20.8984375
pbx-web,memory_working_set,pbx-web,lab-rebuild-relay-79957dbd4-xsqhl,2026-08-10T08:14:01.927000Z,1786349641.927,21909504.0,bytes,,,21909504.0,20.89453125
pbx-web,memory_working_set,pbx-web,lab-rebuild-relay-79957dbd4-xsqhl,2026-08-10T09:14:01.927000Z,1786353241.927,21909504.0,bytes,,,21909504.0,20.89453125
pbx-web,memory_working_set,pbx-web,lab-rebuild-relay-79957dbd4-xsqhl,2026-08-10T10:14:01.927000Z,1786356841.927,21913600.0,bytes,,,21913600.0,20.8984375
pbx-web,memory_working_set,pbx-web,lab-rebuild-relay-79957dbd4-xsqhl,2026-08-10T11:14:01.927000Z,1786360441.927,21909504.0,bytes,,,21909504.0,20.89453125
pbx-web,memory_working_set,pbx-web,pbx-rebuild-relay-588d79c5b9-vmmlz,2026-07-30T18:14:01.927000Z,1785435241.927,23363584.0,bytes,,,23363584.0,22.28125
pbx-web,memory_working_set,pbx-web,pbx-rebuild-relay-588d79c5b9-vmmlz,2026-07-30T19:14:01.927000Z,1785438841.927,23359488.0,bytes,,,23359488.0,22.27734375
pbx-web,memory_working_set,pbx-web,pbx-rebuild-relay-588d79c5b9-vmmlz,2026-07-30T20:14:01.927000Z,1785442441.927,23363584.0,bytes,,,23363584.0,22.28125
pbx-web,memory_working_set,pbx-web,pbx-rebuild-relay-588d79c5b9-vmmlz,2026-07-30T21:14:01.927000Z,1785446041.927,23359488.0,bytes,,,23359488.0,22.27734375
pbx-web,memory_working_set,pbx-web,pbx-rebuild-relay-588d79c5b9-vmmlz,2026-07-30T22:14:01.927000Z,1785449641.927,23359488.0,bytes,,,23359488.0,22.27734375
pbx-web,memory_working_set,pbx-web,pbx-rebuild-relay-588d79c5b9-vmmlz,2026-07-30T23:14:01.927000Z,1785453241.927,23363584.0,bytes,,,23363584.0,22.28125
pbx-web,memory_working_set,pbx-web,pbx-rebuild-relay-588d79c5b9-vmmlz,2026-07-31T00:14:01.927000Z,1785456841.927,23363584.0,bytes,,,23363584.0,22.28125
pbx-web,memory_working_set,pbx-web,pbx-rebuild-relay-588d79c5b9-vmmlz,2026-07-31T01:14:01.927000Z,1785460441.927,23363584.0,bytes,,,23363584.0,22.28125
pbx-web,memory_working_set,pbx-web,pbx-rebuild-relay-588d79c5b9-vmmlz,2026-07-31T02:14:01.927000Z,1785464041.927,23359488.0,bytes,,,23359488.0,22.27734375
pbx-web,memory_working_set,pbx-web,pbx-rebuild-relay-588d79c5b9-vmmlz,2026-07-31T03:14:01.927000Z,1785467641.927,23363584.0,bytes,,,23363584.0,22.28125
pbx-web,memory_working_set,pbx-web,pbx-rebuild-relay-588d79c5b9-vmmlz,2026-07-31T04:14:01.927000Z,1785471241.927,23359488.0,bytes,,,23359488.0,22.27734375
pbx-web,memory_working_set,pbx-web,pbx-rebuild-relay-588d79c5b9-vmmlz,2026-07-31T05:14:01.927000Z,1785474841.927,23359488.0,bytes,,,23359488.0,22.27734375
pbx-web,memory_working_set,pbx-web,pbx-rebuild-relay-588d79c5b9-vmmlz,2026-07-31T06:14:01.927000Z,1785478441.927,23363584.0,bytes,,,23363584.0,22.28125
pbx-web,memory_working_set,pbx-web,pbx-rebuild-relay-588d79c5b9-vmmlz,2026-07-31T07:14:01.927000Z,1785482041.927,23363584.0,bytes,,,23363584.0,22.28125
pbx-web,memory_working_set,pbx-web,pbx-rebuild-relay-588d79c5b9-vmmlz,2026-07-31T08:14:01.927000Z,1785485641.927,23363584.0,bytes,,,23363584.0,22.28125
pbx-web,memory_working_set,pbx-web,pbx-rebuild-relay-588d79c5b9-vmmlz,2026-07-31T09:14:01.927000Z,1785489241.927,23363584.0,bytes,,,23363584.0,22.28125
pbx-web,memory_working_set,pbx-web,pbx-rebuild-relay-588d79c5b9-vmmlz,2026-07-31T10:14:01.927000Z,1785492841.927,23363584.0,bytes,,,23363584.0,22.28125
pbx-web,memory_working_set,pbx-web,pbx-rebuild-relay-588d79c5b9-vmmlz,2026-07-31T11:14:01.927000Z,1785496441.927,23363584.0,bytes,,,23363584.0,22.28125
pbx-web,memory_working_set,pbx-web,pbx-rebuild-relay-588d79c5b9-vmmlz,2026-07-31T12:14:01.927000Z,1785500041.927,23359488.0,bytes,,,23359488.0,22.27734375
pbx-web,memory_working_set,pbx-web,pbx-rebuild-relay-588d79c5b9-vmmlz,2026-07-31T13:14:01.927000Z,1785503641.927,23363584.0,bytes,,,23363584.0,22.28125
pbx-web,memory_working_set,pbx-web,pbx-rebuild-relay-588d79c5b9-vmmlz,2026-07-31T14:14:01.927000Z,1785507241.927,23363584.0,bytes,,,23363584.0,22.28125
pbx-web,memory_working_set,pbx-web,pbx-rebuild-relay-588d79c5b9-vmmlz,2026-07-31T15:14:01.927000Z,1785510841.927,23363584.0,bytes,,,23363584.0,22.28125
pbx-web,memory_working_set,pbx-web,pbx-rebuild-relay-588d79c5b9-vmmlz,2026-07-31T16:14:01.927000Z,1785514441.927,23363584.0,bytes,,,23363584.0,22.28125
pbx-web,memory_working_set,pbx-web,pbx-rebuild-relay-588d79c5b9-vmmlz,2026-07-31T17:14:01.927000Z,1785518041.927,23359488.0,bytes,,,23359488.0,22.27734375
pbx-web,memory_working_set,pbx-web,pbx-rebuild-relay-588d79c5b9-vmmlz,2026-07-31T18:14:01.927000Z,1785521641.927,23363584.0,bytes,,,23363584.0,22.28125
pbx-web,memory_working_set,pbx-web,pbx-rebuild-relay-588d79c5b9-vmmlz,2026-07-31T19:14:01.927000Z,1785525241.927,23363584.0,bytes,,,23363584.0,22.28125
pbx-web,memory_working_set,pbx-web,pbx-rebuild-relay-588d79c5b9-vmmlz,2026-07-31T20:14:01.927000Z,1785528841.927,23359488.0,bytes,,,23359488.0,22.27734375
pbx-web,memory_working_set,pbx-web,pbx-rebuild-relay-588d79c5b9-vmmlz,2026-07-31T21:14:01.927000Z,1785532441.927,23363584.0,bytes,,,23363584.0,22.28125
pbx-web,memory_working_set,pbx-web,pbx-rebuild-relay-588d79c5b9-vmmlz,2026-07-31T22:14:01.927000Z,1785536041.927,23359488.0,bytes,,,23359488.0,22.27734375
pbx-web,memory_working_set,pbx-web,pbx-rebuild-relay-588d79c5b9-vmmlz,2026-07-31T23:14:01.927000Z,1785539641.927,23363584.0,bytes,,,23363584.0,22.28125
pbx-web,memory_working_set,pbx-web,pbx-rebuild-relay-588d79c5b9-vmmlz,2026-08-01T00:14:01.927000Z,1785543241.927,23363584.0,bytes,,,23363584.0,22.28125
pbx-web,memory_working_set,pbx-web,pbx-rebuild-relay-588d79c5b9-vmmlz,2026-08-01T01:14:01.927000Z,1785546841.927,23363584.0,bytes,,,23363584.0,22.28125
pbx-web,memory_working_set,pbx-web,pbx-rebuild-relay-588d79c5b9-vmmlz,2026-08-01T02:14:01.927000Z,1785550441.927,23363584.0,bytes,,,23363584.0,22.28125
pbx-web,memory_working_set,pbx-web,pbx-rebuild-relay-588d79c5b9-vmmlz,2026-08-01T03:14:01.927000Z,1785554041.927,23359488.0,bytes,,,23359488.0,22.27734375
pbx-web,memory_working_set,pbx-web,pbx-rebuild-relay-588d79c5b9-vmmlz,2026-08-01T04:14:01.927000Z,1785557641.927,23363584.0,bytes,,,23363584.0,22.28125
pbx-web,memory_working_set,pbx-web,pbx-rebuild-relay-588d79c5b9-vmmlz,2026-08-01T05:14:01.927000Z,1785561241.927,23363584.0,bytes,,,23363584.0,22.28125
pbx-web,memory_working_set,pbx-web,pbx-rebuild-relay-588d79c5b9-vmmlz,2026-08-01T06:14:01.927000Z,1785564841.927,23363584.0,bytes,,,23363584.0,22.28125
pbx-web,memory_working_set,pbx-web,pbx-rebuild-relay-588d79c5b9-vmmlz,2026-08-01T07:14:01.927000Z,1785568441.927,23359488.0,bytes,,,23359488.0,22.27734375
pbx-web,memory_working_set,pbx-web,pbx-rebuild-relay-588d79c5b9-vmmlz,2026-08-01T08:14:01.927000Z,1785572041.927,23363584.0,bytes,,,23363584.0,22.28125
pbx-web,memory_working_set,pbx-web,pbx-rebuild-relay-588d79c5b9-vmmlz,2026-08-01T09:14:01.927000Z,1785575641.927,23363584.0,bytes,,,23363584.0,22.28125
pbx-web,memory_working_set,pbx-web,pbx-rebuild-relay-588d79c5b9-vmmlz,2026-08-01T10:14:01.927000Z,1785579241.927,23363584.0,bytes,,,23363584.0,22.28125
pbx-web,memory_working_set,pbx-web,pbx-rebuild-relay-588d79c5b9-vmmlz,2026-08-01T11:14:01.927000Z,1785582841.927,23363584.0,bytes,,,23363584.0,22.28125
pbx-web,memory_working_set,pbx-web,pbx-rebuild-relay-588d79c5b9-vmmlz,2026-08-01T12:14:01.927000Z,1785586441.927,23359488.0,bytes,,,23359488.0,22.27734375
pbx-web,memory_working_set,pbx-web,pbx-rebuild-relay-588d79c5b9-vmmlz,2026-08-01T13:14:01.927000Z,1785590041.927,23363584.0,bytes,,,23363584.0,22.28125
pbx-web,memory_working_set,pbx-web,pbx-rebuild-relay-588d79c5b9-vmmlz,2026-08-01T14:14:01.927000Z,1785593641.927,23363584.0,bytes,,,23363584.0,22.28125
pbx-web,memory_working_set,pbx-web,pbx-rebuild-relay-588d79c5b9-vmmlz,2026-08-01T15:14:01.927000Z,1785597241.927,23363584.0,bytes,,,23363584.0,22.28125
pbx-web,memory_working_set,pbx-web,pbx-rebuild-relay-588d79c5b9-vmmlz,2026-08-01T16:14:01.927000Z,1785600841.927,23363584.0,bytes,,,23363584.0,22.28125
pbx-web,memory_working_set,pbx-web,pbx-rebuild-relay-588d79c5b9-vmmlz,2026-08-01T17:14:01.927000Z,1785604441.927,23363584.0,bytes,,,23363584.0,22.28125
pbx-web,memory_working_set,pbx-web,pbx-rebuild-relay-588d79c5b9-vmmlz,2026-08-01T18:14:01.927000Z,1785608041.927,23359488.0,bytes,,,23359488.0,22.27734375
pbx-web,memory_working_set,pbx-web,pbx-rebuild-relay-588d79c5b9-vmmlz,2026-08-01T19:14:01.927000Z,1785611641.927,23363584.0,bytes,,,23363584.0,22.28125
pbx-web,memory_working_set,pbx-web,pbx-rebuild-relay-588d79c5b9-vmmlz,2026-08-01T20:14:01.927000Z,1785615241.927,23363584.0,bytes,,,23363584.0,22.28125
pbx-web,memory_working_set,pbx-web,pbx-rebuild-relay-588d79c5b9-vmmlz,2026-08-01T21:14:01.927000Z,1785618841.927,23363584.0,bytes,,,23363584.0,22.28125
pbx-web,memory_working_set,pbx-web,pbx-rebuild-relay-588d79c5b9-vmmlz,2026-08-01T22:14:01.927000Z,1785622441.927,23359488.0,bytes,,,23359488.0,22.27734375
pbx-web,memory_working_set,pbx-web,pbx-rebuild-relay-588d79c5b9-vmmlz,2026-08-01T23:14:01.927000Z,1785626041.927,23597056.0,bytes,,,23597056.0,22.50390625
pbx-web,memory_working_set,pbx-web,pbx-rebuild-relay-588d79c5b9-vmmlz,2026-08-02T00:14:01.927000Z,1785629641.927,23363584.0,bytes,,,23363584.0,22.28125
pbx-web,memory_working_set,pbx-web,pbx-rebuild-relay-588d79c5b9-vmmlz,2026-08-02T01:14:01.927000Z,1785633241.927,23359488.0,bytes,,,23359488.0,22.27734375
pbx-web,memory_working_set,pbx-web,pbx-rebuild-relay-588d79c5b9-vmmlz,2026-08-02T02:14:01.927000Z,1785636841.927,23363584.0,bytes,,,23363584.0,22.28125
pbx-web,memory_working_set,pbx-web,pbx-rebuild-relay-588d79c5b9-vmmlz,2026-08-02T03:14:01.927000Z,1785640441.927,23359488.0,bytes,,,23359488.0,22.27734375
pbx-web,memory_working_set,pbx-web,pbx-rebuild-relay-588d79c5b9-vmmlz,2026-08-02T04:14:01.927000Z,1785644041.927,23359488.0,bytes,,,23359488.0,22.27734375
pbx-web,memory_working_set,pbx-web,pbx-rebuild-relay-588d79c5b9-vmmlz,2026-08-02T05:14:01.927000Z,1785647641.927,23363584.0,bytes,,,23363584.0,22.28125
pbx-web,memory_working_set,pbx-web,pbx-rebuild-relay-588d79c5b9-vmmlz,2026-08-02T06:14:01.927000Z,1785651241.927,23363584.0,bytes,,,23363584.0,22.28125
pbx-web,memory_working_set,pbx-web,pbx-rebuild-relay-588d79c5b9-vmmlz,2026-08-02T07:14:01.927000Z,1785654841.927,23367680.0,bytes,,,23367680.0,22.28515625
pbx-web,memory_working_set,pbx-web,pbx-rebuild-relay-588d79c5b9-vmmlz,2026-08-02T08:14:01.927000Z,1785658441.927,23359488.0,bytes,,,23359488.0,22.27734375
pbx-web,memory_working_set,pbx-web,pbx-rebuild-relay-588d79c5b9-vmmlz,2026-08-02T09:14:01.927000Z,1785662041.927,23359488.0,bytes,,,23359488.0,22.27734375
pbx-web,memory_working_set,pbx-web,pbx-rebuild-relay-588d79c5b9-vmmlz,2026-08-02T10:14:01.927000Z,1785665641.927,23363584.0,bytes,,,23363584.0,22.28125
pbx-web,memory_working_set,pbx-web,pbx-rebuild-relay-588d79c5b9-vmmlz,2026-08-02T11:14:01.927000Z,1785669241.927,23363584.0,bytes,,,23363584.0,22.28125
pbx-web,memory_working_set,pbx-web,pbx-rebuild-relay-588d79c5b9-vmmlz,2026-08-02T12:14:01.927000Z,1785672841.927,23363584.0,bytes,,,23363584.0,22.28125
pbx-web,memory_working_set,pbx-web,pbx-rebuild-relay-588d79c5b9-vmmlz,2026-08-02T13:14:01.927000Z,1785676441.927,23363584.0,bytes,,,23363584.0,22.28125
pbx-web,memory_working_set,pbx-web,pbx-rebuild-relay-588d79c5b9-vmmlz,2026-08-02T14:14:01.927000Z,1785680041.927,23363584.0,bytes,,,23363584.0,22.28125
pbx-web,memory_working_set,pbx-web,pbx-rebuild-relay-588d79c5b9-vmmlz,2026-08-02T15:14:01.927000Z,1785683641.927,23359488.0,bytes,,,23359488.0,22.27734375
pbx-web,memory_working_set,pbx-web,pbx-rebuild-relay-588d79c5b9-vmmlz,2026-08-02T16:14:01.927000Z,1785687241.927,23359488.0,bytes,,,23359488.0,22.27734375
pbx-web,memory_working_set,pbx-web,pbx-rebuild-relay-588d79c5b9-vmmlz,2026-08-02T17:14:01.927000Z,1785690841.927,23359488.0,bytes,,,23359488.0,22.27734375
pbx-web,memory_working_set,pbx-web,pbx-rebuild-relay-588d79c5b9-vmmlz,2026-08-02T18:14:01.927000Z,1785694441.927,23359488.0,bytes,,,23359488.0,22.27734375
pbx-web,memory_working_set,pbx-web,pbx-rebuild-relay-588d79c5b9-vmmlz,2026-08-02T19:14:01.927000Z,1785698041.927,23363584.0,bytes,,,23363584.0,22.28125
pbx-web,memory_working_set,pbx-web,pbx-rebuild-relay-588d79c5b9-vmmlz,2026-08-02T20:14:01.927000Z,1785701641.927,23363584.0,bytes,,,23363584.0,22.28125
pbx-web,memory_working_set,pbx-web,pbx-rebuild-relay-588d79c5b9-vmmlz,2026-08-02T21:14:01.927000Z,1785705241.927,23363584.0,bytes,,,23363584.0,22.28125
pbx-web,memory_working_set,pbx-web,pbx-rebuild-relay-588d79c5b9-vmmlz,2026-08-02T22:14:01.927000Z,1785708841.927,23363584.0,bytes,,,23363584.0,22.28125
pbx-web,memory_working_set,pbx-web,pbx-rebuild-relay-588d79c5b9-vmmlz,2026-08-02T23:14:01.927000Z,1785712441.927,23359488.0,bytes,,,23359488.0,22.27734375
pbx-web,memory_working_set,pbx-web,pbx-rebuild-relay-588d79c5b9-vmmlz,2026-08-03T00:14:01.927000Z,1785716041.927,23363584.0,bytes,,,23363584.0,22.28125
pbx-web,memory_working_set,pbx-web,pbx-rebuild-relay-588d79c5b9-vmmlz,2026-08-03T01:14:01.927000Z,1785719641.927,23359488.0,bytes,,,23359488.0,22.27734375
pbx-web,memory_working_set,pbx-web,pbx-rebuild-relay-588d79c5b9-vmmlz,2026-08-03T02:14:01.927000Z,1785723241.927,23363584.0,bytes,,,23363584.0,22.28125
pbx-web,memory_working_set,pbx-web,pbx-rebuild-relay-588d79c5b9-vmmlz,2026-08-03T03:14:01.927000Z,1785726841.927,23359488.0,bytes,,,23359488.0,22.27734375
pbx-web,memory_working_set,pbx-web,pbx-rebuild-relay-588d79c5b9-vmmlz,2026-08-03T04:14:01.927000Z,1785730441.927,23359488.0,bytes,,,23359488.0,22.27734375
pbx-web,memory_working_set,pbx-web,pbx-rebuild-relay-588d79c5b9-vmmlz,2026-08-03T05:14:01.927000Z,1785734041.927,23363584.0,bytes,,,23363584.0,22.28125
pbx-web,memory_working_set,pbx-web,pbx-rebuild-relay-588d79c5b9-vmmlz,2026-08-03T06:14:01.927000Z,1785737641.927,23359488.0,bytes,,,23359488.0,22.27734375
pbx-web,memory_working_set,pbx-web,pbx-rebuild-relay-588d79c5b9-vmmlz,2026-08-03T07:14:01.927000Z,1785741241.927,23363584.0,bytes,,,23363584.0,22.28125
pbx-web,memory_working_set,pbx-web,pbx-rebuild-relay-588d79c5b9-vmmlz,2026-08-03T08:14:01.927000Z,1785744841.927,23363584.0,bytes,,,23363584.0,22.28125
pbx-web,memory_working_set,pbx-web,pbx-rebuild-relay-588d79c5b9-vmmlz,2026-08-03T09:14:01.927000Z,1785748441.927,23363584.0,bytes,,,23363584.0,22.28125
pbx-web,memory_working_set,pbx-web,pbx-rebuild-relay-588d79c5b9-vmmlz,2026-08-03T10:14:01.927000Z,1785752041.927,23363584.0,bytes,,,23363584.0,22.28125
pbx-web,memory_working_set,pbx-web,pbx-rebuild-relay-588d79c5b9-vmmlz,2026-08-03T11:14:01.927000Z,1785755641.927,23363584.0,bytes,,,23363584.0,22.28125
pbx-web,memory_working_set,pbx-web,pbx-rebuild-relay-588d79c5b9-vmmlz,2026-08-03T12:14:01.927000Z,1785759241.927,23363584.0,bytes,,,23363584.0,22.28125
pbx-web,memory_working_set,pbx-web,pbx-rebuild-relay-588d79c5b9-vmmlz,2026-08-03T13:14:01.927000Z,1785762841.927,23359488.0,bytes,,,23359488.0,22.27734375
pbx-web,memory_working_set,pbx-web,pbx-rebuild-relay-588d79c5b9-vmmlz,2026-08-03T14:14:01.927000Z,1785766441.927,23363584.0,bytes,,,23363584.0,22.28125
pbx-web,memory_working_set,pbx-web,pbx-rebuild-relay-588d79c5b9-vmmlz,2026-08-03T15:14:01.927000Z,1785770041.927,23363584.0,bytes,,,23363584.0,22.28125
pbx-web,memory_working_set,pbx-web,pbx-rebuild-relay-588d79c5b9-vmmlz,2026-08-03T16:14:01.927000Z,1785773641.927,23363584.0,bytes,,,23363584.0,22.28125
pbx-web,memory_working_set,pbx-web,pbx-rebuild-relay-588d79c5b9-vmmlz,2026-08-03T17:14:01.927000Z,1785777241.927,23359488.0,bytes,,,23359488.0,22.27734375
pbx-web,memory_working_set,pbx-web,pbx-rebuild-relay-588d79c5b9-vmmlz,2026-08-03T18:14:01.927000Z,1785780841.927,23367680.0,bytes,,,23367680.0,22.28515625
pbx-web,memory_working_set,pbx-web,pbx-rebuild-relay-588d79c5b9-vmmlz,2026-08-03T19:14:01.927000Z,1785784441.927,23363584.0,bytes,,,23363584.0,22.28125
pbx-web,memory_working_set,pbx-web,pbx-rebuild-relay-588d79c5b9-vmmlz,2026-08-03T20:14:01.927000Z,1785788041.927,23363584.0,bytes,,,23363584.0,22.28125
pbx-web,memory_working_set,pbx-web,pbx-rebuild-relay-588d79c5b9-vmmlz,2026-08-03T21:14:01.927000Z,1785791641.927,23363584.0,bytes,,,23363584.0,22.28125
pbx-web,memory_working_set,pbx-web,pbx-rebuild-relay-588d79c5b9-vmmlz,2026-08-03T22:14:01.927000Z,1785795241.927,23363584.0,bytes,,,23363584.0,22.28125
pbx-web,memory_working_set,pbx-web,pbx-rebuild-relay-588d79c5b9-vmmlz,2026-08-03T23:14:01.927000Z,1785798841.927,23363584.0,bytes,,,23363584.0,22.28125
pbx-web,memory_working_set,pbx-web,pbx-rebuild-relay-588d79c5b9-vmmlz,2026-08-04T00:14:01.927000Z,1785802441.927,23363584.0,bytes,,,23363584.0,22.28125
pbx-web,memory_working_set,pbx-web,pbx-rebuild-relay-588d79c5b9-vmmlz,2026-08-04T01:14:01.927000Z,1785806041.927,23359488.0,bytes,,,23359488.0,22.27734375
pbx-web,memory_working_set,pbx-web,pbx-rebuild-relay-588d79c5b9-vmmlz,2026-08-04T02:14:01.927000Z,1785809641.927,23363584.0,bytes,,,23363584.0,22.28125
pbx-web,memory_working_set,pbx-web,pbx-rebuild-relay-588d79c5b9-vmmlz,2026-08-04T03:14:01.927000Z,1785813241.927,23363584.0,bytes,,,23363584.0,22.28125
pbx-web,memory_working_set,pbx-web,pbx-rebuild-relay-588d79c5b9-vmmlz,2026-08-04T04:14:01.927000Z,1785816841.927,23363584.0,bytes,,,23363584.0,22.28125
pbx-web,memory_working_set,pbx-web,pbx-rebuild-relay-588d79c5b9-vmmlz,2026-08-04T05:14:01.927000Z,1785820441.927,23363584.0,bytes,,,23363584.0,22.28125
pbx-web,memory_working_set,pbx-web,pbx-rebuild-relay-588d79c5b9-vmmlz,2026-08-04T06:14:01.927000Z,1785824041.927,23363584.0,bytes,,,23363584.0,22.28125
pbx-web,memory_working_set,pbx-web,pbx-rebuild-relay-588d79c5b9-vmmlz,2026-08-04T07:14:01.927000Z,1785827641.927,23363584.0,bytes,,,23363584.0,22.28125
pbx-web,memory_working_set,pbx-web,pbx-rebuild-relay-588d79c5b9-vmmlz,2026-08-04T08:14:01.927000Z,1785831241.927,23363584.0,bytes,,,23363584.0,22.28125
pbx-web,memory_working_set,pbx-web,pbx-rebuild-relay-588d79c5b9-vmmlz,2026-08-04T09:14:01.927000Z,1785834841.927,23363584.0,bytes,,,23363584.0,22.28125
pbx-web,memory_working_set,pbx-web,pbx-rebuild-relay-588d79c5b9-vmmlz,2026-08-04T10:14:01.927000Z,1785838441.927,23359488.0,bytes,,,23359488.0,22.27734375
pbx-web,memory_working_set,pbx-web,pbx-rebuild-relay-588d79c5b9-vmmlz,2026-08-04T11:14:01.927000Z,1785842041.927,23363584.0,bytes,,,23363584.0,22.28125
pbx-web,memory_working_set,pbx-web,pbx-rebuild-relay-588d79c5b9-vmmlz,2026-08-04T12:14:01.927000Z,1785845641.927,23359488.0,bytes,,,23359488.0,22.27734375
pbx-web,memory_working_set,pbx-web,pbx-rebuild-relay-588d79c5b9-vmmlz,2026-08-04T13:14:01.927000Z,1785849241.927,23363584.0,bytes,,,23363584.0,22.28125
pbx-web,memory_working_set,pbx-web,pbx-rebuild-relay-588d79c5b9-vmmlz,2026-08-04T14:14:01.927000Z,1785852841.927,23359488.0,bytes,,,23359488.0,22.27734375
pbx-web,memory_working_set,pbx-web,pbx-rebuild-relay-588d79c5b9-vmmlz,2026-08-04T15:14:01.927000Z,1785856441.927,23359488.0,bytes,,,23359488.0,22.27734375
pbx-web,memory_working_set,pbx-web,pbx-rebuild-relay-588d79c5b9-vmmlz,2026-08-04T16:14:01.927000Z,1785860041.927,23359488.0,bytes,,,23359488.0,22.27734375
pbx-web,memory_working_set,pbx-web,pbx-rebuild-relay-588d79c5b9-vmmlz,2026-08-04T17:14:01.927000Z,1785863641.927,23363584.0,bytes,,,23363584.0,22.28125
pbx-web,memory_working_set,pbx-web,pbx-rebuild-relay-588d79c5b9-vmmlz,2026-08-04T18:14:01.927000Z,1785867241.927,23363584.0,bytes,,,23363584.0,22.28125
pbx-web,memory_working_set,pbx-web,pbx-rebuild-relay-588d79c5b9-vmmlz,2026-08-04T19:14:01.927000Z,1785870841.927,23363584.0,bytes,,,23363584.0,22.28125
pbx-web,memory_working_set,pbx-web,pbx-rebuild-relay-588d79c5b9-vmmlz,2026-08-04T20:14:01.927000Z,1785874441.927,23363584.0,bytes,,,23363584.0,22.28125
pbx-web,memory_working_set,pbx-web,pbx-rebuild-relay-588d79c5b9-vmmlz,2026-08-04T21:14:01.927000Z,1785878041.927,23363584.0,bytes,,,23363584.0,22.28125
pbx-web,memory_working_set,pbx-web,pbx-rebuild-relay-588d79c5b9-vmmlz,2026-08-04T22:14:01.927000Z,1785881641.927,23363584.0,bytes,,,23363584.0,22.28125
pbx-web,memory_working_set,pbx-web,pbx-rebuild-relay-588d79c5b9-vmmlz,2026-08-04T23:14:01.927000Z,1785885241.927,23363584.0,bytes,,,23363584.0,22.28125
pbx-web,memory_working_set,pbx-web,pbx-rebuild-relay-588d79c5b9-vmmlz,2026-08-05T00:14:01.927000Z,1785888841.927,23359488.0,bytes,,,23359488.0,22.27734375
pbx-web,memory_working_set,pbx-web,pbx-rebuild-relay-588d79c5b9-vmmlz,2026-08-05T01:14:01.927000Z,1785892441.927,23359488.0,bytes,,,23359488.0,22.27734375
pbx-web,memory_working_set,pbx-web,pbx-rebuild-relay-588d79c5b9-vmmlz,2026-08-05T02:14:01.927000Z,1785896041.927,23363584.0,bytes,,,23363584.0,22.28125
pbx-web,memory_working_set,pbx-web,pbx-rebuild-relay-588d79c5b9-vmmlz,2026-08-05T03:14:01.927000Z,1785899641.927,23363584.0,bytes,,,23363584.0,22.28125
pbx-web,memory_working_set,pbx-web,pbx-rebuild-relay-588d79c5b9-vmmlz,2026-08-05T04:14:01.927000Z,1785903241.927,23363584.0,bytes,,,23363584.0,22.28125
pbx-web,memory_working_set,pbx-web,pbx-rebuild-relay-588d79c5b9-vmmlz,2026-08-05T05:14:01.927000Z,1785906841.927,23359488.0,bytes,,,23359488.0,22.27734375
pbx-web,memory_working_set,pbx-web,pbx-rebuild-relay-588d79c5b9-vmmlz,2026-08-05T06:14:01.927000Z,1785910441.927,23363584.0,bytes,,,23363584.0,22.28125
pbx-web,memory_working_set,pbx-web,pbx-rebuild-relay-588d79c5b9-vmmlz,2026-08-05T07:14:01.927000Z,1785914041.927,23363584.0,bytes,,,23363584.0,22.28125
pbx-web,memory_working_set,pbx-web,pbx-rebuild-relay-588d79c5b9-vmmlz,2026-08-05T08:14:01.927000Z,1785917641.927,23363584.0,bytes,,,23363584.0,22.28125
pbx-web,memory_working_set,pbx-web,pbx-rebuild-relay-588d79c5b9-vmmlz,2026-08-05T09:14:01.927000Z,1785921241.927,23359488.0,bytes,,,23359488.0,22.27734375
pbx-web,memory_working_set,pbx-web,pbx-rebuild-relay-588d79c5b9-vmmlz,2026-08-05T10:14:01.927000Z,1785924841.927,23363584.0,bytes,,,23363584.0,22.28125
pbx-web,memory_working_set,pbx-web,pbx-rebuild-relay-588d79c5b9-vmmlz,2026-08-05T11:14:01.927000Z,1785928441.927,23363584.0,bytes,,,23363584.0,22.28125
pbx-web,memory_working_set,pbx-web,pbx-rebuild-relay-588d79c5b9-vmmlz,2026-08-05T12:14:01.927000Z,1785932041.927,23359488.0,bytes,,,23359488.0,22.27734375
pbx-web,memory_working_set,pbx-web,pbx-rebuild-relay-588d79c5b9-vmmlz,2026-08-05T13:14:01.927000Z,1785935641.927,23703552.0,bytes,,,23703552.0,22.60546875
pbx-web,memory_working_set,pbx-web,pbx-rebuild-relay-588d79c5b9-vmmlz,2026-08-05T14:14:01.927000Z,1785939241.927,23707648.0,bytes,,,23707648.0,22.609375
pbx-web,memory_working_set,pbx-web,pbx-rebuild-relay-588d79c5b9-vmmlz,2026-08-05T15:14:01.927000Z,1785942841.927,23748608.0,bytes,,,23748608.0,22.6484375
pbx-web,memory_working_set,pbx-web,pbx-rebuild-relay-588d79c5b9-vmmlz,2026-08-05T16:14:01.927000Z,1785946441.927,23748608.0,bytes,,,23748608.0,22.6484375
pbx-web,memory_working_set,pbx-web,pbx-rebuild-relay-588d79c5b9-vmmlz,2026-08-05T17:14:01.927000Z,1785950041.927,23797760.0,bytes,,,23797760.0,22.6953125
pbx-web,memory_working_set,pbx-web,pbx-rebuild-relay-588d79c5b9-vmmlz,2026-08-05T18:14:01.927000Z,1785953641.927,23793664.0,bytes,,,23793664.0,22.69140625
pbx-web,memory_working_set,pbx-web,pbx-rebuild-relay-588d79c5b9-vmmlz,2026-08-05T19:14:01.927000Z,1785957241.927,23822336.0,bytes,,,23822336.0,22.71875
pbx-web,memory_working_set,pbx-web,pbx-rebuild-relay-588d79c5b9-vmmlz,2026-08-05T20:14:01.927000Z,1785960841.927,23834624.0,bytes,,,23834624.0,22.73046875
pbx-web,memory_working_set,pbx-web,pbx-rebuild-relay-588d79c5b9-vmmlz,2026-08-05T21:14:01.927000Z,1785964441.927,23838720.0,bytes,,,23838720.0,22.734375
pbx-web,memory_working_set,pbx-web,pbx-rebuild-relay-588d79c5b9-vmmlz,2026-08-05T22:14:01.927000Z,1785968041.927,23834624.0,bytes,,,23834624.0,22.73046875
pbx-web,memory_working_set,pbx-web,pbx-rebuild-relay-588d79c5b9-vmmlz,2026-08-05T23:14:01.927000Z,1785971641.927,23838720.0,bytes,,,23838720.0,22.734375
pbx-web,memory_working_set,pbx-web,pbx-rebuild-relay-588d79c5b9-vmmlz,2026-08-06T00:14:01.927000Z,1785975241.927,23994368.0,bytes,,,23994368.0,22.8828125
pbx-web,memory_working_set,pbx-web,pbx-rebuild-relay-588d79c5b9-vmmlz,2026-08-06T01:14:01.927000Z,1785978841.927,23998464.0,bytes,,,23998464.0,22.88671875
pbx-web,memory_working_set,pbx-web,pbx-rebuild-relay-588d79c5b9-vmmlz,2026-08-06T02:14:01.927000Z,1785982441.927,23994368.0,bytes,,,23994368.0,22.8828125
pbx-web,memory_working_set,pbx-web,pbx-rebuild-relay-588d79c5b9-vmmlz,2026-08-06T03:14:01.927000Z,1785986041.927,23994368.0,bytes,,,23994368.0,22.8828125
pbx-web,memory_working_set,pbx-web,pbx-rebuild-relay-588d79c5b9-vmmlz,2026-08-06T04:14:01.927000Z,1785989641.927,23998464.0,bytes,,,23998464.0,22.88671875
pbx-web,memory_working_set,pbx-web,pbx-rebuild-relay-588d79c5b9-vmmlz,2026-08-06T05:14:01.927000Z,1785993241.927,24076288.0,bytes,,,24076288.0,22.9609375
pbx-web,memory_working_set,pbx-web,pbx-rebuild-relay-588d79c5b9-vmmlz,2026-08-06T06:14:01.927000Z,1785996841.927,24113152.0,bytes,,,24113152.0,22.99609375
pbx-web,memory_working_set,pbx-web,pbx-rebuild-relay-588d79c5b9-vmmlz,2026-08-06T07:14:01.927000Z,1786000441.927,24109056.0,bytes,,,24109056.0,22.9921875
pbx-web,memory_working_set,pbx-web,pbx-rebuild-relay-588d79c5b9-vmmlz,2026-08-06T08:14:01.927000Z,1786004041.927,24125440.0,bytes,,,24125440.0,23.0078125
pbx-web,memory_working_set,pbx-web,pbx-rebuild-relay-588d79c5b9-vmmlz,2026-08-06T09:14:01.927000Z,1786007641.927,24125440.0,bytes,,,24125440.0,23.0078125
pbx-web,memory_working_set,pbx-web,pbx-rebuild-relay-588d79c5b9-vmmlz,2026-08-06T10:14:01.927000Z,1786011241.927,24125440.0,bytes,,,24125440.0,23.0078125
pbx-web,memory_working_set,pbx-web,pbx-rebuild-relay-588d79c5b9-vmmlz,2026-08-06T11:14:01.927000Z,1786014841.927,24129536.0,bytes,,,24129536.0,23.01171875
pbx-web,memory_working_set,pbx-web,pbx-rebuild-relay-588d79c5b9-vmmlz,2026-08-06T12:14:01.927000Z,1786018441.927,24129536.0,bytes,,,24129536.0,23.01171875
pbx-web,memory_working_set,pbx-web,pbx-rebuild-relay-588d79c5b9-vmmlz,2026-08-06T13:14:01.927000Z,1786022041.927,24125440.0,bytes,,,24125440.0,23.0078125
pbx-web,memory_working_set,pbx-web,pbx-rebuild-relay-588d79c5b9-vmmlz,2026-08-06T14:14:01.927000Z,1786025641.927,24129536.0,bytes,,,24129536.0,23.01171875
pbx-web,memory_working_set,pbx-web,pbx-rebuild-relay-588d79c5b9-vmmlz,2026-08-06T15:14:01.927000Z,1786029241.927,24129536.0,bytes,,,24129536.0,23.01171875
pbx-web,memory_working_set,pbx-web,pbx-rebuild-relay-588d79c5b9-vmmlz,2026-08-06T16:14:01.927000Z,1786032841.927,24129536.0,bytes,,,24129536.0,23.01171875
pbx-web,memory_working_set,pbx-web,pbx-rebuild-relay-588d79c5b9-vmmlz,2026-08-06T17:14:01.927000Z,1786036441.927,24129536.0,bytes,,,24129536.0,23.01171875
pbx-web,memory_working_set,pbx-web,pbx-rebuild-relay-588d79c5b9-vmmlz,2026-08-06T18:14:01.927000Z,1786040041.927,24129536.0,bytes,,,24129536.0,23.01171875
pbx-web,memory_working_set,pbx-web,pbx-rebuild-relay-588d79c5b9-vmmlz,2026-08-06T19:14:01.927000Z,1786043641.927,24125440.0,bytes,,,24125440.0,23.0078125
pbx-web,memory_working_set,pbx-web,pbx-rebuild-relay-588d79c5b9-vmmlz,2026-08-06T20:14:01.927000Z,1786047241.927,24129536.0,bytes,,,24129536.0,23.01171875
pbx-web,memory_working_set,pbx-web,pbx-rebuild-relay-588d79c5b9-vmmlz,2026-08-06T21:14:01.927000Z,1786050841.927,24129536.0,bytes,,,24129536.0,23.01171875
pbx-web,memory_working_set,pbx-web,pbx-rebuild-relay-588d79c5b9-vmmlz,2026-08-06T22:14:01.927000Z,1786054441.927,24129536.0,bytes,,,24129536.0,23.01171875
pbx-web,memory_working_set,pbx-web,pbx-rebuild-relay-588d79c5b9-vmmlz,2026-08-06T23:14:01.927000Z,1786058041.927,24125440.0,bytes,,,24125440.0,23.0078125
pbx-web,memory_working_set,pbx-web,pbx-rebuild-relay-588d79c5b9-vmmlz,2026-08-07T00:14:01.927000Z,1786061641.927,24186880.0,bytes,,,24186880.0,23.06640625
pbx-web,memory_working_set,pbx-web,pbx-rebuild-relay-588d79c5b9-vmmlz,2026-08-07T01:14:01.927000Z,1786065241.927,24195072.0,bytes,,,24195072.0,23.07421875
pbx-web,memory_working_set,pbx-web,pbx-rebuild-relay-588d79c5b9-vmmlz,2026-08-07T02:14:01.927000Z,1786068841.927,24305664.0,bytes,,,24305664.0,23.1796875
pbx-web,memory_working_set,pbx-web,pbx-rebuild-relay-588d79c5b9-vmmlz,2026-08-07T03:14:01.927000Z,1786072441.927,24309760.0,bytes,,,24309760.0,23.18359375
pbx-web,memory_working_set,pbx-web,pbx-rebuild-relay-588d79c5b9-vmmlz,2026-08-07T04:14:01.927000Z,1786076041.927,24305664.0,bytes,,,24305664.0,23.1796875
pbx-web,memory_working_set,pbx-web,pbx-rebuild-relay-588d79c5b9-vmmlz,2026-08-07T05:14:01.927000Z,1786079641.927,24305664.0,bytes,,,24305664.0,23.1796875
pbx-web,memory_working_set,pbx-web,pbx-rebuild-relay-588d79c5b9-vmmlz,2026-08-07T06:14:01.927000Z,1786083241.927,24309760.0,bytes,,,24309760.0,23.18359375
pbx-web,memory_working_set,pbx-web,pbx-rebuild-relay-588d79c5b9-vmmlz,2026-08-07T07:14:01.927000Z,1786086841.927,24309760.0,bytes,,,24309760.0,23.18359375
pbx-web,memory_working_set,pbx-web,pbx-rebuild-relay-588d79c5b9-vmmlz,2026-08-07T08:14:01.927000Z,1786090441.927,24309760.0,bytes,,,24309760.0,23.18359375
pbx-web,memory_working_set,pbx-web,pbx-rebuild-relay-588d79c5b9-vmmlz,2026-08-07T09:14:01.927000Z,1786094041.927,24309760.0,bytes,,,24309760.0,23.18359375
pbx-web,memory_working_set,pbx-web,pbx-rebuild-relay-588d79c5b9-vmmlz,2026-08-07T10:14:01.927000Z,1786097641.927,24309760.0,bytes,,,24309760.0,23.18359375
pbx-web,memory_working_set,pbx-web,pbx-rebuild-relay-588d79c5b9-vmmlz,2026-08-07T11:14:01.927000Z,1786101241.927,24305664.0,bytes,,,24305664.0,23.1796875
pbx-web,memory_working_set,pbx-web,pbx-rebuild-relay-588d79c5b9-vmmlz,2026-08-07T12:14:01.927000Z,1786104841.927,24309760.0,bytes,,,24309760.0,23.18359375
pbx-web,memory_working_set,pbx-web,pbx-rebuild-relay-588d79c5b9-vmmlz,2026-08-07T13:14:01.927000Z,1786108441.927,24309760.0,bytes,,,24309760.0,23.18359375
pbx-web,memory_working_set,pbx-web,pbx-rebuild-relay-588d79c5b9-vmmlz,2026-08-07T14:14:01.927000Z,1786112041.927,24309760.0,bytes,,,24309760.0,23.18359375
pbx-web,memory_working_set,pbx-web,pbx-rebuild-relay-588d79c5b9-vmmlz,2026-08-07T15:14:01.927000Z,1786115641.927,24408064.0,bytes,,,24408064.0,23.27734375
pbx-web,memory_working_set,pbx-web,pbx-rebuild-relay-588d79c5b9-vmmlz,2026-08-07T16:14:01.927000Z,1786119241.927,24805376.0,bytes,,,24805376.0,23.65625
pbx-web,memory_working_set,pbx-web,pbx-rebuild-relay-588d79c5b9-vmmlz,2026-08-07T17:14:01.927000Z,1786122841.927,24805376.0,bytes,,,24805376.0,23.65625
pbx-web,memory_working_set,pbx-web,pbx-rebuild-relay-588d79c5b9-vmmlz,2026-08-07T18:14:01.927000Z,1786126441.927,24829952.0,bytes,,,24829952.0,23.6796875
pbx-web,memory_working_set,pbx-web,pbx-rebuild-relay-588d79c5b9-vmmlz,2026-08-07T19:14:01.927000Z,1786130041.927,24829952.0,bytes,,,24829952.0,23.6796875
pbx-web,memory_working_set,pbx-web,pbx-rebuild-relay-588d79c5b9-vmmlz,2026-08-07T20:14:01.927000Z,1786133641.927,24829952.0,bytes,,,24829952.0,23.6796875
pbx-web,memory_working_set,pbx-web,pbx-rebuild-relay-588d79c5b9-vmmlz,2026-08-07T21:14:01.927000Z,1786137241.927,24829952.0,bytes,,,24829952.0,23.6796875
pbx-web,memory_working_set,pbx-web,pbx-rebuild-relay-588d79c5b9-vmmlz,2026-08-07T22:14:01.927000Z,1786140841.927,24829952.0,bytes,,,24829952.0,23.6796875
pbx-web,memory_working_set,pbx-web,pbx-rebuild-relay-588d79c5b9-vmmlz,2026-08-07T23:14:01.927000Z,1786144441.927,24829952.0,bytes,,,24829952.0,23.6796875
pbx-web,memory_working_set,pbx-web,pbx-rebuild-relay-588d79c5b9-vmmlz,2026-08-08T00:14:01.927000Z,1786148041.927,24829952.0,bytes,,,24829952.0,23.6796875
pbx-web,memory_working_set,pbx-web,pbx-rebuild-relay-588d79c5b9-vmmlz,2026-08-08T01:14:01.927000Z,1786151641.927,24825856.0,bytes,,,24825856.0,23.67578125
pbx-web,memory_working_set,pbx-web,pbx-rebuild-relay-588d79c5b9-vmmlz,2026-08-08T02:14:01.927000Z,1786155241.927,24829952.0,bytes,,,24829952.0,23.6796875
pbx-web,memory_working_set,pbx-web,pbx-rebuild-relay-588d79c5b9-vmmlz,2026-08-08T03:14:01.927000Z,1786158841.927,24883200.0,bytes,,,24883200.0,23.73046875
pbx-web,memory_working_set,pbx-web,pbx-rebuild-relay-588d79c5b9-vmmlz,2026-08-08T04:14:01.927000Z,1786162441.927,24907776.0,bytes,,,24907776.0,23.75390625
pbx-web,memory_working_set,pbx-web,pbx-rebuild-relay-588d79c5b9-vmmlz,2026-08-08T05:14:01.927000Z,1786166041.927,24903680.0,bytes,,,24903680.0,23.75
pbx-web,memory_working_set,pbx-web,pbx-rebuild-relay-588d79c5b9-vmmlz,2026-08-08T06:14:01.927000Z,1786169641.927,24907776.0,bytes,,,24907776.0,23.75390625
pbx-web,memory_working_set,pbx-web,pbx-rebuild-relay-588d79c5b9-vmmlz,2026-08-08T07:14:01.927000Z,1786173241.927,24907776.0,bytes,,,24907776.0,23.75390625
pbx-web,memory_working_set,pbx-web,pbx-rebuild-relay-588d79c5b9-vmmlz,2026-08-08T08:14:01.927000Z,1786176841.927,24907776.0,bytes,,,24907776.0,23.75390625
pbx-web,memory_working_set,pbx-web,pbx-rebuild-relay-588d79c5b9-vmmlz,2026-08-08T09:14:01.927000Z,1786180441.927,24907776.0,bytes,,,24907776.0,23.75390625
pbx-web,memory_working_set,pbx-web,pbx-rebuild-relay-588d79c5b9-vmmlz,2026-08-08T10:14:01.927000Z,1786184041.927,24903680.0,bytes,,,24903680.0,23.75
pbx-web,memory_working_set,pbx-web,pbx-rebuild-relay-588d79c5b9-vmmlz,2026-08-08T11:14:01.927000Z,1786187641.927,24907776.0,bytes,,,24907776.0,23.75390625
pbx-web,memory_working_set,pbx-web,pbx-rebuild-relay-588d79c5b9-vmmlz,2026-08-08T12:14:01.927000Z,1786191241.927,24961024.0,bytes,,,24961024.0,23.8046875
pbx-web,memory_working_set,pbx-web,pbx-rebuild-relay-588d79c5b9-vmmlz,2026-08-08T13:14:01.927000Z,1786194841.927,24969216.0,bytes,,,24969216.0,23.8125
pbx-web,memory_working_set,pbx-web,pbx-rebuild-relay-588d79c5b9-vmmlz,2026-08-08T14:14:01.927000Z,1786198441.927,24961024.0,bytes,,,24961024.0,23.8046875
pbx-web,memory_working_set,pbx-web,pbx-rebuild-relay-588d79c5b9-vmmlz,2026-08-08T15:14:01.927000Z,1786202041.927,24961024.0,bytes,,,24961024.0,23.8046875
pbx-web,memory_working_set,pbx-web,pbx-rebuild-relay-588d79c5b9-vmmlz,2026-08-08T16:14:01.927000Z,1786205641.927,24965120.0,bytes,,,24965120.0,23.80859375
pbx-web,memory_working_set,pbx-web,pbx-rebuild-relay-588d79c5b9-vmmlz,2026-08-08T17:14:01.927000Z,1786209241.927,25022464.0,bytes,,,25022464.0,23.86328125
pbx-web,memory_working_set,pbx-web,pbx-rebuild-relay-588d79c5b9-vmmlz,2026-08-08T18:14:01.927000Z,1786212841.927,25026560.0,bytes,,,25026560.0,23.8671875
pbx-web,memory_working_set,pbx-web,pbx-rebuild-relay-588d79c5b9-vmmlz,2026-08-08T19:14:01.927000Z,1786216441.927,25391104.0,bytes,,,25391104.0,24.21484375
pbx-web,memory_working_set,pbx-web,pbx-rebuild-relay-588d79c5b9-vmmlz,2026-08-08T20:14:01.927000Z,1786220041.927,25391104.0,bytes,,,25391104.0,24.21484375
pbx-web,memory_working_set,pbx-web,pbx-rebuild-relay-588d79c5b9-vmmlz,2026-08-08T21:14:01.927000Z,1786223641.927,25473024.0,bytes,,,25473024.0,24.29296875
pbx-web,memory_working_set,pbx-web,pbx-rebuild-relay-588d79c5b9-vmmlz,2026-08-08T22:14:01.927000Z,1786227241.927,25509888.0,bytes,,,25509888.0,24.328125
pbx-web,memory_working_set,pbx-web,pbx-rebuild-relay-588d79c5b9-vmmlz,2026-08-08T23:14:01.927000Z,1786230841.927,25509888.0,bytes,,,25509888.0,24.328125
pbx-web,memory_working_set,pbx-web,pbx-rebuild-relay-588d79c5b9-vmmlz,2026-08-09T00:14:01.927000Z,1786234441.927,25509888.0,bytes,,,25509888.0,24.328125
pbx-web,memory_working_set,pbx-web,pbx-rebuild-relay-588d79c5b9-vmmlz,2026-08-09T01:14:01.927000Z,1786238041.927,25681920.0,bytes,,,25681920.0,24.4921875
pbx-web,memory_working_set,pbx-web,pbx-rebuild-relay-588d79c5b9-vmmlz,2026-08-09T02:14:01.927000Z,1786241641.927,25681920.0,bytes,,,25681920.0,24.4921875
pbx-web,memory_working_set,pbx-web,pbx-rebuild-relay-588d79c5b9-vmmlz,2026-08-09T03:14:01.927000Z,1786245241.927,25690112.0,bytes,,,25690112.0,24.5
pbx-web,memory_working_set,pbx-web,pbx-rebuild-relay-588d79c5b9-vmmlz,2026-08-09T04:14:01.927000Z,1786248841.927,25690112.0,bytes,,,25690112.0,24.5
pbx-web,memory_working_set,pbx-web,pbx-rebuild-relay-588d79c5b9-vmmlz,2026-08-09T05:14:01.927000Z,1786252441.927,25690112.0,bytes,,,25690112.0,24.5
pbx-web,memory_working_set,pbx-web,pbx-rebuild-relay-588d79c5b9-vmmlz,2026-08-09T06:14:01.927000Z,1786256041.927,25706496.0,bytes,,,25706496.0,24.515625
pbx-web,memory_working_set,pbx-web,pbx-rebuild-relay-588d79c5b9-vmmlz,2026-08-09T07:14:01.927000Z,1786259641.927,25800704.0,bytes,,,25800704.0,24.60546875
pbx-web,memory_working_set,pbx-web,pbx-rebuild-relay-588d79c5b9-vmmlz,2026-08-09T08:14:01.927000Z,1786263241.927,25804800.0,bytes,,,25804800.0,24.609375
pbx-web,memory_working_set,pbx-web,pbx-rebuild-relay-588d79c5b9-vmmlz,2026-08-09T09:14:01.927000Z,1786266841.927,25804800.0,bytes,,,25804800.0,24.609375
pbx-web,memory_working_set,pbx-web,pbx-rebuild-relay-588d79c5b9-vmmlz,2026-08-09T10:14:01.927000Z,1786270441.927,25804800.0,bytes,,,25804800.0,24.609375
pbx-web,memory_working_set,pbx-web,pbx-rebuild-relay-588d79c5b9-vmmlz,2026-08-09T11:14:01.927000Z,1786274041.927,25804800.0,bytes,,,25804800.0,24.609375
pbx-web,memory_working_set,pbx-web,pbx-rebuild-relay-588d79c5b9-vmmlz,2026-08-09T12:14:01.927000Z,1786277641.927,25804800.0,bytes,,,25804800.0,24.609375
pbx-web,memory_working_set,pbx-web,pbx-rebuild-relay-588d79c5b9-vmmlz,2026-08-09T13:14:01.927000Z,1786281241.927,25817088.0,bytes,,,25817088.0,24.62109375
pbx-web,memory_working_set,pbx-web,pbx-rebuild-relay-588d79c5b9-vmmlz,2026-08-09T14:14:01.927000Z,1786284841.927,25812992.0,bytes,,,25812992.0,24.6171875
pbx-web,memory_working_set,pbx-web,pbx-rebuild-relay-588d79c5b9-vmmlz,2026-08-09T15:14:01.927000Z,1786288441.927,25817088.0,bytes,,,25817088.0,24.62109375
pbx-web,memory_working_set,pbx-web,pbx-rebuild-relay-588d79c5b9-vmmlz,2026-08-09T16:14:01.927000Z,1786292041.927,25817088.0,bytes,,,25817088.0,24.62109375
pbx-web,memory_working_set,pbx-web,pbx-rebuild-relay-588d79c5b9-vmmlz,2026-08-09T17:14:01.927000Z,1786295641.927,25817088.0,bytes,,,25817088.0,24.62109375
pbx-web,memory_working_set,pbx-web,pbx-rebuild-relay-588d79c5b9-vmmlz,2026-08-09T18:14:01.927000Z,1786299241.927,25812992.0,bytes,,,25812992.0,24.6171875
pbx-web,memory_working_set,pbx-web,pbx-rebuild-relay-588d79c5b9-vmmlz,2026-08-09T19:14:01.927000Z,1786302841.927,25817088.0,bytes,,,25817088.0,24.62109375
pbx-web,memory_working_set,pbx-web,pbx-rebuild-relay-588d79c5b9-vmmlz,2026-08-09T20:14:01.927000Z,1786306441.927,25812992.0,bytes,,,25812992.0,24.6171875
pbx-web,memory_working_set,pbx-web,pbx-rebuild-relay-588d79c5b9-vmmlz,2026-08-09T21:14:01.927000Z,1786310041.927,25817088.0,bytes,,,25817088.0,24.62109375
pbx-web,memory_working_set,pbx-web,pbx-rebuild-relay-588d79c5b9-vmmlz,2026-08-09T22:14:01.927000Z,1786313641.927,26042368.0,bytes,,,26042368.0,24.8359375
pbx-web,memory_working_set,pbx-web,pbx-rebuild-relay-588d79c5b9-vmmlz,2026-08-09T23:14:01.927000Z,1786317241.927,26038272.0,bytes,,,26038272.0,24.83203125
pbx-web,memory_working_set,pbx-web,pbx-rebuild-relay-588d79c5b9-vmmlz,2026-08-10T00:14:01.927000Z,1786320841.927,26042368.0,bytes,,,26042368.0,24.8359375
pbx-web,memory_working_set,pbx-web,pbx-rebuild-relay-588d79c5b9-vmmlz,2026-08-10T01:14:01.927000Z,1786324441.927,26042368.0,bytes,,,26042368.0,24.8359375
pbx-web,memory_working_set,pbx-web,pbx-rebuild-relay-588d79c5b9-vmmlz,2026-08-10T02:14:01.927000Z,1786328041.927,26042368.0,bytes,,,26042368.0,24.8359375
pbx-web,memory_working_set,pbx-web,pbx-rebuild-relay-588d79c5b9-vmmlz,2026-08-10T03:14:01.927000Z,1786331641.927,26038272.0,bytes,,,26038272.0,24.83203125
pbx-web,memory_working_set,pbx-web,pbx-rebuild-relay-588d79c5b9-vmmlz,2026-08-10T04:14:01.927000Z,1786335241.927,26042368.0,bytes,,,26042368.0,24.8359375
pbx-web,memory_working_set,pbx-web,pbx-rebuild-relay-588d79c5b9-vmmlz,2026-08-10T05:14:01.927000Z,1786338841.927,26042368.0,bytes,,,26042368.0,24.8359375
pbx-web,memory_working_set,pbx-web,pbx-rebuild-relay-588d79c5b9-vmmlz,2026-08-10T06:14:01.927000Z,1786342441.927,26042368.0,bytes,,,26042368.0,24.8359375
pbx-web,memory_working_set,pbx-web,pbx-rebuild-relay-588d79c5b9-vmmlz,2026-08-10T07:14:01.927000Z,1786346041.927,26042368.0,bytes,,,26042368.0,24.8359375
pbx-web,memory_working_set,pbx-web,pbx-rebuild-relay-588d79c5b9-vmmlz,2026-08-10T08:14:01.927000Z,1786349641.927,26042368.0,bytes,,,26042368.0,24.8359375
pbx-web,memory_working_set,pbx-web,pbx-rebuild-relay-588d79c5b9-vmmlz,2026-08-10T09:14:01.927000Z,1786353241.927,26038272.0,bytes,,,26038272.0,24.83203125
pbx-web,memory_working_set,pbx-web,pbx-rebuild-relay-588d79c5b9-vmmlz,2026-08-10T10:14:01.927000Z,1786356841.927,26042368.0,bytes,,,26042368.0,24.8359375
pbx-web,memory_working_set,pbx-web,pbx-rebuild-relay-588d79c5b9-vmmlz,2026-08-10T11:14:01.927000Z,1786360441.927,26042368.0,bytes,,,26042368.0,24.8359375
pbx-web,memory_working_set,pbx-web,pbx-web-5ff68464d-mkn8n,2026-07-30T18:14:01.927000Z,1785435241.927,78778368.0,bytes,,,78778368.0,75.12890625
pbx-web,memory_working_set,pbx-web,pbx-web-5ff68464d-mkn8n,2026-07-30T19:14:01.927000Z,1785438841.927,78778368.0,bytes,,,78778368.0,75.12890625
pbx-web,memory_working_set,pbx-web,pbx-web-5ff68464d-mkn8n,2026-07-30T20:14:01.927000Z,1785442441.927,78897152.0,bytes,,,78897152.0,75.2421875
pbx-web,memory_working_set,pbx-web,pbx-web-5ff68464d-mkn8n,2026-07-30T21:14:01.927000Z,1785446041.927,78897152.0,bytes,,,78897152.0,75.2421875
pbx-web,memory_working_set,pbx-web,pbx-web-5ff68464d-mkn8n,2026-07-30T22:14:01.927000Z,1785449641.927,80879616.0,bytes,,,80879616.0,77.1328125
pbx-web,memory_working_set,pbx-web,pbx-web-5ff68464d-mkn8n,2026-07-30T23:14:01.927000Z,1785453241.927,80879616.0,bytes,,,80879616.0,77.1328125
pbx-web,memory_working_set,pbx-web,pbx-web-5ff68464d-mkn8n,2026-07-31T00:14:01.927000Z,1785456841.927,80879616.0,bytes,,,80879616.0,77.1328125
pbx-web,memory_working_set,pbx-web,pbx-web-5ff68464d-mkn8n,2026-07-31T01:14:01.927000Z,1785460441.927,80879616.0,bytes,,,80879616.0,77.1328125
pbx-web,memory_working_set,pbx-web,pbx-web-5ff68464d-mkn8n,2026-07-31T02:14:01.927000Z,1785464041.927,80879616.0,bytes,,,80879616.0,77.1328125
pbx-web,memory_working_set,pbx-web,pbx-web-5ff68464d-mkn8n,2026-07-31T03:14:01.927000Z,1785467641.927,80879616.0,bytes,,,80879616.0,77.1328125
pbx-web,memory_working_set,pbx-web,pbx-web-5ff68464d-mkn8n,2026-07-31T04:14:01.927000Z,1785471241.927,80879616.0,bytes,,,80879616.0,77.1328125
pbx-web,memory_working_set,pbx-web,pbx-web-5ff68464d-mkn8n,2026-07-31T05:14:01.927000Z,1785474841.927,80879616.0,bytes,,,80879616.0,77.1328125
pbx-web,memory_working_set,pbx-web,pbx-web-5ff68464d-mkn8n,2026-07-31T06:14:01.927000Z,1785478441.927,80879616.0,bytes,,,80879616.0,77.1328125
pbx-web,memory_working_set,pbx-web,pbx-web-5ff68464d-mkn8n,2026-07-31T07:14:01.927000Z,1785482041.927,80879616.0,bytes,,,80879616.0,77.1328125
pbx-web,memory_working_set,pbx-web,pbx-web-5ff68464d-mkn8n,2026-07-31T08:14:01.927000Z,1785485641.927,80879616.0,bytes,,,80879616.0,77.1328125
pbx-web,memory_working_set,pbx-web,pbx-web-5ff68464d-mkn8n,2026-07-31T09:14:01.927000Z,1785489241.927,80879616.0,bytes,,,80879616.0,77.1328125
pbx-web,memory_working_set,pbx-web,pbx-web-5ff68464d-mkn8n,2026-07-31T10:14:01.927000Z,1785492841.927,80879616.0,bytes,,,80879616.0,77.1328125
pbx-web,memory_working_set,pbx-web,pbx-web-5ff68464d-mkn8n,2026-07-31T11:14:01.927000Z,1785496441.927,80879616.0,bytes,,,80879616.0,77.1328125
pbx-web,memory_working_set,pbx-web,pbx-web-5ff68464d-mkn8n,2026-07-31T12:14:01.927000Z,1785500041.927,80879616.0,bytes,,,80879616.0,77.1328125
pbx-web,memory_working_set,pbx-web,pbx-web-5ff68464d-mkn8n,2026-07-31T13:14:01.927000Z,1785503641.927,80879616.0,bytes,,,80879616.0,77.1328125
pbx-web,memory_working_set,pbx-web,pbx-web-5ff68464d-mkn8n,2026-07-31T14:14:01.927000Z,1785507241.927,80879616.0,bytes,,,80879616.0,77.1328125
pbx-web,memory_working_set,pbx-web,pbx-web-5ff68464d-mkn8n,2026-07-31T15:14:01.927000Z,1785510841.927,80883712.0,bytes,,,80883712.0,77.13671875
pbx-web,memory_working_set,pbx-web,pbx-web-5ff68464d-mkn8n,2026-07-31T16:14:01.927000Z,1785514441.927,79024128.0,bytes,,,79024128.0,75.36328125
pbx-web,memory_working_set,pbx-web,pbx-web-5ff68464d-mkn8n,2026-07-31T17:14:01.927000Z,1785518041.927,79204352.0,bytes,,,79204352.0,75.53515625
pbx-web,memory_working_set,pbx-web,pbx-web-5ff68464d-mkn8n,2026-07-31T18:14:01.927000Z,1785521641.927,79204352.0,bytes,,,79204352.0,75.53515625
pbx-web,memory_working_set,pbx-web,pbx-web-5ff68464d-mkn8n,2026-07-31T19:14:01.927000Z,1785525241.927,79204352.0,bytes,,,79204352.0,75.53515625
pbx-web,memory_working_set,pbx-web,pbx-web-5ff68464d-mkn8n,2026-07-31T20:14:01.927000Z,1785528841.927,79204352.0,bytes,,,79204352.0,75.53515625
pbx-web,memory_working_set,pbx-web,pbx-web-5ff68464d-mkn8n,2026-07-31T21:14:01.927000Z,1785532441.927,79204352.0,bytes,,,79204352.0,75.53515625
pbx-web,memory_working_set,pbx-web,pbx-web-5ff68464d-mkn8n,2026-07-31T22:14:01.927000Z,1785536041.927,79204352.0,bytes,,,79204352.0,75.53515625
pbx-web,memory_working_set,pbx-web,pbx-web-5ff68464d-mkn8n,2026-07-31T23:14:01.927000Z,1785539641.927,79208448.0,bytes,,,79208448.0,75.5390625
pbx-web,memory_working_set,pbx-web,pbx-web-5ff68464d-mkn8n,2026-08-01T00:14:01.927000Z,1785543241.927,79204352.0,bytes,,,79204352.0,75.53515625
pbx-web,memory_working_set,pbx-web,pbx-web-5ff68464d-mkn8n,2026-08-01T01:14:01.927000Z,1785546841.927,79204352.0,bytes,,,79204352.0,75.53515625
pbx-web,memory_working_set,pbx-web,pbx-web-5ff68464d-mkn8n,2026-08-01T02:14:01.927000Z,1785550441.927,79204352.0,bytes,,,79204352.0,75.53515625
pbx-web,memory_working_set,pbx-web,pbx-web-5ff68464d-mkn8n,2026-08-01T03:14:01.927000Z,1785554041.927,79204352.0,bytes,,,79204352.0,75.53515625
pbx-web,memory_working_set,pbx-web,pbx-web-5ff68464d-mkn8n,2026-08-01T04:14:01.927000Z,1785557641.927,79204352.0,bytes,,,79204352.0,75.53515625
pbx-web,memory_working_set,pbx-web,pbx-web-5ff68464d-mkn8n,2026-08-01T05:14:01.927000Z,1785561241.927,79204352.0,bytes,,,79204352.0,75.53515625
pbx-web,memory_working_set,pbx-web,pbx-web-5ff68464d-mkn8n,2026-08-01T06:14:01.927000Z,1785564841.927,79204352.0,bytes,,,79204352.0,75.53515625
pbx-web,memory_working_set,pbx-web,pbx-web-5ff68464d-mkn8n,2026-08-01T07:14:01.927000Z,1785568441.927,79507456.0,bytes,,,79507456.0,75.82421875
pbx-web,memory_working_set,pbx-web,pbx-web-5ff68464d-mkn8n,2026-08-01T08:14:01.927000Z,1785572041.927,79507456.0,bytes,,,79507456.0,75.82421875
pbx-web,memory_working_set,pbx-web,pbx-web-5ff68464d-mkn8n,2026-08-01T09:14:01.927000Z,1785575641.927,79507456.0,bytes,,,79507456.0,75.82421875
pbx-web,memory_working_set,pbx-web,pbx-web-5ff68464d-mkn8n,2026-08-01T10:14:01.927000Z,1785579241.927,79507456.0,bytes,,,79507456.0,75.82421875
pbx-web,memory_working_set,pbx-web,pbx-web-5ff68464d-mkn8n,2026-08-01T11:14:01.927000Z,1785582841.927,79507456.0,bytes,,,79507456.0,75.82421875
pbx-web,memory_working_set,pbx-web,pbx-web-5ff68464d-mkn8n,2026-08-01T12:14:01.927000Z,1785586441.927,79507456.0,bytes,,,79507456.0,75.82421875
pbx-web,memory_working_set,pbx-web,pbx-web-5ff68464d-mkn8n,2026-08-01T13:14:01.927000Z,1785590041.927,79519744.0,bytes,,,79519744.0,75.8359375
pbx-web,memory_working_set,pbx-web,pbx-web-5ff68464d-mkn8n,2026-08-01T14:14:01.927000Z,1785593641.927,79519744.0,bytes,,,79519744.0,75.8359375
pbx-web,memory_working_set,pbx-web,pbx-web-5ff68464d-mkn8n,2026-08-01T15:14:01.927000Z,1785597241.927,79548416.0,bytes,,,79548416.0,75.86328125
pbx-web,memory_working_set,pbx-web,pbx-web-5ff68464d-mkn8n,2026-08-01T16:14:01.927000Z,1785600841.927,79548416.0,bytes,,,79548416.0,75.86328125
pbx-web,memory_working_set,pbx-web,pbx-web-5ff68464d-mkn8n,2026-08-01T17:14:01.927000Z,1785604441.927,79548416.0,bytes,,,79548416.0,75.86328125
pbx-web,memory_working_set,pbx-web,pbx-web-5ff68464d-mkn8n,2026-08-01T18:14:01.927000Z,1785608041.927,79548416.0,bytes,,,79548416.0,75.86328125
pbx-web,memory_working_set,pbx-web,pbx-web-5ff68464d-mkn8n,2026-08-01T19:14:01.927000Z,1785611641.927,79548416.0,bytes,,,79548416.0,75.86328125
pbx-web,memory_working_set,pbx-web,pbx-web-5ff68464d-mkn8n,2026-08-01T20:14:01.927000Z,1785615241.927,79548416.0,bytes,,,79548416.0,75.86328125
pbx-web,memory_working_set,pbx-web,pbx-web-5ff68464d-mkn8n,2026-08-01T21:14:01.927000Z,1785618841.927,79548416.0,bytes,,,79548416.0,75.86328125
pbx-web,memory_working_set,pbx-web,pbx-web-5ff68464d-mkn8n,2026-08-01T22:14:01.927000Z,1785622441.927,79548416.0,bytes,,,79548416.0,75.86328125
pbx-web,memory_working_set,pbx-web,pbx-web-5ff68464d-mkn8n,2026-08-01T23:14:01.927000Z,1785626041.927,79548416.0,bytes,,,79548416.0,75.86328125
pbx-web,memory_working_set,pbx-web,pbx-web-5ff68464d-mkn8n,2026-08-02T00:14:01.927000Z,1785629641.927,79548416.0,bytes,,,79548416.0,75.86328125
pbx-web,memory_working_set,pbx-web,pbx-web-5ff68464d-mkn8n,2026-08-02T01:14:01.927000Z,1785633241.927,79548416.0,bytes,,,79548416.0,75.86328125
pbx-web,memory_working_set,pbx-web,pbx-web-5ff68464d-mkn8n,2026-08-02T02:14:01.927000Z,1785636841.927,79548416.0,bytes,,,79548416.0,75.86328125
pbx-web,memory_working_set,pbx-web,pbx-web-5ff68464d-mkn8n,2026-08-02T03:14:01.927000Z,1785640441.927,79548416.0,bytes,,,79548416.0,75.86328125
pbx-web,memory_working_set,pbx-web,pbx-web-5ff68464d-mkn8n,2026-08-02T04:14:01.927000Z,1785644041.927,79548416.0,bytes,,,79548416.0,75.86328125
pbx-web,memory_working_set,pbx-web,pbx-web-5ff68464d-mkn8n,2026-08-02T05:14:01.927000Z,1785647641.927,79548416.0,bytes,,,79548416.0,75.86328125
pbx-web,memory_working_set,pbx-web,pbx-web-5ff68464d-mkn8n,2026-08-02T06:14:01.927000Z,1785651241.927,79548416.0,bytes,,,79548416.0,75.86328125
pbx-web,memory_working_set,pbx-web,pbx-web-5ff68464d-mkn8n,2026-08-02T07:14:01.927000Z,1785654841.927,79560704.0,bytes,,,79560704.0,75.875
pbx-web,memory_working_set,pbx-web,pbx-web-5ff68464d-mkn8n,2026-08-02T08:14:01.927000Z,1785658441.927,79560704.0,bytes,,,79560704.0,75.875
pbx-web,memory_working_set,pbx-web,pbx-web-5ff68464d-mkn8n,2026-08-02T09:14:01.927000Z,1785662041.927,79638528.0,bytes,,,79638528.0,75.94921875
pbx-web,memory_working_set,pbx-web,pbx-web-5ff68464d-mkn8n,2026-08-02T10:14:01.927000Z,1785665641.927,79638528.0,bytes,,,79638528.0,75.94921875
pbx-web,memory_working_set,pbx-web,pbx-web-5ff68464d-mkn8n,2026-08-02T11:14:01.927000Z,1785669241.927,79642624.0,bytes,,,79642624.0,75.953125
pbx-web,memory_working_set,pbx-web,pbx-web-5ff68464d-mkn8n,2026-08-02T12:14:01.927000Z,1785672841.927,79642624.0,bytes,,,79642624.0,75.953125
pbx-web,memory_working_set,pbx-web,pbx-web-5ff68464d-mkn8n,2026-08-02T13:14:01.927000Z,1785676441.927,79642624.0,bytes,,,79642624.0,75.953125
pbx-web,memory_working_set,pbx-web,pbx-web-5ff68464d-mkn8n,2026-08-02T14:14:01.927000Z,1785680041.927,79642624.0,bytes,,,79642624.0,75.953125
pbx-web,memory_working_set,pbx-web,pbx-web-5ff68464d-mkn8n,2026-08-02T15:14:01.927000Z,1785683641.927,79642624.0,bytes,,,79642624.0,75.953125
pbx-web,memory_working_set,pbx-web,pbx-web-5ff68464d-mkn8n,2026-08-02T16:14:01.927000Z,1785687241.927,79642624.0,bytes,,,79642624.0,75.953125
pbx-web,memory_working_set,pbx-web,pbx-web-5ff68464d-mkn8n,2026-08-02T17:14:01.927000Z,1785690841.927,79642624.0,bytes,,,79642624.0,75.953125
pbx-web,memory_working_set,pbx-web,pbx-web-5ff68464d-mkn8n,2026-08-02T18:14:01.927000Z,1785694441.927,79646720.0,bytes,,,79646720.0,75.95703125
pbx-web,memory_working_set,pbx-web,pbx-web-5ff68464d-mkn8n,2026-08-02T19:14:01.927000Z,1785698041.927,79642624.0,bytes,,,79642624.0,75.953125
pbx-web,memory_working_set,pbx-web,pbx-web-5ff68464d-mkn8n,2026-08-02T20:14:01.927000Z,1785701641.927,79642624.0,bytes,,,79642624.0,75.953125
pbx-web,memory_working_set,pbx-web,pbx-web-5ff68464d-mkn8n,2026-08-02T21:14:01.927000Z,1785705241.927,79642624.0,bytes,,,79642624.0,75.953125
pbx-web,memory_working_set,pbx-web,pbx-web-5ff68464d-mkn8n,2026-08-02T22:14:01.927000Z,1785708841.927,79642624.0,bytes,,,79642624.0,75.953125
pbx-web,memory_working_set,pbx-web,pbx-web-5ff68464d-mkn8n,2026-08-02T23:14:01.927000Z,1785712441.927,79642624.0,bytes,,,79642624.0,75.953125
pbx-web,memory_working_set,pbx-web,pbx-web-5ff68464d-mkn8n,2026-08-03T00:14:01.927000Z,1785716041.927,79642624.0,bytes,,,79642624.0,75.953125
pbx-web,memory_working_set,pbx-web,pbx-web-5ff68464d-mkn8n,2026-08-03T01:14:01.927000Z,1785719641.927,79642624.0,bytes,,,79642624.0,75.953125
pbx-web,memory_working_set,pbx-web,pbx-web-5ff68464d-mkn8n,2026-08-03T02:14:01.927000Z,1785723241.927,79642624.0,bytes,,,79642624.0,75.953125
pbx-web,memory_working_set,pbx-web,pbx-web-5ff68464d-mkn8n,2026-08-03T03:14:01.927000Z,1785726841.927,79642624.0,bytes,,,79642624.0,75.953125
pbx-web,memory_working_set,pbx-web,pbx-web-5ff68464d-mkn8n,2026-08-03T04:14:01.927000Z,1785730441.927,79642624.0,bytes,,,79642624.0,75.953125
pbx-web,memory_working_set,pbx-web,pbx-web-5ff68464d-mkn8n,2026-08-03T05:14:01.927000Z,1785734041.927,79642624.0,bytes,,,79642624.0,75.953125
pbx-web,memory_working_set,pbx-web,pbx-web-5ff68464d-mkn8n,2026-08-03T06:14:01.927000Z,1785737641.927,79642624.0,bytes,,,79642624.0,75.953125
pbx-web,memory_working_set,pbx-web,pbx-web-5ff68464d-mkn8n,2026-08-03T07:14:01.927000Z,1785741241.927,79642624.0,bytes,,,79642624.0,75.953125
pbx-web,memory_working_set,pbx-web,pbx-web-5ff68464d-mkn8n,2026-08-03T08:14:01.927000Z,1785744841.927,79642624.0,bytes,,,79642624.0,75.953125
pbx-web,memory_working_set,pbx-web,pbx-web-5ff68464d-mkn8n,2026-08-03T09:14:01.927000Z,1785748441.927,79642624.0,bytes,,,79642624.0,75.953125
pbx-web,memory_working_set,pbx-web,pbx-web-5ff68464d-mkn8n,2026-08-03T10:14:01.927000Z,1785752041.927,79642624.0,bytes,,,79642624.0,75.953125
pbx-web,memory_working_set,pbx-web,pbx-web-5ff68464d-mkn8n,2026-08-03T11:14:01.927000Z,1785755641.927,79642624.0,bytes,,,79642624.0,75.953125
pbx-web,memory_working_set,pbx-web,pbx-web-5ff68464d-mkn8n,2026-08-03T12:14:01.927000Z,1785759241.927,79646720.0,bytes,,,79646720.0,75.95703125
pbx-web,memory_working_set,pbx-web,pbx-web-5ff68464d-mkn8n,2026-08-03T13:14:01.927000Z,1785762841.927,79642624.0,bytes,,,79642624.0,75.953125
pbx-web,memory_working_set,pbx-web,pbx-web-5ff68464d-mkn8n,2026-08-03T14:14:01.927000Z,1785766441.927,79642624.0,bytes,,,79642624.0,75.953125
pbx-web,memory_working_set,pbx-web,pbx-web-5ff68464d-mkn8n,2026-08-03T15:14:01.927000Z,1785770041.927,79642624.0,bytes,,,79642624.0,75.953125
pbx-web,memory_working_set,pbx-web,pbx-web-5ff68464d-mkn8n,2026-08-03T16:14:01.927000Z,1785773641.927,79642624.0,bytes,,,79642624.0,75.953125
pbx-web,memory_working_set,pbx-web,pbx-web-5ff68464d-mkn8n,2026-08-03T17:14:01.927000Z,1785777241.927,79642624.0,bytes,,,79642624.0,75.953125
pbx-web,memory_working_set,pbx-web,pbx-web-5ff68464d-mkn8n,2026-08-03T18:14:01.927000Z,1785780841.927,79642624.0,bytes,,,79642624.0,75.953125
pbx-web,memory_working_set,pbx-web,pbx-web-5ff68464d-mkn8n,2026-08-03T19:14:01.927000Z,1785784441.927,79642624.0,bytes,,,79642624.0,75.953125
pbx-web,memory_working_set,pbx-web,pbx-web-5ff68464d-mkn8n,2026-08-03T20:14:01.927000Z,1785788041.927,79642624.0,bytes,,,79642624.0,75.953125
pbx-web,memory_working_set,pbx-web,pbx-web-5ff68464d-mkn8n,2026-08-03T21:14:01.927000Z,1785791641.927,79642624.0,bytes,,,79642624.0,75.953125
pbx-web,memory_working_set,pbx-web,pbx-web-5ff68464d-mkn8n,2026-08-03T22:14:01.927000Z,1785795241.927,79642624.0,bytes,,,79642624.0,75.953125
pbx-web,memory_working_set,pbx-web,pbx-web-5ff68464d-mkn8n,2026-08-03T23:14:01.927000Z,1785798841.927,79642624.0,bytes,,,79642624.0,75.953125
pbx-web,memory_working_set,pbx-web,pbx-web-5ff68464d-mkn8n,2026-08-04T00:14:01.927000Z,1785802441.927,79642624.0,bytes,,,79642624.0,75.953125
pbx-web,memory_working_set,pbx-web,pbx-web-5ff68464d-mkn8n,2026-08-04T01:14:01.927000Z,1785806041.927,79642624.0,bytes,,,79642624.0,75.953125
pbx-web,memory_working_set,pbx-web,pbx-web-5ff68464d-mkn8n,2026-08-04T02:14:01.927000Z,1785809641.927,79642624.0,bytes,,,79642624.0,75.953125
pbx-web,memory_working_set,pbx-web,pbx-web-5ff68464d-mkn8n,2026-08-04T03:14:01.927000Z,1785813241.927,79642624.0,bytes,,,79642624.0,75.953125
pbx-web,memory_working_set,pbx-web,pbx-web-5ff68464d-mkn8n,2026-08-04T04:14:01.927000Z,1785816841.927,79642624.0,bytes,,,79642624.0,75.953125
pbx-web,memory_working_set,pbx-web,pbx-web-5ff68464d-mkn8n,2026-08-04T05:14:01.927000Z,1785820441.927,79642624.0,bytes,,,79642624.0,75.953125
pbx-web,memory_working_set,pbx-web,pbx-web-5ff68464d-mkn8n,2026-08-04T06:14:01.927000Z,1785824041.927,79642624.0,bytes,,,79642624.0,75.953125
pbx-web,memory_working_set,pbx-web,pbx-web-5ff68464d-mkn8n,2026-08-04T07:14:01.927000Z,1785827641.927,79642624.0,bytes,,,79642624.0,75.953125
pbx-web,memory_working_set,pbx-web,pbx-web-5ff68464d-mkn8n,2026-08-04T08:14:01.927000Z,1785831241.927,79642624.0,bytes,,,79642624.0,75.953125
pbx-web,memory_working_set,pbx-web,pbx-web-5ff68464d-mkn8n,2026-08-04T09:14:01.927000Z,1785834841.927,79642624.0,bytes,,,79642624.0,75.953125
pbx-web,memory_working_set,pbx-web,pbx-web-5ff68464d-mkn8n,2026-08-04T10:14:01.927000Z,1785838441.927,79642624.0,bytes,,,79642624.0,75.953125
pbx-web,memory_working_set,pbx-web,pbx-web-5ff68464d-mkn8n,2026-08-04T11:14:01.927000Z,1785842041.927,79642624.0,bytes,,,79642624.0,75.953125
pbx-web,memory_working_set,pbx-web,pbx-web-5ff68464d-mkn8n,2026-08-04T12:14:01.927000Z,1785845641.927,79642624.0,bytes,,,79642624.0,75.953125
pbx-web,memory_working_set,pbx-web,pbx-web-5ff68464d-mkn8n,2026-08-04T13:14:01.927000Z,1785849241.927,79347712.0,bytes,,,79347712.0,75.671875
pbx-web,memory_working_set,pbx-web,pbx-web-5ff68464d-mkn8n,2026-08-04T14:14:01.927000Z,1785852841.927,79343616.0,bytes,,,79343616.0,75.66796875
pbx-web,memory_working_set,pbx-web,pbx-web-5ff68464d-mkn8n,2026-08-04T15:14:01.927000Z,1785856441.927,79343616.0,bytes,,,79343616.0,75.66796875
pbx-web,memory_working_set,pbx-web,pbx-web-5ff68464d-mkn8n,2026-08-04T16:14:01.927000Z,1785860041.927,79343616.0,bytes,,,79343616.0,75.66796875
pbx-web,memory_working_set,pbx-web,pbx-web-5ff68464d-mkn8n,2026-08-04T17:14:01.927000Z,1785863641.927,79343616.0,bytes,,,79343616.0,75.66796875
pbx-web,memory_working_set,pbx-web,pbx-web-5ff68464d-mkn8n,2026-08-04T18:14:01.927000Z,1785867241.927,79482880.0,bytes,,,79482880.0,75.80078125
pbx-web,memory_working_set,pbx-web,pbx-web-5ff68464d-mkn8n,2026-08-04T19:14:01.927000Z,1785870841.927,79560704.0,bytes,,,79560704.0,75.875
pbx-web,memory_working_set,pbx-web,pbx-web-5ff68464d-mkn8n,2026-08-04T20:14:01.927000Z,1785874441.927,79560704.0,bytes,,,79560704.0,75.875
pbx-web,memory_working_set,pbx-web,pbx-web-5ff68464d-mkn8n,2026-08-04T21:14:01.927000Z,1785878041.927,79560704.0,bytes,,,79560704.0,75.875
pbx-web,memory_working_set,pbx-web,pbx-web-5ff68464d-mkn8n,2026-08-04T22:14:01.927000Z,1785881641.927,79560704.0,bytes,,,79560704.0,75.875
pbx-web,memory_working_set,pbx-web,pbx-web-5ff68464d-mkn8n,2026-08-04T23:14:01.927000Z,1785885241.927,79560704.0,bytes,,,79560704.0,75.875
pbx-web,memory_working_set,pbx-web,pbx-web-5ff68464d-mkn8n,2026-08-05T00:14:01.927000Z,1785888841.927,79560704.0,bytes,,,79560704.0,75.875
pbx-web,memory_working_set,pbx-web,pbx-web-5ff68464d-mkn8n,2026-08-05T01:14:01.927000Z,1785892441.927,79560704.0,bytes,,,79560704.0,75.875
pbx-web,memory_working_set,pbx-web,pbx-web-5ff68464d-mkn8n,2026-08-05T02:14:01.927000Z,1785896041.927,79560704.0,bytes,,,79560704.0,75.875
pbx-web,memory_working_set,pbx-web,pbx-web-5ff68464d-mkn8n,2026-08-05T03:14:01.927000Z,1785899641.927,79560704.0,bytes,,,79560704.0,75.875
pbx-web,memory_working_set,pbx-web,pbx-web-5ff68464d-mkn8n,2026-08-05T04:14:01.927000Z,1785903241.927,79560704.0,bytes,,,79560704.0,75.875
pbx-web,memory_working_set,pbx-web,pbx-web-5ff68464d-mkn8n,2026-08-05T05:14:01.927000Z,1785906841.927,79560704.0,bytes,,,79560704.0,75.875
pbx-web,memory_working_set,pbx-web,pbx-web-5ff68464d-mkn8n,2026-08-05T06:14:01.927000Z,1785910441.927,79560704.0,bytes,,,79560704.0,75.875
pbx-web,memory_working_set,pbx-web,pbx-web-5ff68464d-mkn8n,2026-08-05T07:14:01.927000Z,1785914041.927,79560704.0,bytes,,,79560704.0,75.875
pbx-web,memory_working_set,pbx-web,pbx-web-5ff68464d-mkn8n,2026-08-05T08:14:01.927000Z,1785917641.927,79560704.0,bytes,,,79560704.0,75.875
pbx-web,memory_working_set,pbx-web,pbx-web-5ff68464d-mkn8n,2026-08-05T09:14:01.927000Z,1785921241.927,79560704.0,bytes,,,79560704.0,75.875
pbx-web,memory_working_set,pbx-web,pbx-web-5ff68464d-mkn8n,2026-08-05T10:14:01.927000Z,1785924841.927,79560704.0,bytes,,,79560704.0,75.875
pbx-web,memory_working_set,pbx-web,pbx-web-5ff68464d-mkn8n,2026-08-05T11:14:01.927000Z,1785928441.927,79560704.0,bytes,,,79560704.0,75.875
pbx-web,memory_working_set,pbx-web,pbx-web-5ff68464d-mkn8n,2026-08-05T12:14:01.927000Z,1785932041.927,79560704.0,bytes,,,79560704.0,75.875
pbx-web,memory_working_set,pbx-web,pbx-web-5ff68464d-mkn8n,2026-08-05T13:14:01.927000Z,1785935641.927,79536128.0,bytes,,,79536128.0,75.8515625
pbx-web,memory_working_set,pbx-web,pbx-web-5ff68464d-mkn8n,2026-08-05T14:14:01.927000Z,1785939241.927,79560704.0,bytes,,,79560704.0,75.875
pbx-web,memory_working_set,pbx-web,pbx-web-5ff68464d-mkn8n,2026-08-05T15:14:01.927000Z,1785942841.927,79691776.0,bytes,,,79691776.0,76.0
pbx-web,memory_working_set,pbx-web,pbx-web-5ff68464d-mkn8n,2026-08-05T16:14:01.927000Z,1785946441.927,79691776.0,bytes,,,79691776.0,76.0
pbx-web,memory_working_set,pbx-web,pbx-web-5ff68464d-mkn8n,2026-08-05T17:14:01.927000Z,1785950041.927,79687680.0,bytes,,,79687680.0,75.99609375
pbx-web,memory_working_set,pbx-web,pbx-web-5ff68464d-mkn8n,2026-08-05T18:14:01.927000Z,1785953641.927,79687680.0,bytes,,,79687680.0,75.99609375
pbx-web,memory_working_set,pbx-web,pbx-web-5ff68464d-mkn8n,2026-08-05T19:14:01.927000Z,1785957241.927,79683584.0,bytes,,,79683584.0,75.9921875
pbx-web,memory_working_set,pbx-web,pbx-web-5ff68464d-mkn8n,2026-08-05T20:14:01.927000Z,1785960841.927,79757312.0,bytes,,,79757312.0,76.0625
pbx-web,memory_working_set,pbx-web,pbx-web-5ff68464d-mkn8n,2026-08-05T21:14:01.927000Z,1785964441.927,79769600.0,bytes,,,79769600.0,76.07421875
pbx-web,memory_working_set,pbx-web,pbx-web-5ff68464d-mkn8n,2026-08-05T22:14:01.927000Z,1785968041.927,79831040.0,bytes,,,79831040.0,76.1328125
pbx-web,memory_working_set,pbx-web,pbx-web-5ff68464d-mkn8n,2026-08-05T23:14:01.927000Z,1785971641.927,79831040.0,bytes,,,79831040.0,76.1328125
pbx-web,memory_working_set,pbx-web,pbx-web-5ff68464d-mkn8n,2026-08-06T00:14:01.927000Z,1785975241.927,79798272.0,bytes,,,79798272.0,76.1015625
pbx-web,memory_working_set,pbx-web,pbx-web-5ff68464d-mkn8n,2026-08-06T01:14:01.927000Z,1785978841.927,79790080.0,bytes,,,79790080.0,76.09375
pbx-web,memory_working_set,pbx-web,pbx-web-5ff68464d-mkn8n,2026-08-06T02:14:01.927000Z,1785982441.927,80154624.0,bytes,,,80154624.0,76.44140625
pbx-web,memory_working_set,pbx-web,pbx-web-5ff68464d-mkn8n,2026-08-06T03:14:01.927000Z,1785986041.927,80154624.0,bytes,,,80154624.0,76.44140625
pbx-web,memory_working_set,pbx-web,pbx-web-5ff68464d-mkn8n,2026-08-06T04:14:01.927000Z,1785989641.927,80154624.0,bytes,,,80154624.0,76.44140625
pbx-web,memory_working_set,pbx-web,pbx-web-5ff68464d-mkn8n,2026-08-06T05:14:01.927000Z,1785993241.927,80146432.0,bytes,,,80146432.0,76.43359375
pbx-web,memory_working_set,pbx-web,pbx-web-5ff68464d-mkn8n,2026-08-06T06:14:01.927000Z,1785996841.927,80138240.0,bytes,,,80138240.0,76.42578125
pbx-web,memory_working_set,pbx-web,pbx-web-5ff68464d-mkn8n,2026-08-06T07:14:01.927000Z,1786000441.927,80138240.0,bytes,,,80138240.0,76.42578125
pbx-web,memory_working_set,pbx-web,pbx-web-5ff68464d-mkn8n,2026-08-06T08:14:01.927000Z,1786004041.927,80138240.0,bytes,,,80138240.0,76.42578125
pbx-web,memory_working_set,pbx-web,pbx-web-5ff68464d-mkn8n,2026-08-06T09:14:01.927000Z,1786007641.927,80138240.0,bytes,,,80138240.0,76.42578125
pbx-web,memory_working_set,pbx-web,pbx-web-5ff68464d-mkn8n,2026-08-06T10:14:01.927000Z,1786011241.927,80138240.0,bytes,,,80138240.0,76.42578125
pbx-web,memory_working_set,pbx-web,pbx-web-5ff68464d-mkn8n,2026-08-06T11:14:01.927000Z,1786014841.927,80138240.0,bytes,,,80138240.0,76.42578125
pbx-web,memory_working_set,pbx-web,pbx-web-5ff68464d-mkn8n,2026-08-06T12:14:01.927000Z,1786018441.927,80138240.0,bytes,,,80138240.0,76.42578125
pbx-web,memory_working_set,pbx-web,pbx-web-5ff68464d-mkn8n,2026-08-06T13:14:01.927000Z,1786022041.927,80138240.0,bytes,,,80138240.0,76.42578125
pbx-web,memory_working_set,pbx-web,pbx-web-5ff68464d-mkn8n,2026-08-06T14:14:01.927000Z,1786025641.927,80138240.0,bytes,,,80138240.0,76.42578125
pbx-web,memory_working_set,pbx-web,pbx-web-5ff68464d-mkn8n,2026-08-06T15:14:01.927000Z,1786029241.927,80138240.0,bytes,,,80138240.0,76.42578125
pbx-web,memory_working_set,pbx-web,pbx-web-5ff68464d-mkn8n,2026-08-06T16:14:01.927000Z,1786032841.927,80138240.0,bytes,,,80138240.0,76.42578125
pbx-web,memory_working_set,pbx-web,pbx-web-5ff68464d-mkn8n,2026-08-06T17:14:01.927000Z,1786036441.927,80138240.0,bytes,,,80138240.0,76.42578125
pbx-web,memory_working_set,pbx-web,pbx-web-5ff68464d-mkn8n,2026-08-06T18:14:01.927000Z,1786040041.927,80138240.0,bytes,,,80138240.0,76.42578125
pbx-web,memory_working_set,pbx-web,pbx-web-5ff68464d-mkn8n,2026-08-06T19:14:01.927000Z,1786043641.927,80171008.0,bytes,,,80171008.0,76.45703125
pbx-web,memory_working_set,pbx-web,pbx-web-5ff68464d-mkn8n,2026-08-06T20:14:01.927000Z,1786047241.927,80171008.0,bytes,,,80171008.0,76.45703125
pbx-web,memory_working_set,pbx-web,pbx-web-5ff68464d-mkn8n,2026-08-06T21:14:01.927000Z,1786050841.927,80171008.0,bytes,,,80171008.0,76.45703125
pbx-web,memory_working_set,pbx-web,pbx-web-5ff68464d-mkn8n,2026-08-06T22:14:01.927000Z,1786054441.927,80171008.0,bytes,,,80171008.0,76.45703125
pbx-web,memory_working_set,pbx-web,pbx-web-5ff68464d-mkn8n,2026-08-06T23:14:01.927000Z,1786058041.927,80171008.0,bytes,,,80171008.0,76.45703125
pbx-web,memory_working_set,pbx-web,pbx-web-5ff68464d-mkn8n,2026-08-07T00:14:01.927000Z,1786061641.927,80162816.0,bytes,,,80162816.0,76.44921875
pbx-web,memory_working_set,pbx-web,pbx-web-5ff68464d-mkn8n,2026-08-07T01:14:01.927000Z,1786065241.927,80158720.0,bytes,,,80158720.0,76.4453125
pbx-web,memory_working_set,pbx-web,pbx-web-5ff68464d-mkn8n,2026-08-07T02:14:01.927000Z,1786068841.927,80138240.0,bytes,,,80138240.0,76.42578125
pbx-web,memory_working_set,pbx-web,pbx-web-5ff68464d-mkn8n,2026-08-07T03:14:01.927000Z,1786072441.927,80138240.0,bytes,,,80138240.0,76.42578125
pbx-web,memory_working_set,pbx-web,pbx-web-5ff68464d-mkn8n,2026-08-07T04:14:01.927000Z,1786076041.927,80138240.0,bytes,,,80138240.0,76.42578125
pbx-web,memory_working_set,pbx-web,pbx-web-5ff68464d-mkn8n,2026-08-07T05:14:01.927000Z,1786079641.927,80138240.0,bytes,,,80138240.0,76.42578125
pbx-web,memory_working_set,pbx-web,pbx-web-5ff68464d-mkn8n,2026-08-07T06:14:01.927000Z,1786083241.927,80138240.0,bytes,,,80138240.0,76.42578125
pbx-web,memory_working_set,pbx-web,pbx-web-5ff68464d-mkn8n,2026-08-07T07:14:01.927000Z,1786086841.927,80138240.0,bytes,,,80138240.0,76.42578125
pbx-web,memory_working_set,pbx-web,pbx-web-5ff68464d-mkn8n,2026-08-07T08:14:01.927000Z,1786090441.927,80138240.0,bytes,,,80138240.0,76.42578125
pbx-web,memory_working_set,pbx-web,pbx-web-5ff68464d-mkn8n,2026-08-07T09:14:01.927000Z,1786094041.927,80138240.0,bytes,,,80138240.0,76.42578125
pbx-web,memory_working_set,pbx-web,pbx-web-5ff68464d-mkn8n,2026-08-07T10:14:01.927000Z,1786097641.927,80138240.0,bytes,,,80138240.0,76.42578125
pbx-web,memory_working_set,pbx-web,pbx-web-5ff68464d-mkn8n,2026-08-07T11:14:01.927000Z,1786101241.927,80138240.0,bytes,,,80138240.0,76.42578125
pbx-web,memory_working_set,pbx-web,pbx-web-5ff68464d-mkn8n,2026-08-07T12:14:01.927000Z,1786104841.927,80138240.0,bytes,,,80138240.0,76.42578125
pbx-web,memory_working_set,pbx-web,pbx-web-5ff68464d-mkn8n,2026-08-07T13:14:01.927000Z,1786108441.927,80138240.0,bytes,,,80138240.0,76.42578125
pbx-web,memory_working_set,pbx-web,pbx-web-5ff68464d-mkn8n,2026-08-07T14:14:01.927000Z,1786112041.927,80138240.0,bytes,,,80138240.0,76.42578125
pbx-web,memory_working_set,pbx-web,pbx-web-5ff68464d-mkn8n,2026-08-07T15:14:01.927000Z,1786115641.927,80433152.0,bytes,,,80433152.0,76.70703125
pbx-web,memory_working_set,pbx-web,pbx-web-5ff68464d-mkn8n,2026-08-07T16:14:01.927000Z,1786119241.927,81756160.0,bytes,,,81756160.0,77.96875
pbx-web,memory_working_set,pbx-web,pbx-web-5ff68464d-mkn8n,2026-08-07T17:14:01.927000Z,1786122841.927,81874944.0,bytes,,,81874944.0,78.08203125
pbx-web,memory_working_set,pbx-web,pbx-web-5ff68464d-mkn8n,2026-08-07T18:14:01.927000Z,1786126441.927,81879040.0,bytes,,,81879040.0,78.0859375
pbx-web,memory_working_set,pbx-web,pbx-web-5ff68464d-mkn8n,2026-08-07T19:14:01.927000Z,1786130041.927,81874944.0,bytes,,,81874944.0,78.08203125
pbx-web,memory_working_set,pbx-web,pbx-web-5ff68464d-mkn8n,2026-08-07T20:14:01.927000Z,1786133641.927,81948672.0,bytes,,,81948672.0,78.15234375
pbx-web,memory_working_set,pbx-web,pbx-web-5ff68464d-mkn8n,2026-08-07T21:14:01.927000Z,1786137241.927,82096128.0,bytes,,,82096128.0,78.29296875
pbx-web,memory_working_set,pbx-web,pbx-web-5ff68464d-mkn8n,2026-08-07T22:14:01.927000Z,1786140841.927,82096128.0,bytes,,,82096128.0,78.29296875
pbx-web,memory_working_set,pbx-web,pbx-web-5ff68464d-mkn8n,2026-08-07T23:14:01.927000Z,1786144441.927,82096128.0,bytes,,,82096128.0,78.29296875
pbx-web,memory_working_set,pbx-web,pbx-web-5ff68464d-mkn8n,2026-08-08T00:14:01.927000Z,1786148041.927,82092032.0,bytes,,,82092032.0,78.2890625
pbx-web,memory_working_set,pbx-web,pbx-web-5ff68464d-mkn8n,2026-08-08T01:14:01.927000Z,1786151641.927,82092032.0,bytes,,,82092032.0,78.2890625
pbx-web,memory_working_set,pbx-web,pbx-web-5ff68464d-mkn8n,2026-08-08T02:14:01.927000Z,1786155241.927,82092032.0,bytes,,,82092032.0,78.2890625
pbx-web,memory_working_set,pbx-web,pbx-web-5ff68464d-mkn8n,2026-08-08T03:14:01.927000Z,1786158841.927,82087936.0,bytes,,,82087936.0,78.28515625
pbx-web,memory_working_set,pbx-web,pbx-web-5ff68464d-mkn8n,2026-08-08T04:14:01.927000Z,1786162441.927,82087936.0,bytes,,,82087936.0,78.28515625
pbx-web,memory_working_set,pbx-web,pbx-web-5ff68464d-mkn8n,2026-08-08T05:14:01.927000Z,1786166041.927,82087936.0,bytes,,,82087936.0,78.28515625
pbx-web,memory_working_set,pbx-web,pbx-web-5ff68464d-mkn8n,2026-08-08T06:14:01.927000Z,1786169641.927,82087936.0,bytes,,,82087936.0,78.28515625
pbx-web,memory_working_set,pbx-web,pbx-web-5ff68464d-mkn8n,2026-08-08T07:14:01.927000Z,1786173241.927,82087936.0,bytes,,,82087936.0,78.28515625
pbx-web,memory_working_set,pbx-web,pbx-web-5ff68464d-mkn8n,2026-08-08T08:14:01.927000Z,1786176841.927,82087936.0,bytes,,,82087936.0,78.28515625
pbx-web,memory_working_set,pbx-web,pbx-web-5ff68464d-mkn8n,2026-08-08T09:14:01.927000Z,1786180441.927,82087936.0,bytes,,,82087936.0,78.28515625
pbx-web,memory_working_set,pbx-web,pbx-web-5ff68464d-mkn8n,2026-08-08T10:14:01.927000Z,1786184041.927,82087936.0,bytes,,,82087936.0,78.28515625
pbx-web,memory_working_set,pbx-web,pbx-web-5ff68464d-mkn8n,2026-08-08T11:14:01.927000Z,1786187641.927,82087936.0,bytes,,,82087936.0,78.28515625
pbx-web,memory_working_set,pbx-web,pbx-web-5ff68464d-mkn8n,2026-08-08T12:14:01.927000Z,1786191241.927,82079744.0,bytes,,,82079744.0,78.27734375
pbx-web,memory_working_set,pbx-web,pbx-web-5ff68464d-mkn8n,2026-08-08T13:14:01.927000Z,1786194841.927,82071552.0,bytes,,,82071552.0,78.26953125
pbx-web,memory_working_set,pbx-web,pbx-web-5ff68464d-mkn8n,2026-08-08T14:14:01.927000Z,1786198441.927,82071552.0,bytes,,,82071552.0,78.26953125
pbx-web,memory_working_set,pbx-web,pbx-web-5ff68464d-mkn8n,2026-08-08T15:14:01.927000Z,1786202041.927,82071552.0,bytes,,,82071552.0,78.26953125
pbx-web,memory_working_set,pbx-web,pbx-web-5ff68464d-mkn8n,2026-08-08T16:14:01.927000Z,1786205641.927,82071552.0,bytes,,,82071552.0,78.26953125
pbx-web,memory_working_set,pbx-web,pbx-web-5ff68464d-mkn8n,2026-08-08T17:14:01.927000Z,1786209241.927,82063360.0,bytes,,,82063360.0,78.26171875
pbx-web,memory_working_set,pbx-web,pbx-web-5ff68464d-mkn8n,2026-08-08T18:14:01.927000Z,1786212841.927,82063360.0,bytes,,,82063360.0,78.26171875
pbx-web,memory_working_set,pbx-web,pbx-web-5ff68464d-mkn8n,2026-08-08T19:14:01.927000Z,1786216441.927,82022400.0,bytes,,,82022400.0,78.22265625
pbx-web,memory_working_set,pbx-web,pbx-web-5ff68464d-qx45p,2026-08-08T20:14:01.927000Z,1786220041.927,59764736.0,bytes,,,59764736.0,56.99609375
pbx-web,memory_working_set,pbx-web,pbx-web-5ff68464d-qx45p,2026-08-08T21:14:01.927000Z,1786223641.927,62201856.0,bytes,,,62201856.0,59.3203125
pbx-web,memory_working_set,pbx-web,pbx-web-5ff68464d-qx45p,2026-08-08T22:14:01.927000Z,1786227241.927,62205952.0,bytes,,,62205952.0,59.32421875
pbx-web,memory_working_set,pbx-web,pbx-web-5ff68464d-qx45p,2026-08-08T23:14:01.927000Z,1786230841.927,62201856.0,bytes,,,62201856.0,59.3203125
pbx-web,memory_working_set,pbx-web,pbx-web-5ff68464d-qx45p,2026-08-09T00:14:01.927000Z,1786234441.927,62201856.0,bytes,,,62201856.0,59.3203125
pbx-web,memory_working_set,pbx-web,pbx-web-5ff68464d-qx45p,2026-08-09T01:14:01.927000Z,1786238041.927,62472192.0,bytes,,,62472192.0,59.578125
pbx-web,memory_working_set,pbx-web,pbx-web-5ff68464d-qx45p,2026-08-09T02:14:01.927000Z,1786241641.927,62472192.0,bytes,,,62472192.0,59.578125
pbx-web,memory_working_set,pbx-web,pbx-web-5ff68464d-qx45p,2026-08-09T03:14:01.927000Z,1786245241.927,62472192.0,bytes,,,62472192.0,59.578125
pbx-web,memory_working_set,pbx-web,pbx-web-5ff68464d-qx45p,2026-08-09T04:14:01.927000Z,1786248841.927,62472192.0,bytes,,,62472192.0,59.578125
pbx-web,memory_working_set,pbx-web,pbx-web-5ff68464d-qx45p,2026-08-09T05:14:01.927000Z,1786252441.927,62472192.0,bytes,,,62472192.0,59.578125
pbx-web,memory_working_set,pbx-web,pbx-web-5ff68464d-qx45p,2026-08-09T06:14:01.927000Z,1786256041.927,62468096.0,bytes,,,62468096.0,59.57421875
pbx-web,memory_working_set,pbx-web,pbx-web-5ff68464d-qx45p,2026-08-09T07:14:01.927000Z,1786259641.927,62472192.0,bytes,,,62472192.0,59.578125
pbx-web,memory_working_set,pbx-web,pbx-web-5ff68464d-qx45p,2026-08-09T08:14:01.927000Z,1786263241.927,62521344.0,bytes,,,62521344.0,59.625
pbx-web,memory_working_set,pbx-web,pbx-web-5ff68464d-qx45p,2026-08-09T09:14:01.927000Z,1786266841.927,62468096.0,bytes,,,62468096.0,59.57421875
pbx-web,memory_working_set,pbx-web,pbx-web-5ff68464d-qx45p,2026-08-09T10:14:01.927000Z,1786270441.927,62468096.0,bytes,,,62468096.0,59.57421875
pbx-web,memory_working_set,pbx-web,pbx-web-5ff68464d-qx45p,2026-08-09T11:14:01.927000Z,1786274041.927,62468096.0,bytes,,,62468096.0,59.57421875
pbx-web,memory_working_set,pbx-web,pbx-web-5ff68464d-qx45p,2026-08-09T12:14:01.927000Z,1786277641.927,62472192.0,bytes,,,62472192.0,59.578125
pbx-web,memory_working_set,pbx-web,pbx-web-5ff68464d-qx45p,2026-08-09T13:14:01.927000Z,1786281241.927,62472192.0,bytes,,,62472192.0,59.578125
pbx-web,memory_working_set,pbx-web,pbx-web-5ff68464d-qx45p,2026-08-09T14:14:01.927000Z,1786284841.927,62468096.0,bytes,,,62468096.0,59.57421875
pbx-web,memory_working_set,pbx-web,pbx-web-5ff68464d-qx45p,2026-08-09T15:14:01.927000Z,1786288441.927,62468096.0,bytes,,,62468096.0,59.57421875
pbx-web,memory_working_set,pbx-web,pbx-web-5ff68464d-qx45p,2026-08-09T16:14:01.927000Z,1786292041.927,62468096.0,bytes,,,62468096.0,59.57421875
pbx-web,memory_working_set,pbx-web,pbx-web-5ff68464d-qx45p,2026-08-09T17:14:01.927000Z,1786295641.927,62472192.0,bytes,,,62472192.0,59.578125
pbx-web,memory_working_set,pbx-web,pbx-web-5ff68464d-qx45p,2026-08-09T18:14:01.927000Z,1786299241.927,62468096.0,bytes,,,62468096.0,59.57421875
pbx-web,memory_working_set,pbx-web,pbx-web-5ff68464d-qx45p,2026-08-09T19:14:01.927000Z,1786302841.927,62472192.0,bytes,,,62472192.0,59.578125
pbx-web,memory_working_set,pbx-web,pbx-web-5ff68464d-qx45p,2026-08-09T20:14:01.927000Z,1786306441.927,62468096.0,bytes,,,62468096.0,59.57421875
pbx-web,memory_working_set,pbx-web,pbx-web-5ff68464d-qx45p,2026-08-09T21:14:01.927000Z,1786310041.927,62468096.0,bytes,,,62468096.0,59.57421875
pbx-web,memory_working_set,pbx-web,pbx-web-5ff68464d-qx45p,2026-08-09T22:14:01.927000Z,1786313641.927,62468096.0,bytes,,,62468096.0,59.57421875
pbx-web,memory_working_set,pbx-web,pbx-web-5ff68464d-qx45p,2026-08-09T23:14:01.927000Z,1786317241.927,62468096.0,bytes,,,62468096.0,59.57421875
pbx-web,memory_working_set,pbx-web,pbx-web-5ff68464d-qx45p,2026-08-10T00:14:01.927000Z,1786320841.927,62472192.0,bytes,,,62472192.0,59.578125
pbx-web,memory_working_set,pbx-web,pbx-web-5ff68464d-qx45p,2026-08-10T01:14:01.927000Z,1786324441.927,62468096.0,bytes,,,62468096.0,59.57421875
pbx-web,memory_working_set,pbx-web,pbx-web-5ff68464d-qx45p,2026-08-10T02:14:01.927000Z,1786328041.927,62468096.0,bytes,,,62468096.0,59.57421875
pbx-web,memory_working_set,pbx-web,pbx-web-5ff68464d-qx45p,2026-08-10T03:14:01.927000Z,1786331641.927,62472192.0,bytes,,,62472192.0,59.578125
pbx-web,memory_working_set,pbx-web,pbx-web-5ff68464d-qx45p,2026-08-10T04:14:01.927000Z,1786335241.927,62468096.0,bytes,,,62468096.0,59.57421875
pbx-web,memory_working_set,pbx-web,pbx-web-5ff68464d-qx45p,2026-08-10T05:14:01.927000Z,1786338841.927,62472192.0,bytes,,,62472192.0,59.578125
pbx-web,memory_working_set,pbx-web,pbx-web-5ff68464d-qx45p,2026-08-10T06:14:01.927000Z,1786342441.927,62472192.0,bytes,,,62472192.0,59.578125
pbx-web,memory_working_set,pbx-web,pbx-web-5ff68464d-qx45p,2026-08-10T07:14:01.927000Z,1786346041.927,62472192.0,bytes,,,62472192.0,59.578125
pbx-web,memory_working_set,pbx-web,pbx-web-5ff68464d-qx45p,2026-08-10T08:14:01.927000Z,1786349641.927,62472192.0,bytes,,,62472192.0,59.578125
pbx-web,memory_working_set,pbx-web,pbx-web-5ff68464d-qx45p,2026-08-10T09:14:01.927000Z,1786353241.927,62468096.0,bytes,,,62468096.0,59.57421875
pbx-web,memory_working_set,pbx-web,pbx-web-5ff68464d-qx45p,2026-08-10T10:14:01.927000Z,1786356841.927,62472192.0,bytes,,,62472192.0,59.578125
pbx-web,memory_working_set,pbx-web,pbx-web-5ff68464d-qx45p,2026-08-10T11:14:01.927000Z,1786360441.927,62468096.0,bytes,,,62468096.0,59.57421875
whisper-stt,cpu_usage,whisper-stt,whisper-openai-68966786fb-jsb5d,2026-07-30T18:14:01.927000Z,1785435241.927,0.0043006113813120785,cores,0.0043006113813120785,0.43006113813120783,,
whisper-stt,cpu_usage,whisper-stt,whisper-openai-68966786fb-jsb5d,2026-07-30T19:14:01.927000Z,1785438841.927,0.004248099816123501,cores,0.004248099816123501,0.4248099816123501,,
whisper-stt,cpu_usage,whisper-stt,whisper-openai-68966786fb-jsb5d,2026-07-30T20:14:01.927000Z,1785442441.927,0.004237326523101076,cores,0.004237326523101076,0.4237326523101076,,
whisper-stt,cpu_usage,whisper-stt,whisper-openai-68966786fb-jsb5d,2026-07-30T21:14:01.927000Z,1785446041.927,0.00438430342395767,cores,0.00438430342395767,0.438430342395767,,
whisper-stt,cpu_usage,whisper-stt,whisper-openai-68966786fb-jsb5d,2026-07-30T22:14:01.927000Z,1785449641.927,0.004374802678994619,cores,0.004374802678994619,0.43748026789946187,,
whisper-stt,cpu_usage,whisper-stt,whisper-openai-68966786fb-jsb5d,2026-07-30T23:14:01.927000Z,1785453241.927,0.004351798217647961,cores,0.004351798217647961,0.4351798217647961,,
whisper-stt,cpu_usage,whisper-stt,whisper-openai-68966786fb-jsb5d,2026-07-31T00:14:01.927000Z,1785456841.927,0.0042982061908876795,cores,0.0042982061908876795,0.42982061908876795,,
whisper-stt,cpu_usage,whisper-stt,whisper-openai-68966786fb-jsb5d,2026-07-31T01:14:01.927000Z,1785460441.927,0.0041559985077040075,cores,0.0041559985077040075,0.41559985077040074,,
whisper-stt,cpu_usage,whisper-stt,whisper-openai-68966786fb-jsb5d,2026-07-31T02:14:01.927000Z,1785464041.927,0.004252314452679602,cores,0.004252314452679602,0.4252314452679602,,
whisper-stt,cpu_usage,whisper-stt,whisper-openai-68966786fb-jsb5d,2026-07-31T03:14:01.927000Z,1785467641.927,0.004392107174026111,cores,0.004392107174026111,0.43921071740261114,,
whisper-stt,cpu_usage,whisper-stt,whisper-openai-68966786fb-jsb5d,2026-07-31T04:14:01.927000Z,1785471241.927,0.003972961108395704,cores,0.003972961108395704,0.39729611083957045,,
whisper-stt,cpu_usage,whisper-stt,whisper-openai-68966786fb-jsb5d,2026-07-31T05:14:01.927000Z,1785474841.927,0.004322611390788729,cores,0.004322611390788729,0.4322611390788729,,
whisper-stt,cpu_usage,whisper-stt,whisper-openai-68966786fb-jsb5d,2026-07-31T06:14:01.927000Z,1785478441.927,0.004363447955584096,cores,0.004363447955584096,0.43634479555840955,,
whisper-stt,cpu_usage,whisper-stt,whisper-openai-68966786fb-jsb5d,2026-07-31T07:14:01.927000Z,1785482041.927,0.004377553571746943,cores,0.004377553571746943,0.4377553571746943,,
whisper-stt,cpu_usage,whisper-stt,whisper-openai-68966786fb-jsb5d,2026-07-31T08:14:01.927000Z,1785485641.927,0.004424949433505807,cores,0.004424949433505807,0.4424949433505807,,
whisper-stt,cpu_usage,whisper-stt,whisper-openai-68966786fb-jsb5d,2026-07-31T09:14:01.927000Z,1785489241.927,0.004162567668382247,cores,0.004162567668382247,0.4162567668382247,,
whisper-stt,cpu_usage,whisper-stt,whisper-openai-68966786fb-jsb5d,2026-07-31T10:14:01.927000Z,1785492841.927,0.004390885667621328,cores,0.004390885667621328,0.43908856676213276,,
whisper-stt,cpu_usage,whisper-stt,whisper-openai-68966786fb-jsb5d,2026-07-31T11:14:01.927000Z,1785496441.927,0.004278600936942851,cores,0.004278600936942851,0.4278600936942851,,
whisper-stt,cpu_usage,whisper-stt,whisper-openai-68966786fb-jsb5d,2026-07-31T12:14:01.927000Z,1785500041.927,0.004249425720953948,cores,0.004249425720953948,0.42494257209539477,,
whisper-stt,cpu_usage,whisper-stt,whisper-openai-68966786fb-jsb5d,2026-07-31T13:14:01.927000Z,1785503641.927,0.004302788337494691,cores,0.004302788337494691,0.4302788337494691,,
whisper-stt,cpu_usage,whisper-stt,whisper-openai-68966786fb-jsb5d,2026-07-31T14:14:01.927000Z,1785507241.927,0.004114027541761286,cores,0.004114027541761286,0.4114027541761286,,
whisper-stt,cpu_usage,whisper-stt,whisper-openai-68966786fb-jsb5d,2026-07-31T15:14:01.927000Z,1785510841.927,0.004184866676930465,cores,0.004184866676930465,0.41848666769304643,,
whisper-stt,cpu_usage,whisper-stt,whisper-openai-68966786fb-jsb5d,2026-07-31T16:14:01.927000Z,1785514441.927,0.004321312967140624,cores,0.004321312967140624,0.4321312967140624,,
whisper-stt,cpu_usage,whisper-stt,whisper-openai-68966786fb-jsb5d,2026-07-31T17:14:01.927000Z,1785518041.927,0.004133865531176881,cores,0.004133865531176881,0.41338655311768807,,
whisper-stt,cpu_usage,whisper-stt,whisper-openai-68966786fb-jsb5d,2026-07-31T18:14:01.927000Z,1785521641.927,0.0043217732279903906,cores,0.0043217732279903906,0.43217732279903903,,
whisper-stt,cpu_usage,whisper-stt,whisper-openai-68966786fb-jsb5d,2026-07-31T19:14:01.927000Z,1785525241.927,0.0042121317557422735,cores,0.0042121317557422735,0.4212131755742273,,
whisper-stt,cpu_usage,whisper-stt,whisper-openai-68966786fb-jsb5d,2026-07-31T20:14:01.927000Z,1785528841.927,0.004395332301040051,cores,0.004395332301040051,0.4395332301040051,,
whisper-stt,cpu_usage,whisper-stt,whisper-openai-68966786fb-jsb5d,2026-07-31T21:14:01.927000Z,1785532441.927,0.004202014133161996,cores,0.004202014133161996,0.4202014133161996,,
whisper-stt,cpu_usage,whisper-stt,whisper-openai-68966786fb-jsb5d,2026-07-31T22:14:01.927000Z,1785536041.927,0.003958884643116455,cores,0.003958884643116455,0.39588846431164554,,
whisper-stt,cpu_usage,whisper-stt,whisper-openai-68966786fb-jsb5d,2026-07-31T23:14:01.927000Z,1785539641.927,0.00406881099313835,cores,0.00406881099313835,0.40688109931383504,,
whisper-stt,cpu_usage,whisper-stt,whisper-openai-68966786fb-jsb5d,2026-08-01T00:14:01.927000Z,1785543241.927,0.004232377838226005,cores,0.004232377838226005,0.42323778382260047,,
whisper-stt,cpu_usage,whisper-stt,whisper-openai-68966786fb-jsb5d,2026-08-01T01:14:01.927000Z,1785546841.927,0.004231967697931628,cores,0.004231967697931628,0.4231967697931628,,
whisper-stt,cpu_usage,whisper-stt,whisper-openai-68966786fb-jsb5d,2026-08-01T02:14:01.927000Z,1785550441.927,0.004181377163887634,cores,0.004181377163887634,0.41813771638876346,,
whisper-stt,cpu_usage,whisper-stt,whisper-openai-68966786fb-jsb5d,2026-08-01T03:14:01.927000Z,1785554041.927,0.004313664651846957,cores,0.004313664651846957,0.4313664651846957,,
whisper-stt,cpu_usage,whisper-stt,whisper-openai-68966786fb-jsb5d,2026-08-01T04:14:01.927000Z,1785557641.927,0.004253461040536898,cores,0.004253461040536898,0.4253461040536898,,
whisper-stt,cpu_usage,whisper-stt,whisper-openai-68966786fb-jsb5d,2026-08-01T05:14:01.927000Z,1785561241.927,0.004402003173484271,cores,0.004402003173484271,0.44020031734842713,,
whisper-stt,cpu_usage,whisper-stt,whisper-openai-68966786fb-jsb5d,2026-08-01T06:14:01.927000Z,1785564841.927,0.004359252739356457,cores,0.004359252739356457,0.43592527393564573,,
whisper-stt,cpu_usage,whisper-stt,whisper-openai-68966786fb-jsb5d,2026-08-01T07:14:01.927000Z,1785568441.927,0.0040804233253157645,cores,0.0040804233253157645,0.40804233253157646,,
whisper-stt,cpu_usage,whisper-stt,whisper-openai-68966786fb-jsb5d,2026-08-01T08:14:01.927000Z,1785572041.927,0.004424205452738025,cores,0.004424205452738025,0.4424205452738025,,
whisper-stt,cpu_usage,whisper-stt,whisper-openai-68966786fb-jsb5d,2026-08-01T09:14:01.927000Z,1785575641.927,0.003967040206337975,cores,0.003967040206337975,0.3967040206337975,,
whisper-stt,cpu_usage,whisper-stt,whisper-openai-68966786fb-jsb5d,2026-08-01T10:14:01.927000Z,1785579241.927,0.004241615324904759,cores,0.004241615324904759,0.4241615324904759,,
whisper-stt,cpu_usage,whisper-stt,whisper-openai-68966786fb-jsb5d,2026-08-01T11:14:01.927000Z,1785582841.927,0.003939477882554772,cores,0.003939477882554772,0.39394778825547716,,
whisper-stt,cpu_usage,whisper-stt,whisper-openai-68966786fb-jsb5d,2026-08-01T12:14:01.927000Z,1785586441.927,0.003981110519506185,cores,0.003981110519506185,0.3981110519506185,,
whisper-stt,cpu_usage,whisper-stt,whisper-openai-68966786fb-jsb5d,2026-08-01T13:14:01.927000Z,1785590041.927,0.004346234179826924,cores,0.004346234179826924,0.43462341798269244,,
whisper-stt,cpu_usage,whisper-stt,whisper-openai-68966786fb-jsb5d,2026-08-01T14:14:01.927000Z,1785593641.927,0.004349834927332684,cores,0.004349834927332684,0.4349834927332684,,
whisper-stt,cpu_usage,whisper-stt,whisper-openai-68966786fb-jsb5d,2026-08-01T15:14:01.927000Z,1785597241.927,0.0042255867571564885,cores,0.0042255867571564885,0.42255867571564887,,
whisper-stt,cpu_usage,whisper-stt,whisper-openai-68966786fb-jsb5d,2026-08-01T16:14:01.927000Z,1785600841.927,0.004233221654288635,cores,0.004233221654288635,0.42332216542886353,,
whisper-stt,cpu_usage,whisper-stt,whisper-openai-68966786fb-jsb5d,2026-08-01T17:14:01.927000Z,1785604441.927,0.004237534402379595,cores,0.004237534402379595,0.4237534402379595,,
whisper-stt,cpu_usage,whisper-stt,whisper-openai-68966786fb-jsb5d,2026-08-01T18:14:01.927000Z,1785608041.927,0.004341943440626635,cores,0.004341943440626635,0.4341943440626635,,
whisper-stt,cpu_usage,whisper-stt,whisper-openai-68966786fb-jsb5d,2026-08-01T19:14:01.927000Z,1785611641.927,0.004228991846863016,cores,0.004228991846863016,0.4228991846863016,,
whisper-stt,cpu_usage,whisper-stt,whisper-openai-68966786fb-jsb5d,2026-08-01T20:14:01.927000Z,1785615241.927,0.004278397017311895,cores,0.004278397017311895,0.42783970173118946,,
whisper-stt,cpu_usage,whisper-stt,whisper-openai-68966786fb-jsb5d,2026-08-01T21:14:01.927000Z,1785618841.927,0.004088521731528668,cores,0.004088521731528668,0.40885217315286676,,
whisper-stt,cpu_usage,whisper-stt,whisper-openai-68966786fb-jsb5d,2026-08-01T22:14:01.927000Z,1785622441.927,0.004301176454369752,cores,0.004301176454369752,0.4301176454369752,,
whisper-stt,cpu_usage,whisper-stt,whisper-openai-68966786fb-jsb5d,2026-08-01T23:14:01.927000Z,1785626041.927,0.004113664948230608,cores,0.004113664948230608,0.4113664948230608,,
whisper-stt,cpu_usage,whisper-stt,whisper-openai-68966786fb-jsb5d,2026-08-02T00:14:01.927000Z,1785629641.927,0.0043630442628397985,cores,0.0043630442628397985,0.43630442628397986,,
whisper-stt,cpu_usage,whisper-stt,whisper-openai-68966786fb-jsb5d,2026-08-02T01:14:01.927000Z,1785633241.927,0.00424149181826357,cores,0.00424149181826357,0.42414918182635697,,
whisper-stt,cpu_usage,whisper-stt,whisper-openai-68966786fb-jsb5d,2026-08-02T02:14:01.927000Z,1785636841.927,0.0043900095501274985,cores,0.0043900095501274985,0.4390009550127498,,
whisper-stt,cpu_usage,whisper-stt,whisper-openai-68966786fb-jsb5d,2026-08-02T03:14:01.927000Z,1785640441.927,0.004431144384881288,cores,0.004431144384881288,0.4431144384881288,,
whisper-stt,cpu_usage,whisper-stt,whisper-openai-68966786fb-jsb5d,2026-08-02T04:14:01.927000Z,1785644041.927,0.004208578060293797,cores,0.004208578060293797,0.4208578060293797,,
whisper-stt,cpu_usage,whisper-stt,whisper-openai-68966786fb-jsb5d,2026-08-02T05:14:01.927000Z,1785647641.927,0.004386944476262489,cores,0.004386944476262489,0.4386944476262489,,
whisper-stt,cpu_usage,whisper-stt,whisper-openai-68966786fb-jsb5d,2026-08-02T06:14:01.927000Z,1785651241.927,0.004410414970950357,cores,0.004410414970950357,0.4410414970950357,,
whisper-stt,cpu_usage,whisper-stt,whisper-openai-68966786fb-jsb5d,2026-08-02T07:14:01.927000Z,1785654841.927,0.0041859019511195535,cores,0.0041859019511195535,0.41859019511195533,,
whisper-stt,cpu_usage,whisper-stt,whisper-openai-68966786fb-jsb5d,2026-08-02T08:14:01.927000Z,1785658441.927,0.00413038243725697,cores,0.00413038243725697,0.41303824372569703,,
whisper-stt,cpu_usage,whisper-stt,whisper-openai-68966786fb-jsb5d,2026-08-02T09:14:01.927000Z,1785662041.927,0.004332581574888323,cores,0.004332581574888323,0.4332581574888323,,
whisper-stt,cpu_usage,whisper-stt,whisper-openai-68966786fb-jsb5d,2026-08-02T10:14:01.927000Z,1785665641.927,0.004313291719889374,cores,0.004313291719889374,0.4313291719889374,,
whisper-stt,cpu_usage,whisper-stt,whisper-openai-68966786fb-jsb5d,2026-08-02T11:14:01.927000Z,1785669241.927,0.004324975888737857,cores,0.004324975888737857,0.4324975888737857,,
whisper-stt,cpu_usage,whisper-stt,whisper-openai-68966786fb-jsb5d,2026-08-02T12:14:01.927000Z,1785672841.927,0.00436547330735999,cores,0.00436547330735999,0.436547330735999,,
whisper-stt,cpu_usage,whisper-stt,whisper-openai-68966786fb-jsb5d,2026-08-02T13:14:01.927000Z,1785676441.927,0.004349155883388264,cores,0.004349155883388264,0.4349155883388264,,
whisper-stt,cpu_usage,whisper-stt,whisper-openai-68966786fb-jsb5d,2026-08-02T14:14:01.927000Z,1785680041.927,0.004286644752420408,cores,0.004286644752420408,0.4286644752420408,,
whisper-stt,cpu_usage,whisper-stt,whisper-openai-68966786fb-jsb5d,2026-08-02T15:14:01.927000Z,1785683641.927,0.004214395360741915,cores,0.004214395360741915,0.4214395360741915,,
whisper-stt,cpu_usage,whisper-stt,whisper-openai-68966786fb-jsb5d,2026-08-02T16:14:01.927000Z,1785687241.927,0.004385994514453462,cores,0.004385994514453462,0.43859945144534623,,
whisper-stt,cpu_usage,whisper-stt,whisper-openai-68966786fb-jsb5d,2026-08-02T17:14:01.927000Z,1785690841.927,0.00434468997222401,cores,0.00434468997222401,0.434468997222401,,
whisper-stt,cpu_usage,whisper-stt,whisper-openai-68966786fb-jsb5d,2026-08-02T18:14:01.927000Z,1785694441.927,0.004404385764505704,cores,0.004404385764505704,0.4404385764505704,,
whisper-stt,cpu_usage,whisper-stt,whisper-openai-68966786fb-jsb5d,2026-08-02T19:14:01.927000Z,1785698041.927,0.004375707758718648,cores,0.004375707758718648,0.4375707758718648,,
whisper-stt,cpu_usage,whisper-stt,whisper-openai-68966786fb-jsb5d,2026-08-02T20:14:01.927000Z,1785701641.927,0.004326963154391264,cores,0.004326963154391264,0.4326963154391264,,
whisper-stt,cpu_usage,whisper-stt,whisper-openai-68966786fb-jsb5d,2026-08-02T21:14:01.927000Z,1785705241.927,0.0043467359045161365,cores,0.0043467359045161365,0.43467359045161363,,
whisper-stt,cpu_usage,whisper-stt,whisper-openai-68966786fb-jsb5d,2026-08-02T22:14:01.927000Z,1785708841.927,0.004258641406290278,cores,0.004258641406290278,0.4258641406290278,,
whisper-stt,cpu_usage,whisper-stt,whisper-openai-68966786fb-jsb5d,2026-08-02T23:14:01.927000Z,1785712441.927,0.0042405353506351825,cores,0.0042405353506351825,0.4240535350635182,,
whisper-stt,cpu_usage,whisper-stt,whisper-openai-68966786fb-jsb5d,2026-08-03T00:14:01.927000Z,1785716041.927,0.0042084241878272005,cores,0.0042084241878272005,0.42084241878272005,,
whisper-stt,cpu_usage,whisper-stt,whisper-openai-68966786fb-jsb5d,2026-08-03T01:14:01.927000Z,1785719641.927,0.004359476854942733,cores,0.004359476854942733,0.4359476854942733,,
whisper-stt,cpu_usage,whisper-stt,whisper-openai-68966786fb-jsb5d,2026-08-03T02:14:01.927000Z,1785723241.927,0.003912962561765698,cores,0.003912962561765698,0.3912962561765698,,
whisper-stt,cpu_usage,whisper-stt,whisper-openai-68966786fb-jsb5d,2026-08-03T03:14:01.927000Z,1785726841.927,0.004376145209928949,cores,0.004376145209928949,0.4376145209928949,,
whisper-stt,cpu_usage,whisper-stt,whisper-openai-68966786fb-jsb5d,2026-08-03T04:14:01.927000Z,1785730441.927,0.004335736372172978,cores,0.004335736372172978,0.4335736372172978,,
whisper-stt,cpu_usage,whisper-stt,whisper-openai-68966786fb-jsb5d,2026-08-03T05:14:01.927000Z,1785734041.927,0.00412858023221471,cores,0.00412858023221471,0.41285802322147097,,
whisper-stt,cpu_usage,whisper-stt,whisper-openai-68966786fb-jsb5d,2026-08-03T06:14:01.927000Z,1785737641.927,0.004469366321671402,cores,0.004469366321671402,0.4469366321671402,,
whisper-stt,cpu_usage,whisper-stt,whisper-openai-68966786fb-jsb5d,2026-08-03T07:14:01.927000Z,1785741241.927,0.004292273626582638,cores,0.004292273626582638,0.42922736265826383,,
whisper-stt,cpu_usage,whisper-stt,whisper-openai-68966786fb-jsb5d,2026-08-03T08:14:01.927000Z,1785744841.927,0.0043750410475968185,cores,0.0043750410475968185,0.4375041047596818,,
whisper-stt,cpu_usage,whisper-stt,whisper-openai-68966786fb-jsb5d,2026-08-03T09:14:01.927000Z,1785748441.927,0.004402458141489165,cores,0.004402458141489165,0.44024581414891645,,
whisper-stt,cpu_usage,whisper-stt,whisper-openai-68966786fb-jsb5d,2026-08-03T10:14:01.927000Z,1785752041.927,0.004336158310454764,cores,0.004336158310454764,0.4336158310454764,,
whisper-stt,cpu_usage,whisper-stt,whisper-openai-68966786fb-jsb5d,2026-08-03T11:14:01.927000Z,1785755641.927,0.004270322282478044,cores,0.004270322282478044,0.42703222824780435,,
whisper-stt,cpu_usage,whisper-stt,whisper-openai-68966786fb-jsb5d,2026-08-03T12:14:01.927000Z,1785759241.927,0.004208277070806369,cores,0.004208277070806369,0.42082770708063694,,
whisper-stt,cpu_usage,whisper-stt,whisper-openai-68966786fb-jsb5d,2026-08-03T13:14:01.927000Z,1785762841.927,0.0040875198749333866,cores,0.0040875198749333866,0.40875198749333863,,
whisper-stt,cpu_usage,whisper-stt,whisper-openai-68966786fb-jsb5d,2026-08-03T14:14:01.927000Z,1785766441.927,0.004384302468007916,cores,0.004384302468007916,0.43843024680079157,,
whisper-stt,cpu_usage,whisper-stt,whisper-openai-68966786fb-jsb5d,2026-08-03T15:14:01.927000Z,1785770041.927,0.004400466829416349,cores,0.004400466829416349,0.44004668294163496,,
whisper-stt,cpu_usage,whisper-stt,whisper-openai-68966786fb-jsb5d,2026-08-03T16:14:01.927000Z,1785773641.927,0.004100847406093315,cores,0.004100847406093315,0.4100847406093315,,
whisper-stt,cpu_usage,whisper-stt,whisper-openai-68966786fb-jsb5d,2026-08-03T17:14:01.927000Z,1785777241.927,0.004326355557921153,cores,0.004326355557921153,0.4326355557921153,,
whisper-stt,cpu_usage,whisper-stt,whisper-openai-68966786fb-jsb5d,2026-08-03T18:14:01.927000Z,1785780841.927,0.004048441524320701,cores,0.004048441524320701,0.4048441524320701,,
whisper-stt,cpu_usage,whisper-stt,whisper-openai-68966786fb-jsb5d,2026-08-03T19:14:01.927000Z,1785784441.927,0.004424128127100235,cores,0.004424128127100235,0.44241281271002353,,
whisper-stt,cpu_usage,whisper-stt,whisper-openai-68966786fb-jsb5d,2026-08-03T20:14:01.927000Z,1785788041.927,0.004283752472248632,cores,0.004283752472248632,0.4283752472248632,,
whisper-stt,cpu_usage,whisper-stt,whisper-openai-68966786fb-jsb5d,2026-08-03T21:14:01.927000Z,1785791641.927,0.0044277159965761545,cores,0.0044277159965761545,0.4427715996576155,,
whisper-stt,cpu_usage,whisper-stt,whisper-openai-68966786fb-jsb5d,2026-08-03T22:14:01.927000Z,1785795241.927,0.004377086423198559,cores,0.004377086423198559,0.4377086423198559,,
whisper-stt,cpu_usage,whisper-stt,whisper-openai-68966786fb-jsb5d,2026-08-03T23:14:01.927000Z,1785798841.927,0.004296302582633892,cores,0.004296302582633892,0.4296302582633892,,
whisper-stt,cpu_usage,whisper-stt,whisper-openai-68966786fb-jsb5d,2026-08-04T00:14:01.927000Z,1785802441.927,0.004288477671887858,cores,0.004288477671887858,0.42884776718878576,,
whisper-stt,cpu_usage,whisper-stt,whisper-openai-68966786fb-jsb5d,2026-08-04T01:14:01.927000Z,1785806041.927,0.004435438483507363,cores,0.004435438483507363,0.44354384835073635,,
whisper-stt,cpu_usage,whisper-stt,whisper-openai-68966786fb-jsb5d,2026-08-04T02:14:01.927000Z,1785809641.927,0.004299590750481178,cores,0.004299590750481178,0.4299590750481178,,
whisper-stt,cpu_usage,whisper-stt,whisper-openai-68966786fb-jsb5d,2026-08-04T03:14:01.927000Z,1785813241.927,0.004367336607092,cores,0.004367336607092,0.4367336607092,,
whisper-stt,cpu_usage,whisper-stt,whisper-openai-68966786fb-jsb5d,2026-08-04T04:14:01.927000Z,1785816841.927,0.004354964233845958,cores,0.004354964233845958,0.43549642338459577,,
whisper-stt,cpu_usage,whisper-stt,whisper-openai-68966786fb-jsb5d,2026-08-04T05:14:01.927000Z,1785820441.927,0.004258660390254614,cores,0.004258660390254614,0.42586603902546144,,
whisper-stt,cpu_usage,whisper-stt,whisper-openai-68966786fb-jsb5d,2026-08-04T06:14:01.927000Z,1785824041.927,0.00430160856502101,cores,0.00430160856502101,0.430160856502101,,
whisper-stt,cpu_usage,whisper-stt,whisper-openai-68966786fb-jsb5d,2026-08-04T07:14:01.927000Z,1785827641.927,0.004361701520123332,cores,0.004361701520123332,0.4361701520123332,,
whisper-stt,cpu_usage,whisper-stt,whisper-openai-68966786fb-jsb5d,2026-08-04T08:14:01.927000Z,1785831241.927,0.004361923636983923,cores,0.004361923636983923,0.4361923636983923,,
whisper-stt,cpu_usage,whisper-stt,whisper-openai-68966786fb-jsb5d,2026-08-04T09:14:01.927000Z,1785834841.927,0.0043050706110536975,cores,0.0043050706110536975,0.43050706110536974,,
whisper-stt,cpu_usage,whisper-stt,whisper-openai-68966786fb-jsb5d,2026-08-04T10:14:01.927000Z,1785838441.927,0.004283148043008896,cores,0.004283148043008896,0.42831480430088953,,
whisper-stt,cpu_usage,whisper-stt,whisper-openai-68966786fb-jsb5d,2026-08-04T11:14:01.927000Z,1785842041.927,0.004088573339074947,cores,0.004088573339074947,0.4088573339074947,,
whisper-stt,cpu_usage,whisper-stt,whisper-openai-68966786fb-jsb5d,2026-08-04T12:14:01.927000Z,1785845641.927,0.004401530540110979,cores,0.004401530540110979,0.44015305401109794,,
whisper-stt,cpu_usage,whisper-stt,whisper-openai-68966786fb-jsb5d,2026-08-04T13:14:01.927000Z,1785849241.927,0.004151824220105677,cores,0.004151824220105677,0.4151824220105677,,
whisper-stt,cpu_usage,whisper-stt,whisper-openai-68966786fb-jsb5d,2026-08-04T14:14:01.927000Z,1785852841.927,0.004378364706394774,cores,0.004378364706394774,0.43783647063947745,,
whisper-stt,cpu_usage,whisper-stt,whisper-openai-68966786fb-jsb5d,2026-08-04T15:14:01.927000Z,1785856441.927,0.004342028456117008,cores,0.004342028456117008,0.4342028456117008,,
whisper-stt,cpu_usage,whisper-stt,whisper-openai-68966786fb-jsb5d,2026-08-04T16:14:01.927000Z,1785860041.927,0.004286965176942712,cores,0.004286965176942712,0.42869651769427114,,
whisper-stt,cpu_usage,whisper-stt,whisper-openai-68966786fb-jsb5d,2026-08-04T17:14:01.927000Z,1785863641.927,0.004380244820360993,cores,0.004380244820360993,0.4380244820360993,,
whisper-stt,cpu_usage,whisper-stt,whisper-openai-68966786fb-jsb5d,2026-08-04T18:14:01.927000Z,1785867241.927,0.004228750548731919,cores,0.004228750548731919,0.42287505487319194,,
whisper-stt,cpu_usage,whisper-stt,whisper-openai-68966786fb-jsb5d,2026-08-04T19:14:01.927000Z,1785870841.927,0.004110236838074618,cores,0.004110236838074618,0.4110236838074618,,
whisper-stt,cpu_usage,whisper-stt,whisper-openai-68966786fb-jsb5d,2026-08-04T20:14:01.927000Z,1785874441.927,0.004338178971888651,cores,0.004338178971888651,0.4338178971888651,,
whisper-stt,cpu_usage,whisper-stt,whisper-openai-68966786fb-jsb5d,2026-08-04T21:14:01.927000Z,1785878041.927,0.004192948786417093,cores,0.004192948786417093,0.41929487864170933,,
whisper-stt,cpu_usage,whisper-stt,whisper-openai-68966786fb-jsb5d,2026-08-04T22:14:01.927000Z,1785881641.927,0.004285442066513647,cores,0.004285442066513647,0.42854420665136467,,
whisper-stt,cpu_usage,whisper-stt,whisper-openai-68966786fb-jsb5d,2026-08-04T23:14:01.927000Z,1785885241.927,0.004140306200326175,cores,0.004140306200326175,0.4140306200326175,,
whisper-stt,cpu_usage,whisper-stt,whisper-openai-68966786fb-jsb5d,2026-08-05T00:14:01.927000Z,1785888841.927,0.004194739889904824,cores,0.004194739889904824,0.4194739889904824,,
whisper-stt,cpu_usage,whisper-stt,whisper-openai-68966786fb-jsb5d,2026-08-05T01:14:01.927000Z,1785892441.927,0.004412680323243082,cores,0.004412680323243082,0.4412680323243082,,
whisper-stt,cpu_usage,whisper-stt,whisper-openai-68966786fb-jsb5d,2026-08-05T02:14:01.927000Z,1785896041.927,0.004225504998559762,cores,0.004225504998559762,0.42255049985597626,,
whisper-stt,cpu_usage,whisper-stt,whisper-openai-68966786fb-jsb5d,2026-08-05T03:14:01.927000Z,1785899641.927,0.00439912183653261,cores,0.00439912183653261,0.439912183653261,,
whisper-stt,cpu_usage,whisper-stt,whisper-openai-68966786fb-jsb5d,2026-08-05T04:14:01.927000Z,1785903241.927,0.004354920424171465,cores,0.004354920424171465,0.4354920424171465,,
whisper-stt,cpu_usage,whisper-stt,whisper-openai-68966786fb-jsb5d,2026-08-05T05:14:01.927000Z,1785906841.927,0.0042594325683837945,cores,0.0042594325683837945,0.42594325683837947,,
whisper-stt,cpu_usage,whisper-stt,whisper-openai-68966786fb-jsb5d,2026-08-05T06:14:01.927000Z,1785910441.927,0.004378821600919615,cores,0.004378821600919615,0.4378821600919615,,
whisper-stt,cpu_usage,whisper-stt,whisper-openai-68966786fb-jsb5d,2026-08-05T07:14:01.927000Z,1785914041.927,0.0043752848021926345,cores,0.0043752848021926345,0.43752848021926344,,
whisper-stt,cpu_usage,whisper-stt,whisper-openai-68966786fb-jsb5d,2026-08-05T08:14:01.927000Z,1785917641.927,0.00441904415067374,cores,0.00441904415067374,0.44190441506737405,,
whisper-stt,cpu_usage,whisper-stt,whisper-openai-68966786fb-jsb5d,2026-08-05T09:14:01.927000Z,1785921241.927,0.004390718589877194,cores,0.004390718589877194,0.4390718589877194,,
whisper-stt,cpu_usage,whisper-stt,whisper-openai-68966786fb-jsb5d,2026-08-05T10:14:01.927000Z,1785924841.927,0.004180547573299084,cores,0.004180547573299084,0.41805475732990843,,
whisper-stt,cpu_usage,whisper-stt,whisper-openai-68966786fb-jsb5d,2026-08-05T11:14:01.927000Z,1785928441.927,0.0042444234297458255,cores,0.0042444234297458255,0.42444234297458255,,
whisper-stt,cpu_usage,whisper-stt,whisper-openai-68966786fb-jsb5d,2026-08-05T12:14:01.927000Z,1785932041.927,0.004401945674874269,cores,0.004401945674874269,0.4401945674874269,,
whisper-stt,cpu_usage,whisper-stt,whisper-openai-68966786fb-jsb5d,2026-08-05T13:14:01.927000Z,1785935641.927,0.004369404710239704,cores,0.004369404710239704,0.43694047102397043,,
whisper-stt,cpu_usage,whisper-stt,whisper-openai-68966786fb-jsb5d,2026-08-05T14:14:01.927000Z,1785939241.927,0.004103494698268533,cores,0.004103494698268533,0.41034946982685333,,
whisper-stt,cpu_usage,whisper-stt,whisper-openai-68966786fb-jsb5d,2026-08-05T15:14:01.927000Z,1785942841.927,0.0043750255675917915,cores,0.0043750255675917915,0.43750255675917915,,
whisper-stt,cpu_usage,whisper-stt,whisper-openai-68966786fb-jsb5d,2026-08-05T16:14:01.927000Z,1785946441.927,0.004266006181790665,cores,0.004266006181790665,0.4266006181790665,,
whisper-stt,cpu_usage,whisper-stt,whisper-openai-68966786fb-jsb5d,2026-08-05T17:14:01.927000Z,1785950041.927,0.004374727415573359,cores,0.004374727415573359,0.4374727415573359,,
whisper-stt,cpu_usage,whisper-stt,whisper-openai-68966786fb-jsb5d,2026-08-05T18:14:01.927000Z,1785953641.927,0.004418130116634964,cores,0.004418130116634964,0.4418130116634964,,
whisper-stt,cpu_usage,whisper-stt,whisper-openai-68966786fb-jsb5d,2026-08-05T19:14:01.927000Z,1785957241.927,0.004399408347220812,cores,0.004399408347220812,0.4399408347220812,,
whisper-stt,cpu_usage,whisper-stt,whisper-openai-68966786fb-jsb5d,2026-08-05T20:14:01.927000Z,1785960841.927,0.004193893564910633,cores,0.004193893564910633,0.4193893564910633,,
whisper-stt,cpu_usage,whisper-stt,whisper-openai-68966786fb-jsb5d,2026-08-05T21:14:01.927000Z,1785964441.927,0.00440125191929587,cores,0.00440125191929587,0.44012519192958693,,
whisper-stt,cpu_usage,whisper-stt,whisper-openai-68966786fb-jsb5d,2026-08-05T22:14:01.927000Z,1785968041.927,0.004185636052994036,cores,0.004185636052994036,0.41856360529940356,,
whisper-stt,cpu_usage,whisper-stt,whisper-openai-68966786fb-jsb5d,2026-08-05T23:14:01.927000Z,1785971641.927,0.004439440885920754,cores,0.004439440885920754,0.44394408859207535,,
whisper-stt,cpu_usage,whisper-stt,whisper-openai-68966786fb-jsb5d,2026-08-06T00:14:01.927000Z,1785975241.927,0.004584762046570831,cores,0.004584762046570831,0.45847620465708316,,
whisper-stt,cpu_usage,whisper-stt,whisper-openai-68966786fb-jsb5d,2026-08-06T01:14:01.927000Z,1785978841.927,0.004710973100618643,cores,0.004710973100618643,0.4710973100618643,,
whisper-stt,cpu_usage,whisper-stt,whisper-openai-68966786fb-jsb5d,2026-08-06T02:14:01.927000Z,1785982441.927,0.004653767083578716,cores,0.004653767083578716,0.46537670835787154,,
whisper-stt,cpu_usage,whisper-stt,whisper-openai-68966786fb-jsb5d,2026-08-06T03:14:01.927000Z,1785986041.927,0.004675176838295686,cores,0.004675176838295686,0.4675176838295686,,
whisper-stt,cpu_usage,whisper-stt,whisper-openai-68966786fb-jsb5d,2026-08-06T04:14:01.927000Z,1785989641.927,0.004502047387018044,cores,0.004502047387018044,0.4502047387018044,,
whisper-stt,cpu_usage,whisper-stt,whisper-openai-68966786fb-jsb5d,2026-08-06T05:14:01.927000Z,1785993241.927,0.00470205556729814,cores,0.00470205556729814,0.470205556729814,,
whisper-stt,cpu_usage,whisper-stt,whisper-openai-68966786fb-jsb5d,2026-08-06T06:14:01.927000Z,1785996841.927,0.004638186483456706,cores,0.004638186483456706,0.4638186483456706,,
whisper-stt,cpu_usage,whisper-stt,whisper-openai-68966786fb-jsb5d,2026-08-06T07:14:01.927000Z,1786000441.927,0.004607290903395572,cores,0.004607290903395572,0.46072909033955717,,
whisper-stt,cpu_usage,whisper-stt,whisper-openai-68966786fb-jsb5d,2026-08-06T08:14:01.927000Z,1786004041.927,0.0046147800376249715,cores,0.0046147800376249715,0.46147800376249715,,
whisper-stt,cpu_usage,whisper-stt,whisper-openai-68966786fb-jsb5d,2026-08-06T09:14:01.927000Z,1786007641.927,0.0046484441331319844,cores,0.0046484441331319844,0.4648444133131984,,
whisper-stt,cpu_usage,whisper-stt,whisper-openai-68966786fb-jsb5d,2026-08-06T10:14:01.927000Z,1786011241.927,0.00428045565477018,cores,0.00428045565477018,0.428045565477018,,
whisper-stt,cpu_usage,whisper-stt,whisper-openai-68966786fb-jsb5d,2026-08-06T11:14:01.927000Z,1786014841.927,0.004510852836037713,cores,0.004510852836037713,0.4510852836037713,,
whisper-stt,cpu_usage,whisper-stt,whisper-openai-68966786fb-jsb5d,2026-08-06T12:14:01.927000Z,1786018441.927,0.004603264547913059,cores,0.004603264547913059,0.4603264547913059,,
whisper-stt,cpu_usage,whisper-stt,whisper-openai-68966786fb-jsb5d,2026-08-06T13:14:01.927000Z,1786022041.927,0.004218744683882242,cores,0.004218744683882242,0.4218744683882242,,
whisper-stt,cpu_usage,whisper-stt,whisper-openai-68966786fb-jsb5d,2026-08-06T14:14:01.927000Z,1786025641.927,0.004515105793808792,cores,0.004515105793808792,0.45151057938087924,,
whisper-stt,cpu_usage,whisper-stt,whisper-openai-68966786fb-jsb5d,2026-08-06T15:14:01.927000Z,1786029241.927,0.004481048812303954,cores,0.004481048812303954,0.4481048812303954,,
whisper-stt,cpu_usage,whisper-stt,whisper-openai-68966786fb-jsb5d,2026-08-06T16:14:01.927000Z,1786032841.927,0.004740696286717242,cores,0.004740696286717242,0.4740696286717242,,
whisper-stt,cpu_usage,whisper-stt,whisper-openai-68966786fb-jsb5d,2026-08-06T17:14:01.927000Z,1786036441.927,0.004268129278304792,cores,0.004268129278304792,0.42681292783047925,,
whisper-stt,cpu_usage,whisper-stt,whisper-openai-68966786fb-jsb5d,2026-08-06T18:14:01.927000Z,1786040041.927,0.004644111539075944,cores,0.004644111539075944,0.4644111539075944,,
whisper-stt,cpu_usage,whisper-stt,whisper-openai-68966786fb-jsb5d,2026-08-06T19:14:01.927000Z,1786043641.927,0.004639772637842834,cores,0.004639772637842834,0.46397726378428333,,
whisper-stt,cpu_usage,whisper-stt,whisper-openai-68966786fb-jsb5d,2026-08-06T20:14:01.927000Z,1786047241.927,0.004663455830593607,cores,0.004663455830593607,0.46634558305936075,,
whisper-stt,cpu_usage,whisper-stt,whisper-openai-68966786fb-jsb5d,2026-08-06T21:14:01.927000Z,1786050841.927,0.004351875024506454,cores,0.004351875024506454,0.4351875024506454,,
whisper-stt,cpu_usage,whisper-stt,whisper-openai-68966786fb-jsb5d,2026-08-06T22:14:01.927000Z,1786054441.927,0.0046203002439022854,cores,0.0046203002439022854,0.46203002439022856,,
whisper-stt,cpu_usage,whisper-stt,whisper-openai-68966786fb-jsb5d,2026-08-06T23:14:01.927000Z,1786058041.927,0.0046659082984281215,cores,0.0046659082984281215,0.46659082984281214,,
whisper-stt,cpu_usage,whisper-stt,whisper-openai-68966786fb-jsb5d,2026-08-07T00:14:01.927000Z,1786061641.927,0.0045988550153120075,cores,0.0045988550153120075,0.4598855015312008,,
whisper-stt,cpu_usage,whisper-stt,whisper-openai-68966786fb-jsb5d,2026-08-07T01:14:01.927000Z,1786065241.927,0.004469070915339643,cores,0.004469070915339643,0.4469070915339643,,
whisper-stt,cpu_usage,whisper-stt,whisper-openai-68966786fb-jsb5d,2026-08-07T02:14:01.927000Z,1786068841.927,0.004580229056584249,cores,0.004580229056584249,0.45802290565842496,,
whisper-stt,cpu_usage,whisper-stt,whisper-openai-68966786fb-jsb5d,2026-08-07T03:14:01.927000Z,1786072441.927,0.004407053546745747,cores,0.004407053546745747,0.4407053546745747,,
whisper-stt,cpu_usage,whisper-stt,whisper-openai-68966786fb-jsb5d,2026-08-07T04:14:01.927000Z,1786076041.927,0.004547160476252727,cores,0.004547160476252727,0.45471604762527273,,
whisper-stt,cpu_usage,whisper-stt,whisper-openai-68966786fb-jsb5d,2026-08-07T05:14:01.927000Z,1786079641.927,0.004495386904754243,cores,0.004495386904754243,0.44953869047542433,,
whisper-stt,cpu_usage,whisper-stt,whisper-openai-68966786fb-jsb5d,2026-08-07T06:14:01.927000Z,1786083241.927,0.004626665415970077,cores,0.004626665415970077,0.4626665415970077,,
whisper-stt,cpu_usage,whisper-stt,whisper-openai-68966786fb-jsb5d,2026-08-07T07:14:01.927000Z,1786086841.927,0.0043000445965416766,cores,0.0043000445965416766,0.43000445965416767,,
whisper-stt,cpu_usage,whisper-stt,whisper-openai-68966786fb-jsb5d,2026-08-07T08:14:01.927000Z,1786090441.927,0.004503612420050982,cores,0.004503612420050982,0.45036124200509825,,
whisper-stt,cpu_usage,whisper-stt,whisper-openai-68966786fb-jsb5d,2026-08-07T09:14:01.927000Z,1786094041.927,0.004613977967567925,cores,0.004613977967567925,0.4613977967567925,,
whisper-stt,cpu_usage,whisper-stt,whisper-openai-68966786fb-jsb5d,2026-08-07T10:14:01.927000Z,1786097641.927,0.004612723069233439,cores,0.004612723069233439,0.4612723069233439,,
whisper-stt,cpu_usage,whisper-stt,whisper-openai-68966786fb-jsb5d,2026-08-07T11:14:01.927000Z,1786101241.927,0.004712867186521482,cores,0.004712867186521482,0.4712867186521482,,
whisper-stt,cpu_usage,whisper-stt,whisper-openai-68966786fb-jsb5d,2026-08-07T12:14:01.927000Z,1786104841.927,0.004441667327791725,cores,0.004441667327791725,0.4441667327791725,,
whisper-stt,cpu_usage,whisper-stt,whisper-openai-68966786fb-jsb5d,2026-08-07T13:14:01.927000Z,1786108441.927,0.004144278842098527,cores,0.004144278842098527,0.41442788420985266,,
whisper-stt,cpu_usage,whisper-stt,whisper-openai-68966786fb-jsb5d,2026-08-07T14:14:01.927000Z,1786112041.927,0.004574700534813285,cores,0.004574700534813285,0.4574700534813285,,
whisper-stt,cpu_usage,whisper-stt,whisper-openai-68966786fb-jsb5d,2026-08-07T15:14:01.927000Z,1786115641.927,0.004377703585430186,cores,0.004377703585430186,0.4377703585430186,,
whisper-stt,cpu_usage,whisper-stt,whisper-openai-68966786fb-jsb5d,2026-08-07T16:14:01.927000Z,1786119241.927,0.004451087759282173,cores,0.004451087759282173,0.4451087759282173,,
whisper-stt,cpu_usage,whisper-stt,whisper-openai-68966786fb-jsb5d,2026-08-07T17:14:01.927000Z,1786122841.927,0.004598987736028069,cores,0.004598987736028069,0.4598987736028069,,
whisper-stt,cpu_usage,whisper-stt,whisper-openai-68966786fb-jsb5d,2026-08-07T18:14:01.927000Z,1786126441.927,0.004391454480357008,cores,0.004391454480357008,0.4391454480357008,,
whisper-stt,cpu_usage,whisper-stt,whisper-openai-68966786fb-jsb5d,2026-08-07T19:14:01.927000Z,1786130041.927,0.0046286023029703085,cores,0.0046286023029703085,0.46286023029703083,,
whisper-stt,cpu_usage,whisper-stt,whisper-openai-68966786fb-jsb5d,2026-08-07T20:14:01.927000Z,1786133641.927,0.004634091771213673,cores,0.004634091771213673,0.46340917712136726,,
whisper-stt,cpu_usage,whisper-stt,whisper-openai-68966786fb-jsb5d,2026-08-07T21:14:01.927000Z,1786137241.927,0.004669212037187358,cores,0.004669212037187358,0.4669212037187358,,
whisper-stt,cpu_usage,whisper-stt,whisper-openai-68966786fb-jsb5d,2026-08-07T22:14:01.927000Z,1786140841.927,0.00459753197392607,cores,0.00459753197392607,0.459753197392607,,
whisper-stt,cpu_usage,whisper-stt,whisper-openai-68966786fb-jsb5d,2026-08-07T23:14:01.927000Z,1786144441.927,0.004647195363298188,cores,0.004647195363298188,0.4647195363298188,,
whisper-stt,cpu_usage,whisper-stt,whisper-openai-68966786fb-jsb5d,2026-08-08T00:14:01.927000Z,1786148041.927,0.004469029343269519,cores,0.004469029343269519,0.4469029343269519,,
whisper-stt,cpu_usage,whisper-stt,whisper-openai-68966786fb-jsb5d,2026-08-08T01:14:01.927000Z,1786151641.927,0.004618936245818616,cores,0.004618936245818616,0.4618936245818616,,
whisper-stt,cpu_usage,whisper-stt,whisper-openai-68966786fb-jsb5d,2026-08-08T02:14:01.927000Z,1786155241.927,0.004276627260769203,cores,0.004276627260769203,0.4276627260769203,,
whisper-stt,cpu_usage,whisper-stt,whisper-openai-68966786fb-jsb5d,2026-08-08T03:14:01.927000Z,1786158841.927,0.004597891592541523,cores,0.004597891592541523,0.45978915925415226,,
whisper-stt,cpu_usage,whisper-stt,whisper-openai-68966786fb-jsb5d,2026-08-08T04:14:01.927000Z,1786162441.927,0.004412788929442949,cores,0.004412788929442949,0.4412788929442949,,
whisper-stt,cpu_usage,whisper-stt,whisper-openai-68966786fb-jsb5d,2026-08-08T05:14:01.927000Z,1786166041.927,0.004421513028122508,cores,0.004421513028122508,0.4421513028122508,,
whisper-stt,cpu_usage,whisper-stt,whisper-openai-68966786fb-jsb5d,2026-08-08T06:14:01.927000Z,1786169641.927,0.0043026532485501544,cores,0.0043026532485501544,0.43026532485501545,,
whisper-stt,cpu_usage,whisper-stt,whisper-openai-68966786fb-jsb5d,2026-08-08T07:14:01.927000Z,1786173241.927,0.004569210844055725,cores,0.004569210844055725,0.45692108440557255,,
whisper-stt,cpu_usage,whisper-stt,whisper-openai-68966786fb-jsb5d,2026-08-08T08:14:01.927000Z,1786176841.927,0.0044112961725581296,cores,0.0044112961725581296,0.44112961725581296,,
whisper-stt,cpu_usage,whisper-stt,whisper-openai-68966786fb-jsb5d,2026-08-08T09:14:01.927000Z,1786180441.927,0.0044496737813541,cores,0.0044496737813541,0.44496737813541,,
whisper-stt,cpu_usage,whisper-stt,whisper-openai-68966786fb-jsb5d,2026-08-08T10:14:01.927000Z,1786184041.927,0.004580035775371073,cores,0.004580035775371073,0.45800357753710735,,
whisper-stt,cpu_usage,whisper-stt,whisper-openai-68966786fb-jsb5d,2026-08-08T11:14:01.927000Z,1786187641.927,0.004378960554028036,cores,0.004378960554028036,0.4378960554028036,,
whisper-stt,cpu_usage,whisper-stt,whisper-openai-68966786fb-jsb5d,2026-08-08T12:14:01.927000Z,1786191241.927,0.004340048245797475,cores,0.004340048245797475,0.43400482457974754,,
whisper-stt,cpu_usage,whisper-stt,whisper-openai-68966786fb-jsb5d,2026-08-08T13:14:01.927000Z,1786194841.927,0.004493141843399212,cores,0.004493141843399212,0.44931418433992126,,
whisper-stt,cpu_usage,whisper-stt,whisper-openai-68966786fb-jsb5d,2026-08-08T14:14:01.927000Z,1786198441.927,0.004510888132027435,cores,0.004510888132027435,0.4510888132027435,,
whisper-stt,cpu_usage,whisper-stt,whisper-openai-68966786fb-jsb5d,2026-08-08T15:14:01.927000Z,1786202041.927,0.004472844504001823,cores,0.004472844504001823,0.4472844504001823,,
whisper-stt,cpu_usage,whisper-stt,whisper-openai-68966786fb-jsb5d,2026-08-08T16:14:01.927000Z,1786205641.927,0.004335175395605185,cores,0.004335175395605185,0.43351753956051853,,
whisper-stt,cpu_usage,whisper-stt,whisper-openai-68966786fb-jsb5d,2026-08-08T17:14:01.927000Z,1786209241.927,0.00460223434466124,cores,0.00460223434466124,0.46022343446612396,,
whisper-stt,cpu_usage,whisper-stt,whisper-openai-68966786fb-jsb5d,2026-08-08T18:14:01.927000Z,1786212841.927,0.004644332246544961,cores,0.004644332246544961,0.4644332246544961,,
whisper-stt,cpu_usage,whisper-stt,whisper-openai-68966786fb-jsb5d,2026-08-08T19:14:01.927000Z,1786216441.927,0.004508388565213836,cores,0.004508388565213836,0.4508388565213836,,
whisper-stt,cpu_usage,whisper-stt,whisper-openai-68966786fb-jsb5d,2026-08-08T20:14:01.927000Z,1786220041.927,0.004137459424358839,cores,0.004137459424358839,0.4137459424358839,,
whisper-stt,cpu_usage,whisper-stt,whisper-openai-68966786fb-jsb5d,2026-08-08T21:14:01.927000Z,1786223641.927,0.0047074689562377325,cores,0.0047074689562377325,0.47074689562377325,,
whisper-stt,cpu_usage,whisper-stt,whisper-openai-68966786fb-jsb5d,2026-08-08T22:14:01.927000Z,1786227241.927,0.004740842168907954,cores,0.004740842168907954,0.4740842168907954,,
whisper-stt,cpu_usage,whisper-stt,whisper-openai-68966786fb-jsb5d,2026-08-08T23:14:01.927000Z,1786230841.927,0.004554434859381476,cores,0.004554434859381476,0.4554434859381476,,
whisper-stt,cpu_usage,whisper-stt,whisper-openai-68966786fb-jsb5d,2026-08-09T00:14:01.927000Z,1786234441.927,0.004574323483278917,cores,0.004574323483278917,0.4574323483278917,,
whisper-stt,cpu_usage,whisper-stt,whisper-openai-68966786fb-jsb5d,2026-08-09T01:14:01.927000Z,1786238041.927,0.004726956796750429,cores,0.004726956796750429,0.4726956796750429,,
whisper-stt,cpu_usage,whisper-stt,whisper-openai-68966786fb-jsb5d,2026-08-09T02:14:01.927000Z,1786241641.927,0.0047054558167995255,cores,0.0047054558167995255,0.47054558167995253,,
whisper-stt,cpu_usage,whisper-stt,whisper-openai-68966786fb-jsb5d,2026-08-09T03:14:01.927000Z,1786245241.927,0.004575678767590674,cores,0.004575678767590674,0.4575678767590674,,
whisper-stt,cpu_usage,whisper-stt,whisper-openai-68966786fb-jsb5d,2026-08-09T04:14:01.927000Z,1786248841.927,0.00476879174877158,cores,0.00476879174877158,0.476879174877158,,
whisper-stt,cpu_usage,whisper-stt,whisper-openai-68966786fb-jsb5d,2026-08-09T05:14:01.927000Z,1786252441.927,0.004669575165101417,cores,0.004669575165101417,0.4669575165101417,,
whisper-stt,cpu_usage,whisper-stt,whisper-openai-68966786fb-jsb5d,2026-08-09T06:14:01.927000Z,1786256041.927,0.004606603654463521,cores,0.004606603654463521,0.4606603654463521,,
whisper-stt,cpu_usage,whisper-stt,whisper-openai-68966786fb-jsb5d,2026-08-09T07:14:01.927000Z,1786259641.927,0.00465101004233738,cores,0.00465101004233738,0.46510100423373796,,
whisper-stt,cpu_usage,whisper-stt,whisper-openai-68966786fb-jsb5d,2026-08-09T08:14:01.927000Z,1786263241.927,0.004628162437189371,cores,0.004628162437189371,0.46281624371893715,,
whisper-stt,cpu_usage,whisper-stt,whisper-openai-68966786fb-jsb5d,2026-08-09T09:14:01.927000Z,1786266841.927,0.004801390710114588,cores,0.004801390710114588,0.4801390710114588,,
whisper-stt,cpu_usage,whisper-stt,whisper-openai-68966786fb-jsb5d,2026-08-09T10:14:01.927000Z,1786270441.927,0.0047038399021222905,cores,0.0047038399021222905,0.47038399021222904,,
whisper-stt,cpu_usage,whisper-stt,whisper-openai-68966786fb-jsb5d,2026-08-09T11:14:01.927000Z,1786274041.927,0.004556826819923782,cores,0.004556826819923782,0.45568268199237816,,
whisper-stt,cpu_usage,whisper-stt,whisper-openai-68966786fb-jsb5d,2026-08-09T12:14:01.927000Z,1786277641.927,0.004747996857270497,cores,0.004747996857270497,0.47479968572704967,,
whisper-stt,cpu_usage,whisper-stt,whisper-openai-68966786fb-jsb5d,2026-08-09T13:14:01.927000Z,1786281241.927,0.004690109711272026,cores,0.004690109711272026,0.46901097112720264,,
whisper-stt,cpu_usage,whisper-stt,whisper-openai-68966786fb-jsb5d,2026-08-09T14:14:01.927000Z,1786284841.927,0.0047538380515324,cores,0.0047538380515324,0.47538380515323997,,
whisper-stt,cpu_usage,whisper-stt,whisper-openai-68966786fb-jsb5d,2026-08-09T15:14:01.927000Z,1786288441.927,0.004637117874876335,cores,0.004637117874876335,0.46371178748763353,,
whisper-stt,cpu_usage,whisper-stt,whisper-openai-68966786fb-jsb5d,2026-08-09T16:14:01.927000Z,1786292041.927,0.004798035844068004,cores,0.004798035844068004,0.4798035844068004,,
whisper-stt,cpu_usage,whisper-stt,whisper-openai-68966786fb-jsb5d,2026-08-09T17:14:01.927000Z,1786295641.927,0.0046325957519399484,cores,0.0046325957519399484,0.46325957519399485,,
whisper-stt,cpu_usage,whisper-stt,whisper-openai-68966786fb-jsb5d,2026-08-09T18:14:01.927000Z,1786299241.927,0.004722093699986946,cores,0.004722093699986946,0.4722093699986946,,
whisper-stt,cpu_usage,whisper-stt,whisper-openai-68966786fb-jsb5d,2026-08-09T19:14:01.927000Z,1786302841.927,0.004750360862121501,cores,0.004750360862121501,0.4750360862121501,,
whisper-stt,cpu_usage,whisper-stt,whisper-openai-68966786fb-jsb5d,2026-08-09T20:14:01.927000Z,1786306441.927,0.004714455519575416,cores,0.004714455519575416,0.47144555195754156,,
whisper-stt,cpu_usage,whisper-stt,whisper-openai-68966786fb-jsb5d,2026-08-09T21:14:01.927000Z,1786310041.927,0.00476953911942369,cores,0.00476953911942369,0.476953911942369,,
whisper-stt,cpu_usage,whisper-stt,whisper-openai-68966786fb-jsb5d,2026-08-09T22:14:01.927000Z,1786313641.927,0.004569925817608295,cores,0.004569925817608295,0.4569925817608295,,
whisper-stt,cpu_usage,whisper-stt,whisper-openai-68966786fb-jsb5d,2026-08-09T23:14:01.927000Z,1786317241.927,0.004720982709715745,cores,0.004720982709715745,0.4720982709715745,,
whisper-stt,cpu_usage,whisper-stt,whisper-openai-68966786fb-jsb5d,2026-08-10T00:14:01.927000Z,1786320841.927,0.004686214772554732,cores,0.004686214772554732,0.4686214772554732,,
whisper-stt,cpu_usage,whisper-stt,whisper-openai-68966786fb-jsb5d,2026-08-10T01:14:01.927000Z,1786324441.927,0.004623374926032349,cores,0.004623374926032349,0.4623374926032349,,
whisper-stt,cpu_usage,whisper-stt,whisper-openai-68966786fb-jsb5d,2026-08-10T02:14:01.927000Z,1786328041.927,0.004820497156601959,cores,0.004820497156601959,0.4820497156601959,,
whisper-stt,cpu_usage,whisper-stt,whisper-openai-68966786fb-jsb5d,2026-08-10T03:14:01.927000Z,1786331641.927,0.0045492563733274035,cores,0.0045492563733274035,0.45492563733274033,,
whisper-stt,cpu_usage,whisper-stt,whisper-openai-68966786fb-jsb5d,2026-08-10T04:14:01.927000Z,1786335241.927,0.0046708999247564295,cores,0.0046708999247564295,0.4670899924756429,,
whisper-stt,cpu_usage,whisper-stt,whisper-openai-68966786fb-jsb5d,2026-08-10T05:14:01.927000Z,1786338841.927,0.00465245833494629,cores,0.00465245833494629,0.465245833494629,,
whisper-stt,cpu_usage,whisper-stt,whisper-openai-68966786fb-jsb5d,2026-08-10T06:14:01.927000Z,1786342441.927,0.004529758074527079,cores,0.004529758074527079,0.4529758074527079,,
whisper-stt,cpu_usage,whisper-stt,whisper-openai-68966786fb-jsb5d,2026-08-10T07:14:01.927000Z,1786346041.927,0.0045240864420906,cores,0.0045240864420906,0.45240864420906,,
whisper-stt,cpu_usage,whisper-stt,whisper-openai-68966786fb-jsb5d,2026-08-10T08:14:01.927000Z,1786349641.927,0.00425796160770514,cores,0.00425796160770514,0.42579616077051397,,
whisper-stt,cpu_usage,whisper-stt,whisper-openai-68966786fb-jsb5d,2026-08-10T09:14:01.927000Z,1786353241.927,0.004666171462072381,cores,0.004666171462072381,0.46661714620723815,,
whisper-stt,cpu_usage,whisper-stt,whisper-openai-68966786fb-jsb5d,2026-08-10T10:14:01.927000Z,1786356841.927,0.00445571063371705,cores,0.00445571063371705,0.445571063371705,,
whisper-stt,cpu_usage,whisper-stt,whisper-openai-68966786fb-jsb5d,2026-08-10T11:14:01.927000Z,1786360441.927,0.004692582177299091,cores,0.004692582177299091,0.4692582177299091,,
whisper-stt,cpu_usage,whisper-stt,whisper-stt-5b884b75f4-hwczc,2026-08-08T20:14:01.927000Z,1786220041.927,0.0001628743068284141,cores,0.0001628743068284141,0.01628743068284141,,
whisper-stt,cpu_usage,whisper-stt,whisper-stt-847fd8d7b9-mp2kl,2026-08-08T20:14:01.927000Z,1786220041.927,0.00699404740056356,cores,0.00699404740056356,0.699404740056356,,
whisper-stt,cpu_usage,whisper-stt,whisper-stt-847fd8d7b9-mp2kl,2026-08-08T21:14:01.927000Z,1786223641.927,0.00044603470112325374,cores,0.00044603470112325374,0.04460347011232538,,
whisper-stt,cpu_usage,whisper-stt,whisper-stt-847fd8d7b9-mp2kl,2026-08-08T22:14:01.927000Z,1786227241.927,0.0003658380450681488,cores,0.0003658380450681488,0.03658380450681488,,
whisper-stt,cpu_usage,whisper-stt,whisper-stt-847fd8d7b9-mp2kl,2026-08-08T23:14:01.927000Z,1786230841.927,0.00040013873655308645,cores,0.00040013873655308645,0.040013873655308646,,
whisper-stt,cpu_usage,whisper-stt,whisper-stt-847fd8d7b9-mp2kl,2026-08-09T00:14:01.927000Z,1786234441.927,0.0004775281095353853,cores,0.0004775281095353853,0.047752810953538526,,
whisper-stt,cpu_usage,whisper-stt,whisper-stt-847fd8d7b9-mp2kl,2026-08-09T01:14:01.927000Z,1786238041.927,0.0004248957630490831,cores,0.0004248957630490831,0.042489576304908315,,
whisper-stt,cpu_usage,whisper-stt,whisper-stt-847fd8d7b9-mp2kl,2026-08-09T02:14:01.927000Z,1786241641.927,0.00045883865647809344,cores,0.00045883865647809344,0.045883865647809344,,
whisper-stt,cpu_usage,whisper-stt,whisper-stt-847fd8d7b9-mp2kl,2026-08-09T03:14:01.927000Z,1786245241.927,0.000502999448416672,cores,0.000502999448416672,0.0502999448416672,,
whisper-stt,cpu_usage,whisper-stt,whisper-stt-847fd8d7b9-mp2kl,2026-08-09T04:14:01.927000Z,1786248841.927,0.0004905542876228091,cores,0.0004905542876228091,0.0490554287622809,,
whisper-stt,cpu_usage,whisper-stt,whisper-stt-847fd8d7b9-mp2kl,2026-08-09T05:14:01.927000Z,1786252441.927,0.000444656031763903,cores,0.000444656031763903,0.0444656031763903,,
whisper-stt,cpu_usage,whisper-stt,whisper-stt-847fd8d7b9-mp2kl,2026-08-09T06:14:01.927000Z,1786256041.927,0.0004016656330291392,cores,0.0004016656330291392,0.04016656330291392,,
whisper-stt,cpu_usage,whisper-stt,whisper-stt-847fd8d7b9-mp2kl,2026-08-09T07:14:01.927000Z,1786259641.927,0.0004370231708870648,cores,0.0004370231708870648,0.04370231708870648,,
whisper-stt,cpu_usage,whisper-stt,whisper-stt-847fd8d7b9-mp2kl,2026-08-09T08:14:01.927000Z,1786263241.927,0.00048289279532362343,cores,0.00048289279532362343,0.048289279532362346,,
whisper-stt,cpu_usage,whisper-stt,whisper-stt-847fd8d7b9-mp2kl,2026-08-09T09:14:01.927000Z,1786266841.927,0.0004343366877941437,cores,0.0004343366877941437,0.04343366877941437,,
whisper-stt,cpu_usage,whisper-stt,whisper-stt-847fd8d7b9-mp2kl,2026-08-09T10:14:01.927000Z,1786270441.927,0.000419800672211706,cores,0.000419800672211706,0.0419800672211706,,
whisper-stt,cpu_usage,whisper-stt,whisper-stt-847fd8d7b9-mp2kl,2026-08-09T11:14:01.927000Z,1786274041.927,0.0004340777697481801,cores,0.0004340777697481801,0.04340777697481801,,
whisper-stt,cpu_usage,whisper-stt,whisper-stt-847fd8d7b9-mp2kl,2026-08-09T12:14:01.927000Z,1786277641.927,0.0004573866761288073,cores,0.0004573866761288073,0.04573866761288073,,
whisper-stt,cpu_usage,whisper-stt,whisper-stt-847fd8d7b9-mp2kl,2026-08-09T13:14:01.927000Z,1786281241.927,0.00046509718821606793,cores,0.00046509718821606793,0.046509718821606795,,
whisper-stt,cpu_usage,whisper-stt,whisper-stt-847fd8d7b9-mp2kl,2026-08-09T14:14:01.927000Z,1786284841.927,0.0004738417545886147,cores,0.0004738417545886147,0.04738417545886147,,
whisper-stt,cpu_usage,whisper-stt,whisper-stt-847fd8d7b9-mp2kl,2026-08-09T15:14:01.927000Z,1786288441.927,0.000438556011528974,cores,0.000438556011528974,0.0438556011528974,,
whisper-stt,cpu_usage,whisper-stt,whisper-stt-847fd8d7b9-mp2kl,2026-08-09T16:14:01.927000Z,1786292041.927,0.0004702244026528492,cores,0.0004702244026528492,0.04702244026528492,,
whisper-stt,cpu_usage,whisper-stt,whisper-stt-847fd8d7b9-mp2kl,2026-08-09T17:14:01.927000Z,1786295641.927,0.0003938792229612468,cores,0.0003938792229612468,0.03938792229612468,,
whisper-stt,cpu_usage,whisper-stt,whisper-stt-847fd8d7b9-mp2kl,2026-08-09T18:14:01.927000Z,1786299241.927,0.0004339404689952914,cores,0.0004339404689952914,0.04339404689952914,,
whisper-stt,cpu_usage,whisper-stt,whisper-stt-847fd8d7b9-mp2kl,2026-08-09T19:14:01.927000Z,1786302841.927,0.0004416006303544579,cores,0.0004416006303544579,0.04416006303544579,,
whisper-stt,cpu_usage,whisper-stt,whisper-stt-847fd8d7b9-mp2kl,2026-08-09T20:14:01.927000Z,1786306441.927,0.00045757998212690346,cores,0.00045757998212690346,0.045757998212690346,,
whisper-stt,cpu_usage,whisper-stt,whisper-stt-847fd8d7b9-mp2kl,2026-08-09T21:14:01.927000Z,1786310041.927,0.0004266507620560194,cores,0.0004266507620560194,0.04266507620560194,,
whisper-stt,cpu_usage,whisper-stt,whisper-stt-847fd8d7b9-mp2kl,2026-08-09T22:14:01.927000Z,1786313641.927,0.00046061547696818174,cores,0.00046061547696818174,0.046061547696818174,,
whisper-stt,cpu_usage,whisper-stt,whisper-stt-847fd8d7b9-mp2kl,2026-08-09T23:14:01.927000Z,1786317241.927,0.00045310433105258787,cores,0.00045310433105258787,0.045310433105258785,,
whisper-stt,cpu_usage,whisper-stt,whisper-stt-847fd8d7b9-mp2kl,2026-08-10T00:14:01.927000Z,1786320841.927,0.00043504871302478835,cores,0.00043504871302478835,0.043504871302478834,,
whisper-stt,cpu_usage,whisper-stt,whisper-stt-847fd8d7b9-mp2kl,2026-08-10T01:14:01.927000Z,1786324441.927,0.00043558160433365803,cores,0.00043558160433365803,0.0435581604333658,,
whisper-stt,cpu_usage,whisper-stt,whisper-stt-847fd8d7b9-mp2kl,2026-08-10T02:14:01.927000Z,1786328041.927,0.0004400363779878817,cores,0.0004400363779878817,0.04400363779878817,,
whisper-stt,cpu_usage,whisper-stt,whisper-stt-847fd8d7b9-mp2kl,2026-08-10T03:14:01.927000Z,1786331641.927,0.00045686754467024626,cores,0.00045686754467024626,0.04568675446702462,,
whisper-stt,cpu_usage,whisper-stt,whisper-stt-847fd8d7b9-mp2kl,2026-08-10T04:14:01.927000Z,1786335241.927,0.0004270979744402473,cores,0.0004270979744402473,0.04270979744402473,,
whisper-stt,cpu_usage,whisper-stt,whisper-stt-847fd8d7b9-mp2kl,2026-08-10T05:14:01.927000Z,1786338841.927,0.0004451239321273896,cores,0.0004451239321273896,0.04451239321273896,,
whisper-stt,cpu_usage,whisper-stt,whisper-stt-847fd8d7b9-mp2kl,2026-08-10T06:14:01.927000Z,1786342441.927,0.0004080037387707245,cores,0.0004080037387707245,0.04080037387707245,,
whisper-stt,cpu_usage,whisper-stt,whisper-stt-847fd8d7b9-mp2kl,2026-08-10T07:14:01.927000Z,1786346041.927,0.0004319065866008091,cores,0.0004319065866008091,0.043190658660080906,,
whisper-stt,cpu_usage,whisper-stt,whisper-stt-847fd8d7b9-mp2kl,2026-08-10T08:14:01.927000Z,1786349641.927,0.00039727643182839125,cores,0.00039727643182839125,0.039727643182839126,,
whisper-stt,cpu_usage,whisper-stt,whisper-stt-847fd8d7b9-mp2kl,2026-08-10T09:14:01.927000Z,1786353241.927,0.0004152054981758012,cores,0.0004152054981758012,0.04152054981758012,,
whisper-stt,cpu_usage,whisper-stt,whisper-stt-847fd8d7b9-mp2kl,2026-08-10T10:14:01.927000Z,1786356841.927,0.00042117184005723506,cores,0.00042117184005723506,0.04211718400572351,,
whisper-stt,cpu_usage,whisper-stt,whisper-stt-847fd8d7b9-mp2kl,2026-08-10T11:14:01.927000Z,1786360441.927,0.00042875498914642275,cores,0.00042875498914642275,0.04287549891464228,,
whisper-stt,cpu_usage,whisper-stt,whisper-stt-847fd8d7b9-v2rs5,2026-07-30T18:14:01.927000Z,1785435241.927,0.000608801402806978,cores,0.000608801402806978,0.060880140280697805,,
whisper-stt,cpu_usage,whisper-stt,whisper-stt-847fd8d7b9-v2rs5,2026-07-30T19:14:01.927000Z,1785438841.927,4.063672671928151,cores,4.063672671928151,406.36726719281506,,
whisper-stt,cpu_usage,whisper-stt,whisper-stt-847fd8d7b9-v2rs5,2026-07-30T20:14:01.927000Z,1785442441.927,0.0006643076956014168,cores,0.0006643076956014168,0.06643076956014168,,
whisper-stt,cpu_usage,whisper-stt,whisper-stt-847fd8d7b9-v2rs5,2026-07-30T21:14:01.927000Z,1785446041.927,0.0006217814356280965,cores,0.0006217814356280965,0.06217814356280965,,
whisper-stt,cpu_usage,whisper-stt,whisper-stt-847fd8d7b9-v2rs5,2026-07-30T22:14:01.927000Z,1785449641.927,0.0006261909827183478,cores,0.0006261909827183478,0.06261909827183477,,
whisper-stt,cpu_usage,whisper-stt,whisper-stt-847fd8d7b9-v2rs5,2026-07-30T23:14:01.927000Z,1785453241.927,0.0006462650293928661,cores,0.0006462650293928661,0.06462650293928661,,
whisper-stt,cpu_usage,whisper-stt,whisper-stt-847fd8d7b9-v2rs5,2026-07-31T00:14:01.927000Z,1785456841.927,0.0006071637732901993,cores,0.0006071637732901993,0.06071637732901993,,
whisper-stt,cpu_usage,whisper-stt,whisper-stt-847fd8d7b9-v2rs5,2026-07-31T01:14:01.927000Z,1785460441.927,0.0006129810114882914,cores,0.0006129810114882914,0.06129810114882914,,
whisper-stt,cpu_usage,whisper-stt,whisper-stt-847fd8d7b9-v2rs5,2026-07-31T02:14:01.927000Z,1785464041.927,0.0006200054734301162,cores,0.0006200054734301162,0.062000547343011615,,
whisper-stt,cpu_usage,whisper-stt,whisper-stt-847fd8d7b9-v2rs5,2026-07-31T03:14:01.927000Z,1785467641.927,0.0005843377938544662,cores,0.0005843377938544662,0.05843377938544662,,
whisper-stt,cpu_usage,whisper-stt,whisper-stt-847fd8d7b9-v2rs5,2026-07-31T04:14:01.927000Z,1785471241.927,0.0005725593851028731,cores,0.0005725593851028731,0.05725593851028731,,
whisper-stt,cpu_usage,whisper-stt,whisper-stt-847fd8d7b9-v2rs5,2026-07-31T05:14:01.927000Z,1785474841.927,0.0005833438374070008,cores,0.0005833438374070008,0.05833438374070008,,
whisper-stt,cpu_usage,whisper-stt,whisper-stt-847fd8d7b9-v2rs5,2026-07-31T06:14:01.927000Z,1785478441.927,0.0006134123217637644,cores,0.0006134123217637644,0.061341232176376444,,
whisper-stt,cpu_usage,whisper-stt,whisper-stt-847fd8d7b9-v2rs5,2026-07-31T07:14:01.927000Z,1785482041.927,0.0005662593715955141,cores,0.0005662593715955141,0.05662593715955141,,
whisper-stt,cpu_usage,whisper-stt,whisper-stt-847fd8d7b9-v2rs5,2026-07-31T08:14:01.927000Z,1785485641.927,0.00061551664954245,cores,0.00061551664954245,0.061551664954244995,,
whisper-stt,cpu_usage,whisper-stt,whisper-stt-847fd8d7b9-v2rs5,2026-07-31T09:14:01.927000Z,1785489241.927,0.0005957049453273978,cores,0.0005957049453273978,0.059570494532739784,,
whisper-stt,cpu_usage,whisper-stt,whisper-stt-847fd8d7b9-v2rs5,2026-07-31T10:14:01.927000Z,1785492841.927,0.0005625165221987575,cores,0.0005625165221987575,0.056251652219875756,,
whisper-stt,cpu_usage,whisper-stt,whisper-stt-847fd8d7b9-v2rs5,2026-07-31T11:14:01.927000Z,1785496441.927,0.0006226789331596125,cores,0.0006226789331596125,0.06226789331596125,,
whisper-stt,cpu_usage,whisper-stt,whisper-stt-847fd8d7b9-v2rs5,2026-07-31T12:14:01.927000Z,1785500041.927,0.0005328367553579116,cores,0.0005328367553579116,0.05328367553579116,,
whisper-stt,cpu_usage,whisper-stt,whisper-stt-847fd8d7b9-v2rs5,2026-07-31T13:14:01.927000Z,1785503641.927,0.0005967542182770371,cores,0.0005967542182770371,0.05967542182770371,,
whisper-stt,cpu_usage,whisper-stt,whisper-stt-847fd8d7b9-v2rs5,2026-07-31T14:14:01.927000Z,1785507241.927,0.000620523020424258,cores,0.000620523020424258,0.062052302042425796,,
whisper-stt,cpu_usage,whisper-stt,whisper-stt-847fd8d7b9-v2rs5,2026-07-31T15:14:01.927000Z,1785510841.927,0.0006115700722767824,cores,0.0006115700722767824,0.061157007227678244,,
whisper-stt,cpu_usage,whisper-stt,whisper-stt-847fd8d7b9-v2rs5,2026-07-31T16:14:01.927000Z,1785514441.927,0.000553279963800159,cores,0.000553279963800159,0.0553279963800159,,
whisper-stt,cpu_usage,whisper-stt,whisper-stt-847fd8d7b9-v2rs5,2026-07-31T17:14:01.927000Z,1785518041.927,0.0005928956980225337,cores,0.0005928956980225337,0.059289569802253375,,
whisper-stt,cpu_usage,whisper-stt,whisper-stt-847fd8d7b9-v2rs5,2026-07-31T18:14:01.927000Z,1785521641.927,0.0005832613634213273,cores,0.0005832613634213273,0.058326136342132726,,
whisper-stt,cpu_usage,whisper-stt,whisper-stt-847fd8d7b9-v2rs5,2026-07-31T19:14:01.927000Z,1785525241.927,0.0005605829466865431,cores,0.0005605829466865431,0.05605829466865431,,
whisper-stt,cpu_usage,whisper-stt,whisper-stt-847fd8d7b9-v2rs5,2026-07-31T20:14:01.927000Z,1785528841.927,0.000607278597480544,cores,0.000607278597480544,0.060727859748054405,,
whisper-stt,cpu_usage,whisper-stt,whisper-stt-847fd8d7b9-v2rs5,2026-07-31T21:14:01.927000Z,1785532441.927,0.000561866268343262,cores,0.000561866268343262,0.056186626834326195,,
whisper-stt,cpu_usage,whisper-stt,whisper-stt-847fd8d7b9-v2rs5,2026-07-31T22:14:01.927000Z,1785536041.927,0.0005956934769299581,cores,0.0005956934769299581,0.05956934769299581,,
whisper-stt,cpu_usage,whisper-stt,whisper-stt-847fd8d7b9-v2rs5,2026-07-31T23:14:01.927000Z,1785539641.927,0.0006278772514901088,cores,0.0006278772514901088,0.06278772514901088,,
whisper-stt,cpu_usage,whisper-stt,whisper-stt-847fd8d7b9-v2rs5,2026-08-01T00:14:01.927000Z,1785543241.927,0.0006699751946821617,cores,0.0006699751946821617,0.06699751946821618,,
whisper-stt,cpu_usage,whisper-stt,whisper-stt-847fd8d7b9-v2rs5,2026-08-01T01:14:01.927000Z,1785546841.927,0.0006454189468769233,cores,0.0006454189468769233,0.06454189468769232,,
whisper-stt,cpu_usage,whisper-stt,whisper-stt-847fd8d7b9-v2rs5,2026-08-01T02:14:01.927000Z,1785550441.927,0.000644776930464352,cores,0.000644776930464352,0.06447769304643519,,
whisper-stt,cpu_usage,whisper-stt,whisper-stt-847fd8d7b9-v2rs5,2026-08-01T03:14:01.927000Z,1785554041.927,0.0006501296075016105,cores,0.0006501296075016105,0.06501296075016105,,
whisper-stt,cpu_usage,whisper-stt,whisper-stt-847fd8d7b9-v2rs5,2026-08-01T04:14:01.927000Z,1785557641.927,0.0005980132581559976,cores,0.0005980132581559976,0.05980132581559976,,
whisper-stt,cpu_usage,whisper-stt,whisper-stt-847fd8d7b9-v2rs5,2026-08-01T05:14:01.927000Z,1785561241.927,0.0006537784571598932,cores,0.0006537784571598932,0.06537784571598933,,
whisper-stt,cpu_usage,whisper-stt,whisper-stt-847fd8d7b9-v2rs5,2026-08-01T06:14:01.927000Z,1785564841.927,0.0005897916666220192,cores,0.0005897916666220192,0.05897916666220192,,
whisper-stt,cpu_usage,whisper-stt,whisper-stt-847fd8d7b9-v2rs5,2026-08-01T07:14:01.927000Z,1785568441.927,0.0006558794559906882,cores,0.0006558794559906882,0.06558794559906882,,
whisper-stt,cpu_usage,whisper-stt,whisper-stt-847fd8d7b9-v2rs5,2026-08-01T08:14:01.927000Z,1785572041.927,0.0006444109067868831,cores,0.0006444109067868831,0.0644410906786883,,
whisper-stt,cpu_usage,whisper-stt,whisper-stt-847fd8d7b9-v2rs5,2026-08-01T09:14:01.927000Z,1785575641.927,0.0006500353869405852,cores,0.0006500353869405852,0.06500353869405852,,
whisper-stt,cpu_usage,whisper-stt,whisper-stt-847fd8d7b9-v2rs5,2026-08-01T10:14:01.927000Z,1785579241.927,0.0006755924401283764,cores,0.0006755924401283764,0.06755924401283764,,
whisper-stt,cpu_usage,whisper-stt,whisper-stt-847fd8d7b9-v2rs5,2026-08-01T11:14:01.927000Z,1785582841.927,0.0006177587279404241,cores,0.0006177587279404241,0.06177587279404241,,
whisper-stt,cpu_usage,whisper-stt,whisper-stt-847fd8d7b9-v2rs5,2026-08-01T12:14:01.927000Z,1785586441.927,0.0006592545451598109,cores,0.0006592545451598109,0.06592545451598109,,
whisper-stt,cpu_usage,whisper-stt,whisper-stt-847fd8d7b9-v2rs5,2026-08-01T13:14:01.927000Z,1785590041.927,0.0006049955517058945,cores,0.0006049955517058945,0.06049955517058945,,
whisper-stt,cpu_usage,whisper-stt,whisper-stt-847fd8d7b9-v2rs5,2026-08-01T14:14:01.927000Z,1785593641.927,0.0006063475348777917,cores,0.0006063475348777917,0.06063475348777917,,
whisper-stt,cpu_usage,whisper-stt,whisper-stt-847fd8d7b9-v2rs5,2026-08-01T15:14:01.927000Z,1785597241.927,0.0006233061859015528,cores,0.0006233061859015528,0.06233061859015528,,
whisper-stt,cpu_usage,whisper-stt,whisper-stt-847fd8d7b9-v2rs5,2026-08-01T16:14:01.927000Z,1785600841.927,0.0006639292917308407,cores,0.0006639292917308407,0.06639292917308408,,
whisper-stt,cpu_usage,whisper-stt,whisper-stt-847fd8d7b9-v2rs5,2026-08-01T17:14:01.927000Z,1785604441.927,0.0006395072118535114,cores,0.0006395072118535114,0.06395072118535114,,
whisper-stt,cpu_usage,whisper-stt,whisper-stt-847fd8d7b9-v2rs5,2026-08-01T18:14:01.927000Z,1785608041.927,0.0006041923731700445,cores,0.0006041923731700445,0.06041923731700445,,
whisper-stt,cpu_usage,whisper-stt,whisper-stt-847fd8d7b9-v2rs5,2026-08-01T19:14:01.927000Z,1785611641.927,0.0006284778175775789,cores,0.0006284778175775789,0.06284778175775789,,
whisper-stt,cpu_usage,whisper-stt,whisper-stt-847fd8d7b9-v2rs5,2026-08-01T20:14:01.927000Z,1785615241.927,0.0006188076928028568,cores,0.0006188076928028568,0.061880769280285686,,
whisper-stt,cpu_usage,whisper-stt,whisper-stt-847fd8d7b9-v2rs5,2026-08-01T21:14:01.927000Z,1785618841.927,0.0006307823662838417,cores,0.0006307823662838417,0.06307823662838416,,
whisper-stt,cpu_usage,whisper-stt,whisper-stt-847fd8d7b9-v2rs5,2026-08-01T22:14:01.927000Z,1785622441.927,0.0005635449375957864,cores,0.0005635449375957864,0.05635449375957864,,
whisper-stt,cpu_usage,whisper-stt,whisper-stt-847fd8d7b9-v2rs5,2026-08-01T23:14:01.927000Z,1785626041.927,0.000589165356981846,cores,0.000589165356981846,0.0589165356981846,,
whisper-stt,cpu_usage,whisper-stt,whisper-stt-847fd8d7b9-v2rs5,2026-08-02T00:14:01.927000Z,1785629641.927,0.000651117840778016,cores,0.000651117840778016,0.0651117840778016,,
whisper-stt,cpu_usage,whisper-stt,whisper-stt-847fd8d7b9-v2rs5,2026-08-02T01:14:01.927000Z,1785633241.927,0.0006362307940084636,cores,0.0006362307940084636,0.06362307940084636,,
whisper-stt,cpu_usage,whisper-stt,whisper-stt-847fd8d7b9-v2rs5,2026-08-02T02:14:01.927000Z,1785636841.927,0.0006698438436550512,cores,0.0006698438436550512,0.06698438436550512,,
whisper-stt,cpu_usage,whisper-stt,whisper-stt-847fd8d7b9-v2rs5,2026-08-02T03:14:01.927000Z,1785640441.927,0.0005772992962165493,cores,0.0005772992962165493,0.05772992962165493,,
whisper-stt,cpu_usage,whisper-stt,whisper-stt-847fd8d7b9-v2rs5,2026-08-02T04:14:01.927000Z,1785644041.927,0.0006005466293676156,cores,0.0006005466293676156,0.06005466293676156,,
whisper-stt,cpu_usage,whisper-stt,whisper-stt-847fd8d7b9-v2rs5,2026-08-02T05:14:01.927000Z,1785647641.927,0.0005697557699619848,cores,0.0005697557699619848,0.056975576996198485,,
whisper-stt,cpu_usage,whisper-stt,whisper-stt-847fd8d7b9-v2rs5,2026-08-02T06:14:01.927000Z,1785651241.927,0.0006110267592589347,cores,0.0006110267592589347,0.06110267592589347,,
whisper-stt,cpu_usage,whisper-stt,whisper-stt-847fd8d7b9-v2rs5,2026-08-02T07:14:01.927000Z,1785654841.927,0.0006346442408803755,cores,0.0006346442408803755,0.06346442408803755,,
whisper-stt,cpu_usage,whisper-stt,whisper-stt-847fd8d7b9-v2rs5,2026-08-02T08:14:01.927000Z,1785658441.927,0.0006533012107827179,cores,0.0006533012107827179,0.0653301210782718,,
whisper-stt,cpu_usage,whisper-stt,whisper-stt-847fd8d7b9-v2rs5,2026-08-02T09:14:01.927000Z,1785662041.927,0.0006179226420549782,cores,0.0006179226420549782,0.06179226420549782,,
whisper-stt,cpu_usage,whisper-stt,whisper-stt-847fd8d7b9-v2rs5,2026-08-02T10:14:01.927000Z,1785665641.927,0.0006740703750884531,cores,0.0006740703750884531,0.0674070375088453,,
whisper-stt,cpu_usage,whisper-stt,whisper-stt-847fd8d7b9-v2rs5,2026-08-02T11:14:01.927000Z,1785669241.927,0.0006717637717110921,cores,0.0006717637717110921,0.0671763771711092,,
whisper-stt,cpu_usage,whisper-stt,whisper-stt-847fd8d7b9-v2rs5,2026-08-02T12:14:01.927000Z,1785672841.927,0.0006078609835582031,cores,0.0006078609835582031,0.06078609835582031,,
whisper-stt,cpu_usage,whisper-stt,whisper-stt-847fd8d7b9-v2rs5,2026-08-02T13:14:01.927000Z,1785676441.927,0.0006206551844170193,cores,0.0006206551844170193,0.06206551844170193,,
whisper-stt,cpu_usage,whisper-stt,whisper-stt-847fd8d7b9-v2rs5,2026-08-02T14:14:01.927000Z,1785680041.927,0.0005693687143963147,cores,0.0005693687143963147,0.05693687143963147,,
whisper-stt,cpu_usage,whisper-stt,whisper-stt-847fd8d7b9-v2rs5,2026-08-02T15:14:01.927000Z,1785683641.927,0.0005994544871032968,cores,0.0005994544871032968,0.05994544871032968,,
whisper-stt,cpu_usage,whisper-stt,whisper-stt-847fd8d7b9-v2rs5,2026-08-02T16:14:01.927000Z,1785687241.927,0.0006385162185668573,cores,0.0006385162185668573,0.06385162185668573,,
whisper-stt,cpu_usage,whisper-stt,whisper-stt-847fd8d7b9-v2rs5,2026-08-02T17:14:01.927000Z,1785690841.927,0.0006513405384403686,cores,0.0006513405384403686,0.06513405384403687,,
whisper-stt,cpu_usage,whisper-stt,whisper-stt-847fd8d7b9-v2rs5,2026-08-02T18:14:01.927000Z,1785694441.927,0.0006046238091266711,cores,0.0006046238091266711,0.06046238091266711,,
whisper-stt,cpu_usage,whisper-stt,whisper-stt-847fd8d7b9-v2rs5,2026-08-02T19:14:01.927000Z,1785698041.927,0.0006179253533342751,cores,0.0006179253533342751,0.06179253533342751,,
whisper-stt,cpu_usage,whisper-stt,whisper-stt-847fd8d7b9-v2rs5,2026-08-02T20:14:01.927000Z,1785701641.927,0.0006318842492821999,cores,0.0006318842492821999,0.06318842492822,,
whisper-stt,cpu_usage,whisper-stt,whisper-stt-847fd8d7b9-v2rs5,2026-08-02T21:14:01.927000Z,1785705241.927,0.0005893010478939513,cores,0.0005893010478939513,0.05893010478939512,,
whisper-stt,cpu_usage,whisper-stt,whisper-stt-847fd8d7b9-v2rs5,2026-08-02T22:14:01.927000Z,1785708841.927,0.0006390120953582164,cores,0.0006390120953582164,0.06390120953582164,,
whisper-stt,cpu_usage,whisper-stt,whisper-stt-847fd8d7b9-v2rs5,2026-08-02T23:14:01.927000Z,1785712441.927,0.0006542755360483389,cores,0.0006542755360483389,0.06542755360483389,,
whisper-stt,cpu_usage,whisper-stt,whisper-stt-847fd8d7b9-v2rs5,2026-08-03T00:14:01.927000Z,1785716041.927,0.00064896920961647,cores,0.00064896920961647,0.064896920961647,,
whisper-stt,cpu_usage,whisper-stt,whisper-stt-847fd8d7b9-v2rs5,2026-08-03T01:14:01.927000Z,1785719641.927,0.0005912583435668952,cores,0.0005912583435668952,0.05912583435668952,,
whisper-stt,cpu_usage,whisper-stt,whisper-stt-847fd8d7b9-v2rs5,2026-08-03T02:14:01.927000Z,1785723241.927,0.0006601657305359965,cores,0.0006601657305359965,0.06601657305359965,,
whisper-stt,cpu_usage,whisper-stt,whisper-stt-847fd8d7b9-v2rs5,2026-08-03T03:14:01.927000Z,1785726841.927,0.0006197415337304034,cores,0.0006197415337304034,0.061974153373040346,,
whisper-stt,cpu_usage,whisper-stt,whisper-stt-847fd8d7b9-v2rs5,2026-08-03T04:14:01.927000Z,1785730441.927,0.0006411756187117195,cores,0.0006411756187117195,0.06411756187117194,,
whisper-stt,cpu_usage,whisper-stt,whisper-stt-847fd8d7b9-v2rs5,2026-08-03T05:14:01.927000Z,1785734041.927,0.0006680162786007951,cores,0.0006680162786007951,0.06680162786007951,,
whisper-stt,cpu_usage,whisper-stt,whisper-stt-847fd8d7b9-v2rs5,2026-08-03T06:14:01.927000Z,1785737641.927,0.0006298382687487771,cores,0.0006298382687487771,0.0629838268748777,,
whisper-stt,cpu_usage,whisper-stt,whisper-stt-847fd8d7b9-v2rs5,2026-08-03T07:14:01.927000Z,1785741241.927,0.0006213092515349286,cores,0.0006213092515349286,0.06213092515349286,,
whisper-stt,cpu_usage,whisper-stt,whisper-stt-847fd8d7b9-v2rs5,2026-08-03T08:14:01.927000Z,1785744841.927,0.0005906257400367303,cores,0.0005906257400367303,0.05906257400367303,,
whisper-stt,cpu_usage,whisper-stt,whisper-stt-847fd8d7b9-v2rs5,2026-08-03T09:14:01.927000Z,1785748441.927,0.0006217943872481715,cores,0.0006217943872481715,0.062179438724817154,,
whisper-stt,cpu_usage,whisper-stt,whisper-stt-847fd8d7b9-v2rs5,2026-08-03T10:14:01.927000Z,1785752041.927,0.0006296077025967174,cores,0.0006296077025967174,0.06296077025967174,,
whisper-stt,cpu_usage,whisper-stt,whisper-stt-847fd8d7b9-v2rs5,2026-08-03T11:14:01.927000Z,1785755641.927,0.0006506784399883571,cores,0.0006506784399883571,0.06506784399883571,,
whisper-stt,cpu_usage,whisper-stt,whisper-stt-847fd8d7b9-v2rs5,2026-08-03T12:14:01.927000Z,1785759241.927,0.0006316616281661941,cores,0.0006316616281661941,0.06316616281661941,,
whisper-stt,cpu_usage,whisper-stt,whisper-stt-847fd8d7b9-v2rs5,2026-08-03T13:14:01.927000Z,1785762841.927,0.0006585471929070998,cores,0.0006585471929070998,0.06585471929070998,,
whisper-stt,cpu_usage,whisper-stt,whisper-stt-847fd8d7b9-v2rs5,2026-08-03T14:14:01.927000Z,1785766441.927,0.0006217882945565233,cores,0.0006217882945565233,0.06217882945565233,,
whisper-stt,cpu_usage,whisper-stt,whisper-stt-847fd8d7b9-v2rs5,2026-08-03T15:14:01.927000Z,1785770041.927,0.0005808182927330969,cores,0.0005808182927330969,0.05808182927330969,,
whisper-stt,cpu_usage,whisper-stt,whisper-stt-847fd8d7b9-v2rs5,2026-08-03T16:14:01.927000Z,1785773641.927,0.0006347268530407854,cores,0.0006347268530407854,0.06347268530407854,,
whisper-stt,cpu_usage,whisper-stt,whisper-stt-847fd8d7b9-v2rs5,2026-08-03T17:14:01.927000Z,1785777241.927,0.0006029409071954938,cores,0.0006029409071954938,0.06029409071954938,,
whisper-stt,cpu_usage,whisper-stt,whisper-stt-847fd8d7b9-v2rs5,2026-08-03T18:14:01.927000Z,1785780841.927,0.0006500399603387331,cores,0.0006500399603387331,0.0650039960338733,,
whisper-stt,cpu_usage,whisper-stt,whisper-stt-847fd8d7b9-v2rs5,2026-08-03T19:14:01.927000Z,1785784441.927,0.0006028994653342685,cores,0.0006028994653342685,0.06028994653342685,,
whisper-stt,cpu_usage,whisper-stt,whisper-stt-847fd8d7b9-v2rs5,2026-08-03T20:14:01.927000Z,1785788041.927,0.000642739863033463,cores,0.000642739863033463,0.0642739863033463,,
whisper-stt,cpu_usage,whisper-stt,whisper-stt-847fd8d7b9-v2rs5,2026-08-03T21:14:01.927000Z,1785791641.927,0.0006672147613733518,cores,0.0006672147613733518,0.06672147613733519,,
whisper-stt,cpu_usage,whisper-stt,whisper-stt-847fd8d7b9-v2rs5,2026-08-03T22:14:01.927000Z,1785795241.927,0.0006584741811746079,cores,0.0006584741811746079,0.0658474181174608,,
whisper-stt,cpu_usage,whisper-stt,whisper-stt-847fd8d7b9-v2rs5,2026-08-03T23:14:01.927000Z,1785798841.927,0.000671460005029079,cores,0.000671460005029079,0.0671460005029079,,
whisper-stt,cpu_usage,whisper-stt,whisper-stt-847fd8d7b9-v2rs5,2026-08-04T00:14:01.927000Z,1785802441.927,0.0006386514478479827,cores,0.0006386514478479827,0.06386514478479827,,
whisper-stt,cpu_usage,whisper-stt,whisper-stt-847fd8d7b9-v2rs5,2026-08-04T01:14:01.927000Z,1785806041.927,0.0006457468340825852,cores,0.0006457468340825852,0.06457468340825852,,
whisper-stt,cpu_usage,whisper-stt,whisper-stt-847fd8d7b9-v2rs5,2026-08-04T02:14:01.927000Z,1785809641.927,0.0006299921045518079,cores,0.0006299921045518079,0.06299921045518078,,
whisper-stt,cpu_usage,whisper-stt,whisper-stt-847fd8d7b9-v2rs5,2026-08-04T03:14:01.927000Z,1785813241.927,0.0006418833571212864,cores,0.0006418833571212864,0.06418833571212865,,
whisper-stt,cpu_usage,whisper-stt,whisper-stt-847fd8d7b9-v2rs5,2026-08-04T04:14:01.927000Z,1785816841.927,0.000598725263426102,cores,0.000598725263426102,0.059872526342610206,,
whisper-stt,cpu_usage,whisper-stt,whisper-stt-847fd8d7b9-v2rs5,2026-08-04T05:14:01.927000Z,1785820441.927,0.0006022018195665656,cores,0.0006022018195665656,0.06022018195665656,,
whisper-stt,cpu_usage,whisper-stt,whisper-stt-847fd8d7b9-v2rs5,2026-08-04T06:14:01.927000Z,1785824041.927,0.000673086712166109,cores,0.000673086712166109,0.0673086712166109,,
whisper-stt,cpu_usage,whisper-stt,whisper-stt-847fd8d7b9-v2rs5,2026-08-04T07:14:01.927000Z,1785827641.927,0.000580419269028977,cores,0.000580419269028977,0.0580419269028977,,
whisper-stt,cpu_usage,whisper-stt,whisper-stt-847fd8d7b9-v2rs5,2026-08-04T08:14:01.927000Z,1785831241.927,0.0006452784210749764,cores,0.0006452784210749764,0.06452784210749764,,
whisper-stt,cpu_usage,whisper-stt,whisper-stt-847fd8d7b9-v2rs5,2026-08-04T09:14:01.927000Z,1785834841.927,0.0006155492522543272,cores,0.0006155492522543272,0.06155492522543272,,
whisper-stt,cpu_usage,whisper-stt,whisper-stt-847fd8d7b9-v2rs5,2026-08-04T10:14:01.927000Z,1785838441.927,0.0006225896821169124,cores,0.0006225896821169124,0.062258968211691246,,
whisper-stt,cpu_usage,whisper-stt,whisper-stt-847fd8d7b9-v2rs5,2026-08-04T11:14:01.927000Z,1785842041.927,0.0005980486005822328,cores,0.0005980486005822328,0.05980486005822328,,
whisper-stt,cpu_usage,whisper-stt,whisper-stt-847fd8d7b9-v2rs5,2026-08-04T12:14:01.927000Z,1785845641.927,0.0006662742038834186,cores,0.0006662742038834186,0.06662742038834187,,
whisper-stt,cpu_usage,whisper-stt,whisper-stt-847fd8d7b9-v2rs5,2026-08-04T13:14:01.927000Z,1785849241.927,0.0006360317681391418,cores,0.0006360317681391418,0.06360317681391418,,
whisper-stt,cpu_usage,whisper-stt,whisper-stt-847fd8d7b9-v2rs5,2026-08-04T14:14:01.927000Z,1785852841.927,0.0005915716675075282,cores,0.0005915716675075282,0.059157166750752825,,
whisper-stt,cpu_usage,whisper-stt,whisper-stt-847fd8d7b9-v2rs5,2026-08-04T15:14:01.927000Z,1785856441.927,0.0006730142415103463,cores,0.0006730142415103463,0.06730142415103463,,
whisper-stt,cpu_usage,whisper-stt,whisper-stt-847fd8d7b9-v2rs5,2026-08-04T16:14:01.927000Z,1785860041.927,0.0005861714217728738,cores,0.0005861714217728738,0.05861714217728738,,
whisper-stt,cpu_usage,whisper-stt,whisper-stt-847fd8d7b9-v2rs5,2026-08-04T17:14:01.927000Z,1785863641.927,0.0006433755589530441,cores,0.0006433755589530441,0.0643375558953044,,
whisper-stt,cpu_usage,whisper-stt,whisper-stt-847fd8d7b9-v2rs5,2026-08-04T18:14:01.927000Z,1785867241.927,0.0006449334676423887,cores,0.0006449334676423887,0.06449334676423887,,
whisper-stt,cpu_usage,whisper-stt,whisper-stt-847fd8d7b9-v2rs5,2026-08-04T19:14:01.927000Z,1785870841.927,0.0006372645235417762,cores,0.0006372645235417762,0.06372645235417762,,
whisper-stt,cpu_usage,whisper-stt,whisper-stt-847fd8d7b9-v2rs5,2026-08-04T20:14:01.927000Z,1785874441.927,0.0005935553537160894,cores,0.0005935553537160894,0.05935553537160894,,
whisper-stt,cpu_usage,whisper-stt,whisper-stt-847fd8d7b9-v2rs5,2026-08-04T21:14:01.927000Z,1785878041.927,0.0006607749308137207,cores,0.0006607749308137207,0.06607749308137208,,
whisper-stt,cpu_usage,whisper-stt,whisper-stt-847fd8d7b9-v2rs5,2026-08-04T22:14:01.927000Z,1785881641.927,0.0006641216123349824,cores,0.0006641216123349824,0.06641216123349823,,
whisper-stt,cpu_usage,whisper-stt,whisper-stt-847fd8d7b9-v2rs5,2026-08-04T23:14:01.927000Z,1785885241.927,0.0006226020110282531,cores,0.0006226020110282531,0.062260201102825305,,
whisper-stt,cpu_usage,whisper-stt,whisper-stt-847fd8d7b9-v2rs5,2026-08-05T00:14:01.927000Z,1785888841.927,0.000586967895033831,cores,0.000586967895033831,0.0586967895033831,,
whisper-stt,cpu_usage,whisper-stt,whisper-stt-847fd8d7b9-v2rs5,2026-08-05T01:14:01.927000Z,1785892441.927,0.0005571444334532603,cores,0.0005571444334532603,0.055714443345326034,,
whisper-stt,cpu_usage,whisper-stt,whisper-stt-847fd8d7b9-v2rs5,2026-08-05T02:14:01.927000Z,1785896041.927,0.0005289152202453078,cores,0.0005289152202453078,0.052891522024530783,,
whisper-stt,cpu_usage,whisper-stt,whisper-stt-847fd8d7b9-v2rs5,2026-08-05T03:14:01.927000Z,1785899641.927,0.0005223833142590962,cores,0.0005223833142590962,0.052238331425909626,,
whisper-stt,cpu_usage,whisper-stt,whisper-stt-847fd8d7b9-v2rs5,2026-08-05T04:14:01.927000Z,1785903241.927,0.0005545840852910182,cores,0.0005545840852910182,0.05545840852910182,,
whisper-stt,cpu_usage,whisper-stt,whisper-stt-847fd8d7b9-v2rs5,2026-08-05T05:14:01.927000Z,1785906841.927,0.0005338249990864358,cores,0.0005338249990864358,0.05338249990864358,,
whisper-stt,cpu_usage,whisper-stt,whisper-stt-847fd8d7b9-v2rs5,2026-08-05T06:14:01.927000Z,1785910441.927,0.0005102468465932536,cores,0.0005102468465932536,0.05102468465932536,,
whisper-stt,cpu_usage,whisper-stt,whisper-stt-847fd8d7b9-v2rs5,2026-08-05T07:14:01.927000Z,1785914041.927,0.0005626078173096908,cores,0.0005626078173096908,0.05626078173096907,,
whisper-stt,cpu_usage,whisper-stt,whisper-stt-847fd8d7b9-v2rs5,2026-08-05T08:14:01.927000Z,1785917641.927,0.0005220964864025115,cores,0.0005220964864025115,0.05220964864025115,,
whisper-stt,cpu_usage,whisper-stt,whisper-stt-847fd8d7b9-v2rs5,2026-08-05T09:14:01.927000Z,1785921241.927,0.0005636779953530314,cores,0.0005636779953530314,0.05636779953530314,,
whisper-stt,cpu_usage,whisper-stt,whisper-stt-847fd8d7b9-v2rs5,2026-08-05T10:14:01.927000Z,1785924841.927,0.0005154624091308248,cores,0.0005154624091308248,0.05154624091308248,,
whisper-stt,cpu_usage,whisper-stt,whisper-stt-847fd8d7b9-v2rs5,2026-08-05T11:14:01.927000Z,1785928441.927,0.0005458550274161657,cores,0.0005458550274161657,0.054585502741616575,,
whisper-stt,cpu_usage,whisper-stt,whisper-stt-847fd8d7b9-v2rs5,2026-08-05T12:14:01.927000Z,1785932041.927,0.0005318612503342135,cores,0.0005318612503342135,0.05318612503342136,,
whisper-stt,cpu_usage,whisper-stt,whisper-stt-847fd8d7b9-v2rs5,2026-08-05T13:14:01.927000Z,1785935641.927,0.0005287914358046913,cores,0.0005287914358046913,0.05287914358046913,,
whisper-stt,cpu_usage,whisper-stt,whisper-stt-847fd8d7b9-v2rs5,2026-08-05T14:14:01.927000Z,1785939241.927,0.6468856699466701,cores,0.6468856699466701,64.68856699466701,,
whisper-stt,cpu_usage,whisper-stt,whisper-stt-847fd8d7b9-v2rs5,2026-08-05T15:14:01.927000Z,1785942841.927,0.0005257371493469899,cores,0.0005257371493469899,0.05257371493469899,,
whisper-stt,cpu_usage,whisper-stt,whisper-stt-847fd8d7b9-v2rs5,2026-08-05T16:14:01.927000Z,1785946441.927,0.0005440387034655772,cores,0.0005440387034655772,0.05440387034655772,,
whisper-stt,cpu_usage,whisper-stt,whisper-stt-847fd8d7b9-v2rs5,2026-08-05T17:14:01.927000Z,1785950041.927,0.0004957415723504096,cores,0.0004957415723504096,0.049574157235040966,,
whisper-stt,cpu_usage,whisper-stt,whisper-stt-847fd8d7b9-v2rs5,2026-08-05T18:14:01.927000Z,1785953641.927,0.0005590114652951573,cores,0.0005590114652951573,0.055901146529515736,,
whisper-stt,cpu_usage,whisper-stt,whisper-stt-847fd8d7b9-v2rs5,2026-08-05T19:14:01.927000Z,1785957241.927,0.0005218236255818721,cores,0.0005218236255818721,0.052182362558187215,,
whisper-stt,cpu_usage,whisper-stt,whisper-stt-847fd8d7b9-v2rs5,2026-08-05T20:14:01.927000Z,1785960841.927,2.3390026370951764,cores,2.3390026370951764,233.90026370951765,,
whisper-stt,cpu_usage,whisper-stt,whisper-stt-847fd8d7b9-v2rs5,2026-08-05T21:14:01.927000Z,1785964441.927,0.0005025456723643928,cores,0.0005025456723643928,0.05025456723643928,,
whisper-stt,cpu_usage,whisper-stt,whisper-stt-847fd8d7b9-v2rs5,2026-08-05T22:14:01.927000Z,1785968041.927,0.000547844691655957,cores,0.000547844691655957,0.054784469165595706,,
whisper-stt,cpu_usage,whisper-stt,whisper-stt-847fd8d7b9-v2rs5,2026-08-05T23:14:01.927000Z,1785971641.927,0.0005245988561720603,cores,0.0005245988561720603,0.05245988561720603,,
whisper-stt,cpu_usage,whisper-stt,whisper-stt-847fd8d7b9-v2rs5,2026-08-06T00:14:01.927000Z,1785975241.927,0.00060658540619629,cores,0.00060658540619629,0.060658540619629005,,
whisper-stt,cpu_usage,whisper-stt,whisper-stt-847fd8d7b9-v2rs5,2026-08-06T01:14:01.927000Z,1785978841.927,4.090072245010544,cores,4.090072245010544,409.00722450105434,,
whisper-stt,cpu_usage,whisper-stt,whisper-stt-847fd8d7b9-v2rs5,2026-08-06T02:14:01.927000Z,1785982441.927,0.0006097973451996967,cores,0.0006097973451996967,0.060979734519969665,,
whisper-stt,cpu_usage,whisper-stt,whisper-stt-847fd8d7b9-v2rs5,2026-08-06T03:14:01.927000Z,1785986041.927,0.000679374017375166,cores,0.000679374017375166,0.0679374017375166,,
whisper-stt,cpu_usage,whisper-stt,whisper-stt-847fd8d7b9-v2rs5,2026-08-06T04:14:01.927000Z,1785989641.927,0.0006178344403491948,cores,0.0006178344403491948,0.06178344403491948,,
whisper-stt,cpu_usage,whisper-stt,whisper-stt-847fd8d7b9-v2rs5,2026-08-06T05:14:01.927000Z,1785993241.927,0.0006429433438153145,cores,0.0006429433438153145,0.06429433438153145,,
whisper-stt,cpu_usage,whisper-stt,whisper-stt-847fd8d7b9-v2rs5,2026-08-06T06:14:01.927000Z,1785996841.927,0.0006024830739801539,cores,0.0006024830739801539,0.06024830739801539,,
whisper-stt,cpu_usage,whisper-stt,whisper-stt-847fd8d7b9-v2rs5,2026-08-06T07:14:01.927000Z,1786000441.927,0.000656579662668113,cores,0.000656579662668113,0.0656579662668113,,
whisper-stt,cpu_usage,whisper-stt,whisper-stt-847fd8d7b9-v2rs5,2026-08-06T08:14:01.927000Z,1786004041.927,0.0006334420587516504,cores,0.0006334420587516504,0.06334420587516504,,
whisper-stt,cpu_usage,whisper-stt,whisper-stt-847fd8d7b9-v2rs5,2026-08-06T09:14:01.927000Z,1786007641.927,0.0006230097281777915,cores,0.0006230097281777915,0.06230097281777915,,
whisper-stt,cpu_usage,whisper-stt,whisper-stt-847fd8d7b9-v2rs5,2026-08-06T10:14:01.927000Z,1786011241.927,0.0006468349913316657,cores,0.0006468349913316657,0.06468349913316657,,
whisper-stt,cpu_usage,whisper-stt,whisper-stt-847fd8d7b9-v2rs5,2026-08-06T11:14:01.927000Z,1786014841.927,0.0006227566658884147,cores,0.0006227566658884147,0.062275666588841476,,
whisper-stt,cpu_usage,whisper-stt,whisper-stt-847fd8d7b9-v2rs5,2026-08-06T12:14:01.927000Z,1786018441.927,0.0006374939267094325,cores,0.0006374939267094325,0.06374939267094326,,
whisper-stt,cpu_usage,whisper-stt,whisper-stt-847fd8d7b9-v2rs5,2026-08-06T13:14:01.927000Z,1786022041.927,0.0006178596074469596,cores,0.0006178596074469596,0.06178596074469596,,
whisper-stt,cpu_usage,whisper-stt,whisper-stt-847fd8d7b9-v2rs5,2026-08-06T14:14:01.927000Z,1786025641.927,0.0006525050539124223,cores,0.0006525050539124223,0.06525050539124223,,
whisper-stt,cpu_usage,whisper-stt,whisper-stt-847fd8d7b9-v2rs5,2026-08-06T15:14:01.927000Z,1786029241.927,0.0006085299014835969,cores,0.0006085299014835969,0.06085299014835969,,
whisper-stt,cpu_usage,whisper-stt,whisper-stt-847fd8d7b9-v2rs5,2026-08-06T16:14:01.927000Z,1786032841.927,0.0006418284001898581,cores,0.0006418284001898581,0.06418284001898582,,
whisper-stt,cpu_usage,whisper-stt,whisper-stt-847fd8d7b9-v2rs5,2026-08-06T17:14:01.927000Z,1786036441.927,0.0006322088228732962,cores,0.0006322088228732962,0.06322088228732962,,
whisper-stt,cpu_usage,whisper-stt,whisper-stt-847fd8d7b9-v2rs5,2026-08-06T18:14:01.927000Z,1786040041.927,0.0006211558092296681,cores,0.0006211558092296681,0.062115580922966804,,
whisper-stt,cpu_usage,whisper-stt,whisper-stt-847fd8d7b9-v2rs5,2026-08-06T19:14:01.927000Z,1786043641.927,0.0006674170682771761,cores,0.0006674170682771761,0.06674170682771761,,
whisper-stt,cpu_usage,whisper-stt,whisper-stt-847fd8d7b9-v2rs5,2026-08-06T20:14:01.927000Z,1786047241.927,0.0005995269286618439,cores,0.0005995269286618439,0.05995269286618439,,
whisper-stt,cpu_usage,whisper-stt,whisper-stt-847fd8d7b9-v2rs5,2026-08-06T21:14:01.927000Z,1786050841.927,0.000671564782292401,cores,0.000671564782292401,0.0671564782292401,,
whisper-stt,cpu_usage,whisper-stt,whisper-stt-847fd8d7b9-v2rs5,2026-08-06T22:14:01.927000Z,1786054441.927,0.000649698183316082,cores,0.000649698183316082,0.0649698183316082,,
whisper-stt,cpu_usage,whisper-stt,whisper-stt-847fd8d7b9-v2rs5,2026-08-06T23:14:01.927000Z,1786058041.927,0.0006542038100573787,cores,0.0006542038100573787,0.06542038100573787,,
whisper-stt,cpu_usage,whisper-stt,whisper-stt-847fd8d7b9-v2rs5,2026-08-07T00:14:01.927000Z,1786061641.927,0.0006371694379016194,cores,0.0006371694379016194,0.06371694379016193,,
whisper-stt,cpu_usage,whisper-stt,whisper-stt-847fd8d7b9-v2rs5,2026-08-07T01:14:01.927000Z,1786065241.927,0.0006133750081986634,cores,0.0006133750081986634,0.061337500819866345,,
whisper-stt,cpu_usage,whisper-stt,whisper-stt-847fd8d7b9-v2rs5,2026-08-07T02:14:01.927000Z,1786068841.927,0.0006801173487227576,cores,0.0006801173487227576,0.06801173487227577,,
whisper-stt,cpu_usage,whisper-stt,whisper-stt-847fd8d7b9-v2rs5,2026-08-07T03:14:01.927000Z,1786072441.927,0.0006193668028247304,cores,0.0006193668028247304,0.06193668028247304,,
whisper-stt,cpu_usage,whisper-stt,whisper-stt-847fd8d7b9-v2rs5,2026-08-07T04:14:01.927000Z,1786076041.927,0.0006209159532283953,cores,0.0006209159532283953,0.06209159532283953,,
whisper-stt,cpu_usage,whisper-stt,whisper-stt-847fd8d7b9-v2rs5,2026-08-07T05:14:01.927000Z,1786079641.927,0.0006202125149566134,cores,0.0006202125149566134,0.06202125149566134,,
whisper-stt,cpu_usage,whisper-stt,whisper-stt-847fd8d7b9-v2rs5,2026-08-07T06:14:01.927000Z,1786083241.927,0.0006636595159884777,cores,0.0006636595159884777,0.06636595159884777,,
whisper-stt,cpu_usage,whisper-stt,whisper-stt-847fd8d7b9-v2rs5,2026-08-07T07:14:01.927000Z,1786086841.927,0.0006555108320490535,cores,0.0006555108320490535,0.06555108320490534,,
whisper-stt,cpu_usage,whisper-stt,whisper-stt-847fd8d7b9-v2rs5,2026-08-07T08:14:01.927000Z,1786090441.927,0.0005975681645324813,cores,0.0005975681645324813,0.05975681645324813,,
whisper-stt,cpu_usage,whisper-stt,whisper-stt-847fd8d7b9-v2rs5,2026-08-07T09:14:01.927000Z,1786094041.927,0.0006666104018878218,cores,0.0006666104018878218,0.06666104018878219,,
whisper-stt,cpu_usage,whisper-stt,whisper-stt-847fd8d7b9-v2rs5,2026-08-07T10:14:01.927000Z,1786097641.927,0.0006021456697116535,cores,0.0006021456697116535,0.060214566971165354,,
whisper-stt,cpu_usage,whisper-stt,whisper-stt-847fd8d7b9-v2rs5,2026-08-07T11:14:01.927000Z,1786101241.927,0.0006826879838847865,cores,0.0006826879838847865,0.06826879838847866,,
whisper-stt,cpu_usage,whisper-stt,whisper-stt-847fd8d7b9-v2rs5,2026-08-07T12:14:01.927000Z,1786104841.927,0.0006449014567327146,cores,0.0006449014567327146,0.06449014567327147,,
whisper-stt,cpu_usage,whisper-stt,whisper-stt-847fd8d7b9-v2rs5,2026-08-07T13:14:01.927000Z,1786108441.927,0.0006439380855791478,cores,0.0006439380855791478,0.06439380855791478,,
whisper-stt,cpu_usage,whisper-stt,whisper-stt-847fd8d7b9-v2rs5,2026-08-07T14:14:01.927000Z,1786112041.927,0.0006308285150312598,cores,0.0006308285150312598,0.06308285150312598,,
whisper-stt,cpu_usage,whisper-stt,whisper-stt-847fd8d7b9-v2rs5,2026-08-07T15:14:01.927000Z,1786115641.927,0.0005420039264163711,cores,0.0005420039264163711,0.05420039264163711,,
whisper-stt,cpu_usage,whisper-stt,whisper-stt-847fd8d7b9-v2rs5,2026-08-07T16:14:01.927000Z,1786119241.927,4.049876928542057,cores,4.049876928542057,404.9876928542057,,
whisper-stt,cpu_usage,whisper-stt,whisper-stt-847fd8d7b9-v2rs5,2026-08-07T17:14:01.927000Z,1786122841.927,0.0005869655005487782,cores,0.0005869655005487782,0.05869655005487782,,
whisper-stt,cpu_usage,whisper-stt,whisper-stt-847fd8d7b9-v2rs5,2026-08-07T18:14:01.927000Z,1786126441.927,0.0005834797703748491,cores,0.0005834797703748491,0.05834797703748491,,
whisper-stt,cpu_usage,whisper-stt,whisper-stt-847fd8d7b9-v2rs5,2026-08-07T19:14:01.927000Z,1786130041.927,0.0005974713786543343,cores,0.0005974713786543343,0.059747137865433425,,
whisper-stt,cpu_usage,whisper-stt,whisper-stt-847fd8d7b9-v2rs5,2026-08-07T20:14:01.927000Z,1786133641.927,0.0006196130841976721,cores,0.0006196130841976721,0.061961308419767214,,
whisper-stt,cpu_usage,whisper-stt,whisper-stt-847fd8d7b9-v2rs5,2026-08-07T21:14:01.927000Z,1786137241.927,0.0006241306170785148,cores,0.0006241306170785148,0.06241306170785148,,
whisper-stt,cpu_usage,whisper-stt,whisper-stt-847fd8d7b9-v2rs5,2026-08-07T22:14:01.927000Z,1786140841.927,0.0006430553959308992,cores,0.0006430553959308992,0.06430553959308992,,
whisper-stt,cpu_usage,whisper-stt,whisper-stt-847fd8d7b9-v2rs5,2026-08-07T23:14:01.927000Z,1786144441.927,0.0006055672194349534,cores,0.0006055672194349534,0.06055672194349534,,
whisper-stt,cpu_usage,whisper-stt,whisper-stt-847fd8d7b9-v2rs5,2026-08-08T00:14:01.927000Z,1786148041.927,0.0006101593885466445,cores,0.0006101593885466445,0.06101593885466445,,
whisper-stt,cpu_usage,whisper-stt,whisper-stt-847fd8d7b9-v2rs5,2026-08-08T01:14:01.927000Z,1786151641.927,0.0006315061573428219,cores,0.0006315061573428219,0.0631506157342822,,
whisper-stt,cpu_usage,whisper-stt,whisper-stt-847fd8d7b9-v2rs5,2026-08-08T02:14:01.927000Z,1786155241.927,0.000635729748615865,cores,0.000635729748615865,0.0635729748615865,,
whisper-stt,cpu_usage,whisper-stt,whisper-stt-847fd8d7b9-v2rs5,2026-08-08T03:14:01.927000Z,1786158841.927,0.0006346464173704466,cores,0.0006346464173704466,0.06346464173704466,,
whisper-stt,cpu_usage,whisper-stt,whisper-stt-847fd8d7b9-v2rs5,2026-08-08T04:14:01.927000Z,1786162441.927,0.0006104077152455634,cores,0.0006104077152455634,0.061040771524556336,,
whisper-stt,cpu_usage,whisper-stt,whisper-stt-847fd8d7b9-v2rs5,2026-08-08T05:14:01.927000Z,1786166041.927,0.0006262529240822774,cores,0.0006262529240822774,0.06262529240822774,,
whisper-stt,cpu_usage,whisper-stt,whisper-stt-847fd8d7b9-v2rs5,2026-08-08T06:14:01.927000Z,1786169641.927,0.000591924159498486,cores,0.000591924159498486,0.0591924159498486,,
whisper-stt,cpu_usage,whisper-stt,whisper-stt-847fd8d7b9-v2rs5,2026-08-08T07:14:01.927000Z,1786173241.927,0.000623997360985448,cores,0.000623997360985448,0.062399736098544795,,
whisper-stt,cpu_usage,whisper-stt,whisper-stt-847fd8d7b9-v2rs5,2026-08-08T08:14:01.927000Z,1786176841.927,0.0005945183992704528,cores,0.0005945183992704528,0.05945183992704528,,
whisper-stt,cpu_usage,whisper-stt,whisper-stt-847fd8d7b9-v2rs5,2026-08-08T09:14:01.927000Z,1786180441.927,0.0006403261659556553,cores,0.0006403261659556553,0.06403261659556553,,
whisper-stt,cpu_usage,whisper-stt,whisper-stt-847fd8d7b9-v2rs5,2026-08-08T10:14:01.927000Z,1786184041.927,0.0006251803269739819,cores,0.0006251803269739819,0.06251803269739818,,
whisper-stt,cpu_usage,whisper-stt,whisper-stt-847fd8d7b9-v2rs5,2026-08-08T11:14:01.927000Z,1786187641.927,0.0006492574496817929,cores,0.0006492574496817929,0.06492574496817928,,
whisper-stt,cpu_usage,whisper-stt,whisper-stt-847fd8d7b9-v2rs5,2026-08-08T12:14:01.927000Z,1786191241.927,0.0005415878103157611,cores,0.0005415878103157611,0.054158781031576106,,
whisper-stt,cpu_usage,whisper-stt,whisper-stt-847fd8d7b9-v2rs5,2026-08-08T13:14:01.927000Z,1786194841.927,0.000594789347179081,cores,0.000594789347179081,0.059478934717908105,,
whisper-stt,cpu_usage,whisper-stt,whisper-stt-847fd8d7b9-v2rs5,2026-08-08T14:14:01.927000Z,1786198441.927,0.0006256261896388694,cores,0.0006256261896388694,0.06256261896388694,,
whisper-stt,cpu_usage,whisper-stt,whisper-stt-847fd8d7b9-v2rs5,2026-08-08T15:14:01.927000Z,1786202041.927,0.0005821168458661937,cores,0.0005821168458661937,0.05821168458661938,,
whisper-stt,cpu_usage,whisper-stt,whisper-stt-847fd8d7b9-v2rs5,2026-08-08T16:14:01.927000Z,1786205641.927,0.0006389980023702091,cores,0.0006389980023702091,0.06389980023702091,,
whisper-stt,cpu_usage,whisper-stt,whisper-stt-847fd8d7b9-v2rs5,2026-08-08T17:14:01.927000Z,1786209241.927,0.0005992276985716409,cores,0.0005992276985716409,0.05992276985716409,,
whisper-stt,cpu_usage,whisper-stt,whisper-stt-847fd8d7b9-v2rs5,2026-08-08T18:14:01.927000Z,1786212841.927,0.0005950657529003476,cores,0.0005950657529003476,0.059506575290034766,,
whisper-stt,cpu_usage,whisper-stt,whisper-stt-847fd8d7b9-v2rs5,2026-08-08T19:14:01.927000Z,1786216441.927,0.0005856891753020936,cores,0.0005856891753020936,0.05856891753020936,,
whisper-stt,memory_working_set,whisper-stt,whisper-openai-68966786fb-jsb5d,2026-07-30T18:14:01.927000Z,1785435241.927,5848395776.0,bytes,,,5848395776.0,5577.46484375
whisper-stt,memory_working_set,whisper-stt,whisper-openai-68966786fb-jsb5d,2026-07-30T19:14:01.927000Z,1785438841.927,5848395776.0,bytes,,,5848395776.0,5577.46484375
whisper-stt,memory_working_set,whisper-stt,whisper-openai-68966786fb-jsb5d,2026-07-30T20:14:01.927000Z,1785442441.927,5848395776.0,bytes,,,5848395776.0,5577.46484375
whisper-stt,memory_working_set,whisper-stt,whisper-openai-68966786fb-jsb5d,2026-07-30T21:14:01.927000Z,1785446041.927,5848395776.0,bytes,,,5848395776.0,5577.46484375
whisper-stt,memory_working_set,whisper-stt,whisper-openai-68966786fb-jsb5d,2026-07-30T22:14:01.927000Z,1785449641.927,5848395776.0,bytes,,,5848395776.0,5577.46484375
whisper-stt,memory_working_set,whisper-stt,whisper-openai-68966786fb-jsb5d,2026-07-30T23:14:01.927000Z,1785453241.927,5848375296.0,bytes,,,5848375296.0,5577.4453125
whisper-stt,memory_working_set,whisper-stt,whisper-openai-68966786fb-jsb5d,2026-07-31T00:14:01.927000Z,1785456841.927,5848342528.0,bytes,,,5848342528.0,5577.4140625
whisper-stt,memory_working_set,whisper-stt,whisper-openai-68966786fb-jsb5d,2026-07-31T01:14:01.927000Z,1785460441.927,5848342528.0,bytes,,,5848342528.0,5577.4140625
whisper-stt,memory_working_set,whisper-stt,whisper-openai-68966786fb-jsb5d,2026-07-31T02:14:01.927000Z,1785464041.927,5848342528.0,bytes,,,5848342528.0,5577.4140625
whisper-stt,memory_working_set,whisper-stt,whisper-openai-68966786fb-jsb5d,2026-07-31T03:14:01.927000Z,1785467641.927,5848342528.0,bytes,,,5848342528.0,5577.4140625
whisper-stt,memory_working_set,whisper-stt,whisper-openai-68966786fb-jsb5d,2026-07-31T04:14:01.927000Z,1785471241.927,5848322048.0,bytes,,,5848322048.0,5577.39453125
whisper-stt,memory_working_set,whisper-stt,whisper-openai-68966786fb-jsb5d,2026-07-31T05:14:01.927000Z,1785474841.927,5848309760.0,bytes,,,5848309760.0,5577.3828125
whisper-stt,memory_working_set,whisper-stt,whisper-openai-68966786fb-jsb5d,2026-07-31T06:14:01.927000Z,1785478441.927,5848260608.0,bytes,,,5848260608.0,5577.3359375
whisper-stt,memory_working_set,whisper-stt,whisper-openai-68966786fb-jsb5d,2026-07-31T07:14:01.927000Z,1785482041.927,5848203264.0,bytes,,,5848203264.0,5577.28125
whisper-stt,memory_working_set,whisper-stt,whisper-openai-68966786fb-jsb5d,2026-07-31T08:14:01.927000Z,1785485641.927,5848203264.0,bytes,,,5848203264.0,5577.28125
whisper-stt,memory_working_set,whisper-stt,whisper-openai-68966786fb-jsb5d,2026-07-31T09:14:01.927000Z,1785489241.927,5848203264.0,bytes,,,5848203264.0,5577.28125
whisper-stt,memory_working_set,whisper-stt,whisper-openai-68966786fb-jsb5d,2026-07-31T10:14:01.927000Z,1785492841.927,5848203264.0,bytes,,,5848203264.0,5577.28125
whisper-stt,memory_working_set,whisper-stt,whisper-openai-68966786fb-jsb5d,2026-07-31T11:14:01.927000Z,1785496441.927,5848150016.0,bytes,,,5848150016.0,5577.23046875
whisper-stt,memory_working_set,whisper-stt,whisper-openai-68966786fb-jsb5d,2026-07-31T12:14:01.927000Z,1785500041.927,5848121344.0,bytes,,,5848121344.0,5577.203125
whisper-stt,memory_working_set,whisper-stt,whisper-openai-68966786fb-jsb5d,2026-07-31T13:14:01.927000Z,1785503641.927,5848117248.0,bytes,,,5848117248.0,5577.19921875
whisper-stt,memory_working_set,whisper-stt,whisper-openai-68966786fb-jsb5d,2026-07-31T14:14:01.927000Z,1785507241.927,5848051712.0,bytes,,,5848051712.0,5577.13671875
whisper-stt,memory_working_set,whisper-stt,whisper-openai-68966786fb-jsb5d,2026-07-31T15:14:01.927000Z,1785510841.927,5848010752.0,bytes,,,5848010752.0,5577.09765625
whisper-stt,memory_working_set,whisper-stt,whisper-openai-68966786fb-jsb5d,2026-07-31T16:14:01.927000Z,1785514441.927,5848002560.0,bytes,,,5848002560.0,5577.08984375
whisper-stt,memory_working_set,whisper-stt,whisper-openai-68966786fb-jsb5d,2026-07-31T17:14:01.927000Z,1785518041.927,5848002560.0,bytes,,,5848002560.0,5577.08984375
whisper-stt,memory_working_set,whisper-stt,whisper-openai-68966786fb-jsb5d,2026-07-31T18:14:01.927000Z,1785521641.927,5847998464.0,bytes,,,5847998464.0,5577.0859375
whisper-stt,memory_working_set,whisper-stt,whisper-openai-68966786fb-jsb5d,2026-07-31T19:14:01.927000Z,1785525241.927,5847977984.0,bytes,,,5847977984.0,5577.06640625
whisper-stt,memory_working_set,whisper-stt,whisper-openai-68966786fb-jsb5d,2026-07-31T20:14:01.927000Z,1785528841.927,5847949312.0,bytes,,,5847949312.0,5577.0390625
whisper-stt,memory_working_set,whisper-stt,whisper-openai-68966786fb-jsb5d,2026-07-31T21:14:01.927000Z,1785532441.927,5847859200.0,bytes,,,5847859200.0,5576.953125
whisper-stt,memory_working_set,whisper-stt,whisper-openai-68966786fb-jsb5d,2026-07-31T22:14:01.927000Z,1785536041.927,5847740416.0,bytes,,,5847740416.0,5576.83984375
whisper-stt,memory_working_set,whisper-stt,whisper-openai-68966786fb-jsb5d,2026-07-31T23:14:01.927000Z,1785539641.927,5847683072.0,bytes,,,5847683072.0,5576.78515625
whisper-stt,memory_working_set,whisper-stt,whisper-openai-68966786fb-jsb5d,2026-08-01T00:14:01.927000Z,1785543241.927,5847658496.0,bytes,,,5847658496.0,5576.76171875
whisper-stt,memory_working_set,whisper-stt,whisper-openai-68966786fb-jsb5d,2026-08-01T01:14:01.927000Z,1785546841.927,5847646208.0,bytes,,,5847646208.0,5576.75
whisper-stt,memory_working_set,whisper-stt,whisper-openai-68966786fb-jsb5d,2026-08-01T02:14:01.927000Z,1785550441.927,5847560192.0,bytes,,,5847560192.0,5576.66796875
whisper-stt,memory_working_set,whisper-stt,whisper-openai-68966786fb-jsb5d,2026-08-01T03:14:01.927000Z,1785554041.927,5847519232.0,bytes,,,5847519232.0,5576.62890625
whisper-stt,memory_working_set,whisper-stt,whisper-openai-68966786fb-jsb5d,2026-08-01T04:14:01.927000Z,1785557641.927,5847437312.0,bytes,,,5847437312.0,5576.55078125
whisper-stt,memory_working_set,whisper-stt,whisper-openai-68966786fb-jsb5d,2026-08-01T05:14:01.927000Z,1785561241.927,5847314432.0,bytes,,,5847314432.0,5576.43359375
whisper-stt,memory_working_set,whisper-stt,whisper-openai-68966786fb-jsb5d,2026-08-01T06:14:01.927000Z,1785564841.927,5847207936.0,bytes,,,5847207936.0,5576.33203125
whisper-stt,memory_working_set,whisper-stt,whisper-openai-68966786fb-jsb5d,2026-08-01T07:14:01.927000Z,1785568441.927,5847207936.0,bytes,,,5847207936.0,5576.33203125
whisper-stt,memory_working_set,whisper-stt,whisper-openai-68966786fb-jsb5d,2026-08-01T08:14:01.927000Z,1785572041.927,5847207936.0,bytes,,,5847207936.0,5576.33203125
whisper-stt,memory_working_set,whisper-stt,whisper-openai-68966786fb-jsb5d,2026-08-01T09:14:01.927000Z,1785575641.927,5847166976.0,bytes,,,5847166976.0,5576.29296875
whisper-stt,memory_working_set,whisper-stt,whisper-openai-68966786fb-jsb5d,2026-08-01T10:14:01.927000Z,1785579241.927,5847076864.0,bytes,,,5847076864.0,5576.20703125
whisper-stt,memory_working_set,whisper-stt,whisper-openai-68966786fb-jsb5d,2026-08-01T11:14:01.927000Z,1785582841.927,5846978560.0,bytes,,,5846978560.0,5576.11328125
whisper-stt,memory_working_set,whisper-stt,whisper-openai-68966786fb-jsb5d,2026-08-01T12:14:01.927000Z,1785586441.927,5846818816.0,bytes,,,5846818816.0,5575.9609375
whisper-stt,memory_working_set,whisper-stt,whisper-openai-68966786fb-jsb5d,2026-08-01T13:14:01.927000Z,1785590041.927,5846663168.0,bytes,,,5846663168.0,5575.8125
whisper-stt,memory_working_set,whisper-stt,whisper-openai-68966786fb-jsb5d,2026-08-01T14:14:01.927000Z,1785593641.927,5846491136.0,bytes,,,5846491136.0,5575.6484375
whisper-stt,memory_working_set,whisper-stt,whisper-openai-68966786fb-jsb5d,2026-08-01T15:14:01.927000Z,1785597241.927,5846421504.0,bytes,,,5846421504.0,5575.58203125
whisper-stt,memory_working_set,whisper-stt,whisper-openai-68966786fb-jsb5d,2026-08-01T16:14:01.927000Z,1785600841.927,5846392832.0,bytes,,,5846392832.0,5575.5546875
whisper-stt,memory_working_set,whisper-stt,whisper-openai-68966786fb-jsb5d,2026-08-01T17:14:01.927000Z,1785604441.927,5846306816.0,bytes,,,5846306816.0,5575.47265625
whisper-stt,memory_working_set,whisper-stt,whisper-openai-68966786fb-jsb5d,2026-08-01T18:14:01.927000Z,1785608041.927,5846171648.0,bytes,,,5846171648.0,5575.34375
whisper-stt,memory_working_set,whisper-stt,whisper-openai-68966786fb-jsb5d,2026-08-01T19:14:01.927000Z,1785611641.927,5845975040.0,bytes,,,5845975040.0,5575.15625
whisper-stt,memory_working_set,whisper-stt,whisper-openai-68966786fb-jsb5d,2026-08-01T20:14:01.927000Z,1785615241.927,5845848064.0,bytes,,,5845848064.0,5575.03515625
whisper-stt,memory_working_set,whisper-stt,whisper-openai-68966786fb-jsb5d,2026-08-01T21:14:01.927000Z,1785618841.927,5845622784.0,bytes,,,5845622784.0,5574.8203125
whisper-stt,memory_working_set,whisper-stt,whisper-openai-68966786fb-jsb5d,2026-08-01T22:14:01.927000Z,1785622441.927,5845417984.0,bytes,,,5845417984.0,5574.625
whisper-stt,memory_working_set,whisper-stt,whisper-openai-68966786fb-jsb5d,2026-08-01T23:14:01.927000Z,1785626041.927,5845254144.0,bytes,,,5845254144.0,5574.46875
whisper-stt,memory_working_set,whisper-stt,whisper-openai-68966786fb-jsb5d,2026-08-02T00:14:01.927000Z,1785629641.927,5845032960.0,bytes,,,5845032960.0,5574.2578125
whisper-stt,memory_working_set,whisper-stt,whisper-openai-68966786fb-jsb5d,2026-08-02T01:14:01.927000Z,1785633241.927,5844881408.0,bytes,,,5844881408.0,5574.11328125
whisper-stt,memory_working_set,whisper-stt,whisper-openai-68966786fb-jsb5d,2026-08-02T02:14:01.927000Z,1785636841.927,5844807680.0,bytes,,,5844807680.0,5574.04296875
whisper-stt,memory_working_set,whisper-stt,whisper-openai-68966786fb-jsb5d,2026-08-02T03:14:01.927000Z,1785640441.927,5844770816.0,bytes,,,5844770816.0,5574.0078125
whisper-stt,memory_working_set,whisper-stt,whisper-openai-68966786fb-jsb5d,2026-08-02T04:14:01.927000Z,1785644041.927,5844725760.0,bytes,,,5844725760.0,5573.96484375
whisper-stt,memory_working_set,whisper-stt,whisper-openai-68966786fb-jsb5d,2026-08-02T05:14:01.927000Z,1785647641.927,5844627456.0,bytes,,,5844627456.0,5573.87109375
whisper-stt,memory_working_set,whisper-stt,whisper-openai-68966786fb-jsb5d,2026-08-02T06:14:01.927000Z,1785651241.927,5844365312.0,bytes,,,5844365312.0,5573.62109375
whisper-stt,memory_working_set,whisper-stt,whisper-openai-68966786fb-jsb5d,2026-08-02T07:14:01.927000Z,1785654841.927,5844176896.0,bytes,,,5844176896.0,5573.44140625
whisper-stt,memory_working_set,whisper-stt,whisper-openai-68966786fb-jsb5d,2026-08-02T08:14:01.927000Z,1785658441.927,5843972096.0,bytes,,,5843972096.0,5573.24609375
whisper-stt,memory_working_set,whisper-stt,whisper-openai-68966786fb-jsb5d,2026-08-02T09:14:01.927000Z,1785662041.927,5843779584.0,bytes,,,5843779584.0,5573.0625
whisper-stt,memory_working_set,whisper-stt,whisper-openai-68966786fb-jsb5d,2026-08-02T10:14:01.927000Z,1785665641.927,5843693568.0,bytes,,,5843693568.0,5572.98046875
whisper-stt,memory_working_set,whisper-stt,whisper-openai-68966786fb-jsb5d,2026-08-02T11:14:01.927000Z,1785669241.927,5843558400.0,bytes,,,5843558400.0,5572.8515625
whisper-stt,memory_working_set,whisper-stt,whisper-openai-68966786fb-jsb5d,2026-08-02T12:14:01.927000Z,1785672841.927,5843324928.0,bytes,,,5843324928.0,5572.62890625
whisper-stt,memory_working_set,whisper-stt,whisper-openai-68966786fb-jsb5d,2026-08-02T13:14:01.927000Z,1785676441.927,5843255296.0,bytes,,,5843255296.0,5572.5625
whisper-stt,memory_working_set,whisper-stt,whisper-openai-68966786fb-jsb5d,2026-08-02T14:14:01.927000Z,1785680041.927,5843046400.0,bytes,,,5843046400.0,5572.36328125
whisper-stt,memory_working_set,whisper-stt,whisper-openai-68966786fb-jsb5d,2026-08-02T15:14:01.927000Z,1785683641.927,5842862080.0,bytes,,,5842862080.0,5572.1875
whisper-stt,memory_working_set,whisper-stt,whisper-openai-68966786fb-jsb5d,2026-08-02T16:14:01.927000Z,1785687241.927,5842702336.0,bytes,,,5842702336.0,5572.03515625
whisper-stt,memory_working_set,whisper-stt,whisper-openai-68966786fb-jsb5d,2026-08-02T17:14:01.927000Z,1785690841.927,5842591744.0,bytes,,,5842591744.0,5571.9296875
whisper-stt,memory_working_set,whisper-stt,whisper-openai-68966786fb-jsb5d,2026-08-02T18:14:01.927000Z,1785694441.927,5842567168.0,bytes,,,5842567168.0,5571.90625
whisper-stt,memory_working_set,whisper-stt,whisper-openai-68966786fb-jsb5d,2026-08-02T19:14:01.927000Z,1785698041.927,5842472960.0,bytes,,,5842472960.0,5571.81640625
whisper-stt,memory_working_set,whisper-stt,whisper-openai-68966786fb-jsb5d,2026-08-02T20:14:01.927000Z,1785701641.927,5842268160.0,bytes,,,5842268160.0,5571.62109375
whisper-stt,memory_working_set,whisper-stt,whisper-openai-68966786fb-jsb5d,2026-08-02T21:14:01.927000Z,1785705241.927,5842132992.0,bytes,,,5842132992.0,5571.4921875
whisper-stt,memory_working_set,whisper-stt,whisper-openai-68966786fb-jsb5d,2026-08-02T22:14:01.927000Z,1785708841.927,5841838080.0,bytes,,,5841838080.0,5571.2109375
whisper-stt,memory_working_set,whisper-stt,whisper-openai-68966786fb-jsb5d,2026-08-02T23:14:01.927000Z,1785712441.927,5841600512.0,bytes,,,5841600512.0,5570.984375
whisper-stt,memory_working_set,whisper-stt,whisper-openai-68966786fb-jsb5d,2026-08-03T00:14:01.927000Z,1785716041.927,5841387520.0,bytes,,,5841387520.0,5570.78125
whisper-stt,memory_working_set,whisper-stt,whisper-openai-68966786fb-jsb5d,2026-08-03T01:14:01.927000Z,1785719641.927,5841248256.0,bytes,,,5841248256.0,5570.6484375
whisper-stt,memory_working_set,whisper-stt,whisper-openai-68966786fb-jsb5d,2026-08-03T02:14:01.927000Z,1785723241.927,5841039360.0,bytes,,,5841039360.0,5570.44921875
whisper-stt,memory_working_set,whisper-stt,whisper-openai-68966786fb-jsb5d,2026-08-03T03:14:01.927000Z,1785726841.927,5840998400.0,bytes,,,5840998400.0,5570.41015625
whisper-stt,memory_working_set,whisper-stt,whisper-openai-68966786fb-jsb5d,2026-08-03T04:14:01.927000Z,1785730441.927,5840875520.0,bytes,,,5840875520.0,5570.29296875
whisper-stt,memory_working_set,whisper-stt,whisper-openai-68966786fb-jsb5d,2026-08-03T05:14:01.927000Z,1785734041.927,5840707584.0,bytes,,,5840707584.0,5570.1328125
whisper-stt,memory_working_set,whisper-stt,whisper-openai-68966786fb-jsb5d,2026-08-03T06:14:01.927000Z,1785737641.927,5840707584.0,bytes,,,5840707584.0,5570.1328125
whisper-stt,memory_working_set,whisper-stt,whisper-openai-68966786fb-jsb5d,2026-08-03T07:14:01.927000Z,1785741241.927,5840650240.0,bytes,,,5840650240.0,5570.078125
whisper-stt,memory_working_set,whisper-stt,whisper-openai-68966786fb-jsb5d,2026-08-03T08:14:01.927000Z,1785744841.927,5840547840.0,bytes,,,5840547840.0,5569.98046875
whisper-stt,memory_working_set,whisper-stt,whisper-openai-68966786fb-jsb5d,2026-08-03T09:14:01.927000Z,1785748441.927,5840547840.0,bytes,,,5840547840.0,5569.98046875
whisper-stt,memory_working_set,whisper-stt,whisper-openai-68966786fb-jsb5d,2026-08-03T10:14:01.927000Z,1785752041.927,5840547840.0,bytes,,,5840547840.0,5569.98046875
whisper-stt,memory_working_set,whisper-stt,whisper-openai-68966786fb-jsb5d,2026-08-03T11:14:01.927000Z,1785755641.927,5840543744.0,bytes,,,5840543744.0,5569.9765625
whisper-stt,memory_working_set,whisper-stt,whisper-openai-68966786fb-jsb5d,2026-08-03T12:14:01.927000Z,1785759241.927,5840486400.0,bytes,,,5840486400.0,5569.921875
whisper-stt,memory_working_set,whisper-stt,whisper-openai-68966786fb-jsb5d,2026-08-03T13:14:01.927000Z,1785762841.927,5840486400.0,bytes,,,5840486400.0,5569.921875
whisper-stt,memory_working_set,whisper-stt,whisper-openai-68966786fb-jsb5d,2026-08-03T14:14:01.927000Z,1785766441.927,5840388096.0,bytes,,,5840388096.0,5569.828125
whisper-stt,memory_working_set,whisper-stt,whisper-openai-68966786fb-jsb5d,2026-08-03T15:14:01.927000Z,1785770041.927,5840220160.0,bytes,,,5840220160.0,5569.66796875
whisper-stt,memory_working_set,whisper-stt,whisper-openai-68966786fb-jsb5d,2026-08-03T16:14:01.927000Z,1785773641.927,5840072704.0,bytes,,,5840072704.0,5569.52734375
whisper-stt,memory_working_set,whisper-stt,whisper-openai-68966786fb-jsb5d,2026-08-03T17:14:01.927000Z,1785777241.927,5839986688.0,bytes,,,5839986688.0,5569.4453125
whisper-stt,memory_working_set,whisper-stt,whisper-openai-68966786fb-jsb5d,2026-08-03T18:14:01.927000Z,1785780841.927,5839986688.0,bytes,,,5839986688.0,5569.4453125
whisper-stt,memory_working_set,whisper-stt,whisper-openai-68966786fb-jsb5d,2026-08-03T19:14:01.927000Z,1785784441.927,5839949824.0,bytes,,,5839949824.0,5569.41015625
whisper-stt,memory_working_set,whisper-stt,whisper-openai-68966786fb-jsb5d,2026-08-03T20:14:01.927000Z,1785788041.927,5839884288.0,bytes,,,5839884288.0,5569.34765625
whisper-stt,memory_working_set,whisper-stt,whisper-openai-68966786fb-jsb5d,2026-08-03T21:14:01.927000Z,1785791641.927,5839790080.0,bytes,,,5839790080.0,5569.2578125
whisper-stt,memory_working_set,whisper-stt,whisper-openai-68966786fb-jsb5d,2026-08-03T22:14:01.927000Z,1785795241.927,5839630336.0,bytes,,,5839630336.0,5569.10546875
whisper-stt,memory_working_set,whisper-stt,whisper-openai-68966786fb-jsb5d,2026-08-03T23:14:01.927000Z,1785798841.927,5839630336.0,bytes,,,5839630336.0,5569.10546875
whisper-stt,memory_working_set,whisper-stt,whisper-openai-68966786fb-jsb5d,2026-08-04T00:14:01.927000Z,1785802441.927,5839630336.0,bytes,,,5839630336.0,5569.10546875
whisper-stt,memory_working_set,whisper-stt,whisper-openai-68966786fb-jsb5d,2026-08-04T01:14:01.927000Z,1785806041.927,5839630336.0,bytes,,,5839630336.0,5569.10546875
whisper-stt,memory_working_set,whisper-stt,whisper-openai-68966786fb-jsb5d,2026-08-04T02:14:01.927000Z,1785809641.927,5839630336.0,bytes,,,5839630336.0,5569.10546875
whisper-stt,memory_working_set,whisper-stt,whisper-openai-68966786fb-jsb5d,2026-08-04T03:14:01.927000Z,1785813241.927,5839630336.0,bytes,,,5839630336.0,5569.10546875
whisper-stt,memory_working_set,whisper-stt,whisper-openai-68966786fb-jsb5d,2026-08-04T04:14:01.927000Z,1785816841.927,5839630336.0,bytes,,,5839630336.0,5569.10546875
whisper-stt,memory_working_set,whisper-stt,whisper-openai-68966786fb-jsb5d,2026-08-04T05:14:01.927000Z,1785820441.927,5839630336.0,bytes,,,5839630336.0,5569.10546875
whisper-stt,memory_working_set,whisper-stt,whisper-openai-68966786fb-jsb5d,2026-08-04T06:14:01.927000Z,1785824041.927,5839630336.0,bytes,,,5839630336.0,5569.10546875
whisper-stt,memory_working_set,whisper-stt,whisper-openai-68966786fb-jsb5d,2026-08-04T07:14:01.927000Z,1785827641.927,5839630336.0,bytes,,,5839630336.0,5569.10546875
whisper-stt,memory_working_set,whisper-stt,whisper-openai-68966786fb-jsb5d,2026-08-04T08:14:01.927000Z,1785831241.927,5839630336.0,bytes,,,5839630336.0,5569.10546875
whisper-stt,memory_working_set,whisper-stt,whisper-openai-68966786fb-jsb5d,2026-08-04T09:14:01.927000Z,1785834841.927,5839630336.0,bytes,,,5839630336.0,5569.10546875
whisper-stt,memory_working_set,whisper-stt,whisper-openai-68966786fb-jsb5d,2026-08-04T10:14:01.927000Z,1785838441.927,5839630336.0,bytes,,,5839630336.0,5569.10546875
whisper-stt,memory_working_set,whisper-stt,whisper-openai-68966786fb-jsb5d,2026-08-04T11:14:01.927000Z,1785842041.927,5839630336.0,bytes,,,5839630336.0,5569.10546875
whisper-stt,memory_working_set,whisper-stt,whisper-openai-68966786fb-jsb5d,2026-08-04T12:14:01.927000Z,1785845641.927,5839630336.0,bytes,,,5839630336.0,5569.10546875
whisper-stt,memory_working_set,whisper-stt,whisper-openai-68966786fb-jsb5d,2026-08-04T13:14:01.927000Z,1785849241.927,5839630336.0,bytes,,,5839630336.0,5569.10546875
whisper-stt,memory_working_set,whisper-stt,whisper-openai-68966786fb-jsb5d,2026-08-04T14:14:01.927000Z,1785852841.927,5839630336.0,bytes,,,5839630336.0,5569.10546875
whisper-stt,memory_working_set,whisper-stt,whisper-openai-68966786fb-jsb5d,2026-08-04T15:14:01.927000Z,1785856441.927,5839630336.0,bytes,,,5839630336.0,5569.10546875
whisper-stt,memory_working_set,whisper-stt,whisper-openai-68966786fb-jsb5d,2026-08-04T16:14:01.927000Z,1785860041.927,5839630336.0,bytes,,,5839630336.0,5569.10546875
whisper-stt,memory_working_set,whisper-stt,whisper-openai-68966786fb-jsb5d,2026-08-04T17:14:01.927000Z,1785863641.927,5839630336.0,bytes,,,5839630336.0,5569.10546875
whisper-stt,memory_working_set,whisper-stt,whisper-openai-68966786fb-jsb5d,2026-08-04T18:14:01.927000Z,1785867241.927,5839630336.0,bytes,,,5839630336.0,5569.10546875
whisper-stt,memory_working_set,whisper-stt,whisper-openai-68966786fb-jsb5d,2026-08-04T19:14:01.927000Z,1785870841.927,5839630336.0,bytes,,,5839630336.0,5569.10546875
whisper-stt,memory_working_set,whisper-stt,whisper-openai-68966786fb-jsb5d,2026-08-04T20:14:01.927000Z,1785874441.927,5839630336.0,bytes,,,5839630336.0,5569.10546875
whisper-stt,memory_working_set,whisper-stt,whisper-openai-68966786fb-jsb5d,2026-08-04T21:14:01.927000Z,1785878041.927,5839630336.0,bytes,,,5839630336.0,5569.10546875
whisper-stt,memory_working_set,whisper-stt,whisper-openai-68966786fb-jsb5d,2026-08-04T22:14:01.927000Z,1785881641.927,5839630336.0,bytes,,,5839630336.0,5569.10546875
whisper-stt,memory_working_set,whisper-stt,whisper-openai-68966786fb-jsb5d,2026-08-04T23:14:01.927000Z,1785885241.927,5839630336.0,bytes,,,5839630336.0,5569.10546875
whisper-stt,memory_working_set,whisper-stt,whisper-openai-68966786fb-jsb5d,2026-08-05T00:14:01.927000Z,1785888841.927,5839630336.0,bytes,,,5839630336.0,5569.10546875
whisper-stt,memory_working_set,whisper-stt,whisper-openai-68966786fb-jsb5d,2026-08-05T01:14:01.927000Z,1785892441.927,5839630336.0,bytes,,,5839630336.0,5569.10546875
whisper-stt,memory_working_set,whisper-stt,whisper-openai-68966786fb-jsb5d,2026-08-05T02:14:01.927000Z,1785896041.927,5839630336.0,bytes,,,5839630336.0,5569.10546875
whisper-stt,memory_working_set,whisper-stt,whisper-openai-68966786fb-jsb5d,2026-08-05T03:14:01.927000Z,1785899641.927,5839630336.0,bytes,,,5839630336.0,5569.10546875
whisper-stt,memory_working_set,whisper-stt,whisper-openai-68966786fb-jsb5d,2026-08-05T04:14:01.927000Z,1785903241.927,5839630336.0,bytes,,,5839630336.0,5569.10546875
whisper-stt,memory_working_set,whisper-stt,whisper-openai-68966786fb-jsb5d,2026-08-05T05:14:01.927000Z,1785906841.927,5839630336.0,bytes,,,5839630336.0,5569.10546875
whisper-stt,memory_working_set,whisper-stt,whisper-openai-68966786fb-jsb5d,2026-08-05T06:14:01.927000Z,1785910441.927,5839630336.0,bytes,,,5839630336.0,5569.10546875
whisper-stt,memory_working_set,whisper-stt,whisper-openai-68966786fb-jsb5d,2026-08-05T07:14:01.927000Z,1785914041.927,5839630336.0,bytes,,,5839630336.0,5569.10546875
whisper-stt,memory_working_set,whisper-stt,whisper-openai-68966786fb-jsb5d,2026-08-05T08:14:01.927000Z,1785917641.927,5839630336.0,bytes,,,5839630336.0,5569.10546875
whisper-stt,memory_working_set,whisper-stt,whisper-openai-68966786fb-jsb5d,2026-08-05T09:14:01.927000Z,1785921241.927,5839630336.0,bytes,,,5839630336.0,5569.10546875
whisper-stt,memory_working_set,whisper-stt,whisper-openai-68966786fb-jsb5d,2026-08-05T10:14:01.927000Z,1785924841.927,5839630336.0,bytes,,,5839630336.0,5569.10546875
whisper-stt,memory_working_set,whisper-stt,whisper-openai-68966786fb-jsb5d,2026-08-05T11:14:01.927000Z,1785928441.927,5839630336.0,bytes,,,5839630336.0,5569.10546875
whisper-stt,memory_working_set,whisper-stt,whisper-openai-68966786fb-jsb5d,2026-08-05T12:14:01.927000Z,1785932041.927,5839630336.0,bytes,,,5839630336.0,5569.10546875
whisper-stt,memory_working_set,whisper-stt,whisper-openai-68966786fb-jsb5d,2026-08-05T13:14:01.927000Z,1785935641.927,5839630336.0,bytes,,,5839630336.0,5569.10546875
whisper-stt,memory_working_set,whisper-stt,whisper-openai-68966786fb-jsb5d,2026-08-05T14:14:01.927000Z,1785939241.927,5839630336.0,bytes,,,5839630336.0,5569.10546875
whisper-stt,memory_working_set,whisper-stt,whisper-openai-68966786fb-jsb5d,2026-08-05T15:14:01.927000Z,1785942841.927,5839630336.0,bytes,,,5839630336.0,5569.10546875
whisper-stt,memory_working_set,whisper-stt,whisper-openai-68966786fb-jsb5d,2026-08-05T16:14:01.927000Z,1785946441.927,5839630336.0,bytes,,,5839630336.0,5569.10546875
whisper-stt,memory_working_set,whisper-stt,whisper-openai-68966786fb-jsb5d,2026-08-05T17:14:01.927000Z,1785950041.927,5839630336.0,bytes,,,5839630336.0,5569.10546875
whisper-stt,memory_working_set,whisper-stt,whisper-openai-68966786fb-jsb5d,2026-08-05T18:14:01.927000Z,1785953641.927,5839630336.0,bytes,,,5839630336.0,5569.10546875
whisper-stt,memory_working_set,whisper-stt,whisper-openai-68966786fb-jsb5d,2026-08-05T19:14:01.927000Z,1785957241.927,5839630336.0,bytes,,,5839630336.0,5569.10546875
whisper-stt,memory_working_set,whisper-stt,whisper-openai-68966786fb-jsb5d,2026-08-05T20:14:01.927000Z,1785960841.927,5839630336.0,bytes,,,5839630336.0,5569.10546875
whisper-stt,memory_working_set,whisper-stt,whisper-openai-68966786fb-jsb5d,2026-08-05T21:14:01.927000Z,1785964441.927,5839630336.0,bytes,,,5839630336.0,5569.10546875
whisper-stt,memory_working_set,whisper-stt,whisper-openai-68966786fb-jsb5d,2026-08-05T22:14:01.927000Z,1785968041.927,5839630336.0,bytes,,,5839630336.0,5569.10546875
whisper-stt,memory_working_set,whisper-stt,whisper-openai-68966786fb-jsb5d,2026-08-05T23:14:01.927000Z,1785971641.927,5839630336.0,bytes,,,5839630336.0,5569.10546875
whisper-stt,memory_working_set,whisper-stt,whisper-openai-68966786fb-jsb5d,2026-08-06T00:14:01.927000Z,1785975241.927,5839630336.0,bytes,,,5839630336.0,5569.10546875
whisper-stt,memory_working_set,whisper-stt,whisper-openai-68966786fb-jsb5d,2026-08-06T01:14:01.927000Z,1785978841.927,5839630336.0,bytes,,,5839630336.0,5569.10546875
whisper-stt,memory_working_set,whisper-stt,whisper-openai-68966786fb-jsb5d,2026-08-06T02:14:01.927000Z,1785982441.927,5839634432.0,bytes,,,5839634432.0,5569.109375
whisper-stt,memory_working_set,whisper-stt,whisper-openai-68966786fb-jsb5d,2026-08-06T03:14:01.927000Z,1785986041.927,5839630336.0,bytes,,,5839630336.0,5569.10546875
whisper-stt,memory_working_set,whisper-stt,whisper-openai-68966786fb-jsb5d,2026-08-06T04:14:01.927000Z,1785989641.927,5839634432.0,bytes,,,5839634432.0,5569.109375
whisper-stt,memory_working_set,whisper-stt,whisper-openai-68966786fb-jsb5d,2026-08-06T05:14:01.927000Z,1785993241.927,5839630336.0,bytes,,,5839630336.0,5569.10546875
whisper-stt,memory_working_set,whisper-stt,whisper-openai-68966786fb-jsb5d,2026-08-06T06:14:01.927000Z,1785996841.927,5839630336.0,bytes,,,5839630336.0,5569.10546875
whisper-stt,memory_working_set,whisper-stt,whisper-openai-68966786fb-jsb5d,2026-08-06T07:14:01.927000Z,1786000441.927,5839634432.0,bytes,,,5839634432.0,5569.109375
whisper-stt,memory_working_set,whisper-stt,whisper-openai-68966786fb-jsb5d,2026-08-06T08:14:01.927000Z,1786004041.927,5839630336.0,bytes,,,5839630336.0,5569.10546875
whisper-stt,memory_working_set,whisper-stt,whisper-openai-68966786fb-jsb5d,2026-08-06T09:14:01.927000Z,1786007641.927,5839634432.0,bytes,,,5839634432.0,5569.109375
whisper-stt,memory_working_set,whisper-stt,whisper-openai-68966786fb-jsb5d,2026-08-06T10:14:01.927000Z,1786011241.927,5839634432.0,bytes,,,5839634432.0,5569.109375
whisper-stt,memory_working_set,whisper-stt,whisper-openai-68966786fb-jsb5d,2026-08-06T11:14:01.927000Z,1786014841.927,5839630336.0,bytes,,,5839630336.0,5569.10546875
whisper-stt,memory_working_set,whisper-stt,whisper-openai-68966786fb-jsb5d,2026-08-06T12:14:01.927000Z,1786018441.927,5839630336.0,bytes,,,5839630336.0,5569.10546875
whisper-stt,memory_working_set,whisper-stt,whisper-openai-68966786fb-jsb5d,2026-08-06T13:14:01.927000Z,1786022041.927,5839630336.0,bytes,,,5839630336.0,5569.10546875
whisper-stt,memory_working_set,whisper-stt,whisper-openai-68966786fb-jsb5d,2026-08-06T14:14:01.927000Z,1786025641.927,5839634432.0,bytes,,,5839634432.0,5569.109375
whisper-stt,memory_working_set,whisper-stt,whisper-openai-68966786fb-jsb5d,2026-08-06T15:14:01.927000Z,1786029241.927,5839634432.0,bytes,,,5839634432.0,5569.109375
whisper-stt,memory_working_set,whisper-stt,whisper-openai-68966786fb-jsb5d,2026-08-06T16:14:01.927000Z,1786032841.927,5839630336.0,bytes,,,5839630336.0,5569.10546875
whisper-stt,memory_working_set,whisper-stt,whisper-openai-68966786fb-jsb5d,2026-08-06T17:14:01.927000Z,1786036441.927,5839634432.0,bytes,,,5839634432.0,5569.109375
whisper-stt,memory_working_set,whisper-stt,whisper-openai-68966786fb-jsb5d,2026-08-06T18:14:01.927000Z,1786040041.927,5839630336.0,bytes,,,5839630336.0,5569.10546875
whisper-stt,memory_working_set,whisper-stt,whisper-openai-68966786fb-jsb5d,2026-08-06T19:14:01.927000Z,1786043641.927,5839638528.0,bytes,,,5839638528.0,5569.11328125
whisper-stt,memory_working_set,whisper-stt,whisper-openai-68966786fb-jsb5d,2026-08-06T20:14:01.927000Z,1786047241.927,5839634432.0,bytes,,,5839634432.0,5569.109375
whisper-stt,memory_working_set,whisper-stt,whisper-openai-68966786fb-jsb5d,2026-08-06T21:14:01.927000Z,1786050841.927,5839630336.0,bytes,,,5839630336.0,5569.10546875
whisper-stt,memory_working_set,whisper-stt,whisper-openai-68966786fb-jsb5d,2026-08-06T22:14:01.927000Z,1786054441.927,5839634432.0,bytes,,,5839634432.0,5569.109375
whisper-stt,memory_working_set,whisper-stt,whisper-openai-68966786fb-jsb5d,2026-08-06T23:14:01.927000Z,1786058041.927,5839634432.0,bytes,,,5839634432.0,5569.109375
whisper-stt,memory_working_set,whisper-stt,whisper-openai-68966786fb-jsb5d,2026-08-07T00:14:01.927000Z,1786061641.927,5839634432.0,bytes,,,5839634432.0,5569.109375
whisper-stt,memory_working_set,whisper-stt,whisper-openai-68966786fb-jsb5d,2026-08-07T01:14:01.927000Z,1786065241.927,5839634432.0,bytes,,,5839634432.0,5569.109375
whisper-stt,memory_working_set,whisper-stt,whisper-openai-68966786fb-jsb5d,2026-08-07T02:14:01.927000Z,1786068841.927,5839630336.0,bytes,,,5839630336.0,5569.10546875
whisper-stt,memory_working_set,whisper-stt,whisper-openai-68966786fb-jsb5d,2026-08-07T03:14:01.927000Z,1786072441.927,5839630336.0,bytes,,,5839630336.0,5569.10546875
whisper-stt,memory_working_set,whisper-stt,whisper-openai-68966786fb-jsb5d,2026-08-07T04:14:01.927000Z,1786076041.927,5839634432.0,bytes,,,5839634432.0,5569.109375
whisper-stt,memory_working_set,whisper-stt,whisper-openai-68966786fb-jsb5d,2026-08-07T05:14:01.927000Z,1786079641.927,5839630336.0,bytes,,,5839630336.0,5569.10546875
whisper-stt,memory_working_set,whisper-stt,whisper-openai-68966786fb-jsb5d,2026-08-07T06:14:01.927000Z,1786083241.927,5839634432.0,bytes,,,5839634432.0,5569.109375
whisper-stt,memory_working_set,whisper-stt,whisper-openai-68966786fb-jsb5d,2026-08-07T07:14:01.927000Z,1786086841.927,5839630336.0,bytes,,,5839630336.0,5569.10546875
whisper-stt,memory_working_set,whisper-stt,whisper-openai-68966786fb-jsb5d,2026-08-07T08:14:01.927000Z,1786090441.927,5839634432.0,bytes,,,5839634432.0,5569.109375
whisper-stt,memory_working_set,whisper-stt,whisper-openai-68966786fb-jsb5d,2026-08-07T09:14:01.927000Z,1786094041.927,5839634432.0,bytes,,,5839634432.0,5569.109375
whisper-stt,memory_working_set,whisper-stt,whisper-openai-68966786fb-jsb5d,2026-08-07T10:14:01.927000Z,1786097641.927,5839630336.0,bytes,,,5839630336.0,5569.10546875
whisper-stt,memory_working_set,whisper-stt,whisper-openai-68966786fb-jsb5d,2026-08-07T11:14:01.927000Z,1786101241.927,5839630336.0,bytes,,,5839630336.0,5569.10546875
whisper-stt,memory_working_set,whisper-stt,whisper-openai-68966786fb-jsb5d,2026-08-07T12:14:01.927000Z,1786104841.927,5839634432.0,bytes,,,5839634432.0,5569.109375
whisper-stt,memory_working_set,whisper-stt,whisper-openai-68966786fb-jsb5d,2026-08-07T13:14:01.927000Z,1786108441.927,5839630336.0,bytes,,,5839630336.0,5569.10546875
whisper-stt,memory_working_set,whisper-stt,whisper-openai-68966786fb-jsb5d,2026-08-07T14:14:01.927000Z,1786112041.927,5839630336.0,bytes,,,5839630336.0,5569.10546875
whisper-stt,memory_working_set,whisper-stt,whisper-openai-68966786fb-jsb5d,2026-08-07T15:14:01.927000Z,1786115641.927,5839630336.0,bytes,,,5839630336.0,5569.10546875
whisper-stt,memory_working_set,whisper-stt,whisper-openai-68966786fb-jsb5d,2026-08-07T16:14:01.927000Z,1786119241.927,5839630336.0,bytes,,,5839630336.0,5569.10546875
whisper-stt,memory_working_set,whisper-stt,whisper-openai-68966786fb-jsb5d,2026-08-07T17:14:01.927000Z,1786122841.927,5839630336.0,bytes,,,5839630336.0,5569.10546875
whisper-stt,memory_working_set,whisper-stt,whisper-openai-68966786fb-jsb5d,2026-08-07T18:14:01.927000Z,1786126441.927,5839634432.0,bytes,,,5839634432.0,5569.109375
whisper-stt,memory_working_set,whisper-stt,whisper-openai-68966786fb-jsb5d,2026-08-07T19:14:01.927000Z,1786130041.927,5839634432.0,bytes,,,5839634432.0,5569.109375
whisper-stt,memory_working_set,whisper-stt,whisper-openai-68966786fb-jsb5d,2026-08-07T20:14:01.927000Z,1786133641.927,5839630336.0,bytes,,,5839630336.0,5569.10546875
whisper-stt,memory_working_set,whisper-stt,whisper-openai-68966786fb-jsb5d,2026-08-07T21:14:01.927000Z,1786137241.927,5839634432.0,bytes,,,5839634432.0,5569.109375
whisper-stt,memory_working_set,whisper-stt,whisper-openai-68966786fb-jsb5d,2026-08-07T22:14:01.927000Z,1786140841.927,5839630336.0,bytes,,,5839630336.0,5569.10546875
whisper-stt,memory_working_set,whisper-stt,whisper-openai-68966786fb-jsb5d,2026-08-07T23:14:01.927000Z,1786144441.927,5839634432.0,bytes,,,5839634432.0,5569.109375
whisper-stt,memory_working_set,whisper-stt,whisper-openai-68966786fb-jsb5d,2026-08-08T00:14:01.927000Z,1786148041.927,5839630336.0,bytes,,,5839630336.0,5569.10546875
whisper-stt,memory_working_set,whisper-stt,whisper-openai-68966786fb-jsb5d,2026-08-08T01:14:01.927000Z,1786151641.927,5839634432.0,bytes,,,5839634432.0,5569.109375
whisper-stt,memory_working_set,whisper-stt,whisper-openai-68966786fb-jsb5d,2026-08-08T02:14:01.927000Z,1786155241.927,5839634432.0,bytes,,,5839634432.0,5569.109375
whisper-stt,memory_working_set,whisper-stt,whisper-openai-68966786fb-jsb5d,2026-08-08T03:14:01.927000Z,1786158841.927,5839634432.0,bytes,,,5839634432.0,5569.109375
whisper-stt,memory_working_set,whisper-stt,whisper-openai-68966786fb-jsb5d,2026-08-08T04:14:01.927000Z,1786162441.927,5839630336.0,bytes,,,5839630336.0,5569.10546875
whisper-stt,memory_working_set,whisper-stt,whisper-openai-68966786fb-jsb5d,2026-08-08T05:14:01.927000Z,1786166041.927,5839634432.0,bytes,,,5839634432.0,5569.109375
whisper-stt,memory_working_set,whisper-stt,whisper-openai-68966786fb-jsb5d,2026-08-08T06:14:01.927000Z,1786169641.927,5839630336.0,bytes,,,5839630336.0,5569.10546875
whisper-stt,memory_working_set,whisper-stt,whisper-openai-68966786fb-jsb5d,2026-08-08T07:14:01.927000Z,1786173241.927,5839634432.0,bytes,,,5839634432.0,5569.109375
whisper-stt,memory_working_set,whisper-stt,whisper-openai-68966786fb-jsb5d,2026-08-08T08:14:01.927000Z,1786176841.927,5839634432.0,bytes,,,5839634432.0,5569.109375
whisper-stt,memory_working_set,whisper-stt,whisper-openai-68966786fb-jsb5d,2026-08-08T09:14:01.927000Z,1786180441.927,5839634432.0,bytes,,,5839634432.0,5569.109375
whisper-stt,memory_working_set,whisper-stt,whisper-openai-68966786fb-jsb5d,2026-08-08T10:14:01.927000Z,1786184041.927,5839630336.0,bytes,,,5839630336.0,5569.10546875
whisper-stt,memory_working_set,whisper-stt,whisper-openai-68966786fb-jsb5d,2026-08-08T11:14:01.927000Z,1786187641.927,5839634432.0,bytes,,,5839634432.0,5569.109375
whisper-stt,memory_working_set,whisper-stt,whisper-openai-68966786fb-jsb5d,2026-08-08T12:14:01.927000Z,1786191241.927,5839634432.0,bytes,,,5839634432.0,5569.109375
whisper-stt,memory_working_set,whisper-stt,whisper-openai-68966786fb-jsb5d,2026-08-08T13:14:01.927000Z,1786194841.927,5839630336.0,bytes,,,5839630336.0,5569.10546875
whisper-stt,memory_working_set,whisper-stt,whisper-openai-68966786fb-jsb5d,2026-08-08T14:14:01.927000Z,1786198441.927,5839630336.0,bytes,,,5839630336.0,5569.10546875
whisper-stt,memory_working_set,whisper-stt,whisper-openai-68966786fb-jsb5d,2026-08-08T15:14:01.927000Z,1786202041.927,5839630336.0,bytes,,,5839630336.0,5569.10546875
whisper-stt,memory_working_set,whisper-stt,whisper-openai-68966786fb-jsb5d,2026-08-08T16:14:01.927000Z,1786205641.927,5839634432.0,bytes,,,5839634432.0,5569.109375
whisper-stt,memory_working_set,whisper-stt,whisper-openai-68966786fb-jsb5d,2026-08-08T17:14:01.927000Z,1786209241.927,5838430208.0,bytes,,,5838430208.0,5567.9609375
whisper-stt,memory_working_set,whisper-stt,whisper-openai-68966786fb-jsb5d,2026-08-08T18:14:01.927000Z,1786212841.927,5838434304.0,bytes,,,5838434304.0,5567.96484375
whisper-stt,memory_working_set,whisper-stt,whisper-openai-68966786fb-jsb5d,2026-08-08T19:14:01.927000Z,1786216441.927,5838434304.0,bytes,,,5838434304.0,5567.96484375
whisper-stt,memory_working_set,whisper-stt,whisper-openai-68966786fb-jsb5d,2026-08-08T20:14:01.927000Z,1786220041.927,5837651968.0,bytes,,,5837651968.0,5567.21875
whisper-stt,memory_working_set,whisper-stt,whisper-openai-68966786fb-jsb5d,2026-08-08T21:14:01.927000Z,1786223641.927,5837291520.0,bytes,,,5837291520.0,5566.875
whisper-stt,memory_working_set,whisper-stt,whisper-openai-68966786fb-jsb5d,2026-08-08T22:14:01.927000Z,1786227241.927,5837275136.0,bytes,,,5837275136.0,5566.859375
whisper-stt,memory_working_set,whisper-stt,whisper-openai-68966786fb-jsb5d,2026-08-08T23:14:01.927000Z,1786230841.927,5837221888.0,bytes,,,5837221888.0,5566.80859375
whisper-stt,memory_working_set,whisper-stt,whisper-openai-68966786fb-jsb5d,2026-08-09T00:14:01.927000Z,1786234441.927,5837221888.0,bytes,,,5837221888.0,5566.80859375
whisper-stt,memory_working_set,whisper-stt,whisper-openai-68966786fb-jsb5d,2026-08-09T01:14:01.927000Z,1786238041.927,5837221888.0,bytes,,,5837221888.0,5566.80859375
whisper-stt,memory_working_set,whisper-stt,whisper-openai-68966786fb-jsb5d,2026-08-09T02:14:01.927000Z,1786241641.927,5837221888.0,bytes,,,5837221888.0,5566.80859375
whisper-stt,memory_working_set,whisper-stt,whisper-openai-68966786fb-jsb5d,2026-08-09T03:14:01.927000Z,1786245241.927,5837221888.0,bytes,,,5837221888.0,5566.80859375
whisper-stt,memory_working_set,whisper-stt,whisper-openai-68966786fb-jsb5d,2026-08-09T04:14:01.927000Z,1786248841.927,5837221888.0,bytes,,,5837221888.0,5566.80859375
whisper-stt,memory_working_set,whisper-stt,whisper-openai-68966786fb-jsb5d,2026-08-09T05:14:01.927000Z,1786252441.927,5837221888.0,bytes,,,5837221888.0,5566.80859375
whisper-stt,memory_working_set,whisper-stt,whisper-openai-68966786fb-jsb5d,2026-08-09T06:14:01.927000Z,1786256041.927,5837221888.0,bytes,,,5837221888.0,5566.80859375
whisper-stt,memory_working_set,whisper-stt,whisper-openai-68966786fb-jsb5d,2026-08-09T07:14:01.927000Z,1786259641.927,5837221888.0,bytes,,,5837221888.0,5566.80859375
whisper-stt,memory_working_set,whisper-stt,whisper-openai-68966786fb-jsb5d,2026-08-09T08:14:01.927000Z,1786263241.927,5837221888.0,bytes,,,5837221888.0,5566.80859375
whisper-stt,memory_working_set,whisper-stt,whisper-openai-68966786fb-jsb5d,2026-08-09T09:14:01.927000Z,1786266841.927,5837221888.0,bytes,,,5837221888.0,5566.80859375
whisper-stt,memory_working_set,whisper-stt,whisper-openai-68966786fb-jsb5d,2026-08-09T10:14:01.927000Z,1786270441.927,5837221888.0,bytes,,,5837221888.0,5566.80859375
whisper-stt,memory_working_set,whisper-stt,whisper-openai-68966786fb-jsb5d,2026-08-09T11:14:01.927000Z,1786274041.927,5837221888.0,bytes,,,5837221888.0,5566.80859375
whisper-stt,memory_working_set,whisper-stt,whisper-openai-68966786fb-jsb5d,2026-08-09T12:14:01.927000Z,1786277641.927,5837221888.0,bytes,,,5837221888.0,5566.80859375
whisper-stt,memory_working_set,whisper-stt,whisper-openai-68966786fb-jsb5d,2026-08-09T13:14:01.927000Z,1786281241.927,5837217792.0,bytes,,,5837217792.0,5566.8046875
whisper-stt,memory_working_set,whisper-stt,whisper-openai-68966786fb-jsb5d,2026-08-09T14:14:01.927000Z,1786284841.927,5837221888.0,bytes,,,5837221888.0,5566.80859375
whisper-stt,memory_working_set,whisper-stt,whisper-openai-68966786fb-jsb5d,2026-08-09T15:14:01.927000Z,1786288441.927,5837221888.0,bytes,,,5837221888.0,5566.80859375
whisper-stt,memory_working_set,whisper-stt,whisper-openai-68966786fb-jsb5d,2026-08-09T16:14:01.927000Z,1786292041.927,5837221888.0,bytes,,,5837221888.0,5566.80859375
whisper-stt,memory_working_set,whisper-stt,whisper-openai-68966786fb-jsb5d,2026-08-09T17:14:01.927000Z,1786295641.927,5837221888.0,bytes,,,5837221888.0,5566.80859375
whisper-stt,memory_working_set,whisper-stt,whisper-openai-68966786fb-jsb5d,2026-08-09T18:14:01.927000Z,1786299241.927,5837217792.0,bytes,,,5837217792.0,5566.8046875
whisper-stt,memory_working_set,whisper-stt,whisper-openai-68966786fb-jsb5d,2026-08-09T19:14:01.927000Z,1786302841.927,5837217792.0,bytes,,,5837217792.0,5566.8046875
whisper-stt,memory_working_set,whisper-stt,whisper-openai-68966786fb-jsb5d,2026-08-09T20:14:01.927000Z,1786306441.927,5837221888.0,bytes,,,5837221888.0,5566.80859375
whisper-stt,memory_working_set,whisper-stt,whisper-openai-68966786fb-jsb5d,2026-08-09T21:14:01.927000Z,1786310041.927,5837221888.0,bytes,,,5837221888.0,5566.80859375
whisper-stt,memory_working_set,whisper-stt,whisper-openai-68966786fb-jsb5d,2026-08-09T22:14:01.927000Z,1786313641.927,5837221888.0,bytes,,,5837221888.0,5566.80859375
whisper-stt,memory_working_set,whisper-stt,whisper-openai-68966786fb-jsb5d,2026-08-09T23:14:01.927000Z,1786317241.927,5837221888.0,bytes,,,5837221888.0,5566.80859375
whisper-stt,memory_working_set,whisper-stt,whisper-openai-68966786fb-jsb5d,2026-08-10T00:14:01.927000Z,1786320841.927,5837221888.0,bytes,,,5837221888.0,5566.80859375
whisper-stt,memory_working_set,whisper-stt,whisper-openai-68966786fb-jsb5d,2026-08-10T01:14:01.927000Z,1786324441.927,5837221888.0,bytes,,,5837221888.0,5566.80859375
whisper-stt,memory_working_set,whisper-stt,whisper-openai-68966786fb-jsb5d,2026-08-10T02:14:01.927000Z,1786328041.927,5837221888.0,bytes,,,5837221888.0,5566.80859375
whisper-stt,memory_working_set,whisper-stt,whisper-openai-68966786fb-jsb5d,2026-08-10T03:14:01.927000Z,1786331641.927,5836828672.0,bytes,,,5836828672.0,5566.43359375
whisper-stt,memory_working_set,whisper-stt,whisper-openai-68966786fb-jsb5d,2026-08-10T04:14:01.927000Z,1786335241.927,5836828672.0,bytes,,,5836828672.0,5566.43359375
whisper-stt,memory_working_set,whisper-stt,whisper-openai-68966786fb-jsb5d,2026-08-10T05:14:01.927000Z,1786338841.927,5836828672.0,bytes,,,5836828672.0,5566.43359375
whisper-stt,memory_working_set,whisper-stt,whisper-openai-68966786fb-jsb5d,2026-08-10T06:14:01.927000Z,1786342441.927,5836828672.0,bytes,,,5836828672.0,5566.43359375
whisper-stt,memory_working_set,whisper-stt,whisper-openai-68966786fb-jsb5d,2026-08-10T07:14:01.927000Z,1786346041.927,5836828672.0,bytes,,,5836828672.0,5566.43359375
whisper-stt,memory_working_set,whisper-stt,whisper-openai-68966786fb-jsb5d,2026-08-10T08:14:01.927000Z,1786349641.927,5836828672.0,bytes,,,5836828672.0,5566.43359375
whisper-stt,memory_working_set,whisper-stt,whisper-openai-68966786fb-jsb5d,2026-08-10T09:14:01.927000Z,1786353241.927,5836828672.0,bytes,,,5836828672.0,5566.43359375
whisper-stt,memory_working_set,whisper-stt,whisper-openai-68966786fb-jsb5d,2026-08-10T10:14:01.927000Z,1786356841.927,5836824576.0,bytes,,,5836824576.0,5566.4296875
whisper-stt,memory_working_set,whisper-stt,whisper-openai-68966786fb-jsb5d,2026-08-10T11:14:01.927000Z,1786360441.927,5836828672.0,bytes,,,5836828672.0,5566.43359375
whisper-stt,memory_working_set,whisper-stt,whisper-stt-847fd8d7b9-mp2kl,2026-08-08T20:14:01.927000Z,1786220041.927,1210699776.0,bytes,,,1210699776.0,1154.61328125
whisper-stt,memory_working_set,whisper-stt,whisper-stt-847fd8d7b9-mp2kl,2026-08-08T21:14:01.927000Z,1786223641.927,2166874112.0,bytes,,,2166874112.0,2066.4921875
whisper-stt,memory_working_set,whisper-stt,whisper-stt-847fd8d7b9-mp2kl,2026-08-08T22:14:01.927000Z,1786227241.927,2430619648.0,bytes,,,2430619648.0,2318.01953125
whisper-stt,memory_working_set,whisper-stt,whisper-stt-847fd8d7b9-mp2kl,2026-08-08T23:14:01.927000Z,1786230841.927,2430623744.0,bytes,,,2430623744.0,2318.0234375
whisper-stt,memory_working_set,whisper-stt,whisper-stt-847fd8d7b9-mp2kl,2026-08-09T00:14:01.927000Z,1786234441.927,2430619648.0,bytes,,,2430619648.0,2318.01953125
whisper-stt,memory_working_set,whisper-stt,whisper-stt-847fd8d7b9-mp2kl,2026-08-09T01:14:01.927000Z,1786238041.927,2430623744.0,bytes,,,2430623744.0,2318.0234375
whisper-stt,memory_working_set,whisper-stt,whisper-stt-847fd8d7b9-mp2kl,2026-08-09T02:14:01.927000Z,1786241641.927,2430627840.0,bytes,,,2430627840.0,2318.02734375
whisper-stt,memory_working_set,whisper-stt,whisper-stt-847fd8d7b9-mp2kl,2026-08-09T03:14:01.927000Z,1786245241.927,2445541376.0,bytes,,,2445541376.0,2332.25
whisper-stt,memory_working_set,whisper-stt,whisper-stt-847fd8d7b9-mp2kl,2026-08-09T04:14:01.927000Z,1786248841.927,2445275136.0,bytes,,,2445275136.0,2331.99609375
whisper-stt,memory_working_set,whisper-stt,whisper-stt-847fd8d7b9-mp2kl,2026-08-09T05:14:01.927000Z,1786252441.927,2445275136.0,bytes,,,2445275136.0,2331.99609375
whisper-stt,memory_working_set,whisper-stt,whisper-stt-847fd8d7b9-mp2kl,2026-08-09T06:14:01.927000Z,1786256041.927,2445271040.0,bytes,,,2445271040.0,2331.9921875
whisper-stt,memory_working_set,whisper-stt,whisper-stt-847fd8d7b9-mp2kl,2026-08-09T07:14:01.927000Z,1786259641.927,2445275136.0,bytes,,,2445275136.0,2331.99609375
whisper-stt,memory_working_set,whisper-stt,whisper-stt-847fd8d7b9-mp2kl,2026-08-09T08:14:01.927000Z,1786263241.927,2445291520.0,bytes,,,2445291520.0,2332.01171875
whisper-stt,memory_working_set,whisper-stt,whisper-stt-847fd8d7b9-mp2kl,2026-08-09T09:14:01.927000Z,1786266841.927,2445291520.0,bytes,,,2445291520.0,2332.01171875
whisper-stt,memory_working_set,whisper-stt,whisper-stt-847fd8d7b9-mp2kl,2026-08-09T10:14:01.927000Z,1786270441.927,2445287424.0,bytes,,,2445287424.0,2332.0078125
whisper-stt,memory_working_set,whisper-stt,whisper-stt-847fd8d7b9-mp2kl,2026-08-09T11:14:01.927000Z,1786274041.927,2445291520.0,bytes,,,2445291520.0,2332.01171875
whisper-stt,memory_working_set,whisper-stt,whisper-stt-847fd8d7b9-mp2kl,2026-08-09T12:14:01.927000Z,1786277641.927,2445291520.0,bytes,,,2445291520.0,2332.01171875
whisper-stt,memory_working_set,whisper-stt,whisper-stt-847fd8d7b9-mp2kl,2026-08-09T13:14:01.927000Z,1786281241.927,2445291520.0,bytes,,,2445291520.0,2332.01171875
whisper-stt,memory_working_set,whisper-stt,whisper-stt-847fd8d7b9-mp2kl,2026-08-09T14:14:01.927000Z,1786284841.927,2445291520.0,bytes,,,2445291520.0,2332.01171875
whisper-stt,memory_working_set,whisper-stt,whisper-stt-847fd8d7b9-mp2kl,2026-08-09T15:14:01.927000Z,1786288441.927,2445291520.0,bytes,,,2445291520.0,2332.01171875
whisper-stt,memory_working_set,whisper-stt,whisper-stt-847fd8d7b9-mp2kl,2026-08-09T16:14:01.927000Z,1786292041.927,2445291520.0,bytes,,,2445291520.0,2332.01171875
whisper-stt,memory_working_set,whisper-stt,whisper-stt-847fd8d7b9-mp2kl,2026-08-09T17:14:01.927000Z,1786295641.927,2445291520.0,bytes,,,2445291520.0,2332.01171875
whisper-stt,memory_working_set,whisper-stt,whisper-stt-847fd8d7b9-mp2kl,2026-08-09T18:14:01.927000Z,1786299241.927,2445291520.0,bytes,,,2445291520.0,2332.01171875
whisper-stt,memory_working_set,whisper-stt,whisper-stt-847fd8d7b9-mp2kl,2026-08-09T19:14:01.927000Z,1786302841.927,2445291520.0,bytes,,,2445291520.0,2332.01171875
whisper-stt,memory_working_set,whisper-stt,whisper-stt-847fd8d7b9-mp2kl,2026-08-09T20:14:01.927000Z,1786306441.927,2445291520.0,bytes,,,2445291520.0,2332.01171875
whisper-stt,memory_working_set,whisper-stt,whisper-stt-847fd8d7b9-mp2kl,2026-08-09T21:14:01.927000Z,1786310041.927,2445291520.0,bytes,,,2445291520.0,2332.01171875
whisper-stt,memory_working_set,whisper-stt,whisper-stt-847fd8d7b9-mp2kl,2026-08-09T22:14:01.927000Z,1786313641.927,2445291520.0,bytes,,,2445291520.0,2332.01171875
whisper-stt,memory_working_set,whisper-stt,whisper-stt-847fd8d7b9-mp2kl,2026-08-09T23:14:01.927000Z,1786317241.927,2445291520.0,bytes,,,2445291520.0,2332.01171875
whisper-stt,memory_working_set,whisper-stt,whisper-stt-847fd8d7b9-mp2kl,2026-08-10T00:14:01.927000Z,1786320841.927,2445291520.0,bytes,,,2445291520.0,2332.01171875
whisper-stt,memory_working_set,whisper-stt,whisper-stt-847fd8d7b9-mp2kl,2026-08-10T01:14:01.927000Z,1786324441.927,2445291520.0,bytes,,,2445291520.0,2332.01171875
whisper-stt,memory_working_set,whisper-stt,whisper-stt-847fd8d7b9-mp2kl,2026-08-10T02:14:01.927000Z,1786328041.927,2445295616.0,bytes,,,2445295616.0,2332.015625
whisper-stt,memory_working_set,whisper-stt,whisper-stt-847fd8d7b9-mp2kl,2026-08-10T03:14:01.927000Z,1786331641.927,2445291520.0,bytes,,,2445291520.0,2332.01171875
whisper-stt,memory_working_set,whisper-stt,whisper-stt-847fd8d7b9-mp2kl,2026-08-10T04:14:01.927000Z,1786335241.927,2445291520.0,bytes,,,2445291520.0,2332.01171875
whisper-stt,memory_working_set,whisper-stt,whisper-stt-847fd8d7b9-mp2kl,2026-08-10T05:14:01.927000Z,1786338841.927,2445291520.0,bytes,,,2445291520.0,2332.01171875
whisper-stt,memory_working_set,whisper-stt,whisper-stt-847fd8d7b9-mp2kl,2026-08-10T06:14:01.927000Z,1786342441.927,2445299712.0,bytes,,,2445299712.0,2332.01953125
whisper-stt,memory_working_set,whisper-stt,whisper-stt-847fd8d7b9-mp2kl,2026-08-10T07:14:01.927000Z,1786346041.927,2445299712.0,bytes,,,2445299712.0,2332.01953125
whisper-stt,memory_working_set,whisper-stt,whisper-stt-847fd8d7b9-mp2kl,2026-08-10T08:14:01.927000Z,1786349641.927,2445299712.0,bytes,,,2445299712.0,2332.01953125
whisper-stt,memory_working_set,whisper-stt,whisper-stt-847fd8d7b9-mp2kl,2026-08-10T09:14:01.927000Z,1786353241.927,2445299712.0,bytes,,,2445299712.0,2332.01953125
whisper-stt,memory_working_set,whisper-stt,whisper-stt-847fd8d7b9-mp2kl,2026-08-10T10:14:01.927000Z,1786356841.927,2445295616.0,bytes,,,2445295616.0,2332.015625
whisper-stt,memory_working_set,whisper-stt,whisper-stt-847fd8d7b9-mp2kl,2026-08-10T11:14:01.927000Z,1786360441.927,2445295616.0,bytes,,,2445295616.0,2332.015625
whisper-stt,memory_working_set,whisper-stt,whisper-stt-847fd8d7b9-v2rs5,2026-07-30T18:14:01.927000Z,1785435241.927,3247243264.0,bytes,,,3247243264.0,3096.8125
whisper-stt,memory_working_set,whisper-stt,whisper-stt-847fd8d7b9-v2rs5,2026-07-30T19:14:01.927000Z,1785438841.927,3947614208.0,bytes,,,3947614208.0,3764.73828125
whisper-stt,memory_working_set,whisper-stt,whisper-stt-847fd8d7b9-v2rs5,2026-07-30T20:14:01.927000Z,1785442441.927,3251122176.0,bytes,,,3251122176.0,3100.51171875
whisper-stt,memory_working_set,whisper-stt,whisper-stt-847fd8d7b9-v2rs5,2026-07-30T21:14:01.927000Z,1785446041.927,3251126272.0,bytes,,,3251126272.0,3100.515625
whisper-stt,memory_working_set,whisper-stt,whisper-stt-847fd8d7b9-v2rs5,2026-07-30T22:14:01.927000Z,1785449641.927,3251126272.0,bytes,,,3251126272.0,3100.515625
whisper-stt,memory_working_set,whisper-stt,whisper-stt-847fd8d7b9-v2rs5,2026-07-30T23:14:01.927000Z,1785453241.927,3251122176.0,bytes,,,3251122176.0,3100.51171875
whisper-stt,memory_working_set,whisper-stt,whisper-stt-847fd8d7b9-v2rs5,2026-07-31T00:14:01.927000Z,1785456841.927,3251122176.0,bytes,,,3251122176.0,3100.51171875
whisper-stt,memory_working_set,whisper-stt,whisper-stt-847fd8d7b9-v2rs5,2026-07-31T01:14:01.927000Z,1785460441.927,3251126272.0,bytes,,,3251126272.0,3100.515625
whisper-stt,memory_working_set,whisper-stt,whisper-stt-847fd8d7b9-v2rs5,2026-07-31T02:14:01.927000Z,1785464041.927,3251126272.0,bytes,,,3251126272.0,3100.515625
whisper-stt,memory_working_set,whisper-stt,whisper-stt-847fd8d7b9-v2rs5,2026-07-31T03:14:01.927000Z,1785467641.927,3251122176.0,bytes,,,3251122176.0,3100.51171875
whisper-stt,memory_working_set,whisper-stt,whisper-stt-847fd8d7b9-v2rs5,2026-07-31T04:14:01.927000Z,1785471241.927,3251122176.0,bytes,,,3251122176.0,3100.51171875
whisper-stt,memory_working_set,whisper-stt,whisper-stt-847fd8d7b9-v2rs5,2026-07-31T05:14:01.927000Z,1785474841.927,3251126272.0,bytes,,,3251126272.0,3100.515625
whisper-stt,memory_working_set,whisper-stt,whisper-stt-847fd8d7b9-v2rs5,2026-07-31T06:14:01.927000Z,1785478441.927,3251126272.0,bytes,,,3251126272.0,3100.515625
whisper-stt,memory_working_set,whisper-stt,whisper-stt-847fd8d7b9-v2rs5,2026-07-31T07:14:01.927000Z,1785482041.927,3251122176.0,bytes,,,3251122176.0,3100.51171875
whisper-stt,memory_working_set,whisper-stt,whisper-stt-847fd8d7b9-v2rs5,2026-07-31T08:14:01.927000Z,1785485641.927,3251126272.0,bytes,,,3251126272.0,3100.515625
whisper-stt,memory_working_set,whisper-stt,whisper-stt-847fd8d7b9-v2rs5,2026-07-31T09:14:01.927000Z,1785489241.927,3251122176.0,bytes,,,3251122176.0,3100.51171875
whisper-stt,memory_working_set,whisper-stt,whisper-stt-847fd8d7b9-v2rs5,2026-07-31T10:14:01.927000Z,1785492841.927,3251126272.0,bytes,,,3251126272.0,3100.515625
whisper-stt,memory_working_set,whisper-stt,whisper-stt-847fd8d7b9-v2rs5,2026-07-31T11:14:01.927000Z,1785496441.927,3251122176.0,bytes,,,3251122176.0,3100.51171875
whisper-stt,memory_working_set,whisper-stt,whisper-stt-847fd8d7b9-v2rs5,2026-07-31T12:14:01.927000Z,1785500041.927,3251122176.0,bytes,,,3251122176.0,3100.51171875
whisper-stt,memory_working_set,whisper-stt,whisper-stt-847fd8d7b9-v2rs5,2026-07-31T13:14:01.927000Z,1785503641.927,3251122176.0,bytes,,,3251122176.0,3100.51171875
whisper-stt,memory_working_set,whisper-stt,whisper-stt-847fd8d7b9-v2rs5,2026-07-31T14:14:01.927000Z,1785507241.927,3251122176.0,bytes,,,3251122176.0,3100.51171875
whisper-stt,memory_working_set,whisper-stt,whisper-stt-847fd8d7b9-v2rs5,2026-07-31T15:14:01.927000Z,1785510841.927,3251122176.0,bytes,,,3251122176.0,3100.51171875
whisper-stt,memory_working_set,whisper-stt,whisper-stt-847fd8d7b9-v2rs5,2026-07-31T16:14:01.927000Z,1785514441.927,3251113984.0,bytes,,,3251113984.0,3100.50390625
whisper-stt,memory_working_set,whisper-stt,whisper-stt-847fd8d7b9-v2rs5,2026-07-31T17:14:01.927000Z,1785518041.927,3251122176.0,bytes,,,3251122176.0,3100.51171875
whisper-stt,memory_working_set,whisper-stt,whisper-stt-847fd8d7b9-v2rs5,2026-07-31T18:14:01.927000Z,1785521641.927,3251150848.0,bytes,,,3251150848.0,3100.5390625
whisper-stt,memory_working_set,whisper-stt,whisper-stt-847fd8d7b9-v2rs5,2026-07-31T19:14:01.927000Z,1785525241.927,3251388416.0,bytes,,,3251388416.0,3100.765625
whisper-stt,memory_working_set,whisper-stt,whisper-stt-847fd8d7b9-v2rs5,2026-07-31T20:14:01.927000Z,1785528841.927,3251367936.0,bytes,,,3251367936.0,3100.74609375
whisper-stt,memory_working_set,whisper-stt,whisper-stt-847fd8d7b9-v2rs5,2026-07-31T21:14:01.927000Z,1785532441.927,3251126272.0,bytes,,,3251126272.0,3100.515625
whisper-stt,memory_working_set,whisper-stt,whisper-stt-847fd8d7b9-v2rs5,2026-07-31T22:14:01.927000Z,1785536041.927,3251122176.0,bytes,,,3251122176.0,3100.51171875
whisper-stt,memory_working_set,whisper-stt,whisper-stt-847fd8d7b9-v2rs5,2026-07-31T23:14:01.927000Z,1785539641.927,3251126272.0,bytes,,,3251126272.0,3100.515625
whisper-stt,memory_working_set,whisper-stt,whisper-stt-847fd8d7b9-v2rs5,2026-08-01T00:14:01.927000Z,1785543241.927,3251126272.0,bytes,,,3251126272.0,3100.515625
whisper-stt,memory_working_set,whisper-stt,whisper-stt-847fd8d7b9-v2rs5,2026-08-01T01:14:01.927000Z,1785546841.927,3251126272.0,bytes,,,3251126272.0,3100.515625
whisper-stt,memory_working_set,whisper-stt,whisper-stt-847fd8d7b9-v2rs5,2026-08-01T02:14:01.927000Z,1785550441.927,3251126272.0,bytes,,,3251126272.0,3100.515625
whisper-stt,memory_working_set,whisper-stt,whisper-stt-847fd8d7b9-v2rs5,2026-08-01T03:14:01.927000Z,1785554041.927,3251126272.0,bytes,,,3251126272.0,3100.515625
whisper-stt,memory_working_set,whisper-stt,whisper-stt-847fd8d7b9-v2rs5,2026-08-01T04:14:01.927000Z,1785557641.927,3251122176.0,bytes,,,3251122176.0,3100.51171875
whisper-stt,memory_working_set,whisper-stt,whisper-stt-847fd8d7b9-v2rs5,2026-08-01T05:14:01.927000Z,1785561241.927,3251126272.0,bytes,,,3251126272.0,3100.515625
whisper-stt,memory_working_set,whisper-stt,whisper-stt-847fd8d7b9-v2rs5,2026-08-01T06:14:01.927000Z,1785564841.927,3251126272.0,bytes,,,3251126272.0,3100.515625
whisper-stt,memory_working_set,whisper-stt,whisper-stt-847fd8d7b9-v2rs5,2026-08-01T07:14:01.927000Z,1785568441.927,3251126272.0,bytes,,,3251126272.0,3100.515625
whisper-stt,memory_working_set,whisper-stt,whisper-stt-847fd8d7b9-v2rs5,2026-08-01T08:14:01.927000Z,1785572041.927,3251126272.0,bytes,,,3251126272.0,3100.515625
whisper-stt,memory_working_set,whisper-stt,whisper-stt-847fd8d7b9-v2rs5,2026-08-01T09:14:01.927000Z,1785575641.927,3251122176.0,bytes,,,3251122176.0,3100.51171875
whisper-stt,memory_working_set,whisper-stt,whisper-stt-847fd8d7b9-v2rs5,2026-08-01T10:14:01.927000Z,1785579241.927,3251126272.0,bytes,,,3251126272.0,3100.515625
whisper-stt,memory_working_set,whisper-stt,whisper-stt-847fd8d7b9-v2rs5,2026-08-01T11:14:01.927000Z,1785582841.927,3251150848.0,bytes,,,3251150848.0,3100.5390625
whisper-stt,memory_working_set,whisper-stt,whisper-stt-847fd8d7b9-v2rs5,2026-08-01T12:14:01.927000Z,1785586441.927,3251122176.0,bytes,,,3251122176.0,3100.51171875
whisper-stt,memory_working_set,whisper-stt,whisper-stt-847fd8d7b9-v2rs5,2026-08-01T13:14:01.927000Z,1785590041.927,3251126272.0,bytes,,,3251126272.0,3100.515625
whisper-stt,memory_working_set,whisper-stt,whisper-stt-847fd8d7b9-v2rs5,2026-08-01T14:14:01.927000Z,1785593641.927,3251122176.0,bytes,,,3251122176.0,3100.51171875
whisper-stt,memory_working_set,whisper-stt,whisper-stt-847fd8d7b9-v2rs5,2026-08-01T15:14:01.927000Z,1785597241.927,3251126272.0,bytes,,,3251126272.0,3100.515625
whisper-stt,memory_working_set,whisper-stt,whisper-stt-847fd8d7b9-v2rs5,2026-08-01T16:14:01.927000Z,1785600841.927,3251122176.0,bytes,,,3251122176.0,3100.51171875
whisper-stt,memory_working_set,whisper-stt,whisper-stt-847fd8d7b9-v2rs5,2026-08-01T17:14:01.927000Z,1785604441.927,3251126272.0,bytes,,,3251126272.0,3100.515625
whisper-stt,memory_working_set,whisper-stt,whisper-stt-847fd8d7b9-v2rs5,2026-08-01T18:14:01.927000Z,1785608041.927,3251126272.0,bytes,,,3251126272.0,3100.515625
whisper-stt,memory_working_set,whisper-stt,whisper-stt-847fd8d7b9-v2rs5,2026-08-01T19:14:01.927000Z,1785611641.927,3251126272.0,bytes,,,3251126272.0,3100.515625
whisper-stt,memory_working_set,whisper-stt,whisper-stt-847fd8d7b9-v2rs5,2026-08-01T20:14:01.927000Z,1785615241.927,3251126272.0,bytes,,,3251126272.0,3100.515625
whisper-stt,memory_working_set,whisper-stt,whisper-stt-847fd8d7b9-v2rs5,2026-08-01T21:14:01.927000Z,1785618841.927,3251122176.0,bytes,,,3251122176.0,3100.51171875
whisper-stt,memory_working_set,whisper-stt,whisper-stt-847fd8d7b9-v2rs5,2026-08-01T22:14:01.927000Z,1785622441.927,3251126272.0,bytes,,,3251126272.0,3100.515625
whisper-stt,memory_working_set,whisper-stt,whisper-stt-847fd8d7b9-v2rs5,2026-08-01T23:14:01.927000Z,1785626041.927,3251122176.0,bytes,,,3251122176.0,3100.51171875
whisper-stt,memory_working_set,whisper-stt,whisper-stt-847fd8d7b9-v2rs5,2026-08-02T00:14:01.927000Z,1785629641.927,3251126272.0,bytes,,,3251126272.0,3100.515625
whisper-stt,memory_working_set,whisper-stt,whisper-stt-847fd8d7b9-v2rs5,2026-08-02T01:14:01.927000Z,1785633241.927,3251122176.0,bytes,,,3251122176.0,3100.51171875
whisper-stt,memory_working_set,whisper-stt,whisper-stt-847fd8d7b9-v2rs5,2026-08-02T02:14:01.927000Z,1785636841.927,3251126272.0,bytes,,,3251126272.0,3100.515625
whisper-stt,memory_working_set,whisper-stt,whisper-stt-847fd8d7b9-v2rs5,2026-08-02T03:14:01.927000Z,1785640441.927,3251130368.0,bytes,,,3251130368.0,3100.51953125
whisper-stt,memory_working_set,whisper-stt,whisper-stt-847fd8d7b9-v2rs5,2026-08-02T04:14:01.927000Z,1785644041.927,3251126272.0,bytes,,,3251126272.0,3100.515625
whisper-stt,memory_working_set,whisper-stt,whisper-stt-847fd8d7b9-v2rs5,2026-08-02T05:14:01.927000Z,1785647641.927,3251126272.0,bytes,,,3251126272.0,3100.515625
whisper-stt,memory_working_set,whisper-stt,whisper-stt-847fd8d7b9-v2rs5,2026-08-02T06:14:01.927000Z,1785651241.927,3251126272.0,bytes,,,3251126272.0,3100.515625
whisper-stt,memory_working_set,whisper-stt,whisper-stt-847fd8d7b9-v2rs5,2026-08-02T07:14:01.927000Z,1785654841.927,3251122176.0,bytes,,,3251122176.0,3100.51171875
whisper-stt,memory_working_set,whisper-stt,whisper-stt-847fd8d7b9-v2rs5,2026-08-02T08:14:01.927000Z,1785658441.927,3251126272.0,bytes,,,3251126272.0,3100.515625
whisper-stt,memory_working_set,whisper-stt,whisper-stt-847fd8d7b9-v2rs5,2026-08-02T09:14:01.927000Z,1785662041.927,3251122176.0,bytes,,,3251122176.0,3100.51171875
whisper-stt,memory_working_set,whisper-stt,whisper-stt-847fd8d7b9-v2rs5,2026-08-02T10:14:01.927000Z,1785665641.927,3251126272.0,bytes,,,3251126272.0,3100.515625
whisper-stt,memory_working_set,whisper-stt,whisper-stt-847fd8d7b9-v2rs5,2026-08-02T11:14:01.927000Z,1785669241.927,3251122176.0,bytes,,,3251122176.0,3100.51171875
whisper-stt,memory_working_set,whisper-stt,whisper-stt-847fd8d7b9-v2rs5,2026-08-02T12:14:01.927000Z,1785672841.927,3251122176.0,bytes,,,3251122176.0,3100.51171875
whisper-stt,memory_working_set,whisper-stt,whisper-stt-847fd8d7b9-v2rs5,2026-08-02T13:14:01.927000Z,1785676441.927,3251126272.0,bytes,,,3251126272.0,3100.515625
whisper-stt,memory_working_set,whisper-stt,whisper-stt-847fd8d7b9-v2rs5,2026-08-02T14:14:01.927000Z,1785680041.927,3251126272.0,bytes,,,3251126272.0,3100.515625
whisper-stt,memory_working_set,whisper-stt,whisper-stt-847fd8d7b9-v2rs5,2026-08-02T15:14:01.927000Z,1785683641.927,3251126272.0,bytes,,,3251126272.0,3100.515625
whisper-stt,memory_working_set,whisper-stt,whisper-stt-847fd8d7b9-v2rs5,2026-08-02T16:14:01.927000Z,1785687241.927,3251126272.0,bytes,,,3251126272.0,3100.515625
whisper-stt,memory_working_set,whisper-stt,whisper-stt-847fd8d7b9-v2rs5,2026-08-02T17:14:01.927000Z,1785690841.927,3251126272.0,bytes,,,3251126272.0,3100.515625
whisper-stt,memory_working_set,whisper-stt,whisper-stt-847fd8d7b9-v2rs5,2026-08-02T18:14:01.927000Z,1785694441.927,3251122176.0,bytes,,,3251122176.0,3100.51171875
whisper-stt,memory_working_set,whisper-stt,whisper-stt-847fd8d7b9-v2rs5,2026-08-02T19:14:01.927000Z,1785698041.927,3251126272.0,bytes,,,3251126272.0,3100.515625
whisper-stt,memory_working_set,whisper-stt,whisper-stt-847fd8d7b9-v2rs5,2026-08-02T20:14:01.927000Z,1785701641.927,3251126272.0,bytes,,,3251126272.0,3100.515625
whisper-stt,memory_working_set,whisper-stt,whisper-stt-847fd8d7b9-v2rs5,2026-08-02T21:14:01.927000Z,1785705241.927,3251122176.0,bytes,,,3251122176.0,3100.51171875
whisper-stt,memory_working_set,whisper-stt,whisper-stt-847fd8d7b9-v2rs5,2026-08-02T22:14:01.927000Z,1785708841.927,3251126272.0,bytes,,,3251126272.0,3100.515625
whisper-stt,memory_working_set,whisper-stt,whisper-stt-847fd8d7b9-v2rs5,2026-08-02T23:14:01.927000Z,1785712441.927,3251126272.0,bytes,,,3251126272.0,3100.515625
whisper-stt,memory_working_set,whisper-stt,whisper-stt-847fd8d7b9-v2rs5,2026-08-03T00:14:01.927000Z,1785716041.927,3251126272.0,bytes,,,3251126272.0,3100.515625
whisper-stt,memory_working_set,whisper-stt,whisper-stt-847fd8d7b9-v2rs5,2026-08-03T01:14:01.927000Z,1785719641.927,3251126272.0,bytes,,,3251126272.0,3100.515625
whisper-stt,memory_working_set,whisper-stt,whisper-stt-847fd8d7b9-v2rs5,2026-08-03T02:14:01.927000Z,1785723241.927,3251126272.0,bytes,,,3251126272.0,3100.515625
whisper-stt,memory_working_set,whisper-stt,whisper-stt-847fd8d7b9-v2rs5,2026-08-03T03:14:01.927000Z,1785726841.927,3251122176.0,bytes,,,3251122176.0,3100.51171875
whisper-stt,memory_working_set,whisper-stt,whisper-stt-847fd8d7b9-v2rs5,2026-08-03T04:14:01.927000Z,1785730441.927,3251126272.0,bytes,,,3251126272.0,3100.515625
whisper-stt,memory_working_set,whisper-stt,whisper-stt-847fd8d7b9-v2rs5,2026-08-03T05:14:01.927000Z,1785734041.927,3251126272.0,bytes,,,3251126272.0,3100.515625
whisper-stt,memory_working_set,whisper-stt,whisper-stt-847fd8d7b9-v2rs5,2026-08-03T06:14:01.927000Z,1785737641.927,3251122176.0,bytes,,,3251122176.0,3100.51171875
whisper-stt,memory_working_set,whisper-stt,whisper-stt-847fd8d7b9-v2rs5,2026-08-03T07:14:01.927000Z,1785741241.927,3251122176.0,bytes,,,3251122176.0,3100.51171875
whisper-stt,memory_working_set,whisper-stt,whisper-stt-847fd8d7b9-v2rs5,2026-08-03T08:14:01.927000Z,1785744841.927,3251126272.0,bytes,,,3251126272.0,3100.515625
whisper-stt,memory_working_set,whisper-stt,whisper-stt-847fd8d7b9-v2rs5,2026-08-03T09:14:01.927000Z,1785748441.927,3251122176.0,bytes,,,3251122176.0,3100.51171875
whisper-stt,memory_working_set,whisper-stt,whisper-stt-847fd8d7b9-v2rs5,2026-08-03T10:14:01.927000Z,1785752041.927,3251126272.0,bytes,,,3251126272.0,3100.515625
whisper-stt,memory_working_set,whisper-stt,whisper-stt-847fd8d7b9-v2rs5,2026-08-03T11:14:01.927000Z,1785755641.927,3251126272.0,bytes,,,3251126272.0,3100.515625
whisper-stt,memory_working_set,whisper-stt,whisper-stt-847fd8d7b9-v2rs5,2026-08-03T12:14:01.927000Z,1785759241.927,3251122176.0,bytes,,,3251122176.0,3100.51171875
whisper-stt,memory_working_set,whisper-stt,whisper-stt-847fd8d7b9-v2rs5,2026-08-03T13:14:01.927000Z,1785762841.927,3251126272.0,bytes,,,3251126272.0,3100.515625
whisper-stt,memory_working_set,whisper-stt,whisper-stt-847fd8d7b9-v2rs5,2026-08-03T14:14:01.927000Z,1785766441.927,3251126272.0,bytes,,,3251126272.0,3100.515625
whisper-stt,memory_working_set,whisper-stt,whisper-stt-847fd8d7b9-v2rs5,2026-08-03T15:14:01.927000Z,1785770041.927,3251122176.0,bytes,,,3251122176.0,3100.51171875
whisper-stt,memory_working_set,whisper-stt,whisper-stt-847fd8d7b9-v2rs5,2026-08-03T16:14:01.927000Z,1785773641.927,3251126272.0,bytes,,,3251126272.0,3100.515625
whisper-stt,memory_working_set,whisper-stt,whisper-stt-847fd8d7b9-v2rs5,2026-08-03T17:14:01.927000Z,1785777241.927,3251126272.0,bytes,,,3251126272.0,3100.515625
whisper-stt,memory_working_set,whisper-stt,whisper-stt-847fd8d7b9-v2rs5,2026-08-03T18:14:01.927000Z,1785780841.927,3251126272.0,bytes,,,3251126272.0,3100.515625
whisper-stt,memory_working_set,whisper-stt,whisper-stt-847fd8d7b9-v2rs5,2026-08-03T19:14:01.927000Z,1785784441.927,3251138560.0,bytes,,,3251138560.0,3100.52734375
whisper-stt,memory_working_set,whisper-stt,whisper-stt-847fd8d7b9-v2rs5,2026-08-03T20:14:01.927000Z,1785788041.927,3251122176.0,bytes,,,3251122176.0,3100.51171875
whisper-stt,memory_working_set,whisper-stt,whisper-stt-847fd8d7b9-v2rs5,2026-08-03T21:14:01.927000Z,1785791641.927,3251126272.0,bytes,,,3251126272.0,3100.515625
whisper-stt,memory_working_set,whisper-stt,whisper-stt-847fd8d7b9-v2rs5,2026-08-03T22:14:01.927000Z,1785795241.927,3251396608.0,bytes,,,3251396608.0,3100.7734375
whisper-stt,memory_working_set,whisper-stt,whisper-stt-847fd8d7b9-v2rs5,2026-08-03T23:14:01.927000Z,1785798841.927,3251122176.0,bytes,,,3251122176.0,3100.51171875
whisper-stt,memory_working_set,whisper-stt,whisper-stt-847fd8d7b9-v2rs5,2026-08-04T00:14:01.927000Z,1785802441.927,3251126272.0,bytes,,,3251126272.0,3100.515625
whisper-stt,memory_working_set,whisper-stt,whisper-stt-847fd8d7b9-v2rs5,2026-08-04T01:14:01.927000Z,1785806041.927,3251126272.0,bytes,,,3251126272.0,3100.515625
whisper-stt,memory_working_set,whisper-stt,whisper-stt-847fd8d7b9-v2rs5,2026-08-04T02:14:01.927000Z,1785809641.927,3251122176.0,bytes,,,3251122176.0,3100.51171875
whisper-stt,memory_working_set,whisper-stt,whisper-stt-847fd8d7b9-v2rs5,2026-08-04T03:14:01.927000Z,1785813241.927,3251122176.0,bytes,,,3251122176.0,3100.51171875
whisper-stt,memory_working_set,whisper-stt,whisper-stt-847fd8d7b9-v2rs5,2026-08-04T04:14:01.927000Z,1785816841.927,3251126272.0,bytes,,,3251126272.0,3100.515625
whisper-stt,memory_working_set,whisper-stt,whisper-stt-847fd8d7b9-v2rs5,2026-08-04T05:14:01.927000Z,1785820441.927,3251122176.0,bytes,,,3251122176.0,3100.51171875
whisper-stt,memory_working_set,whisper-stt,whisper-stt-847fd8d7b9-v2rs5,2026-08-04T06:14:01.927000Z,1785824041.927,3251122176.0,bytes,,,3251122176.0,3100.51171875
whisper-stt,memory_working_set,whisper-stt,whisper-stt-847fd8d7b9-v2rs5,2026-08-04T07:14:01.927000Z,1785827641.927,3251126272.0,bytes,,,3251126272.0,3100.515625
whisper-stt,memory_working_set,whisper-stt,whisper-stt-847fd8d7b9-v2rs5,2026-08-04T08:14:01.927000Z,1785831241.927,3251126272.0,bytes,,,3251126272.0,3100.515625
whisper-stt,memory_working_set,whisper-stt,whisper-stt-847fd8d7b9-v2rs5,2026-08-04T09:14:01.927000Z,1785834841.927,3251122176.0,bytes,,,3251122176.0,3100.51171875
whisper-stt,memory_working_set,whisper-stt,whisper-stt-847fd8d7b9-v2rs5,2026-08-04T10:14:01.927000Z,1785838441.927,3251126272.0,bytes,,,3251126272.0,3100.515625
whisper-stt,memory_working_set,whisper-stt,whisper-stt-847fd8d7b9-v2rs5,2026-08-04T11:14:01.927000Z,1785842041.927,3251122176.0,bytes,,,3251122176.0,3100.51171875
whisper-stt,memory_working_set,whisper-stt,whisper-stt-847fd8d7b9-v2rs5,2026-08-04T12:14:01.927000Z,1785845641.927,3251126272.0,bytes,,,3251126272.0,3100.515625
whisper-stt,memory_working_set,whisper-stt,whisper-stt-847fd8d7b9-v2rs5,2026-08-04T13:14:01.927000Z,1785849241.927,3251122176.0,bytes,,,3251122176.0,3100.51171875
whisper-stt,memory_working_set,whisper-stt,whisper-stt-847fd8d7b9-v2rs5,2026-08-04T14:14:01.927000Z,1785852841.927,3251122176.0,bytes,,,3251122176.0,3100.51171875
whisper-stt,memory_working_set,whisper-stt,whisper-stt-847fd8d7b9-v2rs5,2026-08-04T15:14:01.927000Z,1785856441.927,3251122176.0,bytes,,,3251122176.0,3100.51171875
whisper-stt,memory_working_set,whisper-stt,whisper-stt-847fd8d7b9-v2rs5,2026-08-04T16:14:01.927000Z,1785860041.927,3251122176.0,bytes,,,3251122176.0,3100.51171875
whisper-stt,memory_working_set,whisper-stt,whisper-stt-847fd8d7b9-v2rs5,2026-08-04T17:14:01.927000Z,1785863641.927,3251126272.0,bytes,,,3251126272.0,3100.515625
whisper-stt,memory_working_set,whisper-stt,whisper-stt-847fd8d7b9-v2rs5,2026-08-04T18:14:01.927000Z,1785867241.927,3249106944.0,bytes,,,3249106944.0,3098.58984375
whisper-stt,memory_working_set,whisper-stt,whisper-stt-847fd8d7b9-v2rs5,2026-08-04T19:14:01.927000Z,1785870841.927,3249102848.0,bytes,,,3249102848.0,3098.5859375
whisper-stt,memory_working_set,whisper-stt,whisper-stt-847fd8d7b9-v2rs5,2026-08-04T20:14:01.927000Z,1785874441.927,3249070080.0,bytes,,,3249070080.0,3098.5546875
whisper-stt,memory_working_set,whisper-stt,whisper-stt-847fd8d7b9-v2rs5,2026-08-04T21:14:01.927000Z,1785878041.927,3249070080.0,bytes,,,3249070080.0,3098.5546875
whisper-stt,memory_working_set,whisper-stt,whisper-stt-847fd8d7b9-v2rs5,2026-08-04T22:14:01.927000Z,1785881641.927,3249070080.0,bytes,,,3249070080.0,3098.5546875
whisper-stt,memory_working_set,whisper-stt,whisper-stt-847fd8d7b9-v2rs5,2026-08-04T23:14:01.927000Z,1785885241.927,3249065984.0,bytes,,,3249065984.0,3098.55078125
whisper-stt,memory_working_set,whisper-stt,whisper-stt-847fd8d7b9-v2rs5,2026-08-05T00:14:01.927000Z,1785888841.927,3249065984.0,bytes,,,3249065984.0,3098.55078125
whisper-stt,memory_working_set,whisper-stt,whisper-stt-847fd8d7b9-v2rs5,2026-08-05T01:14:01.927000Z,1785892441.927,3249065984.0,bytes,,,3249065984.0,3098.55078125
whisper-stt,memory_working_set,whisper-stt,whisper-stt-847fd8d7b9-v2rs5,2026-08-05T02:14:01.927000Z,1785896041.927,3249070080.0,bytes,,,3249070080.0,3098.5546875
whisper-stt,memory_working_set,whisper-stt,whisper-stt-847fd8d7b9-v2rs5,2026-08-05T03:14:01.927000Z,1785899641.927,3249065984.0,bytes,,,3249065984.0,3098.55078125
whisper-stt,memory_working_set,whisper-stt,whisper-stt-847fd8d7b9-v2rs5,2026-08-05T04:14:01.927000Z,1785903241.927,3249065984.0,bytes,,,3249065984.0,3098.55078125
whisper-stt,memory_working_set,whisper-stt,whisper-stt-847fd8d7b9-v2rs5,2026-08-05T05:14:01.927000Z,1785906841.927,3249070080.0,bytes,,,3249070080.0,3098.5546875
whisper-stt,memory_working_set,whisper-stt,whisper-stt-847fd8d7b9-v2rs5,2026-08-05T06:14:01.927000Z,1785910441.927,3249070080.0,bytes,,,3249070080.0,3098.5546875
whisper-stt,memory_working_set,whisper-stt,whisper-stt-847fd8d7b9-v2rs5,2026-08-05T07:14:01.927000Z,1785914041.927,3249065984.0,bytes,,,3249065984.0,3098.55078125
whisper-stt,memory_working_set,whisper-stt,whisper-stt-847fd8d7b9-v2rs5,2026-08-05T08:14:01.927000Z,1785917641.927,3249065984.0,bytes,,,3249065984.0,3098.55078125
whisper-stt,memory_working_set,whisper-stt,whisper-stt-847fd8d7b9-v2rs5,2026-08-05T09:14:01.927000Z,1785921241.927,3249070080.0,bytes,,,3249070080.0,3098.5546875
whisper-stt,memory_working_set,whisper-stt,whisper-stt-847fd8d7b9-v2rs5,2026-08-05T10:14:01.927000Z,1785924841.927,3249070080.0,bytes,,,3249070080.0,3098.5546875
whisper-stt,memory_working_set,whisper-stt,whisper-stt-847fd8d7b9-v2rs5,2026-08-05T11:14:01.927000Z,1785928441.927,3249065984.0,bytes,,,3249065984.0,3098.55078125
whisper-stt,memory_working_set,whisper-stt,whisper-stt-847fd8d7b9-v2rs5,2026-08-05T12:14:01.927000Z,1785932041.927,3249065984.0,bytes,,,3249065984.0,3098.55078125
whisper-stt,memory_working_set,whisper-stt,whisper-stt-847fd8d7b9-v2rs5,2026-08-05T13:14:01.927000Z,1785935641.927,3248570368.0,bytes,,,3248570368.0,3098.078125
whisper-stt,memory_working_set,whisper-stt,whisper-stt-847fd8d7b9-v2rs5,2026-08-05T14:14:01.927000Z,1785939241.927,3248517120.0,bytes,,,3248517120.0,3098.02734375
whisper-stt,memory_working_set,whisper-stt,whisper-stt-847fd8d7b9-v2rs5,2026-08-05T15:14:01.927000Z,1785942841.927,3248496640.0,bytes,,,3248496640.0,3098.0078125
whisper-stt,memory_working_set,whisper-stt,whisper-stt-847fd8d7b9-v2rs5,2026-08-05T16:14:01.927000Z,1785946441.927,3248496640.0,bytes,,,3248496640.0,3098.0078125
whisper-stt,memory_working_set,whisper-stt,whisper-stt-847fd8d7b9-v2rs5,2026-08-05T17:14:01.927000Z,1785950041.927,3248476160.0,bytes,,,3248476160.0,3097.98828125
whisper-stt,memory_working_set,whisper-stt,whisper-stt-847fd8d7b9-v2rs5,2026-08-05T18:14:01.927000Z,1785953641.927,3248476160.0,bytes,,,3248476160.0,3097.98828125
whisper-stt,memory_working_set,whisper-stt,whisper-stt-847fd8d7b9-v2rs5,2026-08-05T19:14:01.927000Z,1785957241.927,3248414720.0,bytes,,,3248414720.0,3097.9296875
whisper-stt,memory_working_set,whisper-stt,whisper-stt-847fd8d7b9-v2rs5,2026-08-05T20:14:01.927000Z,1785960841.927,3288637440.0,bytes,,,3288637440.0,3136.2890625
whisper-stt,memory_working_set,whisper-stt,whisper-stt-847fd8d7b9-v2rs5,2026-08-05T21:14:01.927000Z,1785964441.927,3288637440.0,bytes,,,3288637440.0,3136.2890625
whisper-stt,memory_working_set,whisper-stt,whisper-stt-847fd8d7b9-v2rs5,2026-08-05T22:14:01.927000Z,1785968041.927,3288637440.0,bytes,,,3288637440.0,3136.2890625
whisper-stt,memory_working_set,whisper-stt,whisper-stt-847fd8d7b9-v2rs5,2026-08-05T23:14:01.927000Z,1785971641.927,3288641536.0,bytes,,,3288641536.0,3136.29296875
whisper-stt,memory_working_set,whisper-stt,whisper-stt-847fd8d7b9-v2rs5,2026-08-06T00:14:01.927000Z,1785975241.927,3287810048.0,bytes,,,3287810048.0,3135.5
whisper-stt,memory_working_set,whisper-stt,whisper-stt-847fd8d7b9-v2rs5,2026-08-06T01:14:01.927000Z,1785978841.927,3649413120.0,bytes,,,3649413120.0,3480.3515625
whisper-stt,memory_working_set,whisper-stt,whisper-stt-847fd8d7b9-v2rs5,2026-08-06T02:14:01.927000Z,1785982441.927,3289870336.0,bytes,,,3289870336.0,3137.46484375
whisper-stt,memory_working_set,whisper-stt,whisper-stt-847fd8d7b9-v2rs5,2026-08-06T03:14:01.927000Z,1785986041.927,3289870336.0,bytes,,,3289870336.0,3137.46484375
whisper-stt,memory_working_set,whisper-stt,whisper-stt-847fd8d7b9-v2rs5,2026-08-06T04:14:01.927000Z,1785989641.927,3289870336.0,bytes,,,3289870336.0,3137.46484375
whisper-stt,memory_working_set,whisper-stt,whisper-stt-847fd8d7b9-v2rs5,2026-08-06T05:14:01.927000Z,1785993241.927,3289870336.0,bytes,,,3289870336.0,3137.46484375
whisper-stt,memory_working_set,whisper-stt,whisper-stt-847fd8d7b9-v2rs5,2026-08-06T06:14:01.927000Z,1785996841.927,3289870336.0,bytes,,,3289870336.0,3137.46484375
whisper-stt,memory_working_set,whisper-stt,whisper-stt-847fd8d7b9-v2rs5,2026-08-06T07:14:01.927000Z,1786000441.927,3289866240.0,bytes,,,3289866240.0,3137.4609375
whisper-stt,memory_working_set,whisper-stt,whisper-stt-847fd8d7b9-v2rs5,2026-08-06T08:14:01.927000Z,1786004041.927,3289866240.0,bytes,,,3289866240.0,3137.4609375
whisper-stt,memory_working_set,whisper-stt,whisper-stt-847fd8d7b9-v2rs5,2026-08-06T09:14:01.927000Z,1786007641.927,3289866240.0,bytes,,,3289866240.0,3137.4609375
whisper-stt,memory_working_set,whisper-stt,whisper-stt-847fd8d7b9-v2rs5,2026-08-06T10:14:01.927000Z,1786011241.927,3289870336.0,bytes,,,3289870336.0,3137.46484375
whisper-stt,memory_working_set,whisper-stt,whisper-stt-847fd8d7b9-v2rs5,2026-08-06T11:14:01.927000Z,1786014841.927,3289870336.0,bytes,,,3289870336.0,3137.46484375
whisper-stt,memory_working_set,whisper-stt,whisper-stt-847fd8d7b9-v2rs5,2026-08-06T12:14:01.927000Z,1786018441.927,3289866240.0,bytes,,,3289866240.0,3137.4609375
whisper-stt,memory_working_set,whisper-stt,whisper-stt-847fd8d7b9-v2rs5,2026-08-06T13:14:01.927000Z,1786022041.927,3289870336.0,bytes,,,3289870336.0,3137.46484375
whisper-stt,memory_working_set,whisper-stt,whisper-stt-847fd8d7b9-v2rs5,2026-08-06T14:14:01.927000Z,1786025641.927,3289870336.0,bytes,,,3289870336.0,3137.46484375
whisper-stt,memory_working_set,whisper-stt,whisper-stt-847fd8d7b9-v2rs5,2026-08-06T15:14:01.927000Z,1786029241.927,3289870336.0,bytes,,,3289870336.0,3137.46484375
whisper-stt,memory_working_set,whisper-stt,whisper-stt-847fd8d7b9-v2rs5,2026-08-06T16:14:01.927000Z,1786032841.927,3289874432.0,bytes,,,3289874432.0,3137.46875
whisper-stt,memory_working_set,whisper-stt,whisper-stt-847fd8d7b9-v2rs5,2026-08-06T17:14:01.927000Z,1786036441.927,3289866240.0,bytes,,,3289866240.0,3137.4609375
whisper-stt,memory_working_set,whisper-stt,whisper-stt-847fd8d7b9-v2rs5,2026-08-06T18:14:01.927000Z,1786040041.927,3289870336.0,bytes,,,3289870336.0,3137.46484375
whisper-stt,memory_working_set,whisper-stt,whisper-stt-847fd8d7b9-v2rs5,2026-08-06T19:14:01.927000Z,1786043641.927,3289866240.0,bytes,,,3289866240.0,3137.4609375
whisper-stt,memory_working_set,whisper-stt,whisper-stt-847fd8d7b9-v2rs5,2026-08-06T20:14:01.927000Z,1786047241.927,3289866240.0,bytes,,,3289866240.0,3137.4609375
whisper-stt,memory_working_set,whisper-stt,whisper-stt-847fd8d7b9-v2rs5,2026-08-06T21:14:01.927000Z,1786050841.927,3289870336.0,bytes,,,3289870336.0,3137.46484375
whisper-stt,memory_working_set,whisper-stt,whisper-stt-847fd8d7b9-v2rs5,2026-08-06T22:14:01.927000Z,1786054441.927,3289866240.0,bytes,,,3289866240.0,3137.4609375
whisper-stt,memory_working_set,whisper-stt,whisper-stt-847fd8d7b9-v2rs5,2026-08-06T23:14:01.927000Z,1786058041.927,3289870336.0,bytes,,,3289870336.0,3137.46484375
whisper-stt,memory_working_set,whisper-stt,whisper-stt-847fd8d7b9-v2rs5,2026-08-07T00:14:01.927000Z,1786061641.927,3289866240.0,bytes,,,3289866240.0,3137.4609375
whisper-stt,memory_working_set,whisper-stt,whisper-stt-847fd8d7b9-v2rs5,2026-08-07T01:14:01.927000Z,1786065241.927,3289870336.0,bytes,,,3289870336.0,3137.46484375
whisper-stt,memory_working_set,whisper-stt,whisper-stt-847fd8d7b9-v2rs5,2026-08-07T02:14:01.927000Z,1786068841.927,3290636288.0,bytes,,,3290636288.0,3138.1953125
whisper-stt,memory_working_set,whisper-stt,whisper-stt-847fd8d7b9-v2rs5,2026-08-07T03:14:01.927000Z,1786072441.927,3290636288.0,bytes,,,3290636288.0,3138.1953125
whisper-stt,memory_working_set,whisper-stt,whisper-stt-847fd8d7b9-v2rs5,2026-08-07T04:14:01.927000Z,1786076041.927,3290644480.0,bytes,,,3290644480.0,3138.203125
whisper-stt,memory_working_set,whisper-stt,whisper-stt-847fd8d7b9-v2rs5,2026-08-07T05:14:01.927000Z,1786079641.927,3290648576.0,bytes,,,3290648576.0,3138.20703125
whisper-stt,memory_working_set,whisper-stt,whisper-stt-847fd8d7b9-v2rs5,2026-08-07T06:14:01.927000Z,1786083241.927,3290652672.0,bytes,,,3290652672.0,3138.2109375
whisper-stt,memory_working_set,whisper-stt,whisper-stt-847fd8d7b9-v2rs5,2026-08-07T07:14:01.927000Z,1786086841.927,3290652672.0,bytes,,,3290652672.0,3138.2109375
whisper-stt,memory_working_set,whisper-stt,whisper-stt-847fd8d7b9-v2rs5,2026-08-07T08:14:01.927000Z,1786090441.927,3290652672.0,bytes,,,3290652672.0,3138.2109375
whisper-stt,memory_working_set,whisper-stt,whisper-stt-847fd8d7b9-v2rs5,2026-08-07T09:14:01.927000Z,1786094041.927,3290648576.0,bytes,,,3290648576.0,3138.20703125
whisper-stt,memory_working_set,whisper-stt,whisper-stt-847fd8d7b9-v2rs5,2026-08-07T10:14:01.927000Z,1786097641.927,3290652672.0,bytes,,,3290652672.0,3138.2109375
whisper-stt,memory_working_set,whisper-stt,whisper-stt-847fd8d7b9-v2rs5,2026-08-07T11:14:01.927000Z,1786101241.927,3290648576.0,bytes,,,3290648576.0,3138.20703125
whisper-stt,memory_working_set,whisper-stt,whisper-stt-847fd8d7b9-v2rs5,2026-08-07T12:14:01.927000Z,1786104841.927,3290652672.0,bytes,,,3290652672.0,3138.2109375
whisper-stt,memory_working_set,whisper-stt,whisper-stt-847fd8d7b9-v2rs5,2026-08-07T13:14:01.927000Z,1786108441.927,3290648576.0,bytes,,,3290648576.0,3138.20703125
whisper-stt,memory_working_set,whisper-stt,whisper-stt-847fd8d7b9-v2rs5,2026-08-07T14:14:01.927000Z,1786112041.927,3290652672.0,bytes,,,3290652672.0,3138.2109375
whisper-stt,memory_working_set,whisper-stt,whisper-stt-847fd8d7b9-v2rs5,2026-08-07T15:14:01.927000Z,1786115641.927,3290652672.0,bytes,,,3290652672.0,3138.2109375
whisper-stt,memory_working_set,whisper-stt,whisper-stt-847fd8d7b9-v2rs5,2026-08-07T16:14:01.927000Z,1786119241.927,3619762176.0,bytes,,,3619762176.0,3452.07421875
whisper-stt,memory_working_set,whisper-stt,whisper-stt-847fd8d7b9-v2rs5,2026-08-07T17:14:01.927000Z,1786122841.927,3294138368.0,bytes,,,3294138368.0,3141.53515625
whisper-stt,memory_working_set,whisper-stt,whisper-stt-847fd8d7b9-v2rs5,2026-08-07T18:14:01.927000Z,1786126441.927,3294048256.0,bytes,,,3294048256.0,3141.44921875
whisper-stt,memory_working_set,whisper-stt,whisper-stt-847fd8d7b9-v2rs5,2026-08-07T19:14:01.927000Z,1786130041.927,3294052352.0,bytes,,,3294052352.0,3141.453125
whisper-stt,memory_working_set,whisper-stt,whisper-stt-847fd8d7b9-v2rs5,2026-08-07T20:14:01.927000Z,1786133641.927,3294040064.0,bytes,,,3294040064.0,3141.44140625
whisper-stt,memory_working_set,whisper-stt,whisper-stt-847fd8d7b9-v2rs5,2026-08-07T21:14:01.927000Z,1786137241.927,3292712960.0,bytes,,,3292712960.0,3140.17578125
whisper-stt,memory_working_set,whisper-stt,whisper-stt-847fd8d7b9-v2rs5,2026-08-07T22:14:01.927000Z,1786140841.927,3292717056.0,bytes,,,3292717056.0,3140.1796875
whisper-stt,memory_working_set,whisper-stt,whisper-stt-847fd8d7b9-v2rs5,2026-08-07T23:14:01.927000Z,1786144441.927,3292700672.0,bytes,,,3292700672.0,3140.1640625
whisper-stt,memory_working_set,whisper-stt,whisper-stt-847fd8d7b9-v2rs5,2026-08-08T00:14:01.927000Z,1786148041.927,3292700672.0,bytes,,,3292700672.0,3140.1640625
whisper-stt,memory_working_set,whisper-stt,whisper-stt-847fd8d7b9-v2rs5,2026-08-08T01:14:01.927000Z,1786151641.927,3292700672.0,bytes,,,3292700672.0,3140.1640625
whisper-stt,memory_working_set,whisper-stt,whisper-stt-847fd8d7b9-v2rs5,2026-08-08T02:14:01.927000Z,1786155241.927,3292700672.0,bytes,,,3292700672.0,3140.1640625
whisper-stt,memory_working_set,whisper-stt,whisper-stt-847fd8d7b9-v2rs5,2026-08-08T03:14:01.927000Z,1786158841.927,3292479488.0,bytes,,,3292479488.0,3139.953125
whisper-stt,memory_working_set,whisper-stt,whisper-stt-847fd8d7b9-v2rs5,2026-08-08T04:14:01.927000Z,1786162441.927,3292479488.0,bytes,,,3292479488.0,3139.953125
whisper-stt,memory_working_set,whisper-stt,whisper-stt-847fd8d7b9-v2rs5,2026-08-08T05:14:01.927000Z,1786166041.927,3292479488.0,bytes,,,3292479488.0,3139.953125
whisper-stt,memory_working_set,whisper-stt,whisper-stt-847fd8d7b9-v2rs5,2026-08-08T06:14:01.927000Z,1786169641.927,3292483584.0,bytes,,,3292483584.0,3139.95703125
whisper-stt,memory_working_set,whisper-stt,whisper-stt-847fd8d7b9-v2rs5,2026-08-08T07:14:01.927000Z,1786173241.927,3292479488.0,bytes,,,3292479488.0,3139.953125
whisper-stt,memory_working_set,whisper-stt,whisper-stt-847fd8d7b9-v2rs5,2026-08-08T08:14:01.927000Z,1786176841.927,3292479488.0,bytes,,,3292479488.0,3139.953125
whisper-stt,memory_working_set,whisper-stt,whisper-stt-847fd8d7b9-v2rs5,2026-08-08T09:14:01.927000Z,1786180441.927,3292479488.0,bytes,,,3292479488.0,3139.953125
whisper-stt,memory_working_set,whisper-stt,whisper-stt-847fd8d7b9-v2rs5,2026-08-08T10:14:01.927000Z,1786184041.927,3292479488.0,bytes,,,3292479488.0,3139.953125
whisper-stt,memory_working_set,whisper-stt,whisper-stt-847fd8d7b9-v2rs5,2026-08-08T11:14:01.927000Z,1786187641.927,3292483584.0,bytes,,,3292483584.0,3139.95703125
whisper-stt,memory_working_set,whisper-stt,whisper-stt-847fd8d7b9-v2rs5,2026-08-08T12:14:01.927000Z,1786191241.927,3292479488.0,bytes,,,3292479488.0,3139.953125
whisper-stt,memory_working_set,whisper-stt,whisper-stt-847fd8d7b9-v2rs5,2026-08-08T13:14:01.927000Z,1786194841.927,3292467200.0,bytes,,,3292467200.0,3139.94140625
whisper-stt,memory_working_set,whisper-stt,whisper-stt-847fd8d7b9-v2rs5,2026-08-08T14:14:01.927000Z,1786198441.927,3292471296.0,bytes,,,3292471296.0,3139.9453125
whisper-stt,memory_working_set,whisper-stt,whisper-stt-847fd8d7b9-v2rs5,2026-08-08T15:14:01.927000Z,1786202041.927,3292467200.0,bytes,,,3292467200.0,3139.94140625
whisper-stt,memory_working_set,whisper-stt,whisper-stt-847fd8d7b9-v2rs5,2026-08-08T16:14:01.927000Z,1786205641.927,3292729344.0,bytes,,,3292729344.0,3140.19140625
whisper-stt,memory_working_set,whisper-stt,whisper-stt-847fd8d7b9-v2rs5,2026-08-08T17:14:01.927000Z,1786209241.927,3292340224.0,bytes,,,3292340224.0,3139.8203125
whisper-stt,memory_working_set,whisper-stt,whisper-stt-847fd8d7b9-v2rs5,2026-08-08T18:14:01.927000Z,1786212841.927,3292340224.0,bytes,,,3292340224.0,3139.8203125
whisper-stt,memory_working_set,whisper-stt,whisper-stt-847fd8d7b9-v2rs5,2026-08-08T19:14:01.927000Z,1786216441.927,3292246016.0,bytes,,,3292246016.0,3139.73046875
