🧪 Running test suite 5 time(s)
📅 Started at: 2026-08-07 09:11:10
============================================================

🔄 Run 1/5

==================================== ERRORS ====================================
[31m[1m_____________ ERROR collecting tests/e2e/test_canvas_navigation.py _____________[0m
[31mImportError while importing test module '/home/coding/aide-de-camp/tests/e2e/test_canvas_navigation.py'.
Hint: make sure your test modules/packages have valid Python names.
Traceback:
/usr/lib/python3.13/importlib/__init__.py:88: in import_module
    return _bootstrap._gcd_import(name[level:], package, level)
           ^^^^^^^^^^^^^^^^^^^^^^^^^^^^^^^^^^^^^^^^^^^^^^^^^^^^
tests/e2e/test_canvas_navigation.py:9: in <module>
    from playwright.async_api import Page, TimeoutError
E   ModuleNotFoundError: No module named 'playwright'[0m
[31m[1m____________ ERROR collecting tests/test_ambient_fetch_and_diff.py _____________[0m
[1m[31mtests/test_ambient_fetch_and_diff.py[0m:44: in <module>
    [0m[37m@pytest[39;49;00m.fixture[90m[39;49;00m
     ^^^^^^^^^^^^^^[90m[39;49;00m
[1m[31m.venv/lib/python3.13/site-packages/_pytest/fixtures.py[0m:1528: in fixture
    [0m[94mreturn[39;49;00m fixture_marker(fixture_function)[90m[39;49;00m
           ^^^^^^^^^^^^^^^^^^^^^^^^^^^^^^^^[90m[39;49;00m
[1m[31m.venv/lib/python3.13/site-packages/_pytest/fixtures.py[0m:1365: in __call__
    [0mfail([90m[39;49;00m
[1m[31mE   Failed: Marks cannot be applied to fixtures.[0m
[1m[31mE   See docs: https://docs.pytest.org/en/stable/deprecations.html#applying-a-mark-to-a-fixture-function[0m
[31m[1m______________ ERROR collecting tests/test_ambient_rule_engine.py ______________[0m
[31m.venv/lib/python3.13/site-packages/_pytest/python.py:508: in importtestmodule
    mod = import_path(
.venv/lib/python3.13/site-packages/_pytest/pathlib.py:596: in import_path
    importlib.import_module(module_name)
/usr/lib/python3.13/importlib/__init__.py:88: in import_module
    return _bootstrap._gcd_import(name[level:], package, level)
           ^^^^^^^^^^^^^^^^^^^^^^^^^^^^^^^^^^^^^^^^^^^^^^^^^^^^
<frozen importlib._bootstrap>:1387: in _gcd_import
    ???
<frozen importlib._bootstrap>:1360: in _find_and_load
    ???
<frozen importlib._bootstrap>:1331: in _find_and_load_unlocked
    ???
<frozen importlib._bootstrap>:935: in _load_unlocked
    ???
.venv/lib/python3.13/site-packages/_pytest/assertion/rewrite.py:179: in exec_module
    source_stat, co = _rewrite_test(fn, self.config)
                      ^^^^^^^^^^^^^^^^^^^^^^^^^^^^^^
.venv/lib/python3.13/site-packages/_pytest/assertion/rewrite.py:348: in _rewrite_test
    tree = ast.parse(source, filename=strfn)
           ^^^^^^^^^^^^^^^^^^^^^^^^^^^^^^^^^
/usr/lib/python3.13/ast.py:50: in parse
    return compile(source, filename, mode, flags,
E     File "/home/coding/aide-de-camp/tests/test_ambient_rule_engine.py", line 28
E       s = SessionStore(db_path)
E   IndentationError: unexpected indent[0m
[31m[1m__________ ERROR collecting tests/test_backend_stuck_failed_cards.py ___________[0m
[1m[31mtests/test_backend_stuck_failed_cards.py[0m:44: in <module>
    [0m[37m@pytest[39;49;00m.fixture[90m[39;49;00m
     ^^^^^^^^^^^^^^[90m[39;49;00m
[1m[31m.venv/lib/python3.13/site-packages/_pytest/fixtures.py[0m:1528: in fixture
    [0m[94mreturn[39;49;00m fixture_marker(fixture_function)[90m[39;49;00m
           ^^^^^^^^^^^^^^^^^^^^^^^^^^^^^^^^[90m[39;49;00m
[1m[31m.venv/lib/python3.13/site-packages/_pytest/fixtures.py[0m:1357: in __call__
    [0m[94mraise[39;49;00m [96mValueError[39;49;00m([33m"[39;49;00m[33mclass fixtures not supported (maybe in the future)[39;49;00m[33m"[39;49;00m)[90m[39;49;00m
[1m[31mE   ValueError: class fixtures not supported (maybe in the future)[0m
[31m[1m___________ ERROR collecting tests/test_bead_watcher_integration.py ____________[0m
[1m[31mtests/test_bead_watcher_integration.py[0m:33: in <module>
    [0m[37m@pytest[39;49;00m.fixture[90m[39;49;00m
     ^^^^^^^^^^^^^^[90m[39;49;00m
[1m[31m.venv/lib/python3.13/site-packages/_pytest/fixtures.py[0m:1528: in fixture
    [0m[94mreturn[39;49;00m fixture_marker(fixture_function)[90m[39;49;00m
           ^^^^^^^^^^^^^^^^^^^^^^^^^^^^^^^^[90m[39;49;00m
[1m[31m.venv/lib/python3.13/site-packages/_pytest/fixtures.py[0m:1365: in __call__
    [0mfail([90m[39;49;00m
[1m[31mE   Failed: Marks cannot be applied to fixtures.[0m
[1m[31mE   See docs: https://docs.pytest.org/en/stable/deprecations.html#applying-a-mark-to-a-fixture-function[0m
[31m[1m____________ ERROR collecting tests/test_canvas_component_cards.py _____________[0m
[31mImportError while importing test module '/home/coding/aide-de-camp/tests/test_canvas_component_cards.py'.
Hint: make sure your test modules/packages have valid Python names.
Traceback:
/usr/lib/python3.13/importlib/__init__.py:88: in import_module
    return _bootstrap._gcd_import(name[level:], package, level)
           ^^^^^^^^^^^^^^^^^^^^^^^^^^^^^^^^^^^^^^^^^^^^^^^^^^^^
tests/test_canvas_component_cards.py:24: in <module>
    from tests.e2e.canvas_render import node_available, render_component_card, render_component_cards
E   ImportError: cannot import name 'render_component_card' from 'tests.e2e.canvas_render' (/home/coding/aide-de-camp/tests/e2e/canvas_render.py)[0m
[31m[1m__________________ ERROR collecting tests/test_card_cache.py ___________________[0m
[1m[31mtests/test_card_cache.py[0m:22: in <module>
    [0m[37m@pytest[39;49;00m.fixture(scope=[33m"[39;49;00m[33mfunction[39;49;00m[33m"[39;49;00m)[90m[39;49;00m
     ^^^^^^^^^^^^^^^^^^^^^^^^^^^^^^^^[90m[39;49;00m
[1m[31m.venv/lib/python3.13/site-packages/_pytest/fixtures.py[0m:1357: in __call__
    [0m[94mraise[39;49;00m [96mValueError[39;49;00m([33m"[39;49;00m[33mclass fixtures not supported (maybe in the future)[39;49;00m[33m"[39;49;00m)[90m[39;49;00m
[1m[31mE   ValueError: class fixtures not supported (maybe in the future)[0m
[31m[1m________ ERROR collecting tests/test_card_dismissal_db_verification.py _________[0m
[31m.venv/lib/python3.13/site-packages/_pytest/python.py:508: in importtestmodule
    mod = import_path(
.venv/lib/python3.13/site-packages/_pytest/pathlib.py:596: in import_path
    importlib.import_module(module_name)
/usr/lib/python3.13/importlib/__init__.py:88: in import_module
    return _bootstrap._gcd_import(name[level:], package, level)
           ^^^^^^^^^^^^^^^^^^^^^^^^^^^^^^^^^^^^^^^^^^^^^^^^^^^^
<frozen importlib._bootstrap>:1387: in _gcd_import
    ???
<frozen importlib._bootstrap>:1360: in _find_and_load
    ???
<frozen importlib._bootstrap>:1331: in _find_and_load_unlocked
    ???
<frozen importlib._bootstrap>:935: in _load_unlocked
    ???
.venv/lib/python3.13/site-packages/_pytest/assertion/rewrite.py:188: in exec_module
    exec(co, module.__dict__)
tests/test_card_dismissal_db_verification.py:21: in <module>
    from tests.card_dismissal_helpers import (
E     File "/home/coding/aide-de-camp/tests/card_dismissal_helpers.py", line 39
E       async def create_test_session(test_db_store | None = None, tmp_path: Path | None = None) -> tuple[SessionStore, str]:
E                                                   ^
E   SyntaxError: invalid syntax[0m
[31m[1m____________ ERROR collecting tests/test_card_dismissal_helpers.py _____________[0m
[31m.venv/lib/python3.13/site-packages/_pytest/python.py:508: in importtestmodule
    mod = import_path(
.venv/lib/python3.13/site-packages/_pytest/pathlib.py:596: in import_path
    importlib.import_module(module_name)
/usr/lib/python3.13/importlib/__init__.py:88: in import_module
    return _bootstrap._gcd_import(name[level:], package, level)
           ^^^^^^^^^^^^^^^^^^^^^^^^^^^^^^^^^^^^^^^^^^^^^^^^^^^^
<frozen importlib._bootstrap>:1387: in _gcd_import
    ???
<frozen importlib._bootstrap>:1360: in _find_and_load
    ???
<frozen importlib._bootstrap>:1331: in _find_and_load_unlocked
    ???
<frozen importlib._bootstrap>:935: in _load_unlocked
    ???
.venv/lib/python3.13/site-packages/_pytest/assertion/rewrite.py:188: in exec_module
    exec(co, module.__dict__)
tests/test_card_dismissal_helpers.py:9: in <module>
    from tests.card_dismissal_helpers import (
E     File "/home/coding/aide-de-camp/tests/card_dismissal_helpers.py", line 39
E       async def create_test_session(test_db_store | None = None, tmp_path: Path | None = None) -> tuple[SessionStore, str]:
E                                                   ^
E   SyntaxError: invalid syntax[0m
[31m[1m________________ ERROR collecting tests/test_circuit_breaker.py ________________[0m
[31m.venv/lib/python3.13/site-packages/_pytest/python.py:508: in importtestmodule
    mod = import_path(
.venv/lib/python3.13/site-packages/_pytest/pathlib.py:596: in import_path
    importlib.import_module(module_name)
/usr/lib/python3.13/importlib/__init__.py:88: in import_module
    return _bootstrap._gcd_import(name[level:], package, level)
           ^^^^^^^^^^^^^^^^^^^^^^^^^^^^^^^^^^^^^^^^^^^^^^^^^^^^
<frozen importlib._bootstrap>:1387: in _gcd_import
    ???
<frozen importlib._bootstrap>:1360: in _find_and_load
    ???
<frozen importlib._bootstrap>:1331: in _find_and_load_unlocked
    ???
<frozen importlib._bootstrap>:935: in _load_unlocked
    ???
.venv/lib/python3.13/site-packages/_pytest/assertion/rewrite.py:179: in exec_module
    source_stat, co = _rewrite_test(fn, self.config)
                      ^^^^^^^^^^^^^^^^^^^^^^^^^^^^^^
.venv/lib/python3.13/site-packages/_pytest/assertion/rewrite.py:348: in _rewrite_test
    tree = ast.parse(source, filename=strfn)
           ^^^^^^^^^^^^^^^^^^^^^^^^^^^^^^^^^
/usr/lib/python3.13/ast.py:50: in parse
    return compile(source, filename, mode, flags,
E     File "/home/coding/aide-de-camp/tests/test_circuit_breaker.py", line 42
E       with tempfile.NamedTemporaryFile(suffix=".db", delete=False) as f:
E   IndentationError: unexpected indent[0m
[31m[1m______________ ERROR collecting tests/test_client_timings_api.py _______________[0m
[1m[31mtests/test_client_timings_api.py[0m:30: in <module>
    [0m[37m@pytest[39;49;00m.fixture[90m[39;49;00m
     ^^^^^^^^^^^^^^[90m[39;49;00m
[1m[31m.venv/lib/python3.13/site-packages/_pytest/fixtures.py[0m:1528: in fixture
    [0m[94mreturn[39;49;00m fixture_marker(fixture_function)[90m[39;49;00m
           ^^^^^^^^^^^^^^^^^^^^^^^^^^^^^^^^[90m[39;49;00m
[1m[31m.venv/lib/python3.13/site-packages/_pytest/fixtures.py[0m:1357: in __call__
    [0m[94mraise[39;49;00m [96mValueError[39;49;00m([33m"[39;49;00m[33mclass fixtures not supported (maybe in the future)[39;49;00m[33m"[39;49;00m)[90m[39;49;00m
[1m[31mE   ValueError: class fixtures not supported (maybe in the future)[0m
[31m[1m_______ ERROR collecting tests/test_comprehensive_stuck_failed_flows.py ________[0m
[1m[31mtests/test_comprehensive_stuck_failed_flows.py[0m:46: in <module>
    [0m[37m@pytest[39;49;00m.fixture[90m[39;49;00m
     ^^^^^^^^^^^^^^[90m[39;49;00m
[1m[31m.venv/lib/python3.13/site-packages/_pytest/fixtures.py[0m:1528: in fixture
    [0m[94mreturn[39;49;00m fixture_marker(fixture_function)[90m[39;49;00m
           ^^^^^^^^^^^^^^^^^^^^^^^^^^^^^^^^[90m[39;49;00m
[1m[31m.venv/lib/python3.13/site-packages/_pytest/fixtures.py[0m:1357: in __call__
    [0m[94mraise[39;49;00m [96mValueError[39;49;00m([33m"[39;49;00m[33mclass fixtures not supported (maybe in the future)[39;49;00m[33m"[39;49;00m)[90m[39;49;00m
[1m[31mE   ValueError: class fixtures not supported (maybe in the future)[0m
[31m[1m________ ERROR collecting tests/test_degraded_state_server_behavior.py _________[0m
[31m.venv/lib/python3.13/site-packages/_pytest/python.py:508: in importtestmodule
    mod = import_path(
.venv/lib/python3.13/site-packages/_pytest/pathlib.py:596: in import_path
    importlib.import_module(module_name)
/usr/lib/python3.13/importlib/__init__.py:88: in import_module
    return _bootstrap._gcd_import(name[level:], package, level)
           ^^^^^^^^^^^^^^^^^^^^^^^^^^^^^^^^^^^^^^^^^^^^^^^^^^^^
<frozen importlib._bootstrap>:1387: in _gcd_import
    ???
<frozen importlib._bootstrap>:1360: in _find_and_load
    ???
<frozen importlib._bootstrap>:1331: in _find_and_load_unlocked
    ???
<frozen importlib._bootstrap>:935: in _load_unlocked
    ???
.venv/lib/python3.13/site-packages/_pytest/assertion/rewrite.py:179: in exec_module
    source_stat, co = _rewrite_test(fn, self.config)
                      ^^^^^^^^^^^^^^^^^^^^^^^^^^^^^^
.venv/lib/python3.13/site-packages/_pytest/assertion/rewrite.py:348: in _rewrite_test
    tree = ast.parse(source, filename=strfn)
           ^^^^^^^^^^^^^^^^^^^^^^^^^^^^^^^^^
/usr/lib/python3.13/ast.py:50: in parse
    return compile(source, filename, mode, flags,
E     File "/home/coding/aide-de-camp/tests/test_degraded_state_server_behavior.py", line 53
E       return FetchResult(
E   IndentationError: unexpected indent[0m
[31m[1m___________ ERROR collecting tests/test_dispatch_instrumentation.py ____________[0m
[31m.venv/lib/python3.13/site-packages/_pytest/python.py:508: in importtestmodule
    mod = import_path(
.venv/lib/python3.13/site-packages/_pytest/pathlib.py:596: in import_path
    importlib.import_module(module_name)
/usr/lib/python3.13/importlib/__init__.py:88: in import_module
    return _bootstrap._gcd_import(name[level:], package, level)
           ^^^^^^^^^^^^^^^^^^^^^^^^^^^^^^^^^^^^^^^^^^^^^^^^^^^^
<frozen importlib._bootstrap>:1387: in _gcd_import
    ???
<frozen importlib._bootstrap>:1360: in _find_and_load
    ???
<frozen importlib._bootstrap>:1331: in _find_and_load_unlocked
    ???
<frozen importlib._bootstrap>:935: in _load_unlocked
    ???
.venv/lib/python3.13/site-packages/_pytest/assertion/rewrite.py:179: in exec_module
    source_stat, co = _rewrite_test(fn, self.config)
                      ^^^^^^^^^^^^^^^^^^^^^^^^^^^^^^
.venv/lib/python3.13/site-packages/_pytest/assertion/rewrite.py:348: in _rewrite_test
    tree = ast.parse(source, filename=strfn)
           ^^^^^^^^^^^^^^^^^^^^^^^^^^^^^^^^^
/usr/lib/python3.13/ast.py:50: in parse
    return compile(source, filename, mode, flags,
E     File "/home/coding/aide-de-camp/tests/test_dispatch_instrumentation.py", line 52
E       Returns a callable that advances 100ms (0.1s) per call.
E   IndentationError: unexpected indent[0m
[31m[1m_______________ ERROR collecting tests/test_dispatch_timings.py ________________[0m
[1m[31mtests/test_dispatch_timings.py[0m:39: in <module>
    [0m[37m@pytest[39;49;00m.fixture[90m[39;49;00m
     ^^^^^^^^^^^^^^[90m[39;49;00m
[1m[31m.venv/lib/python3.13/site-packages/_pytest/fixtures.py[0m:1528: in fixture
    [0m[94mreturn[39;49;00m fixture_marker(fixture_function)[90m[39;49;00m
           ^^^^^^^^^^^^^^^^^^^^^^^^^^^^^^^^[90m[39;49;00m
[1m[31m.venv/lib/python3.13/site-packages/_pytest/fixtures.py[0m:1357: in __call__
    [0m[94mraise[39;49;00m [96mValueError[39;49;00m([33m"[39;49;00m[33mclass fixtures not supported (maybe in the future)[39;49;00m[33m"[39;49;00m)[90m[39;49;00m
[1m[31mE   ValueError: class fixtures not supported (maybe in the future)[0m
[31m[1m_____________ ERROR collecting tests/test_dispatch_timings_e2e.py ______________[0m
[1m[31mtests/test_dispatch_timings_e2e.py[0m:28: in <module>
    [0m[37m@pytest[39;49;00m.fixture[90m[39;49;00m
     ^^^^^^^^^^^^^^[90m[39;49;00m
[1m[31m.venv/lib/python3.13/site-packages/_pytest/fixtures.py[0m:1528: in fixture
    [0m[94mreturn[39;49;00m fixture_marker(fixture_function)[90m[39;49;00m
           ^^^^^^^^^^^^^^^^^^^^^^^^^^^^^^^^[90m[39;49;00m
[1m[31m.venv/lib/python3.13/site-packages/_pytest/fixtures.py[0m:1357: in __call__
    [0m[94mraise[39;49;00m [96mValueError[39;49;00m([33m"[39;49;00m[33mclass fixtures not supported (maybe in the future)[39;49;00m[33m"[39;49;00m)[90m[39;49;00m
[1m[31mE   ValueError: class fixtures not supported (maybe in the future)[0m
[31m[1m_______ ERROR collecting tests/test_e2e_dispatch_timing_verification.py ________[0m
[1m[31mtests/test_e2e_dispatch_timing_verification.py[0m:41: in <module>
    [0m[37m@pytest[39;49;00m.fixture[90m[39;49;00m
     ^^^^^^^^^^^^^^[90m[39;49;00m
[1m[31m.venv/lib/python3.13/site-packages/_pytest/fixtures.py[0m:1528: in fixture
    [0m[94mreturn[39;49;00m fixture_marker(fixture_function)[90m[39;49;00m
           ^^^^^^^^^^^^^^^^^^^^^^^^^^^^^^^^[90m[39;49;00m
[1m[31m.venv/lib/python3.13/site-packages/_pytest/fixtures.py[0m:1357: in __call__
    [0m[94mraise[39;49;00m [96mValueError[39;49;00m([33m"[39;49;00m[33mclass fixtures not supported (maybe in the future)[39;49;00m[33m"[39;49;00m)[90m[39;49;00m
[1m[31mE   ValueError: class fixtures not supported (maybe in the future)[0m
[31m[1m_______ ERROR collecting tests/test_escalate_handler_stuck_scenarios.py ________[0m
[1m[31mtests/test_escalate_handler_stuck_scenarios.py[0m:40: in <module>
    [0m[37m@pytest[39;49;00m.fixture[90m[39;49;00m
     ^^^^^^^^^^^^^^[90m[39;49;00m
[1m[31m.venv/lib/python3.13/site-packages/_pytest/fixtures.py[0m:1528: in fixture
    [0m[94mreturn[39;49;00m fixture_marker(fixture_function)[90m[39;49;00m
           ^^^^^^^^^^^^^^^^^^^^^^^^^^^^^^^^[90m[39;49;00m
[1m[31m.venv/lib/python3.13/site-packages/_pytest/fixtures.py[0m:1357: in __call__
    [0m[94mraise[39;49;00m [96mValueError[39;49;00m([33m"[39;49;00m[33mclass fixtures not supported (maybe in the future)[39;49;00m[33m"[39;49;00m)[90m[39;49;00m
[1m[31mE   ValueError: class fixtures not supported (maybe in the future)[0m
[31m[1m_____________ ERROR collecting tests/test_escalate_stuck_intent.py _____________[0m
[1m[31mtests/test_escalate_stuck_intent.py[0m:45: in <module>
    [0m[37m@pytest[39;49;00m.fixture[90m[39;49;00m
     ^^^^^^^^^^^^^^[90m[39;49;00m
[1m[31m.venv/lib/python3.13/site-packages/_pytest/fixtures.py[0m:1528: in fixture
    [0m[94mreturn[39;49;00m fixture_marker(fixture_function)[90m[39;49;00m
           ^^^^^^^^^^^^^^^^^^^^^^^^^^^^^^^^[90m[39;49;00m
[1m[31m.venv/lib/python3.13/site-packages/_pytest/fixtures.py[0m:1357: in __call__
    [0m[94mraise[39;49;00m [96mValueError[39;49;00m([33m"[39;49;00m[33mclass fixtures not supported (maybe in the future)[39;49;00m[33m"[39;49;00m)[90m[39;49;00m
[1m[31mE   ValueError: class fixtures not supported (maybe in the future)[0m
[31m[1m____________ ERROR collecting tests/test_failed_card_integration.py ____________[0m
[1m[31mtests/test_failed_card_integration.py[0m:32: in <module>
    [0m[37m@pytest[39;49;00m.fixture[90m[39;49;00m
     ^^^^^^^^^^^^^^[90m[39;49;00m
[1m[31m.venv/lib/python3.13/site-packages/_pytest/fixtures.py[0m:1528: in fixture
    [0m[94mreturn[39;49;00m fixture_marker(fixture_function)[90m[39;49;00m
           ^^^^^^^^^^^^^^^^^^^^^^^^^^^^^^^^[90m[39;49;00m
[1m[31m.venv/lib/python3.13/site-packages/_pytest/fixtures.py[0m:1365: in __call__
    [0mfail([90m[39;49;00m
[1m[31mE   Failed: Marks cannot be applied to fixtures.[0m
[1m[31mE   See docs: https://docs.pytest.org/en/stable/deprecations.html#applying-a-mark-to-a-fixture-function[0m
[31m[1m_________ ERROR collecting tests/test_monitoring_result_persistence.py _________[0m
[31m.venv/lib/python3.13/site-packages/_pytest/python.py:508: in importtestmodule
    mod = import_path(
.venv/lib/python3.13/site-packages/_pytest/pathlib.py:596: in import_path
    importlib.import_module(module_name)
/usr/lib/python3.13/importlib/__init__.py:88: in import_module
    return _bootstrap._gcd_import(name[level:], package, level)
           ^^^^^^^^^^^^^^^^^^^^^^^^^^^^^^^^^^^^^^^^^^^^^^^^^^^^
<frozen importlib._bootstrap>:1387: in _gcd_import
    ???
<frozen importlib._bootstrap>:1360: in _find_and_load
    ???
<frozen importlib._bootstrap>:1331: in _find_and_load_unlocked
    ???
<frozen importlib._bootstrap>:935: in _load_unlocked
    ???
.venv/lib/python3.13/site-packages/_pytest/assertion/rewrite.py:179: in exec_module
    source_stat, co = _rewrite_test(fn, self.config)
                      ^^^^^^^^^^^^^^^^^^^^^^^^^^^^^^
.venv/lib/python3.13/site-packages/_pytest/assertion/rewrite.py:348: in _rewrite_test
    tree = ast.parse(source, filename=strfn)
           ^^^^^^^^^^^^^^^^^^^^^^^^^^^^^^^^^
/usr/lib/python3.13/ast.py:50: in parse
    return compile(source, filename, mode, flags,
E     File "/home/coding/aide-de-camp/tests/test_monitoring_result_persistence.py", line 33
E       s = SessionStore(db_path)
E   IndentationError: unexpected indent[0m
[31m[1m________ ERROR collecting tests/test_permission_and_registry_errors.py _________[0m
[31mImportError while importing test module '/home/coding/aide-de-camp/tests/test_permission_and_registry_errors.py'.
Hint: make sure your test modules/packages have valid Python names.
Traceback:
/usr/lib/python3.13/importlib/__init__.py:88: in import_module
    return _bootstrap._gcd_import(name[level:], package, level)
           ^^^^^^^^^^^^^^^^^^^^^^^^^^^^^^^^^^^^^^^^^^^^^^^^^^^^
tests/test_permission_and_registry_errors.py:32: in <module>
    from components.hot_reload import (
src/components/__init__.py:2: in <module>
    from .hot_reload import HotReloadManager, get_reload_manager
src/components/hot_reload.py:25: in <module>
    from ..utils.atomic_write import atomic_write
E   ImportError: attempted relative import beyond top-level package[0m
[31m[1m______________ ERROR collecting tests/test_registry_hot_reload.py ______________[0m
[31mImportError while importing test module '/home/coding/aide-de-camp/tests/test_registry_hot_reload.py'.
Hint: make sure your test modules/packages have valid Python names.
Traceback:
/usr/lib/python3.13/importlib/__init__.py:88: in import_module
    return _bootstrap._gcd_import(name[level:], package, level)
           ^^^^^^^^^^^^^^^^^^^^^^^^^^^^^^^^^^^^^^^^^^^^^^^^^^^^
tests/test_registry_hot_reload.py:24: in <module>
    from registry import get_registry, REGISTRY_PATH, CACHE_TTL, get_project
src/registry.py:25: in <module>
    from .utils.atomic_write import atomic_write
E   ImportError: attempted relative import with no known parent package[0m
[31m[1m____ ERROR collecting tests/test_registry_hot_reload_new_infrastructure.py _____[0m
[31mImportError while importing test module '/home/coding/aide-de-camp/tests/test_registry_hot_reload_new_infrastructure.py'.
Hint: make sure your test modules/packages have valid Python names.
Traceback:
/usr/lib/python3.13/importlib/__init__.py:88: in import_module
    return _bootstrap._gcd_import(name[level:], package, level)
           ^^^^^^^^^^^^^^^^^^^^^^^^^^^^^^^^^^^^^^^^^^^^^^^^^^^^
tests/test_registry_hot_reload_new_infrastructure.py:18: in <module>
    from registry import get_registry, REGISTRY_PATH
src/registry.py:25: in <module>
    from .utils.atomic_write import atomic_write
E   ImportError: attempted relative import with no known parent package[0m
[31m[1m_________ ERROR collecting tests/test_session_storage_verification.py __________[0m
[31m.venv/lib/python3.13/site-packages/_pytest/python.py:508: in importtestmodule
    mod = import_path(
.venv/lib/python3.13/site-packages/_pytest/pathlib.py:596: in import_path
    importlib.import_module(module_name)
/usr/lib/python3.13/importlib/__init__.py:88: in import_module
    return _bootstrap._gcd_import(name[level:], package, level)
           ^^^^^^^^^^^^^^^^^^^^^^^^^^^^^^^^^^^^^^^^^^^^^^^^^^^^
<frozen importlib._bootstrap>:1387: in _gcd_import
    ???
<frozen importlib._bootstrap>:1360: in _find_and_load
    ???
<frozen importlib._bootstrap>:1331: in _find_and_load_unlocked
    ???
<frozen importlib._bootstrap>:935: in _load_unlocked
    ???
.venv/lib/python3.13/site-packages/_pytest/assertion/rewrite.py:179: in exec_module
    source_stat, co = _rewrite_test(fn, self.config)
                      ^^^^^^^^^^^^^^^^^^^^^^^^^^^^^^
.venv/lib/python3.13/site-packages/_pytest/assertion/rewrite.py:348: in _rewrite_test
    tree = ast.parse(source, filename=strfn)
           ^^^^^^^^^^^^^^^^^^^^^^^^^^^^^^^^^
/usr/lib/python3.13/ast.py:50: in parse
    return compile(source, filename, mode, flags,
E     File "/home/coding/aide-de-camp/tests/test_session_storage_verification.py", line 317
E       from src.session.store import SessionStore
E   IndentationError: unexpected indent[0m
[31m[1m____________ ERROR collecting tests/test_sse_broadcast_endpoint.py _____________[0m
[31m.venv/lib/python3.13/site-packages/_pytest/python.py:508: in importtestmodule
    mod = import_path(
.venv/lib/python3.13/site-packages/_pytest/pathlib.py:596: in import_path
    importlib.import_module(module_name)
/usr/lib/python3.13/importlib/__init__.py:88: in import_module
    return _bootstrap._gcd_import(name[level:], package, level)
           ^^^^^^^^^^^^^^^^^^^^^^^^^^^^^^^^^^^^^^^^^^^^^^^^^^^^
<frozen importlib._bootstrap>:1387: in _gcd_import
    ???
<frozen importlib._bootstrap>:1360: in _find_and_load
    ???
<frozen importlib._bootstrap>:1331: in _find_and_load_unlocked
    ???
<frozen importlib._bootstrap>:935: in _load_unlocked
    ???
.venv/lib/python3.13/site-packages/_pytest/assertion/rewrite.py:179: in exec_module
    source_stat, co = _rewrite_test(fn, self.config)
                      ^^^^^^^^^^^^^^^^^^^^^^^^^^^^^^
.venv/lib/python3.13/site-packages/_pytest/assertion/rewrite.py:348: in _rewrite_test
    tree = ast.parse(source, filename=strfn)
           ^^^^^^^^^^^^^^^^^^^^^^^^^^^^^^^^^
/usr/lib/python3.13/ast.py:50: in parse
    return compile(source, filename, mode, flags,
E     File "/home/coding/aide-de-camp/tests/test_sse_broadcast_endpoint.py", line 23
E       import src.session.store as store_mod
E   IndentationError: unexpected indent[0m
[31m[1m_______ ERROR collecting tests/test_sse_broadcast_from_test_endpoint.py ________[0m
[1m[31mtests/test_sse_broadcast_from_test_endpoint.py[0m:24: in <module>
    [0m[37m@pytest[39;49;00m.fixture[90m[39;49;00m
     ^^^^^^^^^^^^^^[90m[39;49;00m
[1m[31m.venv/lib/python3.13/site-packages/_pytest/fixtures.py[0m:1528: in fixture
    [0m[94mreturn[39;49;00m fixture_marker(fixture_function)[90m[39;49;00m
           ^^^^^^^^^^^^^^^^^^^^^^^^^^^^^^^^[90m[39;49;00m
[1m[31m.venv/lib/python3.13/site-packages/_pytest/fixtures.py[0m:1357: in __call__
    [0m[94mraise[39;49;00m [96mValueError[39;49;00m([33m"[39;49;00m[33mclass fixtures not supported (maybe in the future)[39;49;00m[33m"[39;49;00m)[90m[39;49;00m
[1m[31mE   ValueError: class fixtures not supported (maybe in the future)[0m
[31m[1m__________ ERROR collecting tests/test_sse_broadcast_test_endpoint.py __________[0m
[31m.venv/lib/python3.13/site-packages/_pytest/python.py:508: in importtestmodule
    mod = import_path(
.venv/lib/python3.13/site-packages/_pytest/pathlib.py:596: in import_path
    importlib.import_module(module_name)
/usr/lib/python3.13/importlib/__init__.py:88: in import_module
    return _bootstrap._gcd_import(name[level:], package, level)
           ^^^^^^^^^^^^^^^^^^^^^^^^^^^^^^^^^^^^^^^^^^^^^^^^^^^^
<frozen importlib._bootstrap>:1387: in _gcd_import
    ???
<frozen importlib._bootstrap>:1360: in _find_and_load
    ???
<frozen importlib._bootstrap>:1331: in _find_and_load_unlocked
    ???
<frozen importlib._bootstrap>:935: in _load_unlocked
    ???
.venv/lib/python3.13/site-packages/_pytest/assertion/rewrite.py:179: in exec_module
    source_stat, co = _rewrite_test(fn, self.config)
                      ^^^^^^^^^^^^^^^^^^^^^^^^^^^^^^
.venv/lib/python3.13/site-packages/_pytest/assertion/rewrite.py:348: in _rewrite_test
    tree = ast.parse(source, filename=strfn)
           ^^^^^^^^^^^^^^^^^^^^^^^^^^^^^^^^^
/usr/lib/python3.13/ast.py:50: in parse
    return compile(source, filename, mode, flags,
E     File "/home/coding/aide-de-camp/tests/test_sse_broadcast_test_endpoint.py", line 25
E       import src.session.store as store_mod
E   IndentationError: unexpected indent[0m
[31m[1m__________ ERROR collecting tests/test_sse_stuck_failed_broadcasts.py __________[0m
[1m[31mtests/test_sse_stuck_failed_broadcasts.py[0m:45: in <module>
    [0m[37m@pytest[39;49;00m.fixture[90m[39;49;00m
     ^^^^^^^^^^^^^^[90m[39;49;00m
[1m[31m.venv/lib/python3.13/site-packages/_pytest/fixtures.py[0m:1528: in fixture
    [0m[94mreturn[39;49;00m fixture_marker(fixture_function)[90m[39;49;00m
           ^^^^^^^^^^^^^^^^^^^^^^^^^^^^^^^^[90m[39;49;00m
[1m[31m.venv/lib/python3.13/site-packages/_pytest/fixtures.py[0m:1357: in __call__
    [0m[94mraise[39;49;00m [96mValueError[39;49;00m([33m"[39;49;00m[33mclass fixtures not supported (maybe in the future)[39;49;00m[33m"[39;49;00m)[90m[39;49;00m
[1m[31mE   ValueError: class fixtures not supported (maybe in the future)[0m
[31m[1m____________ ERROR collecting tests/test_stuck_card_integration.py _____________[0m
[1m[31mtests/test_stuck_card_integration.py[0m:33: in <module>
    [0m[37m@pytest[39;49;00m.fixture[90m[39;49;00m
     ^^^^^^^^^^^^^^[90m[39;49;00m
[1m[31m.venv/lib/python3.13/site-packages/_pytest/fixtures.py[0m:1528: in fixture
    [0m[94mreturn[39;49;00m fixture_marker(fixture_function)[90m[39;49;00m
           ^^^^^^^^^^^^^^^^^^^^^^^^^^^^^^^^[90m[39;49;00m
[1m[31m.venv/lib/python3.13/site-packages/_pytest/fixtures.py[0m:1365: in __call__
    [0mfail([90m[39;49;00m
[1m[31mE   Failed: Marks cannot be applied to fixtures.[0m
[1m[31mE   See docs: https://docs.pytest.org/en/stable/deprecations.html#applying-a-mark-to-a-fixture-function[0m
[31m[1m______________ ERROR collecting tests/test_stuck_failed_cards.py _______________[0m
[1m[31mtests/test_stuck_failed_cards.py[0m:32: in <module>
    [0m[37m@pytest[39;49;00m.fixture[90m[39;49;00m
     ^^^^^^^^^^^^^^[90m[39;49;00m
[1m[31m.venv/lib/python3.13/site-packages/_pytest/fixtures.py[0m:1528: in fixture
    [0m[94mreturn[39;49;00m fixture_marker(fixture_function)[90m[39;49;00m
           ^^^^^^^^^^^^^^^^^^^^^^^^^^^^^^^^[90m[39;49;00m
[1m[31m.venv/lib/python3.13/site-packages/_pytest/fixtures.py[0m:1357: in __call__
    [0m[94mraise[39;49;00m [96mValueError[39;49;00m([33m"[39;49;00m[33mclass fixtures not supported (maybe in the future)[39;49;00m[33m"[39;49;00m)[90m[39;49;00m
[1m[31mE   ValueError: class fixtures not supported (maybe in the future)[0m
[31m[1m__________ ERROR collecting tests/test_synthetic_dispatch_storage.py ___________[0m
[31m.venv/lib/python3.13/site-packages/_pytest/python.py:508: in importtestmodule
    mod = import_path(
.venv/lib/python3.13/site-packages/_pytest/pathlib.py:596: in import_path
    importlib.import_module(module_name)
/usr/lib/python3.13/importlib/__init__.py:88: in import_module
    return _bootstrap._gcd_import(name[level:], package, level)
           ^^^^^^^^^^^^^^^^^^^^^^^^^^^^^^^^^^^^^^^^^^^^^^^^^^^^
<frozen importlib._bootstrap>:1387: in _gcd_import
    ???
<frozen importlib._bootstrap>:1360: in _find_and_load
    ???
<frozen importlib._bootstrap>:1331: in _find_and_load_unlocked
    ???
<frozen importlib._bootstrap>:935: in _load_unlocked
    ???
.venv/lib/python3.13/site-packages/_pytest/assertion/rewrite.py:179: in exec_module
    source_stat, co = _rewrite_test(fn, self.config)
                      ^^^^^^^^^^^^^^^^^^^^^^^^^^^^^^
.venv/lib/python3.13/site-packages/_pytest/assertion/rewrite.py:348: in _rewrite_test
    tree = ast.parse(source, filename=strfn)
           ^^^^^^^^^^^^^^^^^^^^^^^^^^^^^^^^^
/usr/lib/python3.13/ast.py:50: in parse
    return compile(source, filename, mode, flags,
E     File "/home/coding/aide-de-camp/tests/test_synthetic_dispatch_storage.py", line 37
E       TEST_SYNTHETIC_PAYLOAD = {
E       ^^^^^^^^^^^^^^^^^^^^^^
E   SyntaxError: invalid syntax[0m
[31m[1m________ ERROR collecting tests/test_utterance_linkage_verification.py _________[0m
[31m.venv/lib/python3.13/site-packages/_pytest/python.py:508: in importtestmodule
    mod = import_path(
.venv/lib/python3.13/site-packages/_pytest/pathlib.py:596: in import_path
    importlib.import_module(module_name)
/usr/lib/python3.13/importlib/__init__.py:88: in import_module
    return _bootstrap._gcd_import(name[level:], package, level)
           ^^^^^^^^^^^^^^^^^^^^^^^^^^^^^^^^^^^^^^^^^^^^^^^^^^^^
<frozen importlib._bootstrap>:1387: in _gcd_import
    ???
<frozen importlib._bootstrap>:1360: in _find_and_load
    ???
<frozen importlib._bootstrap>:1331: in _find_and_load_unlocked
    ???
<frozen importlib._bootstrap>:935: in _load_unlocked
    ???
.venv/lib/python3.13/site-packages/_pytest/assertion/rewrite.py:179: in exec_module
    source_stat, co = _rewrite_test(fn, self.config)
                      ^^^^^^^^^^^^^^^^^^^^^^^^^^^^^^
.venv/lib/python3.13/site-packages/_pytest/assertion/rewrite.py:348: in _rewrite_test
    tree = ast.parse(source, filename=strfn)
           ^^^^^^^^^^^^^^^^^^^^^^^^^^^^^^^^^
/usr/lib/python3.13/ast.py:50: in parse
    return compile(source, filename, mode, flags,
E     File "/home/coding/aide-de-camp/tests/test_utterance_linkage_verification.py", line 29
E       VERIFICATION_TEST_PAYLOAD = {
E       ^^^^^^^^^^^^^^^^^^^^^^^^^
E   SyntaxError: invalid syntax[0m
[33m=============================== warnings summary ===============================[0m
tests/e2e/test_canvas_builtin_families.py:520
  /home/coding/aide-de-camp/tests/e2e/test_canvas_builtin_families.py:520: PytestUnknownMarkWarning: Unknown pytest.mark.browser - is this a typo?  You can register custom marks to avoid this warning - for details, see https://docs.pytest.org/en/stable/how-to/mark.html
    @pytest.mark.browser

src/api/models.py:39
  /home/coding/aide-de-camp/src/api/models.py:39: PydanticDeprecatedSince20: Using extra keyword arguments on `Field` is deprecated and will be removed. Use `json_schema_extra` instead. (Extra keys: 'example'). Deprecated in Pydantic V2.0 to be removed in V3.0. See Pydantic V2 Migration Guide at https://errors.pydantic.dev/2.13/migration/
    utterance: str = Field(

src/api/models.py:45
  /home/coding/aide-de-camp/src/api/models.py:45: PydanticDeprecatedSince20: Using extra keyword arguments on `Field` is deprecated and will be removed. Use `json_schema_extra` instead. (Extra keys: 'example'). Deprecated in Pydantic V2.0 to be removed in V3.0. See Pydantic V2 Migration Guide at https://errors.pydantic.dev/2.13/migration/
    session_id: str = Field(

src/api/models.py:50
  /home/coding/aide-de-camp/src/api/models.py:50: PydanticDeprecatedSince20: Using extra keyword arguments on `Field` is deprecated and will be removed. Use `json_schema_extra` instead. (Extra keys: 'example'). Deprecated in Pydantic V2.0 to be removed in V3.0. See Pydantic V2 Migration Guide at https://errors.pydantic.dev/2.13/migration/
    surface_id: str = Field(

src/api/models.py:55
  /home/coding/aide-de-camp/src/api/models.py:55: PydanticDeprecatedSince20: Using extra keyword arguments on `Field` is deprecated and will be removed. Use `json_schema_extra` instead. (Extra keys: 'example'). Deprecated in Pydantic V2.0 to be removed in V3.0. See Pydantic V2 Migration Guide at https://errors.pydantic.dev/2.13/migration/
    utterance_id: Optional[str] = Field(

src/api/models.py:17
  /home/coding/aide-de-camp/src/api/models.py:17: PydanticDeprecatedSince20: Support for class-based `config` is deprecated, use ConfigDict instead. Deprecated in Pydantic V2.0 to be removed in V3.0. See Pydantic V2 Migration Guide at https://errors.pydantic.dev/2.13/migration/
    class DispatchRequest(BaseModel):

src/api/models.py:190
  /home/coding/aide-de-camp/src/api/models.py:190: PydanticDeprecatedSince20: Using extra keyword arguments on `Field` is deprecated and will be removed. Use `json_schema_extra` instead. (Extra keys: 'example'). Deprecated in Pydantic V2.0 to be removed in V3.0. See Pydantic V2 Migration Guide at https://errors.pydantic.dev/2.13/migration/
    success: bool = Field(

src/api/models.py:195
  /home/coding/aide-de-camp/src/api/models.py:195: PydanticDeprecatedSince20: Using extra keyword arguments on `Field` is deprecated and will be removed. Use `json_schema_extra` instead. (Extra keys: 'example'). Deprecated in Pydantic V2.0 to be removed in V3.0. See Pydantic V2 Migration Guide at https://errors.pydantic.dev/2.13/migration/
    message: str = Field(

src/api/models.py:200
  /home/coding/aide-de-camp/src/api/models.py:200: PydanticDeprecatedSince20: Using extra keyword arguments on `Field` is deprecated and will be removed. Use `json_schema_extra` instead. (Extra keys: 'example'). Deprecated in Pydantic V2.0 to be removed in V3.0. See Pydantic V2 Migration Guide at https://errors.pydantic.dev/2.13/migration/
    data: dict = Field(

src/api/models.py:163
  /home/coding/aide-de-camp/src/api/models.py:163: PydanticDeprecatedSince20: Support for class-based `config` is deprecated, use ConfigDict instead. Deprecated in Pydantic V2.0 to be removed in V3.0. See Pydantic V2 Migration Guide at https://errors.pydantic.dev/2.13/migration/
    class DispatchResponse(BaseModel):

src/main.py:3058
  /home/coding/aide-de-camp/src/main.py:3058: DeprecationWarning: 
          on_event is deprecated, use lifespan event handlers instead.
  
          Read more about it in the
          [FastAPI docs for Lifespan Events](https://fastapi.tiangolo.com/advanced/events/).
          
    @app.on_event("startup")

.venv/lib/python3.13/site-packages/fastapi/applications.py:4681
.venv/lib/python3.13/site-packages/fastapi/applications.py:4681
  /home/coding/aide-de-camp/.venv/lib/python3.13/site-packages/fastapi/applications.py:4681: DeprecationWarning: 
          on_event is deprecated, use lifespan event handlers instead.
  
          Read more about it in the
          [FastAPI docs for Lifespan Events](https://fastapi.tiangolo.com/advanced/events/).
          
    return self.router.on_event(event_type)  # ty: ignore[deprecated]

src/main.py:3065
  /home/coding/aide-de-camp/src/main.py:3065: DeprecationWarning: 
          on_event is deprecated, use lifespan event handlers instead.
  
          Read more about it in the
          [FastAPI docs for Lifespan Events](https://fastapi.tiangolo.com/advanced/events/).
          
    @app.on_event("shutdown")

tests/helpers/test_data_utils.py:28
  /home/coding/aide-de-camp/tests/helpers/test_data_utils.py:28: PytestCollectionWarning: cannot collect test class 'TestDataInjectionError' because it has a __init__ constructor (from: tests/helpers/test_data_utils.py)
    class TestDataInjectionError(Exception):

tests/helpers/test_data_utils.py:33
  /home/coding/aide-de-camp/tests/helpers/test_data_utils.py:33: PytestCollectionWarning: cannot collect test class 'TestSessionCreationError' because it has a __init__ constructor (from: tests/helpers/test_data_utils.py)
    class TestSessionCreationError(TestDataInjectionError):

tests/helpers/test_data_utils.py:38
  /home/coding/aide-de-camp/tests/helpers/test_data_utils.py:38: PytestCollectionWarning: cannot collect test class 'TestTopicCreationError' because it has a __init__ constructor (from: tests/helpers/test_data_utils.py)
    class TestTopicCreationError(TestDataInjectionError):

tests/helpers/test_data_utils.py:43
  /home/coding/aide-de-camp/tests/helpers/test_data_utils.py:43: PytestCollectionWarning: cannot collect test class 'TestCleanupError' because it has a __init__ constructor (from: tests/helpers/test_data_utils.py)
    class TestCleanupError(TestDataInjectionError):

tests/helpers/test_data_utils.py:48
  /home/coding/aide-de-camp/tests/helpers/test_data_utils.py:48: PytestCollectionWarning: cannot collect test class 'TestDatabaseConfig' because it has a __init__ constructor (from: tests/helpers/test_data_utils.py)
    class TestDatabaseConfig:

tests/helpers/test_data_utils.py:104
  /home/coding/aide-de-camp/tests/helpers/test_data_utils.py:104: PytestCollectionWarning: cannot collect test class 'TestAPIClient' because it has a __init__ constructor (from: tests/helpers/test_data_utils.py)
    class TestAPIClient:

tests/helpers/test_data_utils.py:192
  /home/coding/aide-de-camp/tests/helpers/test_data_utils.py:192: PytestCollectionWarning: cannot collect test class 'TestSessionManager' because it has a __init__ constructor (from: tests/helpers/test_data_utils.py)
    class TestSessionManager:

tests/helpers/test_data_utils.py:332
  /home/coding/aide-de-camp/tests/helpers/test_data_utils.py:332: PytestCollectionWarning: cannot collect test class 'TestTopicManager' because it has a __init__ constructor (from: tests/helpers/test_data_utils.py)
    class TestTopicManager:

tests/helpers/test_data_utils.py:439
  /home/coding/aide-de-camp/tests/helpers/test_data_utils.py:439: PytestCollectionWarning: cannot collect test class 'TestDataCleanup' because it has a __init__ constructor (from: tests/helpers/test_data_utils.py)
    class TestDataCleanup:

tests/integration/test_dispatch_validation_integration.py:19
  /home/coding/aide-de-camp/tests/integration/test_dispatch_validation_integration.py:19: PytestUnknownMarkWarning: Unknown pytest.mark.integration - is this a typo?  You can register custom marks to avoid this warning - for details, see https://docs.pytest.org/en/stable/how-to/mark.html
    @pytest.mark.integration

tests/integration/test_dispatch_validation_integration.py:48
  /home/coding/aide-de-camp/tests/integration/test_dispatch_validation_integration.py:48: PytestUnknownMarkWarning: Unknown pytest.mark.integration - is this a typo?  You can register custom marks to avoid this warning - for details, see https://docs.pytest.org/en/stable/how-to/mark.html
    @pytest.mark.integration

tests/integration/test_dispatch_validation_integration.py:77
  /home/coding/aide-de-camp/tests/integration/test_dispatch_validation_integration.py:77: PytestUnknownMarkWarning: Unknown pytest.mark.integration - is this a typo?  You can register custom marks to avoid this warning - for details, see https://docs.pytest.org/en/stable/how-to/mark.html
    @pytest.mark.integration

tests/integration/test_dispatch_validation_integration.py:106
  /home/coding/aide-de-camp/tests/integration/test_dispatch_validation_integration.py:106: PytestUnknownMarkWarning: Unknown pytest.mark.integration - is this a typo?  You can register custom marks to avoid this warning - for details, see https://docs.pytest.org/en/stable/how-to/mark.html
    @pytest.mark.integration

tests/integration/test_dispatch_validation_integration.py:141
  /home/coding/aide-de-camp/tests/integration/test_dispatch_validation_integration.py:141: PytestUnknownMarkWarning: Unknown pytest.mark.integration - is this a typo?  You can register custom marks to avoid this warning - for details, see https://docs.pytest.org/en/stable/how-to/mark.html
    @pytest.mark.integration

tests/integration/test_dispatch_validation_integration.py:173
  /home/coding/aide-de-camp/tests/integration/test_dispatch_validation_integration.py:173: PytestUnknownMarkWarning: Unknown pytest.mark.integration - is this a typo?  You can register custom marks to avoid this warning - for details, see https://docs.pytest.org/en/stable/how-to/mark.html
    @pytest.mark.integration

tests/integration/test_dispatch_validation_integration.py:207
  /home/coding/aide-de-camp/tests/integration/test_dispatch_validation_integration.py:207: PytestUnknownMarkWarning: Unknown pytest.mark.integration - is this a typo?  You can register custom marks to avoid this warning - for details, see https://docs.pytest.org/en/stable/how-to/mark.html
    @pytest.mark.integration

tests/integration/test_dispatch_validation_integration.py:241
  /home/coding/aide-de-camp/tests/integration/test_dispatch_validation_integration.py:241: PytestUnknownMarkWarning: Unknown pytest.mark.integration - is this a typo?  You can register custom marks to avoid this warning - for details, see https://docs.pytest.org/en/stable/how-to/mark.html
    @pytest.mark.integration

tests/integration/test_dispatch_validation_integration.py:276
  /home/coding/aide-de-camp/tests/integration/test_dispatch_validation_integration.py:276: PytestUnknownMarkWarning: Unknown pytest.mark.integration - is this a typo?  You can register custom marks to avoid this warning - for details, see https://docs.pytest.org/en/stable/how-to/mark.html
    @pytest.mark.integration

tests/integration/test_dispatch_validation_integration.py:308
  /home/coding/aide-de-camp/tests/integration/test_dispatch_validation_integration.py:308: PytestUnknownMarkWarning: Unknown pytest.mark.integration - is this a typo?  You can register custom marks to avoid this warning - for details, see https://docs.pytest.org/en/stable/how-to/mark.html
    @pytest.mark.integration

tests/integration/test_dispatch_validation_integration.py:340
  /home/coding/aide-de-camp/tests/integration/test_dispatch_validation_integration.py:340: PytestUnknownMarkWarning: Unknown pytest.mark.integration - is this a typo?  You can register custom marks to avoid this warning - for details, see https://docs.pytest.org/en/stable/how-to/mark.html
    @pytest.mark.integration

tests/integration/test_dispatch_validation_integration.py:373
  /home/coding/aide-de-camp/tests/integration/test_dispatch_validation_integration.py:373: PytestUnknownMarkWarning: Unknown pytest.mark.integration - is this a typo?  You can register custom marks to avoid this warning - for details, see https://docs.pytest.org/en/stable/how-to/mark.html
    @pytest.mark.integration

tests/integration/test_dispatch_validation_integration.py:407
  /home/coding/aide-de-camp/tests/integration/test_dispatch_validation_integration.py:407: PytestUnknownMarkWarning: Unknown pytest.mark.integration - is this a typo?  You can register custom marks to avoid this warning - for details, see https://docs.pytest.org/en/stable/how-to/mark.html
    @pytest.mark.integration

tests/integration/test_dispatch_validation_integration.py:432
  /home/coding/aide-de-camp/tests/integration/test_dispatch_validation_integration.py:432: PytestUnknownMarkWarning: Unknown pytest.mark.integration - is this a typo?  You can register custom marks to avoid this warning - for details, see https://docs.pytest.org/en/stable/how-to/mark.html
    @pytest.mark.integration

tests/integration/test_dispatch_validation_integration.py:480
  /home/coding/aide-de-camp/tests/integration/test_dispatch_validation_integration.py:480: PytestUnknownMarkWarning: Unknown pytest.mark.integration - is this a typo?  You can register custom marks to avoid this warning - for details, see https://docs.pytest.org/en/stable/how-to/mark.html
    @pytest.mark.integration

tests/integration/test_dispatch_validation_integration.py:513
  /home/coding/aide-de-camp/tests/integration/test_dispatch_validation_integration.py:513: PytestUnknownMarkWarning: Unknown pytest.mark.integration - is this a typo?  You can register custom marks to avoid this warning - for details, see https://docs.pytest.org/en/stable/how-to/mark.html
    @pytest.mark.integration

tests/integration/test_dispatch_validation_integration.py:538
  /home/coding/aide-de-camp/tests/integration/test_dispatch_validation_integration.py:538: PytestUnknownMarkWarning: Unknown pytest.mark.integration - is this a typo?  You can register custom marks to avoid this warning - for details, see https://docs.pytest.org/en/stable/how-to/mark.html
    @pytest.mark.integration

tests/integration/test_dispatch_validation_integration.py:567
  /home/coding/aide-de-camp/tests/integration/test_dispatch_validation_integration.py:567: PytestUnknownMarkWarning: Unknown pytest.mark.integration - is this a typo?  You can register custom marks to avoid this warning - for details, see https://docs.pytest.org/en/stable/how-to/mark.html
    @pytest.mark.integration

tests/integration/test_dispatch_validation_integration.py:613
  /home/coding/aide-de-camp/tests/integration/test_dispatch_validation_integration.py:613: PytestUnknownMarkWarning: Unknown pytest.mark.integration - is this a typo?  You can register custom marks to avoid this warning - for details, see https://docs.pytest.org/en/stable/how-to/mark.html
    @pytest.mark.integration

tests/integration/test_dispatch_validation_integration.py:658
  /home/coding/aide-de-camp/tests/integration/test_dispatch_validation_integration.py:658: PytestUnknownMarkWarning: Unknown pytest.mark.integration - is this a typo?  You can register custom marks to avoid this warning - for details, see https://docs.pytest.org/en/stable/how-to/mark.html
    @pytest.mark.integration

tests/integration/test_dispatch_validation_integration.py:698
  /home/coding/aide-de-camp/tests/integration/test_dispatch_validation_integration.py:698: PytestUnknownMarkWarning: Unknown pytest.mark.integration - is this a typo?  You can register custom marks to avoid this warning - for details, see https://docs.pytest.org/en/stable/how-to/mark.html
    @pytest.mark.integration

tests/integration/test_dispatch_validation_integration.py:754
  /home/coding/aide-de-camp/tests/integration/test_dispatch_validation_integration.py:754: PytestUnknownMarkWarning: Unknown pytest.mark.integration - is this a typo?  You can register custom marks to avoid this warning - for details, see https://docs.pytest.org/en/stable/how-to/mark.html
    @pytest.mark.integration

tests/integration/test_dispatch_validation_integration.py:790
  /home/coding/aide-de-camp/tests/integration/test_dispatch_validation_integration.py:790: PytestUnknownMarkWarning: Unknown pytest.mark.integration - is this a typo?  You can register custom marks to avoid this warning - for details, see https://docs.pytest.org/en/stable/how-to/mark.html
    @pytest.mark.integration

src/schemas/whisper_stt_deployment.py:322
  /home/coding/aide-de-camp/src/schemas/whisper_stt_deployment.py:322: PydanticDeprecatedSince20: Support for class-based `config` is deprecated, use ConfigDict instead. Deprecated in Pydantic V2.0 to be removed in V3.0. See Pydantic V2 Migration Guide at https://errors.pydantic.dev/2.13/migration/
    class WhisperSTTDeploymentData(BaseModel):

.venv/lib/python3.13/site-packages/pydantic/_internal/_config.py:386
  /home/coding/aide-de-camp/.venv/lib/python3.13/site-packages/pydantic/_internal/_config.py:386: UserWarning: Valid config keys have changed in V2:
  * 'schema_extra' has been renamed to 'json_schema_extra'
    warnings.warn(message, UserWarning)

src/test/utilities.py:19
  /home/coding/aide-de-camp/src/test/utilities.py:19: PytestCollectionWarning: cannot collect test class 'TestSessionClient' because it has a __init__ constructor (from: tests/test_canvas_data_injection.py)
    class TestSessionClient:

src/test/utilities.py:387
  /home/coding/aide-de-camp/src/test/utilities.py:387: PytestCollectionWarning: cannot collect test class 'TestFixture' because it has a __init__ constructor (from: tests/test_canvas_data_injection.py)
    class TestFixture:

src/test/dispatch.py:24
  /home/coding/aide-de-camp/src/test/dispatch.py:24: PytestCollectionWarning: cannot collect test class 'TestDispatchRequest' because it has a __init__ constructor (from: tests/test_dispatch_comparison.py)
    class TestDispatchRequest(BaseModel):

src/test/dispatch.py:24
  /home/coding/aide-de-camp/src/test/dispatch.py:24: PytestCollectionWarning: cannot collect test class 'TestDispatchRequest' because it has a __init__ constructor (from: tests/test_dispatch_storage_and_sse.py)
    class TestDispatchRequest(BaseModel):

tests/helpers/endpoint_comparison.py:39
  /home/coding/aide-de-camp/tests/helpers/endpoint_comparison.py:39: PytestCollectionWarning: cannot collect test class 'TestEndpointError' because it has a __init__ constructor (from: tests/test_endpoint_comparison_utils.py)
    class TestEndpointError(EndpointComparisonError):

tests/test_repeat_runner_integration.py:27
  /home/coding/aide-de-camp/tests/test_repeat_runner_integration.py:27: PytestUnknownMarkWarning: Unknown pytest.mark.integration - is this a typo?  You can register custom marks to avoid this warning - for details, see https://docs.pytest.org/en/stable/how-to/mark.html
    @pytest.mark.integration

tests/test_repeat_runner_integration.py:75
  /home/coding/aide-de-camp/tests/test_repeat_runner_integration.py:75: PytestUnknownMarkWarning: Unknown pytest.mark.integration - is this a typo?  You can register custom marks to avoid this warning - for details, see https://docs.pytest.org/en/stable/how-to/mark.html
    @pytest.mark.integration

tests/test_repeat_runner_integration.py:131
  /home/coding/aide-de-camp/tests/test_repeat_runner_integration.py:131: PytestUnknownMarkWarning: Unknown pytest.mark.integration - is this a typo?  You can register custom marks to avoid this warning - for details, see https://docs.pytest.org/en/stable/how-to/mark.html
    @pytest.mark.integration

tests/test_repeat_runner_integration.py:178
  /home/coding/aide-de-camp/tests/test_repeat_runner_integration.py:178: PytestUnknownMarkWarning: Unknown pytest.mark.integration - is this a typo?  You can register custom marks to avoid this warning - for details, see https://docs.pytest.org/en/stable/how-to/mark.html
    @pytest.mark.integration

tests/test_repeat_runner_integration.py:227
  /home/coding/aide-de-camp/tests/test_repeat_runner_integration.py:227: PytestUnknownMarkWarning: Unknown pytest.mark.integration - is this a typo?  You can register custom marks to avoid this warning - for details, see https://docs.pytest.org/en/stable/how-to/mark.html
    @pytest.mark.integration

scripts/run_tests_repeatedly.py:86
  /home/coding/aide-de-camp/scripts/run_tests_repeatedly.py:86: PytestCollectionWarning: cannot collect test class 'TestRepeatRunner' because it has a __init__ constructor (from: tests/test_table_state_verification_integration.py)
    class TestRepeatRunner:

scripts/run_tests_repeatedly.py:36
  /home/coding/aide-de-camp/scripts/run_tests_repeatedly.py:36: PytestCollectionWarning: cannot collect test class 'TestResult' because it has a __init__ constructor (from: tests/test_table_state_verification_integration.py)
    @dataclass

.venv/lib/python3.13/site-packages/fastapi/testclient.py:1
  /home/coding/aide-de-camp/.venv/lib/python3.13/site-packages/fastapi/testclient.py:1: StarletteDeprecationWarning: Using `httpx` with `starlette.testclient` is deprecated; install `httpx2` instead.
    from starlette.testclient import TestClient as TestClient  # noqa

-- Docs: https://docs.pytest.org/en/stable/how-to/capture-warnings.html
[36m[1m=========================== short test summary info ============================[0m
[31mERROR[0m tests/e2e/test_canvas_navigation.py
[31mERROR[0m tests/test_ambient_fetch_and_diff.py - Failed: Marks cannot be applied to fixtures.
[31mERROR[0m tests/test_ambient_rule_engine.py
[31mERROR[0m tests/test_backend_stuck_failed_cards.py - ValueError: class fixtures not supported (maybe in the future)
[31mERROR[0m tests/test_bead_watcher_integration.py - Failed: Marks cannot be applied to fixtures.
[31mERROR[0m tests/test_canvas_component_cards.py
[31mERROR[0m tests/test_card_cache.py - ValueError: class fixtures not supported (maybe in the future)
[31mERROR[0m tests/test_card_dismissal_db_verification.py
[31mERROR[0m tests/test_card_dismissal_helpers.py
[31mERROR[0m tests/test_circuit_breaker.py
[31mERROR[0m tests/test_client_timings_api.py - ValueError: class fixtures not supported (maybe in the future)
[31mERROR[0m tests/test_comprehensive_stuck_failed_flows.py - ValueError: class fixtures not supported (maybe in the future)
[31mERROR[0m tests/test_degraded_state_server_behavior.py
[31mERROR[0m tests/test_dispatch_instrumentation.py
[31mERROR[0m tests/test_dispatch_timings.py - ValueError: class fixtures not supported (maybe in the future)
[31mERROR[0m tests/test_dispatch_timings_e2e.py - ValueError: class fixtures not supported (maybe in the future)
[31mERROR[0m tests/test_e2e_dispatch_timing_verification.py - ValueError: class fixtures not supported (maybe in the future)
[31mERROR[0m tests/test_escalate_handler_stuck_scenarios.py - ValueError: class fixtures not supported (maybe in the future)
[31mERROR[0m tests/test_escalate_stuck_intent.py - ValueError: class fixtures not supported (maybe in the future)
[31mERROR[0m tests/test_failed_card_integration.py - Failed: Marks cannot be applied to fixtures.
[31mERROR[0m tests/test_monitoring_result_persistence.py
[31mERROR[0m tests/test_permission_and_registry_errors.py
[31mERROR[0m tests/test_registry_hot_reload.py
[31mERROR[0m tests/test_registry_hot_reload_new_infrastructure.py
[31mERROR[0m tests/test_session_storage_verification.py
[31mERROR[0m tests/test_sse_broadcast_endpoint.py
[31mERROR[0m tests/test_sse_broadcast_from_test_endpoint.py - ValueError: class fixtures not supported (maybe in the future)
[31mERROR[0m tests/test_sse_broadcast_test_endpoint.py
[31mERROR[0m tests/test_sse_stuck_failed_broadcasts.py - ValueError: class fixtures not supported (maybe in the future)
[31mERROR[0m tests/test_stuck_card_integration.py - Failed: Marks cannot be applied to fixtures.
[31mERROR[0m tests/test_stuck_failed_cards.py - ValueError: class fixtures not supported (maybe in the future)
[31mERROR[0m tests/test_synthetic_dispatch_storage.py
[31mERROR[0m tests/test_utterance_linkage_verification.py
!!!!!!!!!!!!!!!!!!! Interrupted: 33 errors during collection !!!!!!!!!!!!!!!!!!!
[31m[33m1 skipped[0m, [33m61 warnings[0m, [31m[1m33 errors[0m[31m in 2.16s[0m[0m
✅ Results: 0/0 passed (0.0%)
   Duration: 2.49s

🔄 Run 2/5

==================================== ERRORS ====================================
[31m[1m_____________ ERROR collecting tests/e2e/test_canvas_navigation.py _____________[0m
[31mImportError while importing test module '/home/coding/aide-de-camp/tests/e2e/test_canvas_navigation.py'.
Hint: make sure your test modules/packages have valid Python names.
Traceback:
/usr/lib/python3.13/importlib/__init__.py:88: in import_module
    return _bootstrap._gcd_import(name[level:], package, level)
           ^^^^^^^^^^^^^^^^^^^^^^^^^^^^^^^^^^^^^^^^^^^^^^^^^^^^
tests/e2e/test_canvas_navigation.py:9: in <module>
    from playwright.async_api import Page, TimeoutError
E   ModuleNotFoundError: No module named 'playwright'[0m
[31m[1m____________ ERROR collecting tests/test_ambient_fetch_and_diff.py _____________[0m
[1m[31mtests/test_ambient_fetch_and_diff.py[0m:44: in <module>
    [0m[37m@pytest[39;49;00m.fixture[90m[39;49;00m
     ^^^^^^^^^^^^^^[90m[39;49;00m
[1m[31m.venv/lib/python3.13/site-packages/_pytest/fixtures.py[0m:1528: in fixture
    [0m[94mreturn[39;49;00m fixture_marker(fixture_function)[90m[39;49;00m
           ^^^^^^^^^^^^^^^^^^^^^^^^^^^^^^^^[90m[39;49;00m
[1m[31m.venv/lib/python3.13/site-packages/_pytest/fixtures.py[0m:1365: in __call__
    [0mfail([90m[39;49;00m
[1m[31mE   Failed: Marks cannot be applied to fixtures.[0m
[1m[31mE   See docs: https://docs.pytest.org/en/stable/deprecations.html#applying-a-mark-to-a-fixture-function[0m
[31m[1m______________ ERROR collecting tests/test_ambient_rule_engine.py ______________[0m
[31m.venv/lib/python3.13/site-packages/_pytest/python.py:508: in importtestmodule
    mod = import_path(
.venv/lib/python3.13/site-packages/_pytest/pathlib.py:596: in import_path
    importlib.import_module(module_name)
/usr/lib/python3.13/importlib/__init__.py:88: in import_module
    return _bootstrap._gcd_import(name[level:], package, level)
           ^^^^^^^^^^^^^^^^^^^^^^^^^^^^^^^^^^^^^^^^^^^^^^^^^^^^
<frozen importlib._bootstrap>:1387: in _gcd_import
    ???
<frozen importlib._bootstrap>:1360: in _find_and_load
    ???
<frozen importlib._bootstrap>:1331: in _find_and_load_unlocked
    ???
<frozen importlib._bootstrap>:935: in _load_unlocked
    ???
.venv/lib/python3.13/site-packages/_pytest/assertion/rewrite.py:179: in exec_module
    source_stat, co = _rewrite_test(fn, self.config)
                      ^^^^^^^^^^^^^^^^^^^^^^^^^^^^^^
.venv/lib/python3.13/site-packages/_pytest/assertion/rewrite.py:348: in _rewrite_test
    tree = ast.parse(source, filename=strfn)
           ^^^^^^^^^^^^^^^^^^^^^^^^^^^^^^^^^
/usr/lib/python3.13/ast.py:50: in parse
    return compile(source, filename, mode, flags,
E     File "/home/coding/aide-de-camp/tests/test_ambient_rule_engine.py", line 28
E       s = SessionStore(db_path)
E   IndentationError: unexpected indent[0m
[31m[1m__________ ERROR collecting tests/test_backend_stuck_failed_cards.py ___________[0m
[1m[31mtests/test_backend_stuck_failed_cards.py[0m:44: in <module>
    [0m[37m@pytest[39;49;00m.fixture[90m[39;49;00m
     ^^^^^^^^^^^^^^[90m[39;49;00m
[1m[31m.venv/lib/python3.13/site-packages/_pytest/fixtures.py[0m:1528: in fixture
    [0m[94mreturn[39;49;00m fixture_marker(fixture_function)[90m[39;49;00m
           ^^^^^^^^^^^^^^^^^^^^^^^^^^^^^^^^[90m[39;49;00m
[1m[31m.venv/lib/python3.13/site-packages/_pytest/fixtures.py[0m:1357: in __call__
    [0m[94mraise[39;49;00m [96mValueError[39;49;00m([33m"[39;49;00m[33mclass fixtures not supported (maybe in the future)[39;49;00m[33m"[39;49;00m)[90m[39;49;00m
[1m[31mE   ValueError: class fixtures not supported (maybe in the future)[0m
[31m[1m___________ ERROR collecting tests/test_bead_watcher_integration.py ____________[0m
[1m[31mtests/test_bead_watcher_integration.py[0m:33: in <module>
    [0m[37m@pytest[39;49;00m.fixture[90m[39;49;00m
     ^^^^^^^^^^^^^^[90m[39;49;00m
[1m[31m.venv/lib/python3.13/site-packages/_pytest/fixtures.py[0m:1528: in fixture
    [0m[94mreturn[39;49;00m fixture_marker(fixture_function)[90m[39;49;00m
           ^^^^^^^^^^^^^^^^^^^^^^^^^^^^^^^^[90m[39;49;00m
[1m[31m.venv/lib/python3.13/site-packages/_pytest/fixtures.py[0m:1365: in __call__
    [0mfail([90m[39;49;00m
[1m[31mE   Failed: Marks cannot be applied to fixtures.[0m
[1m[31mE   See docs: https://docs.pytest.org/en/stable/deprecations.html#applying-a-mark-to-a-fixture-function[0m
[31m[1m____________ ERROR collecting tests/test_canvas_component_cards.py _____________[0m
[31mImportError while importing test module '/home/coding/aide-de-camp/tests/test_canvas_component_cards.py'.
Hint: make sure your test modules/packages have valid Python names.
Traceback:
/usr/lib/python3.13/importlib/__init__.py:88: in import_module
    return _bootstrap._gcd_import(name[level:], package, level)
           ^^^^^^^^^^^^^^^^^^^^^^^^^^^^^^^^^^^^^^^^^^^^^^^^^^^^
tests/test_canvas_component_cards.py:24: in <module>
    from tests.e2e.canvas_render import node_available, render_component_card, render_component_cards
E   ImportError: cannot import name 'render_component_card' from 'tests.e2e.canvas_render' (/home/coding/aide-de-camp/tests/e2e/canvas_render.py)[0m
[31m[1m__________________ ERROR collecting tests/test_card_cache.py ___________________[0m
[1m[31mtests/test_card_cache.py[0m:22: in <module>
    [0m[37m@pytest[39;49;00m.fixture(scope=[33m"[39;49;00m[33mfunction[39;49;00m[33m"[39;49;00m)[90m[39;49;00m
     ^^^^^^^^^^^^^^^^^^^^^^^^^^^^^^^^[90m[39;49;00m
[1m[31m.venv/lib/python3.13/site-packages/_pytest/fixtures.py[0m:1357: in __call__
    [0m[94mraise[39;49;00m [96mValueError[39;49;00m([33m"[39;49;00m[33mclass fixtures not supported (maybe in the future)[39;49;00m[33m"[39;49;00m)[90m[39;49;00m
[1m[31mE   ValueError: class fixtures not supported (maybe in the future)[0m
[31m[1m________ ERROR collecting tests/test_card_dismissal_db_verification.py _________[0m
[31m.venv/lib/python3.13/site-packages/_pytest/python.py:508: in importtestmodule
    mod = import_path(
.venv/lib/python3.13/site-packages/_pytest/pathlib.py:596: in import_path
    importlib.import_module(module_name)
/usr/lib/python3.13/importlib/__init__.py:88: in import_module
    return _bootstrap._gcd_import(name[level:], package, level)
           ^^^^^^^^^^^^^^^^^^^^^^^^^^^^^^^^^^^^^^^^^^^^^^^^^^^^
<frozen importlib._bootstrap>:1387: in _gcd_import
    ???
<frozen importlib._bootstrap>:1360: in _find_and_load
    ???
<frozen importlib._bootstrap>:1331: in _find_and_load_unlocked
    ???
<frozen importlib._bootstrap>:935: in _load_unlocked
    ???
.venv/lib/python3.13/site-packages/_pytest/assertion/rewrite.py:188: in exec_module
    exec(co, module.__dict__)
tests/test_card_dismissal_db_verification.py:21: in <module>
    from tests.card_dismissal_helpers import (
E     File "/home/coding/aide-de-camp/tests/card_dismissal_helpers.py", line 39
E       async def create_test_session(test_db_store | None = None, tmp_path: Path | None = None) -> tuple[SessionStore, str]:
E                                                   ^
E   SyntaxError: invalid syntax[0m
[31m[1m____________ ERROR collecting tests/test_card_dismissal_helpers.py _____________[0m
[31m.venv/lib/python3.13/site-packages/_pytest/python.py:508: in importtestmodule
    mod = import_path(
.venv/lib/python3.13/site-packages/_pytest/pathlib.py:596: in import_path
    importlib.import_module(module_name)
/usr/lib/python3.13/importlib/__init__.py:88: in import_module
    return _bootstrap._gcd_import(name[level:], package, level)
           ^^^^^^^^^^^^^^^^^^^^^^^^^^^^^^^^^^^^^^^^^^^^^^^^^^^^
<frozen importlib._bootstrap>:1387: in _gcd_import
    ???
<frozen importlib._bootstrap>:1360: in _find_and_load
    ???
<frozen importlib._bootstrap>:1331: in _find_and_load_unlocked
    ???
<frozen importlib._bootstrap>:935: in _load_unlocked
    ???
.venv/lib/python3.13/site-packages/_pytest/assertion/rewrite.py:188: in exec_module
    exec(co, module.__dict__)
tests/test_card_dismissal_helpers.py:9: in <module>
    from tests.card_dismissal_helpers import (
E     File "/home/coding/aide-de-camp/tests/card_dismissal_helpers.py", line 39
E       async def create_test_session(test_db_store | None = None, tmp_path: Path | None = None) -> tuple[SessionStore, str]:
E                                                   ^
E   SyntaxError: invalid syntax[0m
[31m[1m________________ ERROR collecting tests/test_circuit_breaker.py ________________[0m
[31m.venv/lib/python3.13/site-packages/_pytest/python.py:508: in importtestmodule
    mod = import_path(
.venv/lib/python3.13/site-packages/_pytest/pathlib.py:596: in import_path
    importlib.import_module(module_name)
/usr/lib/python3.13/importlib/__init__.py:88: in import_module
    return _bootstrap._gcd_import(name[level:], package, level)
           ^^^^^^^^^^^^^^^^^^^^^^^^^^^^^^^^^^^^^^^^^^^^^^^^^^^^
<frozen importlib._bootstrap>:1387: in _gcd_import
    ???
<frozen importlib._bootstrap>:1360: in _find_and_load
    ???
<frozen importlib._bootstrap>:1331: in _find_and_load_unlocked
    ???
<frozen importlib._bootstrap>:935: in _load_unlocked
    ???
.venv/lib/python3.13/site-packages/_pytest/assertion/rewrite.py:179: in exec_module
    source_stat, co = _rewrite_test(fn, self.config)
                      ^^^^^^^^^^^^^^^^^^^^^^^^^^^^^^
.venv/lib/python3.13/site-packages/_pytest/assertion/rewrite.py:348: in _rewrite_test
    tree = ast.parse(source, filename=strfn)
           ^^^^^^^^^^^^^^^^^^^^^^^^^^^^^^^^^
/usr/lib/python3.13/ast.py:50: in parse
    return compile(source, filename, mode, flags,
E     File "/home/coding/aide-de-camp/tests/test_circuit_breaker.py", line 42
E       with tempfile.NamedTemporaryFile(suffix=".db", delete=False) as f:
E   IndentationError: unexpected indent[0m
[31m[1m______________ ERROR collecting tests/test_client_timings_api.py _______________[0m
[1m[31mtests/test_client_timings_api.py[0m:30: in <module>
    [0m[37m@pytest[39;49;00m.fixture[90m[39;49;00m
     ^^^^^^^^^^^^^^[90m[39;49;00m
[1m[31m.venv/lib/python3.13/site-packages/_pytest/fixtures.py[0m:1528: in fixture
    [0m[94mreturn[39;49;00m fixture_marker(fixture_function)[90m[39;49;00m
           ^^^^^^^^^^^^^^^^^^^^^^^^^^^^^^^^[90m[39;49;00m
[1m[31m.venv/lib/python3.13/site-packages/_pytest/fixtures.py[0m:1357: in __call__
    [0m[94mraise[39;49;00m [96mValueError[39;49;00m([33m"[39;49;00m[33mclass fixtures not supported (maybe in the future)[39;49;00m[33m"[39;49;00m)[90m[39;49;00m
[1m[31mE   ValueError: class fixtures not supported (maybe in the future)[0m
[31m[1m_______ ERROR collecting tests/test_comprehensive_stuck_failed_flows.py ________[0m
[1m[31mtests/test_comprehensive_stuck_failed_flows.py[0m:46: in <module>
    [0m[37m@pytest[39;49;00m.fixture[90m[39;49;00m
     ^^^^^^^^^^^^^^[90m[39;49;00m
[1m[31m.venv/lib/python3.13/site-packages/_pytest/fixtures.py[0m:1528: in fixture
    [0m[94mreturn[39;49;00m fixture_marker(fixture_function)[90m[39;49;00m
           ^^^^^^^^^^^^^^^^^^^^^^^^^^^^^^^^[90m[39;49;00m
[1m[31m.venv/lib/python3.13/site-packages/_pytest/fixtures.py[0m:1357: in __call__
    [0m[94mraise[39;49;00m [96mValueError[39;49;00m([33m"[39;49;00m[33mclass fixtures not supported (maybe in the future)[39;49;00m[33m"[39;49;00m)[90m[39;49;00m
[1m[31mE   ValueError: class fixtures not supported (maybe in the future)[0m
[31m[1m________ ERROR collecting tests/test_degraded_state_server_behavior.py _________[0m
[31m.venv/lib/python3.13/site-packages/_pytest/python.py:508: in importtestmodule
    mod = import_path(
.venv/lib/python3.13/site-packages/_pytest/pathlib.py:596: in import_path
    importlib.import_module(module_name)
/usr/lib/python3.13/importlib/__init__.py:88: in import_module
    return _bootstrap._gcd_import(name[level:], package, level)
           ^^^^^^^^^^^^^^^^^^^^^^^^^^^^^^^^^^^^^^^^^^^^^^^^^^^^
<frozen importlib._bootstrap>:1387: in _gcd_import
    ???
<frozen importlib._bootstrap>:1360: in _find_and_load
    ???
<frozen importlib._bootstrap>:1331: in _find_and_load_unlocked
    ???
<frozen importlib._bootstrap>:935: in _load_unlocked
    ???
.venv/lib/python3.13/site-packages/_pytest/assertion/rewrite.py:179: in exec_module
    source_stat, co = _rewrite_test(fn, self.config)
                      ^^^^^^^^^^^^^^^^^^^^^^^^^^^^^^
.venv/lib/python3.13/site-packages/_pytest/assertion/rewrite.py:348: in _rewrite_test
    tree = ast.parse(source, filename=strfn)
           ^^^^^^^^^^^^^^^^^^^^^^^^^^^^^^^^^
/usr/lib/python3.13/ast.py:50: in parse
    return compile(source, filename, mode, flags,
E     File "/home/coding/aide-de-camp/tests/test_degraded_state_server_behavior.py", line 53
E       return FetchResult(
E   IndentationError: unexpected indent[0m
[31m[1m___________ ERROR collecting tests/test_dispatch_instrumentation.py ____________[0m
[31m.venv/lib/python3.13/site-packages/_pytest/python.py:508: in importtestmodule
    mod = import_path(
.venv/lib/python3.13/site-packages/_pytest/pathlib.py:596: in import_path
    importlib.import_module(module_name)
/usr/lib/python3.13/importlib/__init__.py:88: in import_module
    return _bootstrap._gcd_import(name[level:], package, level)
           ^^^^^^^^^^^^^^^^^^^^^^^^^^^^^^^^^^^^^^^^^^^^^^^^^^^^
<frozen importlib._bootstrap>:1387: in _gcd_import
    ???
<frozen importlib._bootstrap>:1360: in _find_and_load
    ???
<frozen importlib._bootstrap>:1331: in _find_and_load_unlocked
    ???
<frozen importlib._bootstrap>:935: in _load_unlocked
    ???
.venv/lib/python3.13/site-packages/_pytest/assertion/rewrite.py:179: in exec_module
    source_stat, co = _rewrite_test(fn, self.config)
                      ^^^^^^^^^^^^^^^^^^^^^^^^^^^^^^
.venv/lib/python3.13/site-packages/_pytest/assertion/rewrite.py:348: in _rewrite_test
    tree = ast.parse(source, filename=strfn)
           ^^^^^^^^^^^^^^^^^^^^^^^^^^^^^^^^^
/usr/lib/python3.13/ast.py:50: in parse
    return compile(source, filename, mode, flags,
E     File "/home/coding/aide-de-camp/tests/test_dispatch_instrumentation.py", line 52
E       Returns a callable that advances 100ms (0.1s) per call.
E   IndentationError: unexpected indent[0m
[31m[1m_______________ ERROR collecting tests/test_dispatch_timings.py ________________[0m
[1m[31mtests/test_dispatch_timings.py[0m:39: in <module>
    [0m[37m@pytest[39;49;00m.fixture[90m[39;49;00m
     ^^^^^^^^^^^^^^[90m[39;49;00m
[1m[31m.venv/lib/python3.13/site-packages/_pytest/fixtures.py[0m:1528: in fixture
    [0m[94mreturn[39;49;00m fixture_marker(fixture_function)[90m[39;49;00m
           ^^^^^^^^^^^^^^^^^^^^^^^^^^^^^^^^[90m[39;49;00m
[1m[31m.venv/lib/python3.13/site-packages/_pytest/fixtures.py[0m:1357: in __call__
    [0m[94mraise[39;49;00m [96mValueError[39;49;00m([33m"[39;49;00m[33mclass fixtures not supported (maybe in the future)[39;49;00m[33m"[39;49;00m)[90m[39;49;00m
[1m[31mE   ValueError: class fixtures not supported (maybe in the future)[0m
[31m[1m_____________ ERROR collecting tests/test_dispatch_timings_e2e.py ______________[0m
[1m[31mtests/test_dispatch_timings_e2e.py[0m:28: in <module>
    [0m[37m@pytest[39;49;00m.fixture[90m[39;49;00m
     ^^^^^^^^^^^^^^[90m[39;49;00m
[1m[31m.venv/lib/python3.13/site-packages/_pytest/fixtures.py[0m:1528: in fixture
    [0m[94mreturn[39;49;00m fixture_marker(fixture_function)[90m[39;49;00m
           ^^^^^^^^^^^^^^^^^^^^^^^^^^^^^^^^[90m[39;49;00m
[1m[31m.venv/lib/python3.13/site-packages/_pytest/fixtures.py[0m:1357: in __call__
    [0m[94mraise[39;49;00m [96mValueError[39;49;00m([33m"[39;49;00m[33mclass fixtures not supported (maybe in the future)[39;49;00m[33m"[39;49;00m)[90m[39;49;00m
[1m[31mE   ValueError: class fixtures not supported (maybe in the future)[0m
[31m[1m_______ ERROR collecting tests/test_e2e_dispatch_timing_verification.py ________[0m
[1m[31mtests/test_e2e_dispatch_timing_verification.py[0m:41: in <module>
    [0m[37m@pytest[39;49;00m.fixture[90m[39;49;00m
     ^^^^^^^^^^^^^^[90m[39;49;00m
[1m[31m.venv/lib/python3.13/site-packages/_pytest/fixtures.py[0m:1528: in fixture
    [0m[94mreturn[39;49;00m fixture_marker(fixture_function)[90m[39;49;00m
           ^^^^^^^^^^^^^^^^^^^^^^^^^^^^^^^^[90m[39;49;00m
[1m[31m.venv/lib/python3.13/site-packages/_pytest/fixtures.py[0m:1357: in __call__
    [0m[94mraise[39;49;00m [96mValueError[39;49;00m([33m"[39;49;00m[33mclass fixtures not supported (maybe in the future)[39;49;00m[33m"[39;49;00m)[90m[39;49;00m
[1m[31mE   ValueError: class fixtures not supported (maybe in the future)[0m
[31m[1m_______ ERROR collecting tests/test_escalate_handler_stuck_scenarios.py ________[0m
[1m[31mtests/test_escalate_handler_stuck_scenarios.py[0m:40: in <module>
    [0m[37m@pytest[39;49;00m.fixture[90m[39;49;00m
     ^^^^^^^^^^^^^^[90m[39;49;00m
[1m[31m.venv/lib/python3.13/site-packages/_pytest/fixtures.py[0m:1528: in fixture
    [0m[94mreturn[39;49;00m fixture_marker(fixture_function)[90m[39;49;00m
           ^^^^^^^^^^^^^^^^^^^^^^^^^^^^^^^^[90m[39;49;00m
[1m[31m.venv/lib/python3.13/site-packages/_pytest/fixtures.py[0m:1357: in __call__
    [0m[94mraise[39;49;00m [96mValueError[39;49;00m([33m"[39;49;00m[33mclass fixtures not supported (maybe in the future)[39;49;00m[33m"[39;49;00m)[90m[39;49;00m
[1m[31mE   ValueError: class fixtures not supported (maybe in the future)[0m
[31m[1m_____________ ERROR collecting tests/test_escalate_stuck_intent.py _____________[0m
[1m[31mtests/test_escalate_stuck_intent.py[0m:45: in <module>
    [0m[37m@pytest[39;49;00m.fixture[90m[39;49;00m
     ^^^^^^^^^^^^^^[90m[39;49;00m
[1m[31m.venv/lib/python3.13/site-packages/_pytest/fixtures.py[0m:1528: in fixture
    [0m[94mreturn[39;49;00m fixture_marker(fixture_function)[90m[39;49;00m
           ^^^^^^^^^^^^^^^^^^^^^^^^^^^^^^^^[90m[39;49;00m
[1m[31m.venv/lib/python3.13/site-packages/_pytest/fixtures.py[0m:1357: in __call__
    [0m[94mraise[39;49;00m [96mValueError[39;49;00m([33m"[39;49;00m[33mclass fixtures not supported (maybe in the future)[39;49;00m[33m"[39;49;00m)[90m[39;49;00m
[1m[31mE   ValueError: class fixtures not supported (maybe in the future)[0m
[31m[1m____________ ERROR collecting tests/test_failed_card_integration.py ____________[0m
[1m[31mtests/test_failed_card_integration.py[0m:32: in <module>
    [0m[37m@pytest[39;49;00m.fixture[90m[39;49;00m
     ^^^^^^^^^^^^^^[90m[39;49;00m
[1m[31m.venv/lib/python3.13/site-packages/_pytest/fixtures.py[0m:1528: in fixture
    [0m[94mreturn[39;49;00m fixture_marker(fixture_function)[90m[39;49;00m
           ^^^^^^^^^^^^^^^^^^^^^^^^^^^^^^^^[90m[39;49;00m
[1m[31m.venv/lib/python3.13/site-packages/_pytest/fixtures.py[0m:1365: in __call__
    [0mfail([90m[39;49;00m
[1m[31mE   Failed: Marks cannot be applied to fixtures.[0m
[1m[31mE   See docs: https://docs.pytest.org/en/stable/deprecations.html#applying-a-mark-to-a-fixture-function[0m
[31m[1m_________ ERROR collecting tests/test_monitoring_result_persistence.py _________[0m
[31m.venv/lib/python3.13/site-packages/_pytest/python.py:508: in importtestmodule
    mod = import_path(
.venv/lib/python3.13/site-packages/_pytest/pathlib.py:596: in import_path
    importlib.import_module(module_name)
/usr/lib/python3.13/importlib/__init__.py:88: in import_module
    return _bootstrap._gcd_import(name[level:], package, level)
           ^^^^^^^^^^^^^^^^^^^^^^^^^^^^^^^^^^^^^^^^^^^^^^^^^^^^
<frozen importlib._bootstrap>:1387: in _gcd_import
    ???
<frozen importlib._bootstrap>:1360: in _find_and_load
    ???
<frozen importlib._bootstrap>:1331: in _find_and_load_unlocked
    ???
<frozen importlib._bootstrap>:935: in _load_unlocked
    ???
.venv/lib/python3.13/site-packages/_pytest/assertion/rewrite.py:179: in exec_module
    source_stat, co = _rewrite_test(fn, self.config)
                      ^^^^^^^^^^^^^^^^^^^^^^^^^^^^^^
.venv/lib/python3.13/site-packages/_pytest/assertion/rewrite.py:348: in _rewrite_test
    tree = ast.parse(source, filename=strfn)
           ^^^^^^^^^^^^^^^^^^^^^^^^^^^^^^^^^
/usr/lib/python3.13/ast.py:50: in parse
    return compile(source, filename, mode, flags,
E     File "/home/coding/aide-de-camp/tests/test_monitoring_result_persistence.py", line 33
E       s = SessionStore(db_path)
E   IndentationError: unexpected indent[0m
[31m[1m________ ERROR collecting tests/test_permission_and_registry_errors.py _________[0m
[31mImportError while importing test module '/home/coding/aide-de-camp/tests/test_permission_and_registry_errors.py'.
Hint: make sure your test modules/packages have valid Python names.
Traceback:
/usr/lib/python3.13/importlib/__init__.py:88: in import_module
    return _bootstrap._gcd_import(name[level:], package, level)
           ^^^^^^^^^^^^^^^^^^^^^^^^^^^^^^^^^^^^^^^^^^^^^^^^^^^^
tests/test_permission_and_registry_errors.py:32: in <module>
    from components.hot_reload import (
src/components/__init__.py:2: in <module>
    from .hot_reload import HotReloadManager, get_reload_manager
src/components/hot_reload.py:25: in <module>
    from ..utils.atomic_write import atomic_write
E   ImportError: attempted relative import beyond top-level package[0m
[31m[1m______________ ERROR collecting tests/test_registry_hot_reload.py ______________[0m
[31mImportError while importing test module '/home/coding/aide-de-camp/tests/test_registry_hot_reload.py'.
Hint: make sure your test modules/packages have valid Python names.
Traceback:
/usr/lib/python3.13/importlib/__init__.py:88: in import_module
    return _bootstrap._gcd_import(name[level:], package, level)
           ^^^^^^^^^^^^^^^^^^^^^^^^^^^^^^^^^^^^^^^^^^^^^^^^^^^^
tests/test_registry_hot_reload.py:24: in <module>
    from registry import get_registry, REGISTRY_PATH, CACHE_TTL, get_project
src/registry.py:25: in <module>
    from .utils.atomic_write import atomic_write
E   ImportError: attempted relative import with no known parent package[0m
[31m[1m____ ERROR collecting tests/test_registry_hot_reload_new_infrastructure.py _____[0m
[31mImportError while importing test module '/home/coding/aide-de-camp/tests/test_registry_hot_reload_new_infrastructure.py'.
Hint: make sure your test modules/packages have valid Python names.
Traceback:
/usr/lib/python3.13/importlib/__init__.py:88: in import_module
    return _bootstrap._gcd_import(name[level:], package, level)
           ^^^^^^^^^^^^^^^^^^^^^^^^^^^^^^^^^^^^^^^^^^^^^^^^^^^^
tests/test_registry_hot_reload_new_infrastructure.py:18: in <module>
    from registry import get_registry, REGISTRY_PATH
src/registry.py:25: in <module>
    from .utils.atomic_write import atomic_write
E   ImportError: attempted relative import with no known parent package[0m
[31m[1m_________ ERROR collecting tests/test_session_storage_verification.py __________[0m
[31m.venv/lib/python3.13/site-packages/_pytest/python.py:508: in importtestmodule
    mod = import_path(
.venv/lib/python3.13/site-packages/_pytest/pathlib.py:596: in import_path
    importlib.import_module(module_name)
/usr/lib/python3.13/importlib/__init__.py:88: in import_module
    return _bootstrap._gcd_import(name[level:], package, level)
           ^^^^^^^^^^^^^^^^^^^^^^^^^^^^^^^^^^^^^^^^^^^^^^^^^^^^
<frozen importlib._bootstrap>:1387: in _gcd_import
    ???
<frozen importlib._bootstrap>:1360: in _find_and_load
    ???
<frozen importlib._bootstrap>:1331: in _find_and_load_unlocked
    ???
<frozen importlib._bootstrap>:935: in _load_unlocked
    ???
.venv/lib/python3.13/site-packages/_pytest/assertion/rewrite.py:179: in exec_module
    source_stat, co = _rewrite_test(fn, self.config)
                      ^^^^^^^^^^^^^^^^^^^^^^^^^^^^^^
.venv/lib/python3.13/site-packages/_pytest/assertion/rewrite.py:348: in _rewrite_test
    tree = ast.parse(source, filename=strfn)
           ^^^^^^^^^^^^^^^^^^^^^^^^^^^^^^^^^
/usr/lib/python3.13/ast.py:50: in parse
    return compile(source, filename, mode, flags,
E     File "/home/coding/aide-de-camp/tests/test_session_storage_verification.py", line 317
E       from src.session.store import SessionStore
E   IndentationError: unexpected indent[0m
[31m[1m____________ ERROR collecting tests/test_sse_broadcast_endpoint.py _____________[0m
[31m.venv/lib/python3.13/site-packages/_pytest/python.py:508: in importtestmodule
    mod = import_path(
.venv/lib/python3.13/site-packages/_pytest/pathlib.py:596: in import_path
    importlib.import_module(module_name)
/usr/lib/python3.13/importlib/__init__.py:88: in import_module
    return _bootstrap._gcd_import(name[level:], package, level)
           ^^^^^^^^^^^^^^^^^^^^^^^^^^^^^^^^^^^^^^^^^^^^^^^^^^^^
<frozen importlib._bootstrap>:1387: in _gcd_import
    ???
<frozen importlib._bootstrap>:1360: in _find_and_load
    ???
<frozen importlib._bootstrap>:1331: in _find_and_load_unlocked
    ???
<frozen importlib._bootstrap>:935: in _load_unlocked
    ???
.venv/lib/python3.13/site-packages/_pytest/assertion/rewrite.py:179: in exec_module
    source_stat, co = _rewrite_test(fn, self.config)
                      ^^^^^^^^^^^^^^^^^^^^^^^^^^^^^^
.venv/lib/python3.13/site-packages/_pytest/assertion/rewrite.py:348: in _rewrite_test
    tree = ast.parse(source, filename=strfn)
           ^^^^^^^^^^^^^^^^^^^^^^^^^^^^^^^^^
/usr/lib/python3.13/ast.py:50: in parse
    return compile(source, filename, mode, flags,
E     File "/home/coding/aide-de-camp/tests/test_sse_broadcast_endpoint.py", line 23
E       import src.session.store as store_mod
E   IndentationError: unexpected indent[0m
[31m[1m_______ ERROR collecting tests/test_sse_broadcast_from_test_endpoint.py ________[0m
[1m[31mtests/test_sse_broadcast_from_test_endpoint.py[0m:24: in <module>
    [0m[37m@pytest[39;49;00m.fixture[90m[39;49;00m
     ^^^^^^^^^^^^^^[90m[39;49;00m
[1m[31m.venv/lib/python3.13/site-packages/_pytest/fixtures.py[0m:1528: in fixture
    [0m[94mreturn[39;49;00m fixture_marker(fixture_function)[90m[39;49;00m
           ^^^^^^^^^^^^^^^^^^^^^^^^^^^^^^^^[90m[39;49;00m
[1m[31m.venv/lib/python3.13/site-packages/_pytest/fixtures.py[0m:1357: in __call__
    [0m[94mraise[39;49;00m [96mValueError[39;49;00m([33m"[39;49;00m[33mclass fixtures not supported (maybe in the future)[39;49;00m[33m"[39;49;00m)[90m[39;49;00m
[1m[31mE   ValueError: class fixtures not supported (maybe in the future)[0m
[31m[1m__________ ERROR collecting tests/test_sse_broadcast_test_endpoint.py __________[0m
[31m.venv/lib/python3.13/site-packages/_pytest/python.py:508: in importtestmodule
    mod = import_path(
.venv/lib/python3.13/site-packages/_pytest/pathlib.py:596: in import_path
    importlib.import_module(module_name)
/usr/lib/python3.13/importlib/__init__.py:88: in import_module
    return _bootstrap._gcd_import(name[level:], package, level)
           ^^^^^^^^^^^^^^^^^^^^^^^^^^^^^^^^^^^^^^^^^^^^^^^^^^^^
<frozen importlib._bootstrap>:1387: in _gcd_import
    ???
<frozen importlib._bootstrap>:1360: in _find_and_load
    ???
<frozen importlib._bootstrap>:1331: in _find_and_load_unlocked
    ???
<frozen importlib._bootstrap>:935: in _load_unlocked
    ???
.venv/lib/python3.13/site-packages/_pytest/assertion/rewrite.py:179: in exec_module
    source_stat, co = _rewrite_test(fn, self.config)
                      ^^^^^^^^^^^^^^^^^^^^^^^^^^^^^^
.venv/lib/python3.13/site-packages/_pytest/assertion/rewrite.py:348: in _rewrite_test
    tree = ast.parse(source, filename=strfn)
           ^^^^^^^^^^^^^^^^^^^^^^^^^^^^^^^^^
/usr/lib/python3.13/ast.py:50: in parse
    return compile(source, filename, mode, flags,
E     File "/home/coding/aide-de-camp/tests/test_sse_broadcast_test_endpoint.py", line 25
E       import src.session.store as store_mod
E   IndentationError: unexpected indent[0m
[31m[1m__________ ERROR collecting tests/test_sse_stuck_failed_broadcasts.py __________[0m
[1m[31mtests/test_sse_stuck_failed_broadcasts.py[0m:45: in <module>
    [0m[37m@pytest[39;49;00m.fixture[90m[39;49;00m
     ^^^^^^^^^^^^^^[90m[39;49;00m
[1m[31m.venv/lib/python3.13/site-packages/_pytest/fixtures.py[0m:1528: in fixture
    [0m[94mreturn[39;49;00m fixture_marker(fixture_function)[90m[39;49;00m
           ^^^^^^^^^^^^^^^^^^^^^^^^^^^^^^^^[90m[39;49;00m
[1m[31m.venv/lib/python3.13/site-packages/_pytest/fixtures.py[0m:1357: in __call__
    [0m[94mraise[39;49;00m [96mValueError[39;49;00m([33m"[39;49;00m[33mclass fixtures not supported (maybe in the future)[39;49;00m[33m"[39;49;00m)[90m[39;49;00m
[1m[31mE   ValueError: class fixtures not supported (maybe in the future)[0m
[31m[1m____________ ERROR collecting tests/test_stuck_card_integration.py _____________[0m
[1m[31mtests/test_stuck_card_integration.py[0m:33: in <module>
    [0m[37m@pytest[39;49;00m.fixture[90m[39;49;00m
     ^^^^^^^^^^^^^^[90m[39;49;00m
[1m[31m.venv/lib/python3.13/site-packages/_pytest/fixtures.py[0m:1528: in fixture
    [0m[94mreturn[39;49;00m fixture_marker(fixture_function)[90m[39;49;00m
           ^^^^^^^^^^^^^^^^^^^^^^^^^^^^^^^^[90m[39;49;00m
[1m[31m.venv/lib/python3.13/site-packages/_pytest/fixtures.py[0m:1365: in __call__
    [0mfail([90m[39;49;00m
[1m[31mE   Failed: Marks cannot be applied to fixtures.[0m
[1m[31mE   See docs: https://docs.pytest.org/en/stable/deprecations.html#applying-a-mark-to-a-fixture-function[0m
[31m[1m______________ ERROR collecting tests/test_stuck_failed_cards.py _______________[0m
[1m[31mtests/test_stuck_failed_cards.py[0m:32: in <module>
    [0m[37m@pytest[39;49;00m.fixture[90m[39;49;00m
     ^^^^^^^^^^^^^^[90m[39;49;00m
[1m[31m.venv/lib/python3.13/site-packages/_pytest/fixtures.py[0m:1528: in fixture
    [0m[94mreturn[39;49;00m fixture_marker(fixture_function)[90m[39;49;00m
           ^^^^^^^^^^^^^^^^^^^^^^^^^^^^^^^^[90m[39;49;00m
[1m[31m.venv/lib/python3.13/site-packages/_pytest/fixtures.py[0m:1357: in __call__
    [0m[94mraise[39;49;00m [96mValueError[39;49;00m([33m"[39;49;00m[33mclass fixtures not supported (maybe in the future)[39;49;00m[33m"[39;49;00m)[90m[39;49;00m
[1m[31mE   ValueError: class fixtures not supported (maybe in the future)[0m
[31m[1m__________ ERROR collecting tests/test_synthetic_dispatch_storage.py ___________[0m
[31m.venv/lib/python3.13/site-packages/_pytest/python.py:508: in importtestmodule
    mod = import_path(
.venv/lib/python3.13/site-packages/_pytest/pathlib.py:596: in import_path
    importlib.import_module(module_name)
/usr/lib/python3.13/importlib/__init__.py:88: in import_module
    return _bootstrap._gcd_import(name[level:], package, level)
           ^^^^^^^^^^^^^^^^^^^^^^^^^^^^^^^^^^^^^^^^^^^^^^^^^^^^
<frozen importlib._bootstrap>:1387: in _gcd_import
    ???
<frozen importlib._bootstrap>:1360: in _find_and_load
    ???
<frozen importlib._bootstrap>:1331: in _find_and_load_unlocked
    ???
<frozen importlib._bootstrap>:935: in _load_unlocked
    ???
.venv/lib/python3.13/site-packages/_pytest/assertion/rewrite.py:179: in exec_module
    source_stat, co = _rewrite_test(fn, self.config)
                      ^^^^^^^^^^^^^^^^^^^^^^^^^^^^^^
.venv/lib/python3.13/site-packages/_pytest/assertion/rewrite.py:348: in _rewrite_test
    tree = ast.parse(source, filename=strfn)
           ^^^^^^^^^^^^^^^^^^^^^^^^^^^^^^^^^
/usr/lib/python3.13/ast.py:50: in parse
    return compile(source, filename, mode, flags,
E     File "/home/coding/aide-de-camp/tests/test_synthetic_dispatch_storage.py", line 37
E       TEST_SYNTHETIC_PAYLOAD = {
E       ^^^^^^^^^^^^^^^^^^^^^^
E   SyntaxError: invalid syntax[0m
[31m[1m________ ERROR collecting tests/test_utterance_linkage_verification.py _________[0m
[31m.venv/lib/python3.13/site-packages/_pytest/python.py:508: in importtestmodule
    mod = import_path(
.venv/lib/python3.13/site-packages/_pytest/pathlib.py:596: in import_path
    importlib.import_module(module_name)
/usr/lib/python3.13/importlib/__init__.py:88: in import_module
    return _bootstrap._gcd_import(name[level:], package, level)
           ^^^^^^^^^^^^^^^^^^^^^^^^^^^^^^^^^^^^^^^^^^^^^^^^^^^^
<frozen importlib._bootstrap>:1387: in _gcd_import
    ???
<frozen importlib._bootstrap>:1360: in _find_and_load
    ???
<frozen importlib._bootstrap>:1331: in _find_and_load_unlocked
    ???
<frozen importlib._bootstrap>:935: in _load_unlocked
    ???
.venv/lib/python3.13/site-packages/_pytest/assertion/rewrite.py:179: in exec_module
    source_stat, co = _rewrite_test(fn, self.config)
                      ^^^^^^^^^^^^^^^^^^^^^^^^^^^^^^
.venv/lib/python3.13/site-packages/_pytest/assertion/rewrite.py:348: in _rewrite_test
    tree = ast.parse(source, filename=strfn)
           ^^^^^^^^^^^^^^^^^^^^^^^^^^^^^^^^^
/usr/lib/python3.13/ast.py:50: in parse
    return compile(source, filename, mode, flags,
E     File "/home/coding/aide-de-camp/tests/test_utterance_linkage_verification.py", line 29
E       VERIFICATION_TEST_PAYLOAD = {
E       ^^^^^^^^^^^^^^^^^^^^^^^^^
E   SyntaxError: invalid syntax[0m
[33m=============================== warnings summary ===============================[0m
tests/helpers/test_data_utils.py:28
  /home/coding/aide-de-camp/tests/helpers/test_data_utils.py:28: PytestCollectionWarning: cannot collect test class 'TestDataInjectionError' because it has a __init__ constructor (from: tests/helpers/test_data_utils.py)
    class TestDataInjectionError(Exception):

tests/helpers/test_data_utils.py:33
  /home/coding/aide-de-camp/tests/helpers/test_data_utils.py:33: PytestCollectionWarning: cannot collect test class 'TestSessionCreationError' because it has a __init__ constructor (from: tests/helpers/test_data_utils.py)
    class TestSessionCreationError(TestDataInjectionError):

tests/helpers/test_data_utils.py:38
  /home/coding/aide-de-camp/tests/helpers/test_data_utils.py:38: PytestCollectionWarning: cannot collect test class 'TestTopicCreationError' because it has a __init__ constructor (from: tests/helpers/test_data_utils.py)
    class TestTopicCreationError(TestDataInjectionError):

tests/helpers/test_data_utils.py:43
  /home/coding/aide-de-camp/tests/helpers/test_data_utils.py:43: PytestCollectionWarning: cannot collect test class 'TestCleanupError' because it has a __init__ constructor (from: tests/helpers/test_data_utils.py)
    class TestCleanupError(TestDataInjectionError):

tests/helpers/test_data_utils.py:48
  /home/coding/aide-de-camp/tests/helpers/test_data_utils.py:48: PytestCollectionWarning: cannot collect test class 'TestDatabaseConfig' because it has a __init__ constructor (from: tests/helpers/test_data_utils.py)
    class TestDatabaseConfig:

tests/helpers/test_data_utils.py:104
  /home/coding/aide-de-camp/tests/helpers/test_data_utils.py:104: PytestCollectionWarning: cannot collect test class 'TestAPIClient' because it has a __init__ constructor (from: tests/helpers/test_data_utils.py)
    class TestAPIClient:

tests/helpers/test_data_utils.py:192
  /home/coding/aide-de-camp/tests/helpers/test_data_utils.py:192: PytestCollectionWarning: cannot collect test class 'TestSessionManager' because it has a __init__ constructor (from: tests/helpers/test_data_utils.py)
    class TestSessionManager:

tests/helpers/test_data_utils.py:332
  /home/coding/aide-de-camp/tests/helpers/test_data_utils.py:332: PytestCollectionWarning: cannot collect test class 'TestTopicManager' because it has a __init__ constructor (from: tests/helpers/test_data_utils.py)
    class TestTopicManager:

tests/helpers/test_data_utils.py:439
  /home/coding/aide-de-camp/tests/helpers/test_data_utils.py:439: PytestCollectionWarning: cannot collect test class 'TestDataCleanup' because it has a __init__ constructor (from: tests/helpers/test_data_utils.py)
    class TestDataCleanup:

src/test/utilities.py:19
  /home/coding/aide-de-camp/src/test/utilities.py:19: PytestCollectionWarning: cannot collect test class 'TestSessionClient' because it has a __init__ constructor (from: tests/test_canvas_data_injection.py)
    class TestSessionClient:

src/test/utilities.py:387
  /home/coding/aide-de-camp/src/test/utilities.py:387: PytestCollectionWarning: cannot collect test class 'TestFixture' because it has a __init__ constructor (from: tests/test_canvas_data_injection.py)
    class TestFixture:

src/test/dispatch.py:24
  /home/coding/aide-de-camp/src/test/dispatch.py:24: PytestCollectionWarning: cannot collect test class 'TestDispatchRequest' because it has a __init__ constructor (from: tests/test_dispatch_comparison.py)
    class TestDispatchRequest(BaseModel):

src/test/dispatch.py:24
  /home/coding/aide-de-camp/src/test/dispatch.py:24: PytestCollectionWarning: cannot collect test class 'TestDispatchRequest' because it has a __init__ constructor (from: tests/test_dispatch_storage_and_sse.py)
    class TestDispatchRequest(BaseModel):

tests/helpers/endpoint_comparison.py:39
  /home/coding/aide-de-camp/tests/helpers/endpoint_comparison.py:39: PytestCollectionWarning: cannot collect test class 'TestEndpointError' because it has a __init__ constructor (from: tests/test_endpoint_comparison_utils.py)
    class TestEndpointError(EndpointComparisonError):

scripts/run_tests_repeatedly.py:86
  /home/coding/aide-de-camp/scripts/run_tests_repeatedly.py:86: PytestCollectionWarning: cannot collect test class 'TestRepeatRunner' because it has a __init__ constructor (from: tests/test_table_state_verification_integration.py)
    class TestRepeatRunner:

scripts/run_tests_repeatedly.py:36
  /home/coding/aide-de-camp/scripts/run_tests_repeatedly.py:36: PytestCollectionWarning: cannot collect test class 'TestResult' because it has a __init__ constructor (from: tests/test_table_state_verification_integration.py)
    @dataclass

-- Docs: https://docs.pytest.org/en/stable/how-to/capture-warnings.html
[36m[1m=========================== short test summary info ============================[0m
[31mERROR[0m tests/e2e/test_canvas_navigation.py
[31mERROR[0m tests/test_ambient_fetch_and_diff.py - Failed: Marks cannot be applied to fixtures.
[31mERROR[0m tests/test_ambient_rule_engine.py
[31mERROR[0m tests/test_backend_stuck_failed_cards.py - ValueError: class fixtures not supported (maybe in the future)
[31mERROR[0m tests/test_bead_watcher_integration.py - Failed: Marks cannot be applied to fixtures.
[31mERROR[0m tests/test_canvas_component_cards.py
[31mERROR[0m tests/test_card_cache.py - ValueError: class fixtures not supported (maybe in the future)
[31mERROR[0m tests/test_card_dismissal_db_verification.py
[31mERROR[0m tests/test_card_dismissal_helpers.py
[31mERROR[0m tests/test_circuit_breaker.py
[31mERROR[0m tests/test_client_timings_api.py - ValueError: class fixtures not supported (maybe in the future)
[31mERROR[0m tests/test_comprehensive_stuck_failed_flows.py - ValueError: class fixtures not supported (maybe in the future)
[31mERROR[0m tests/test_degraded_state_server_behavior.py
[31mERROR[0m tests/test_dispatch_instrumentation.py
[31mERROR[0m tests/test_dispatch_timings.py - ValueError: class fixtures not supported (maybe in the future)
[31mERROR[0m tests/test_dispatch_timings_e2e.py - ValueError: class fixtures not supported (maybe in the future)
[31mERROR[0m tests/test_e2e_dispatch_timing_verification.py - ValueError: class fixtures not supported (maybe in the future)
[31mERROR[0m tests/test_escalate_handler_stuck_scenarios.py - ValueError: class fixtures not supported (maybe in the future)
[31mERROR[0m tests/test_escalate_stuck_intent.py - ValueError: class fixtures not supported (maybe in the future)
[31mERROR[0m tests/test_failed_card_integration.py - Failed: Marks cannot be applied to fixtures.
[31mERROR[0m tests/test_monitoring_result_persistence.py
[31mERROR[0m tests/test_permission_and_registry_errors.py
[31mERROR[0m tests/test_registry_hot_reload.py
[31mERROR[0m tests/test_registry_hot_reload_new_infrastructure.py
[31mERROR[0m tests/test_session_storage_verification.py
[31mERROR[0m tests/test_sse_broadcast_endpoint.py
[31mERROR[0m tests/test_sse_broadcast_from_test_endpoint.py - ValueError: class fixtures not supported (maybe in the future)
[31mERROR[0m tests/test_sse_broadcast_test_endpoint.py
[31mERROR[0m tests/test_sse_stuck_failed_broadcasts.py - ValueError: class fixtures not supported (maybe in the future)
[31mERROR[0m tests/test_stuck_card_integration.py - Failed: Marks cannot be applied to fixtures.
[31mERROR[0m tests/test_stuck_failed_cards.py - ValueError: class fixtures not supported (maybe in the future)
[31mERROR[0m tests/test_synthetic_dispatch_storage.py
[31mERROR[0m tests/test_utterance_linkage_verification.py
!!!!!!!!!!!!!!!!!!! Interrupted: 33 errors during collection !!!!!!!!!!!!!!!!!!!
[31m[33m1 skipped[0m, [33m16 warnings[0m, [31m[1m33 errors[0m[31m in 1.47s[0m[0m
✅ Results: 0/0 passed (0.0%)
   Duration: 1.62s

🔄 Run 3/5

==================================== ERRORS ====================================
[31m[1m_____________ ERROR collecting tests/e2e/test_canvas_navigation.py _____________[0m
[31mImportError while importing test module '/home/coding/aide-de-camp/tests/e2e/test_canvas_navigation.py'.
Hint: make sure your test modules/packages have valid Python names.
Traceback:
/usr/lib/python3.13/importlib/__init__.py:88: in import_module
    return _bootstrap._gcd_import(name[level:], package, level)
           ^^^^^^^^^^^^^^^^^^^^^^^^^^^^^^^^^^^^^^^^^^^^^^^^^^^^
tests/e2e/test_canvas_navigation.py:9: in <module>
    from playwright.async_api import Page, TimeoutError
E   ModuleNotFoundError: No module named 'playwright'[0m
[31m[1m____________ ERROR collecting tests/test_ambient_fetch_and_diff.py _____________[0m
[1m[31mtests/test_ambient_fetch_and_diff.py[0m:44: in <module>
    [0m[37m@pytest[39;49;00m.fixture[90m[39;49;00m
     ^^^^^^^^^^^^^^[90m[39;49;00m
[1m[31m.venv/lib/python3.13/site-packages/_pytest/fixtures.py[0m:1528: in fixture
    [0m[94mreturn[39;49;00m fixture_marker(fixture_function)[90m[39;49;00m
           ^^^^^^^^^^^^^^^^^^^^^^^^^^^^^^^^[90m[39;49;00m
[1m[31m.venv/lib/python3.13/site-packages/_pytest/fixtures.py[0m:1365: in __call__
    [0mfail([90m[39;49;00m
[1m[31mE   Failed: Marks cannot be applied to fixtures.[0m
[1m[31mE   See docs: https://docs.pytest.org/en/stable/deprecations.html#applying-a-mark-to-a-fixture-function[0m
[31m[1m______________ ERROR collecting tests/test_ambient_rule_engine.py ______________[0m
[31m.venv/lib/python3.13/site-packages/_pytest/python.py:508: in importtestmodule
    mod = import_path(
.venv/lib/python3.13/site-packages/_pytest/pathlib.py:596: in import_path
    importlib.import_module(module_name)
/usr/lib/python3.13/importlib/__init__.py:88: in import_module
    return _bootstrap._gcd_import(name[level:], package, level)
           ^^^^^^^^^^^^^^^^^^^^^^^^^^^^^^^^^^^^^^^^^^^^^^^^^^^^
<frozen importlib._bootstrap>:1387: in _gcd_import
    ???
<frozen importlib._bootstrap>:1360: in _find_and_load
    ???
<frozen importlib._bootstrap>:1331: in _find_and_load_unlocked
    ???
<frozen importlib._bootstrap>:935: in _load_unlocked
    ???
.venv/lib/python3.13/site-packages/_pytest/assertion/rewrite.py:179: in exec_module
    source_stat, co = _rewrite_test(fn, self.config)
                      ^^^^^^^^^^^^^^^^^^^^^^^^^^^^^^
.venv/lib/python3.13/site-packages/_pytest/assertion/rewrite.py:348: in _rewrite_test
    tree = ast.parse(source, filename=strfn)
           ^^^^^^^^^^^^^^^^^^^^^^^^^^^^^^^^^
/usr/lib/python3.13/ast.py:50: in parse
    return compile(source, filename, mode, flags,
E     File "/home/coding/aide-de-camp/tests/test_ambient_rule_engine.py", line 28
E       s = SessionStore(db_path)
E   IndentationError: unexpected indent[0m
[31m[1m__________ ERROR collecting tests/test_backend_stuck_failed_cards.py ___________[0m
[1m[31mtests/test_backend_stuck_failed_cards.py[0m:44: in <module>
    [0m[37m@pytest[39;49;00m.fixture[90m[39;49;00m
     ^^^^^^^^^^^^^^[90m[39;49;00m
[1m[31m.venv/lib/python3.13/site-packages/_pytest/fixtures.py[0m:1528: in fixture
    [0m[94mreturn[39;49;00m fixture_marker(fixture_function)[90m[39;49;00m
           ^^^^^^^^^^^^^^^^^^^^^^^^^^^^^^^^[90m[39;49;00m
[1m[31m.venv/lib/python3.13/site-packages/_pytest/fixtures.py[0m:1357: in __call__
    [0m[94mraise[39;49;00m [96mValueError[39;49;00m([33m"[39;49;00m[33mclass fixtures not supported (maybe in the future)[39;49;00m[33m"[39;49;00m)[90m[39;49;00m
[1m[31mE   ValueError: class fixtures not supported (maybe in the future)[0m
[31m[1m___________ ERROR collecting tests/test_bead_watcher_integration.py ____________[0m
[1m[31mtests/test_bead_watcher_integration.py[0m:33: in <module>
    [0m[37m@pytest[39;49;00m.fixture[90m[39;49;00m
     ^^^^^^^^^^^^^^[90m[39;49;00m
[1m[31m.venv/lib/python3.13/site-packages/_pytest/fixtures.py[0m:1528: in fixture
    [0m[94mreturn[39;49;00m fixture_marker(fixture_function)[90m[39;49;00m
           ^^^^^^^^^^^^^^^^^^^^^^^^^^^^^^^^[90m[39;49;00m
[1m[31m.venv/lib/python3.13/site-packages/_pytest/fixtures.py[0m:1365: in __call__
    [0mfail([90m[39;49;00m
[1m[31mE   Failed: Marks cannot be applied to fixtures.[0m
[1m[31mE   See docs: https://docs.pytest.org/en/stable/deprecations.html#applying-a-mark-to-a-fixture-function[0m
[31m[1m____________ ERROR collecting tests/test_canvas_component_cards.py _____________[0m
[31mImportError while importing test module '/home/coding/aide-de-camp/tests/test_canvas_component_cards.py'.
Hint: make sure your test modules/packages have valid Python names.
Traceback:
/usr/lib/python3.13/importlib/__init__.py:88: in import_module
    return _bootstrap._gcd_import(name[level:], package, level)
           ^^^^^^^^^^^^^^^^^^^^^^^^^^^^^^^^^^^^^^^^^^^^^^^^^^^^
tests/test_canvas_component_cards.py:24: in <module>
    from tests.e2e.canvas_render import node_available, render_component_card, render_component_cards
E   ImportError: cannot import name 'render_component_card' from 'tests.e2e.canvas_render' (/home/coding/aide-de-camp/tests/e2e/canvas_render.py)[0m
[31m[1m__________________ ERROR collecting tests/test_card_cache.py ___________________[0m
[1m[31mtests/test_card_cache.py[0m:22: in <module>
    [0m[37m@pytest[39;49;00m.fixture(scope=[33m"[39;49;00m[33mfunction[39;49;00m[33m"[39;49;00m)[90m[39;49;00m
     ^^^^^^^^^^^^^^^^^^^^^^^^^^^^^^^^[90m[39;49;00m
[1m[31m.venv/lib/python3.13/site-packages/_pytest/fixtures.py[0m:1357: in __call__
    [0m[94mraise[39;49;00m [96mValueError[39;49;00m([33m"[39;49;00m[33mclass fixtures not supported (maybe in the future)[39;49;00m[33m"[39;49;00m)[90m[39;49;00m
[1m[31mE   ValueError: class fixtures not supported (maybe in the future)[0m
[31m[1m________ ERROR collecting tests/test_card_dismissal_db_verification.py _________[0m
[31m.venv/lib/python3.13/site-packages/_pytest/python.py:508: in importtestmodule
    mod = import_path(
.venv/lib/python3.13/site-packages/_pytest/pathlib.py:596: in import_path
    importlib.import_module(module_name)
/usr/lib/python3.13/importlib/__init__.py:88: in import_module
    return _bootstrap._gcd_import(name[level:], package, level)
           ^^^^^^^^^^^^^^^^^^^^^^^^^^^^^^^^^^^^^^^^^^^^^^^^^^^^
<frozen importlib._bootstrap>:1387: in _gcd_import
    ???
<frozen importlib._bootstrap>:1360: in _find_and_load
    ???
<frozen importlib._bootstrap>:1331: in _find_and_load_unlocked
    ???
<frozen importlib._bootstrap>:935: in _load_unlocked
    ???
.venv/lib/python3.13/site-packages/_pytest/assertion/rewrite.py:188: in exec_module
    exec(co, module.__dict__)
tests/test_card_dismissal_db_verification.py:21: in <module>
    from tests.card_dismissal_helpers import (
E     File "/home/coding/aide-de-camp/tests/card_dismissal_helpers.py", line 39
E       async def create_test_session(test_db_store | None = None, tmp_path: Path | None = None) -> tuple[SessionStore, str]:
E                                                   ^
E   SyntaxError: invalid syntax[0m
[31m[1m____________ ERROR collecting tests/test_card_dismissal_helpers.py _____________[0m
[31m.venv/lib/python3.13/site-packages/_pytest/python.py:508: in importtestmodule
    mod = import_path(
.venv/lib/python3.13/site-packages/_pytest/pathlib.py:596: in import_path
    importlib.import_module(module_name)
/usr/lib/python3.13/importlib/__init__.py:88: in import_module
    return _bootstrap._gcd_import(name[level:], package, level)
           ^^^^^^^^^^^^^^^^^^^^^^^^^^^^^^^^^^^^^^^^^^^^^^^^^^^^
<frozen importlib._bootstrap>:1387: in _gcd_import
    ???
<frozen importlib._bootstrap>:1360: in _find_and_load
    ???
<frozen importlib._bootstrap>:1331: in _find_and_load_unlocked
    ???
<frozen importlib._bootstrap>:935: in _load_unlocked
    ???
.venv/lib/python3.13/site-packages/_pytest/assertion/rewrite.py:188: in exec_module
    exec(co, module.__dict__)
tests/test_card_dismissal_helpers.py:9: in <module>
    from tests.card_dismissal_helpers import (
E     File "/home/coding/aide-de-camp/tests/card_dismissal_helpers.py", line 39
E       async def create_test_session(test_db_store | None = None, tmp_path: Path | None = None) -> tuple[SessionStore, str]:
E                                                   ^
E   SyntaxError: invalid syntax[0m
[31m[1m________________ ERROR collecting tests/test_circuit_breaker.py ________________[0m
[31m.venv/lib/python3.13/site-packages/_pytest/python.py:508: in importtestmodule
    mod = import_path(
.venv/lib/python3.13/site-packages/_pytest/pathlib.py:596: in import_path
    importlib.import_module(module_name)
/usr/lib/python3.13/importlib/__init__.py:88: in import_module
    return _bootstrap._gcd_import(name[level:], package, level)
           ^^^^^^^^^^^^^^^^^^^^^^^^^^^^^^^^^^^^^^^^^^^^^^^^^^^^
<frozen importlib._bootstrap>:1387: in _gcd_import
    ???
<frozen importlib._bootstrap>:1360: in _find_and_load
    ???
<frozen importlib._bootstrap>:1331: in _find_and_load_unlocked
    ???
<frozen importlib._bootstrap>:935: in _load_unlocked
    ???
.venv/lib/python3.13/site-packages/_pytest/assertion/rewrite.py:179: in exec_module
    source_stat, co = _rewrite_test(fn, self.config)
                      ^^^^^^^^^^^^^^^^^^^^^^^^^^^^^^
.venv/lib/python3.13/site-packages/_pytest/assertion/rewrite.py:348: in _rewrite_test
    tree = ast.parse(source, filename=strfn)
           ^^^^^^^^^^^^^^^^^^^^^^^^^^^^^^^^^
/usr/lib/python3.13/ast.py:50: in parse
    return compile(source, filename, mode, flags,
E     File "/home/coding/aide-de-camp/tests/test_circuit_breaker.py", line 42
E       with tempfile.NamedTemporaryFile(suffix=".db", delete=False) as f:
E   IndentationError: unexpected indent[0m
[31m[1m______________ ERROR collecting tests/test_client_timings_api.py _______________[0m
[1m[31mtests/test_client_timings_api.py[0m:30: in <module>
    [0m[37m@pytest[39;49;00m.fixture[90m[39;49;00m
     ^^^^^^^^^^^^^^[90m[39;49;00m
[1m[31m.venv/lib/python3.13/site-packages/_pytest/fixtures.py[0m:1528: in fixture
    [0m[94mreturn[39;49;00m fixture_marker(fixture_function)[90m[39;49;00m
           ^^^^^^^^^^^^^^^^^^^^^^^^^^^^^^^^[90m[39;49;00m
[1m[31m.venv/lib/python3.13/site-packages/_pytest/fixtures.py[0m:1357: in __call__
    [0m[94mraise[39;49;00m [96mValueError[39;49;00m([33m"[39;49;00m[33mclass fixtures not supported (maybe in the future)[39;49;00m[33m"[39;49;00m)[90m[39;49;00m
[1m[31mE   ValueError: class fixtures not supported (maybe in the future)[0m
[31m[1m_______ ERROR collecting tests/test_comprehensive_stuck_failed_flows.py ________[0m
[1m[31mtests/test_comprehensive_stuck_failed_flows.py[0m:46: in <module>
    [0m[37m@pytest[39;49;00m.fixture[90m[39;49;00m
     ^^^^^^^^^^^^^^[90m[39;49;00m
[1m[31m.venv/lib/python3.13/site-packages/_pytest/fixtures.py[0m:1528: in fixture
    [0m[94mreturn[39;49;00m fixture_marker(fixture_function)[90m[39;49;00m
           ^^^^^^^^^^^^^^^^^^^^^^^^^^^^^^^^[90m[39;49;00m
[1m[31m.venv/lib/python3.13/site-packages/_pytest/fixtures.py[0m:1357: in __call__
    [0m[94mraise[39;49;00m [96mValueError[39;49;00m([33m"[39;49;00m[33mclass fixtures not supported (maybe in the future)[39;49;00m[33m"[39;49;00m)[90m[39;49;00m
[1m[31mE   ValueError: class fixtures not supported (maybe in the future)[0m
[31m[1m________ ERROR collecting tests/test_degraded_state_server_behavior.py _________[0m
[31m.venv/lib/python3.13/site-packages/_pytest/python.py:508: in importtestmodule
    mod = import_path(
.venv/lib/python3.13/site-packages/_pytest/pathlib.py:596: in import_path
    importlib.import_module(module_name)
/usr/lib/python3.13/importlib/__init__.py:88: in import_module
    return _bootstrap._gcd_import(name[level:], package, level)
           ^^^^^^^^^^^^^^^^^^^^^^^^^^^^^^^^^^^^^^^^^^^^^^^^^^^^
<frozen importlib._bootstrap>:1387: in _gcd_import
    ???
<frozen importlib._bootstrap>:1360: in _find_and_load
    ???
<frozen importlib._bootstrap>:1331: in _find_and_load_unlocked
    ???
<frozen importlib._bootstrap>:935: in _load_unlocked
    ???
.venv/lib/python3.13/site-packages/_pytest/assertion/rewrite.py:179: in exec_module
    source_stat, co = _rewrite_test(fn, self.config)
                      ^^^^^^^^^^^^^^^^^^^^^^^^^^^^^^
.venv/lib/python3.13/site-packages/_pytest/assertion/rewrite.py:348: in _rewrite_test
    tree = ast.parse(source, filename=strfn)
           ^^^^^^^^^^^^^^^^^^^^^^^^^^^^^^^^^
/usr/lib/python3.13/ast.py:50: in parse
    return compile(source, filename, mode, flags,
E     File "/home/coding/aide-de-camp/tests/test_degraded_state_server_behavior.py", line 53
E       return FetchResult(
E   IndentationError: unexpected indent[0m
[31m[1m___________ ERROR collecting tests/test_dispatch_instrumentation.py ____________[0m
[31m.venv/lib/python3.13/site-packages/_pytest/python.py:508: in importtestmodule
    mod = import_path(
.venv/lib/python3.13/site-packages/_pytest/pathlib.py:596: in import_path
    importlib.import_module(module_name)
/usr/lib/python3.13/importlib/__init__.py:88: in import_module
    return _bootstrap._gcd_import(name[level:], package, level)
           ^^^^^^^^^^^^^^^^^^^^^^^^^^^^^^^^^^^^^^^^^^^^^^^^^^^^
<frozen importlib._bootstrap>:1387: in _gcd_import
    ???
<frozen importlib._bootstrap>:1360: in _find_and_load
    ???
<frozen importlib._bootstrap>:1331: in _find_and_load_unlocked
    ???
<frozen importlib._bootstrap>:935: in _load_unlocked
    ???
.venv/lib/python3.13/site-packages/_pytest/assertion/rewrite.py:179: in exec_module
    source_stat, co = _rewrite_test(fn, self.config)
                      ^^^^^^^^^^^^^^^^^^^^^^^^^^^^^^
.venv/lib/python3.13/site-packages/_pytest/assertion/rewrite.py:348: in _rewrite_test
    tree = ast.parse(source, filename=strfn)
           ^^^^^^^^^^^^^^^^^^^^^^^^^^^^^^^^^
/usr/lib/python3.13/ast.py:50: in parse
    return compile(source, filename, mode, flags,
E     File "/home/coding/aide-de-camp/tests/test_dispatch_instrumentation.py", line 52
E       Returns a callable that advances 100ms (0.1s) per call.
E   IndentationError: unexpected indent[0m
[31m[1m_______________ ERROR collecting tests/test_dispatch_timings.py ________________[0m
[1m[31mtests/test_dispatch_timings.py[0m:39: in <module>
    [0m[37m@pytest[39;49;00m.fixture[90m[39;49;00m
     ^^^^^^^^^^^^^^[90m[39;49;00m
[1m[31m.venv/lib/python3.13/site-packages/_pytest/fixtures.py[0m:1528: in fixture
    [0m[94mreturn[39;49;00m fixture_marker(fixture_function)[90m[39;49;00m
           ^^^^^^^^^^^^^^^^^^^^^^^^^^^^^^^^[90m[39;49;00m
[1m[31m.venv/lib/python3.13/site-packages/_pytest/fixtures.py[0m:1357: in __call__
    [0m[94mraise[39;49;00m [96mValueError[39;49;00m([33m"[39;49;00m[33mclass fixtures not supported (maybe in the future)[39;49;00m[33m"[39;49;00m)[90m[39;49;00m
[1m[31mE   ValueError: class fixtures not supported (maybe in the future)[0m
[31m[1m_____________ ERROR collecting tests/test_dispatch_timings_e2e.py ______________[0m
[1m[31mtests/test_dispatch_timings_e2e.py[0m:28: in <module>
    [0m[37m@pytest[39;49;00m.fixture[90m[39;49;00m
     ^^^^^^^^^^^^^^[90m[39;49;00m
[1m[31m.venv/lib/python3.13/site-packages/_pytest/fixtures.py[0m:1528: in fixture
    [0m[94mreturn[39;49;00m fixture_marker(fixture_function)[90m[39;49;00m
           ^^^^^^^^^^^^^^^^^^^^^^^^^^^^^^^^[90m[39;49;00m
[1m[31m.venv/lib/python3.13/site-packages/_pytest/fixtures.py[0m:1357: in __call__
    [0m[94mraise[39;49;00m [96mValueError[39;49;00m([33m"[39;49;00m[33mclass fixtures not supported (maybe in the future)[39;49;00m[33m"[39;49;00m)[90m[39;49;00m
[1m[31mE   ValueError: class fixtures not supported (maybe in the future)[0m
[31m[1m_______ ERROR collecting tests/test_e2e_dispatch_timing_verification.py ________[0m
[1m[31mtests/test_e2e_dispatch_timing_verification.py[0m:41: in <module>
    [0m[37m@pytest[39;49;00m.fixture[90m[39;49;00m
     ^^^^^^^^^^^^^^[90m[39;49;00m
[1m[31m.venv/lib/python3.13/site-packages/_pytest/fixtures.py[0m:1528: in fixture
    [0m[94mreturn[39;49;00m fixture_marker(fixture_function)[90m[39;49;00m
           ^^^^^^^^^^^^^^^^^^^^^^^^^^^^^^^^[90m[39;49;00m
[1m[31m.venv/lib/python3.13/site-packages/_pytest/fixtures.py[0m:1357: in __call__
    [0m[94mraise[39;49;00m [96mValueError[39;49;00m([33m"[39;49;00m[33mclass fixtures not supported (maybe in the future)[39;49;00m[33m"[39;49;00m)[90m[39;49;00m
[1m[31mE   ValueError: class fixtures not supported (maybe in the future)[0m
[31m[1m_______ ERROR collecting tests/test_escalate_handler_stuck_scenarios.py ________[0m
[1m[31mtests/test_escalate_handler_stuck_scenarios.py[0m:40: in <module>
    [0m[37m@pytest[39;49;00m.fixture[90m[39;49;00m
     ^^^^^^^^^^^^^^[90m[39;49;00m
[1m[31m.venv/lib/python3.13/site-packages/_pytest/fixtures.py[0m:1528: in fixture
    [0m[94mreturn[39;49;00m fixture_marker(fixture_function)[90m[39;49;00m
           ^^^^^^^^^^^^^^^^^^^^^^^^^^^^^^^^[90m[39;49;00m
[1m[31m.venv/lib/python3.13/site-packages/_pytest/fixtures.py[0m:1357: in __call__
    [0m[94mraise[39;49;00m [96mValueError[39;49;00m([33m"[39;49;00m[33mclass fixtures not supported (maybe in the future)[39;49;00m[33m"[39;49;00m)[90m[39;49;00m
[1m[31mE   ValueError: class fixtures not supported (maybe in the future)[0m
[31m[1m_____________ ERROR collecting tests/test_escalate_stuck_intent.py _____________[0m
[1m[31mtests/test_escalate_stuck_intent.py[0m:45: in <module>
    [0m[37m@pytest[39;49;00m.fixture[90m[39;49;00m
     ^^^^^^^^^^^^^^[90m[39;49;00m
[1m[31m.venv/lib/python3.13/site-packages/_pytest/fixtures.py[0m:1528: in fixture
    [0m[94mreturn[39;49;00m fixture_marker(fixture_function)[90m[39;49;00m
           ^^^^^^^^^^^^^^^^^^^^^^^^^^^^^^^^[90m[39;49;00m
[1m[31m.venv/lib/python3.13/site-packages/_pytest/fixtures.py[0m:1357: in __call__
    [0m[94mraise[39;49;00m [96mValueError[39;49;00m([33m"[39;49;00m[33mclass fixtures not supported (maybe in the future)[39;49;00m[33m"[39;49;00m)[90m[39;49;00m
[1m[31mE   ValueError: class fixtures not supported (maybe in the future)[0m
[31m[1m____________ ERROR collecting tests/test_failed_card_integration.py ____________[0m
[1m[31mtests/test_failed_card_integration.py[0m:32: in <module>
    [0m[37m@pytest[39;49;00m.fixture[90m[39;49;00m
     ^^^^^^^^^^^^^^[90m[39;49;00m
[1m[31m.venv/lib/python3.13/site-packages/_pytest/fixtures.py[0m:1528: in fixture
    [0m[94mreturn[39;49;00m fixture_marker(fixture_function)[90m[39;49;00m
           ^^^^^^^^^^^^^^^^^^^^^^^^^^^^^^^^[90m[39;49;00m
[1m[31m.venv/lib/python3.13/site-packages/_pytest/fixtures.py[0m:1365: in __call__
    [0mfail([90m[39;49;00m
[1m[31mE   Failed: Marks cannot be applied to fixtures.[0m
[1m[31mE   See docs: https://docs.pytest.org/en/stable/deprecations.html#applying-a-mark-to-a-fixture-function[0m
[31m[1m_________ ERROR collecting tests/test_monitoring_result_persistence.py _________[0m
[31m.venv/lib/python3.13/site-packages/_pytest/python.py:508: in importtestmodule
    mod = import_path(
.venv/lib/python3.13/site-packages/_pytest/pathlib.py:596: in import_path
    importlib.import_module(module_name)
/usr/lib/python3.13/importlib/__init__.py:88: in import_module
    return _bootstrap._gcd_import(name[level:], package, level)
           ^^^^^^^^^^^^^^^^^^^^^^^^^^^^^^^^^^^^^^^^^^^^^^^^^^^^
<frozen importlib._bootstrap>:1387: in _gcd_import
    ???
<frozen importlib._bootstrap>:1360: in _find_and_load
    ???
<frozen importlib._bootstrap>:1331: in _find_and_load_unlocked
    ???
<frozen importlib._bootstrap>:935: in _load_unlocked
    ???
.venv/lib/python3.13/site-packages/_pytest/assertion/rewrite.py:179: in exec_module
    source_stat, co = _rewrite_test(fn, self.config)
                      ^^^^^^^^^^^^^^^^^^^^^^^^^^^^^^
.venv/lib/python3.13/site-packages/_pytest/assertion/rewrite.py:348: in _rewrite_test
    tree = ast.parse(source, filename=strfn)
           ^^^^^^^^^^^^^^^^^^^^^^^^^^^^^^^^^
/usr/lib/python3.13/ast.py:50: in parse
    return compile(source, filename, mode, flags,
E     File "/home/coding/aide-de-camp/tests/test_monitoring_result_persistence.py", line 33
E       s = SessionStore(db_path)
E   IndentationError: unexpected indent[0m
[31m[1m________ ERROR collecting tests/test_permission_and_registry_errors.py _________[0m
[31mImportError while importing test module '/home/coding/aide-de-camp/tests/test_permission_and_registry_errors.py'.
Hint: make sure your test modules/packages have valid Python names.
Traceback:
/usr/lib/python3.13/importlib/__init__.py:88: in import_module
    return _bootstrap._gcd_import(name[level:], package, level)
           ^^^^^^^^^^^^^^^^^^^^^^^^^^^^^^^^^^^^^^^^^^^^^^^^^^^^
tests/test_permission_and_registry_errors.py:32: in <module>
    from components.hot_reload import (
src/components/__init__.py:2: in <module>
    from .hot_reload import HotReloadManager, get_reload_manager
src/components/hot_reload.py:25: in <module>
    from ..utils.atomic_write import atomic_write
E   ImportError: attempted relative import beyond top-level package[0m
[31m[1m______________ ERROR collecting tests/test_registry_hot_reload.py ______________[0m
[31mImportError while importing test module '/home/coding/aide-de-camp/tests/test_registry_hot_reload.py'.
Hint: make sure your test modules/packages have valid Python names.
Traceback:
/usr/lib/python3.13/importlib/__init__.py:88: in import_module
    return _bootstrap._gcd_import(name[level:], package, level)
           ^^^^^^^^^^^^^^^^^^^^^^^^^^^^^^^^^^^^^^^^^^^^^^^^^^^^
tests/test_registry_hot_reload.py:24: in <module>
    from registry import get_registry, REGISTRY_PATH, CACHE_TTL, get_project
src/registry.py:25: in <module>
    from .utils.atomic_write import atomic_write
E   ImportError: attempted relative import with no known parent package[0m
[31m[1m____ ERROR collecting tests/test_registry_hot_reload_new_infrastructure.py _____[0m
[31mImportError while importing test module '/home/coding/aide-de-camp/tests/test_registry_hot_reload_new_infrastructure.py'.
Hint: make sure your test modules/packages have valid Python names.
Traceback:
/usr/lib/python3.13/importlib/__init__.py:88: in import_module
    return _bootstrap._gcd_import(name[level:], package, level)
           ^^^^^^^^^^^^^^^^^^^^^^^^^^^^^^^^^^^^^^^^^^^^^^^^^^^^
tests/test_registry_hot_reload_new_infrastructure.py:18: in <module>
    from registry import get_registry, REGISTRY_PATH
src/registry.py:25: in <module>
    from .utils.atomic_write import atomic_write
E   ImportError: attempted relative import with no known parent package[0m
[31m[1m_________ ERROR collecting tests/test_session_storage_verification.py __________[0m
[31m.venv/lib/python3.13/site-packages/_pytest/python.py:508: in importtestmodule
    mod = import_path(
.venv/lib/python3.13/site-packages/_pytest/pathlib.py:596: in import_path
    importlib.import_module(module_name)
/usr/lib/python3.13/importlib/__init__.py:88: in import_module
    return _bootstrap._gcd_import(name[level:], package, level)
           ^^^^^^^^^^^^^^^^^^^^^^^^^^^^^^^^^^^^^^^^^^^^^^^^^^^^
<frozen importlib._bootstrap>:1387: in _gcd_import
    ???
<frozen importlib._bootstrap>:1360: in _find_and_load
    ???
<frozen importlib._bootstrap>:1331: in _find_and_load_unlocked
    ???
<frozen importlib._bootstrap>:935: in _load_unlocked
    ???
.venv/lib/python3.13/site-packages/_pytest/assertion/rewrite.py:179: in exec_module
    source_stat, co = _rewrite_test(fn, self.config)
                      ^^^^^^^^^^^^^^^^^^^^^^^^^^^^^^
.venv/lib/python3.13/site-packages/_pytest/assertion/rewrite.py:348: in _rewrite_test
    tree = ast.parse(source, filename=strfn)
           ^^^^^^^^^^^^^^^^^^^^^^^^^^^^^^^^^
/usr/lib/python3.13/ast.py:50: in parse
    return compile(source, filename, mode, flags,
E     File "/home/coding/aide-de-camp/tests/test_session_storage_verification.py", line 317
E       from src.session.store import SessionStore
E   IndentationError: unexpected indent[0m
[31m[1m____________ ERROR collecting tests/test_sse_broadcast_endpoint.py _____________[0m
[31m.venv/lib/python3.13/site-packages/_pytest/python.py:508: in importtestmodule
    mod = import_path(
.venv/lib/python3.13/site-packages/_pytest/pathlib.py:596: in import_path
    importlib.import_module(module_name)
/usr/lib/python3.13/importlib/__init__.py:88: in import_module
    return _bootstrap._gcd_import(name[level:], package, level)
           ^^^^^^^^^^^^^^^^^^^^^^^^^^^^^^^^^^^^^^^^^^^^^^^^^^^^
<frozen importlib._bootstrap>:1387: in _gcd_import
    ???
<frozen importlib._bootstrap>:1360: in _find_and_load
    ???
<frozen importlib._bootstrap>:1331: in _find_and_load_unlocked
    ???
<frozen importlib._bootstrap>:935: in _load_unlocked
    ???
.venv/lib/python3.13/site-packages/_pytest/assertion/rewrite.py:179: in exec_module
    source_stat, co = _rewrite_test(fn, self.config)
                      ^^^^^^^^^^^^^^^^^^^^^^^^^^^^^^
.venv/lib/python3.13/site-packages/_pytest/assertion/rewrite.py:348: in _rewrite_test
    tree = ast.parse(source, filename=strfn)
           ^^^^^^^^^^^^^^^^^^^^^^^^^^^^^^^^^
/usr/lib/python3.13/ast.py:50: in parse
    return compile(source, filename, mode, flags,
E     File "/home/coding/aide-de-camp/tests/test_sse_broadcast_endpoint.py", line 23
E       import src.session.store as store_mod
E   IndentationError: unexpected indent[0m
[31m[1m_______ ERROR collecting tests/test_sse_broadcast_from_test_endpoint.py ________[0m
[1m[31mtests/test_sse_broadcast_from_test_endpoint.py[0m:24: in <module>
    [0m[37m@pytest[39;49;00m.fixture[90m[39;49;00m
     ^^^^^^^^^^^^^^[90m[39;49;00m
[1m[31m.venv/lib/python3.13/site-packages/_pytest/fixtures.py[0m:1528: in fixture
    [0m[94mreturn[39;49;00m fixture_marker(fixture_function)[90m[39;49;00m
           ^^^^^^^^^^^^^^^^^^^^^^^^^^^^^^^^[90m[39;49;00m
[1m[31m.venv/lib/python3.13/site-packages/_pytest/fixtures.py[0m:1357: in __call__
    [0m[94mraise[39;49;00m [96mValueError[39;49;00m([33m"[39;49;00m[33mclass fixtures not supported (maybe in the future)[39;49;00m[33m"[39;49;00m)[90m[39;49;00m
[1m[31mE   ValueError: class fixtures not supported (maybe in the future)[0m
[31m[1m__________ ERROR collecting tests/test_sse_broadcast_test_endpoint.py __________[0m
[31m.venv/lib/python3.13/site-packages/_pytest/python.py:508: in importtestmodule
    mod = import_path(
.venv/lib/python3.13/site-packages/_pytest/pathlib.py:596: in import_path
    importlib.import_module(module_name)
/usr/lib/python3.13/importlib/__init__.py:88: in import_module
    return _bootstrap._gcd_import(name[level:], package, level)
           ^^^^^^^^^^^^^^^^^^^^^^^^^^^^^^^^^^^^^^^^^^^^^^^^^^^^
<frozen importlib._bootstrap>:1387: in _gcd_import
    ???
<frozen importlib._bootstrap>:1360: in _find_and_load
    ???
<frozen importlib._bootstrap>:1331: in _find_and_load_unlocked
    ???
<frozen importlib._bootstrap>:935: in _load_unlocked
    ???
.venv/lib/python3.13/site-packages/_pytest/assertion/rewrite.py:179: in exec_module
    source_stat, co = _rewrite_test(fn, self.config)
                      ^^^^^^^^^^^^^^^^^^^^^^^^^^^^^^
.venv/lib/python3.13/site-packages/_pytest/assertion/rewrite.py:348: in _rewrite_test
    tree = ast.parse(source, filename=strfn)
           ^^^^^^^^^^^^^^^^^^^^^^^^^^^^^^^^^
/usr/lib/python3.13/ast.py:50: in parse
    return compile(source, filename, mode, flags,
E     File "/home/coding/aide-de-camp/tests/test_sse_broadcast_test_endpoint.py", line 25
E       import src.session.store as store_mod
E   IndentationError: unexpected indent[0m
[31m[1m__________ ERROR collecting tests/test_sse_stuck_failed_broadcasts.py __________[0m
[1m[31mtests/test_sse_stuck_failed_broadcasts.py[0m:45: in <module>
    [0m[37m@pytest[39;49;00m.fixture[90m[39;49;00m
     ^^^^^^^^^^^^^^[90m[39;49;00m
[1m[31m.venv/lib/python3.13/site-packages/_pytest/fixtures.py[0m:1528: in fixture
    [0m[94mreturn[39;49;00m fixture_marker(fixture_function)[90m[39;49;00m
           ^^^^^^^^^^^^^^^^^^^^^^^^^^^^^^^^[90m[39;49;00m
[1m[31m.venv/lib/python3.13/site-packages/_pytest/fixtures.py[0m:1357: in __call__
    [0m[94mraise[39;49;00m [96mValueError[39;49;00m([33m"[39;49;00m[33mclass fixtures not supported (maybe in the future)[39;49;00m[33m"[39;49;00m)[90m[39;49;00m
[1m[31mE   ValueError: class fixtures not supported (maybe in the future)[0m
[31m[1m____________ ERROR collecting tests/test_stuck_card_integration.py _____________[0m
[1m[31mtests/test_stuck_card_integration.py[0m:33: in <module>
    [0m[37m@pytest[39;49;00m.fixture[90m[39;49;00m
     ^^^^^^^^^^^^^^[90m[39;49;00m
[1m[31m.venv/lib/python3.13/site-packages/_pytest/fixtures.py[0m:1528: in fixture
    [0m[94mreturn[39;49;00m fixture_marker(fixture_function)[90m[39;49;00m
           ^^^^^^^^^^^^^^^^^^^^^^^^^^^^^^^^[90m[39;49;00m
[1m[31m.venv/lib/python3.13/site-packages/_pytest/fixtures.py[0m:1365: in __call__
    [0mfail([90m[39;49;00m
[1m[31mE   Failed: Marks cannot be applied to fixtures.[0m
[1m[31mE   See docs: https://docs.pytest.org/en/stable/deprecations.html#applying-a-mark-to-a-fixture-function[0m
[31m[1m______________ ERROR collecting tests/test_stuck_failed_cards.py _______________[0m
[1m[31mtests/test_stuck_failed_cards.py[0m:32: in <module>
    [0m[37m@pytest[39;49;00m.fixture[90m[39;49;00m
     ^^^^^^^^^^^^^^[90m[39;49;00m
[1m[31m.venv/lib/python3.13/site-packages/_pytest/fixtures.py[0m:1528: in fixture
    [0m[94mreturn[39;49;00m fixture_marker(fixture_function)[90m[39;49;00m
           ^^^^^^^^^^^^^^^^^^^^^^^^^^^^^^^^[90m[39;49;00m
[1m[31m.venv/lib/python3.13/site-packages/_pytest/fixtures.py[0m:1357: in __call__
    [0m[94mraise[39;49;00m [96mValueError[39;49;00m([33m"[39;49;00m[33mclass fixtures not supported (maybe in the future)[39;49;00m[33m"[39;49;00m)[90m[39;49;00m
[1m[31mE   ValueError: class fixtures not supported (maybe in the future)[0m
[31m[1m__________ ERROR collecting tests/test_synthetic_dispatch_storage.py ___________[0m
[31m.venv/lib/python3.13/site-packages/_pytest/python.py:508: in importtestmodule
    mod = import_path(
.venv/lib/python3.13/site-packages/_pytest/pathlib.py:596: in import_path
    importlib.import_module(module_name)
/usr/lib/python3.13/importlib/__init__.py:88: in import_module
    return _bootstrap._gcd_import(name[level:], package, level)
           ^^^^^^^^^^^^^^^^^^^^^^^^^^^^^^^^^^^^^^^^^^^^^^^^^^^^
<frozen importlib._bootstrap>:1387: in _gcd_import
    ???
<frozen importlib._bootstrap>:1360: in _find_and_load
    ???
<frozen importlib._bootstrap>:1331: in _find_and_load_unlocked
    ???
<frozen importlib._bootstrap>:935: in _load_unlocked
    ???
.venv/lib/python3.13/site-packages/_pytest/assertion/rewrite.py:179: in exec_module
    source_stat, co = _rewrite_test(fn, self.config)
                      ^^^^^^^^^^^^^^^^^^^^^^^^^^^^^^
.venv/lib/python3.13/site-packages/_pytest/assertion/rewrite.py:348: in _rewrite_test
    tree = ast.parse(source, filename=strfn)
           ^^^^^^^^^^^^^^^^^^^^^^^^^^^^^^^^^
/usr/lib/python3.13/ast.py:50: in parse
    return compile(source, filename, mode, flags,
E     File "/home/coding/aide-de-camp/tests/test_synthetic_dispatch_storage.py", line 37
E       TEST_SYNTHETIC_PAYLOAD = {
E       ^^^^^^^^^^^^^^^^^^^^^^
E   SyntaxError: invalid syntax[0m
[31m[1m________ ERROR collecting tests/test_utterance_linkage_verification.py _________[0m
[31m.venv/lib/python3.13/site-packages/_pytest/python.py:508: in importtestmodule
    mod = import_path(
.venv/lib/python3.13/site-packages/_pytest/pathlib.py:596: in import_path
    importlib.import_module(module_name)
/usr/lib/python3.13/importlib/__init__.py:88: in import_module
    return _bootstrap._gcd_import(name[level:], package, level)
           ^^^^^^^^^^^^^^^^^^^^^^^^^^^^^^^^^^^^^^^^^^^^^^^^^^^^
<frozen importlib._bootstrap>:1387: in _gcd_import
    ???
<frozen importlib._bootstrap>:1360: in _find_and_load
    ???
<frozen importlib._bootstrap>:1331: in _find_and_load_unlocked
    ???
<frozen importlib._bootstrap>:935: in _load_unlocked
    ???
.venv/lib/python3.13/site-packages/_pytest/assertion/rewrite.py:179: in exec_module
    source_stat, co = _rewrite_test(fn, self.config)
                      ^^^^^^^^^^^^^^^^^^^^^^^^^^^^^^
.venv/lib/python3.13/site-packages/_pytest/assertion/rewrite.py:348: in _rewrite_test
    tree = ast.parse(source, filename=strfn)
           ^^^^^^^^^^^^^^^^^^^^^^^^^^^^^^^^^
/usr/lib/python3.13/ast.py:50: in parse
    return compile(source, filename, mode, flags,
E     File "/home/coding/aide-de-camp/tests/test_utterance_linkage_verification.py", line 29
E       VERIFICATION_TEST_PAYLOAD = {
E       ^^^^^^^^^^^^^^^^^^^^^^^^^
E   SyntaxError: invalid syntax[0m
[33m=============================== warnings summary ===============================[0m
tests/helpers/test_data_utils.py:28
  /home/coding/aide-de-camp/tests/helpers/test_data_utils.py:28: PytestCollectionWarning: cannot collect test class 'TestDataInjectionError' because it has a __init__ constructor (from: tests/helpers/test_data_utils.py)
    class TestDataInjectionError(Exception):

tests/helpers/test_data_utils.py:33
  /home/coding/aide-de-camp/tests/helpers/test_data_utils.py:33: PytestCollectionWarning: cannot collect test class 'TestSessionCreationError' because it has a __init__ constructor (from: tests/helpers/test_data_utils.py)
    class TestSessionCreationError(TestDataInjectionError):

tests/helpers/test_data_utils.py:38
  /home/coding/aide-de-camp/tests/helpers/test_data_utils.py:38: PytestCollectionWarning: cannot collect test class 'TestTopicCreationError' because it has a __init__ constructor (from: tests/helpers/test_data_utils.py)
    class TestTopicCreationError(TestDataInjectionError):

tests/helpers/test_data_utils.py:43
  /home/coding/aide-de-camp/tests/helpers/test_data_utils.py:43: PytestCollectionWarning: cannot collect test class 'TestCleanupError' because it has a __init__ constructor (from: tests/helpers/test_data_utils.py)
    class TestCleanupError(TestDataInjectionError):

tests/helpers/test_data_utils.py:48
  /home/coding/aide-de-camp/tests/helpers/test_data_utils.py:48: PytestCollectionWarning: cannot collect test class 'TestDatabaseConfig' because it has a __init__ constructor (from: tests/helpers/test_data_utils.py)
    class TestDatabaseConfig:

tests/helpers/test_data_utils.py:104
  /home/coding/aide-de-camp/tests/helpers/test_data_utils.py:104: PytestCollectionWarning: cannot collect test class 'TestAPIClient' because it has a __init__ constructor (from: tests/helpers/test_data_utils.py)
    class TestAPIClient:

tests/helpers/test_data_utils.py:192
  /home/coding/aide-de-camp/tests/helpers/test_data_utils.py:192: PytestCollectionWarning: cannot collect test class 'TestSessionManager' because it has a __init__ constructor (from: tests/helpers/test_data_utils.py)
    class TestSessionManager:

tests/helpers/test_data_utils.py:332
  /home/coding/aide-de-camp/tests/helpers/test_data_utils.py:332: PytestCollectionWarning: cannot collect test class 'TestTopicManager' because it has a __init__ constructor (from: tests/helpers/test_data_utils.py)
    class TestTopicManager:

tests/helpers/test_data_utils.py:439
  /home/coding/aide-de-camp/tests/helpers/test_data_utils.py:439: PytestCollectionWarning: cannot collect test class 'TestDataCleanup' because it has a __init__ constructor (from: tests/helpers/test_data_utils.py)
    class TestDataCleanup:

src/test/utilities.py:19
  /home/coding/aide-de-camp/src/test/utilities.py:19: PytestCollectionWarning: cannot collect test class 'TestSessionClient' because it has a __init__ constructor (from: tests/test_canvas_data_injection.py)
    class TestSessionClient:

src/test/utilities.py:387
  /home/coding/aide-de-camp/src/test/utilities.py:387: PytestCollectionWarning: cannot collect test class 'TestFixture' because it has a __init__ constructor (from: tests/test_canvas_data_injection.py)
    class TestFixture:

src/test/dispatch.py:24
  /home/coding/aide-de-camp/src/test/dispatch.py:24: PytestCollectionWarning: cannot collect test class 'TestDispatchRequest' because it has a __init__ constructor (from: tests/test_dispatch_comparison.py)
    class TestDispatchRequest(BaseModel):

src/test/dispatch.py:24
  /home/coding/aide-de-camp/src/test/dispatch.py:24: PytestCollectionWarning: cannot collect test class 'TestDispatchRequest' because it has a __init__ constructor (from: tests/test_dispatch_storage_and_sse.py)
    class TestDispatchRequest(BaseModel):

tests/helpers/endpoint_comparison.py:39
  /home/coding/aide-de-camp/tests/helpers/endpoint_comparison.py:39: PytestCollectionWarning: cannot collect test class 'TestEndpointError' because it has a __init__ constructor (from: tests/test_endpoint_comparison_utils.py)
    class TestEndpointError(EndpointComparisonError):

scripts/run_tests_repeatedly.py:86
  /home/coding/aide-de-camp/scripts/run_tests_repeatedly.py:86: PytestCollectionWarning: cannot collect test class 'TestRepeatRunner' because it has a __init__ constructor (from: tests/test_table_state_verification_integration.py)
    class TestRepeatRunner:

scripts/run_tests_repeatedly.py:36
  /home/coding/aide-de-camp/scripts/run_tests_repeatedly.py:36: PytestCollectionWarning: cannot collect test class 'TestResult' because it has a __init__ constructor (from: tests/test_table_state_verification_integration.py)
    @dataclass

-- Docs: https://docs.pytest.org/en/stable/how-to/capture-warnings.html
[36m[1m=========================== short test summary info ============================[0m
[31mERROR[0m tests/e2e/test_canvas_navigation.py
[31mERROR[0m tests/test_ambient_fetch_and_diff.py - Failed: Marks cannot be applied to fixtures.
[31mERROR[0m tests/test_ambient_rule_engine.py
[31mERROR[0m tests/test_backend_stuck_failed_cards.py - ValueError: class fixtures not supported (maybe in the future)
[31mERROR[0m tests/test_bead_watcher_integration.py - Failed: Marks cannot be applied to fixtures.
[31mERROR[0m tests/test_canvas_component_cards.py
[31mERROR[0m tests/test_card_cache.py - ValueError: class fixtures not supported (maybe in the future)
[31mERROR[0m tests/test_card_dismissal_db_verification.py
[31mERROR[0m tests/test_card_dismissal_helpers.py
[31mERROR[0m tests/test_circuit_breaker.py
[31mERROR[0m tests/test_client_timings_api.py - ValueError: class fixtures not supported (maybe in the future)
[31mERROR[0m tests/test_comprehensive_stuck_failed_flows.py - ValueError: class fixtures not supported (maybe in the future)
[31mERROR[0m tests/test_degraded_state_server_behavior.py
[31mERROR[0m tests/test_dispatch_instrumentation.py
[31mERROR[0m tests/test_dispatch_timings.py - ValueError: class fixtures not supported (maybe in the future)
[31mERROR[0m tests/test_dispatch_timings_e2e.py - ValueError: class fixtures not supported (maybe in the future)
[31mERROR[0m tests/test_e2e_dispatch_timing_verification.py - ValueError: class fixtures not supported (maybe in the future)
[31mERROR[0m tests/test_escalate_handler_stuck_scenarios.py - ValueError: class fixtures not supported (maybe in the future)
[31mERROR[0m tests/test_escalate_stuck_intent.py - ValueError: class fixtures not supported (maybe in the future)
[31mERROR[0m tests/test_failed_card_integration.py - Failed: Marks cannot be applied to fixtures.
[31mERROR[0m tests/test_monitoring_result_persistence.py
[31mERROR[0m tests/test_permission_and_registry_errors.py
[31mERROR[0m tests/test_registry_hot_reload.py
[31mERROR[0m tests/test_registry_hot_reload_new_infrastructure.py
[31mERROR[0m tests/test_session_storage_verification.py
[31mERROR[0m tests/test_sse_broadcast_endpoint.py
[31mERROR[0m tests/test_sse_broadcast_from_test_endpoint.py - ValueError: class fixtures not supported (maybe in the future)
[31mERROR[0m tests/test_sse_broadcast_test_endpoint.py
[31mERROR[0m tests/test_sse_stuck_failed_broadcasts.py - ValueError: class fixtures not supported (maybe in the future)
[31mERROR[0m tests/test_stuck_card_integration.py - Failed: Marks cannot be applied to fixtures.
[31mERROR[0m tests/test_stuck_failed_cards.py - ValueError: class fixtures not supported (maybe in the future)
[31mERROR[0m tests/test_synthetic_dispatch_storage.py
[31mERROR[0m tests/test_utterance_linkage_verification.py
!!!!!!!!!!!!!!!!!!! Interrupted: 33 errors during collection !!!!!!!!!!!!!!!!!!!
[31m[33m1 skipped[0m, [33m16 warnings[0m, [31m[1m33 errors[0m[31m in 1.53s[0m[0m
✅ Results: 0/0 passed (0.0%)
   Duration: 1.70s

🔄 Run 4/5

==================================== ERRORS ====================================
[31m[1m_____________ ERROR collecting tests/e2e/test_canvas_navigation.py _____________[0m
[31mImportError while importing test module '/home/coding/aide-de-camp/tests/e2e/test_canvas_navigation.py'.
Hint: make sure your test modules/packages have valid Python names.
Traceback:
/usr/lib/python3.13/importlib/__init__.py:88: in import_module
    return _bootstrap._gcd_import(name[level:], package, level)
           ^^^^^^^^^^^^^^^^^^^^^^^^^^^^^^^^^^^^^^^^^^^^^^^^^^^^
tests/e2e/test_canvas_navigation.py:9: in <module>
    from playwright.async_api import Page, TimeoutError
E   ModuleNotFoundError: No module named 'playwright'[0m
[31m[1m____________ ERROR collecting tests/test_ambient_fetch_and_diff.py _____________[0m
[1m[31mtests/test_ambient_fetch_and_diff.py[0m:44: in <module>
    [0m[37m@pytest[39;49;00m.fixture[90m[39;49;00m
     ^^^^^^^^^^^^^^[90m[39;49;00m
[1m[31m.venv/lib/python3.13/site-packages/_pytest/fixtures.py[0m:1528: in fixture
    [0m[94mreturn[39;49;00m fixture_marker(fixture_function)[90m[39;49;00m
           ^^^^^^^^^^^^^^^^^^^^^^^^^^^^^^^^[90m[39;49;00m
[1m[31m.venv/lib/python3.13/site-packages/_pytest/fixtures.py[0m:1365: in __call__
    [0mfail([90m[39;49;00m
[1m[31mE   Failed: Marks cannot be applied to fixtures.[0m
[1m[31mE   See docs: https://docs.pytest.org/en/stable/deprecations.html#applying-a-mark-to-a-fixture-function[0m
[31m[1m______________ ERROR collecting tests/test_ambient_rule_engine.py ______________[0m
[31m.venv/lib/python3.13/site-packages/_pytest/python.py:508: in importtestmodule
    mod = import_path(
.venv/lib/python3.13/site-packages/_pytest/pathlib.py:596: in import_path
    importlib.import_module(module_name)
/usr/lib/python3.13/importlib/__init__.py:88: in import_module
    return _bootstrap._gcd_import(name[level:], package, level)
           ^^^^^^^^^^^^^^^^^^^^^^^^^^^^^^^^^^^^^^^^^^^^^^^^^^^^
<frozen importlib._bootstrap>:1387: in _gcd_import
    ???
<frozen importlib._bootstrap>:1360: in _find_and_load
    ???
<frozen importlib._bootstrap>:1331: in _find_and_load_unlocked
    ???
<frozen importlib._bootstrap>:935: in _load_unlocked
    ???
.venv/lib/python3.13/site-packages/_pytest/assertion/rewrite.py:179: in exec_module
    source_stat, co = _rewrite_test(fn, self.config)
                      ^^^^^^^^^^^^^^^^^^^^^^^^^^^^^^
.venv/lib/python3.13/site-packages/_pytest/assertion/rewrite.py:348: in _rewrite_test
    tree = ast.parse(source, filename=strfn)
           ^^^^^^^^^^^^^^^^^^^^^^^^^^^^^^^^^
/usr/lib/python3.13/ast.py:50: in parse
    return compile(source, filename, mode, flags,
E     File "/home/coding/aide-de-camp/tests/test_ambient_rule_engine.py", line 28
E       s = SessionStore(db_path)
E   IndentationError: unexpected indent[0m
[31m[1m__________ ERROR collecting tests/test_backend_stuck_failed_cards.py ___________[0m
[1m[31mtests/test_backend_stuck_failed_cards.py[0m:44: in <module>
    [0m[37m@pytest[39;49;00m.fixture[90m[39;49;00m
     ^^^^^^^^^^^^^^[90m[39;49;00m
[1m[31m.venv/lib/python3.13/site-packages/_pytest/fixtures.py[0m:1528: in fixture
    [0m[94mreturn[39;49;00m fixture_marker(fixture_function)[90m[39;49;00m
           ^^^^^^^^^^^^^^^^^^^^^^^^^^^^^^^^[90m[39;49;00m
[1m[31m.venv/lib/python3.13/site-packages/_pytest/fixtures.py[0m:1357: in __call__
    [0m[94mraise[39;49;00m [96mValueError[39;49;00m([33m"[39;49;00m[33mclass fixtures not supported (maybe in the future)[39;49;00m[33m"[39;49;00m)[90m[39;49;00m
[1m[31mE   ValueError: class fixtures not supported (maybe in the future)[0m
[31m[1m___________ ERROR collecting tests/test_bead_watcher_integration.py ____________[0m
[1m[31mtests/test_bead_watcher_integration.py[0m:33: in <module>
    [0m[37m@pytest[39;49;00m.fixture[90m[39;49;00m
     ^^^^^^^^^^^^^^[90m[39;49;00m
[1m[31m.venv/lib/python3.13/site-packages/_pytest/fixtures.py[0m:1528: in fixture
    [0m[94mreturn[39;49;00m fixture_marker(fixture_function)[90m[39;49;00m
           ^^^^^^^^^^^^^^^^^^^^^^^^^^^^^^^^[90m[39;49;00m
[1m[31m.venv/lib/python3.13/site-packages/_pytest/fixtures.py[0m:1365: in __call__
    [0mfail([90m[39;49;00m
[1m[31mE   Failed: Marks cannot be applied to fixtures.[0m
[1m[31mE   See docs: https://docs.pytest.org/en/stable/deprecations.html#applying-a-mark-to-a-fixture-function[0m
[31m[1m____________ ERROR collecting tests/test_canvas_component_cards.py _____________[0m
[31mImportError while importing test module '/home/coding/aide-de-camp/tests/test_canvas_component_cards.py'.
Hint: make sure your test modules/packages have valid Python names.
Traceback:
/usr/lib/python3.13/importlib/__init__.py:88: in import_module
    return _bootstrap._gcd_import(name[level:], package, level)
           ^^^^^^^^^^^^^^^^^^^^^^^^^^^^^^^^^^^^^^^^^^^^^^^^^^^^
tests/test_canvas_component_cards.py:24: in <module>
    from tests.e2e.canvas_render import node_available, render_component_card, render_component_cards
E   ImportError: cannot import name 'render_component_card' from 'tests.e2e.canvas_render' (/home/coding/aide-de-camp/tests/e2e/canvas_render.py)[0m
[31m[1m__________________ ERROR collecting tests/test_card_cache.py ___________________[0m
[1m[31mtests/test_card_cache.py[0m:22: in <module>
    [0m[37m@pytest[39;49;00m.fixture(scope=[33m"[39;49;00m[33mfunction[39;49;00m[33m"[39;49;00m)[90m[39;49;00m
     ^^^^^^^^^^^^^^^^^^^^^^^^^^^^^^^^[90m[39;49;00m
[1m[31m.venv/lib/python3.13/site-packages/_pytest/fixtures.py[0m:1357: in __call__
    [0m[94mraise[39;49;00m [96mValueError[39;49;00m([33m"[39;49;00m[33mclass fixtures not supported (maybe in the future)[39;49;00m[33m"[39;49;00m)[90m[39;49;00m
[1m[31mE   ValueError: class fixtures not supported (maybe in the future)[0m
[31m[1m________ ERROR collecting tests/test_card_dismissal_db_verification.py _________[0m
[31m.venv/lib/python3.13/site-packages/_pytest/python.py:508: in importtestmodule
    mod = import_path(
.venv/lib/python3.13/site-packages/_pytest/pathlib.py:596: in import_path
    importlib.import_module(module_name)
/usr/lib/python3.13/importlib/__init__.py:88: in import_module
    return _bootstrap._gcd_import(name[level:], package, level)
           ^^^^^^^^^^^^^^^^^^^^^^^^^^^^^^^^^^^^^^^^^^^^^^^^^^^^
<frozen importlib._bootstrap>:1387: in _gcd_import
    ???
<frozen importlib._bootstrap>:1360: in _find_and_load
    ???
<frozen importlib._bootstrap>:1331: in _find_and_load_unlocked
    ???
<frozen importlib._bootstrap>:935: in _load_unlocked
    ???
.venv/lib/python3.13/site-packages/_pytest/assertion/rewrite.py:188: in exec_module
    exec(co, module.__dict__)
tests/test_card_dismissal_db_verification.py:21: in <module>
    from tests.card_dismissal_helpers import (
E     File "/home/coding/aide-de-camp/tests/card_dismissal_helpers.py", line 39
E       async def create_test_session(test_db_store | None = None, tmp_path: Path | None = None) -> tuple[SessionStore, str]:
E                                                   ^
E   SyntaxError: invalid syntax[0m
[31m[1m____________ ERROR collecting tests/test_card_dismissal_helpers.py _____________[0m
[31m.venv/lib/python3.13/site-packages/_pytest/python.py:508: in importtestmodule
    mod = import_path(
.venv/lib/python3.13/site-packages/_pytest/pathlib.py:596: in import_path
    importlib.import_module(module_name)
/usr/lib/python3.13/importlib/__init__.py:88: in import_module
    return _bootstrap._gcd_import(name[level:], package, level)
           ^^^^^^^^^^^^^^^^^^^^^^^^^^^^^^^^^^^^^^^^^^^^^^^^^^^^
<frozen importlib._bootstrap>:1387: in _gcd_import
    ???
<frozen importlib._bootstrap>:1360: in _find_and_load
    ???
<frozen importlib._bootstrap>:1331: in _find_and_load_unlocked
    ???
<frozen importlib._bootstrap>:935: in _load_unlocked
    ???
.venv/lib/python3.13/site-packages/_pytest/assertion/rewrite.py:188: in exec_module
    exec(co, module.__dict__)
tests/test_card_dismissal_helpers.py:9: in <module>
    from tests.card_dismissal_helpers import (
E     File "/home/coding/aide-de-camp/tests/card_dismissal_helpers.py", line 39
E       async def create_test_session(test_db_store | None = None, tmp_path: Path | None = None) -> tuple[SessionStore, str]:
E                                                   ^
E   SyntaxError: invalid syntax[0m
[31m[1m________________ ERROR collecting tests/test_circuit_breaker.py ________________[0m
[31m.venv/lib/python3.13/site-packages/_pytest/python.py:508: in importtestmodule
    mod = import_path(
.venv/lib/python3.13/site-packages/_pytest/pathlib.py:596: in import_path
    importlib.import_module(module_name)
/usr/lib/python3.13/importlib/__init__.py:88: in import_module
    return _bootstrap._gcd_import(name[level:], package, level)
           ^^^^^^^^^^^^^^^^^^^^^^^^^^^^^^^^^^^^^^^^^^^^^^^^^^^^
<frozen importlib._bootstrap>:1387: in _gcd_import
    ???
<frozen importlib._bootstrap>:1360: in _find_and_load
    ???
<frozen importlib._bootstrap>:1331: in _find_and_load_unlocked
    ???
<frozen importlib._bootstrap>:935: in _load_unlocked
    ???
.venv/lib/python3.13/site-packages/_pytest/assertion/rewrite.py:179: in exec_module
    source_stat, co = _rewrite_test(fn, self.config)
                      ^^^^^^^^^^^^^^^^^^^^^^^^^^^^^^
.venv/lib/python3.13/site-packages/_pytest/assertion/rewrite.py:348: in _rewrite_test
    tree = ast.parse(source, filename=strfn)
           ^^^^^^^^^^^^^^^^^^^^^^^^^^^^^^^^^
/usr/lib/python3.13/ast.py:50: in parse
    return compile(source, filename, mode, flags,
E     File "/home/coding/aide-de-camp/tests/test_circuit_breaker.py", line 42
E       with tempfile.NamedTemporaryFile(suffix=".db", delete=False) as f:
E   IndentationError: unexpected indent[0m
[31m[1m______________ ERROR collecting tests/test_client_timings_api.py _______________[0m
[1m[31mtests/test_client_timings_api.py[0m:30: in <module>
    [0m[37m@pytest[39;49;00m.fixture[90m[39;49;00m
     ^^^^^^^^^^^^^^[90m[39;49;00m
[1m[31m.venv/lib/python3.13/site-packages/_pytest/fixtures.py[0m:1528: in fixture
    [0m[94mreturn[39;49;00m fixture_marker(fixture_function)[90m[39;49;00m
           ^^^^^^^^^^^^^^^^^^^^^^^^^^^^^^^^[90m[39;49;00m
[1m[31m.venv/lib/python3.13/site-packages/_pytest/fixtures.py[0m:1357: in __call__
    [0m[94mraise[39;49;00m [96mValueError[39;49;00m([33m"[39;49;00m[33mclass fixtures not supported (maybe in the future)[39;49;00m[33m"[39;49;00m)[90m[39;49;00m
[1m[31mE   ValueError: class fixtures not supported (maybe in the future)[0m
[31m[1m_______ ERROR collecting tests/test_comprehensive_stuck_failed_flows.py ________[0m
[1m[31mtests/test_comprehensive_stuck_failed_flows.py[0m:46: in <module>
    [0m[37m@pytest[39;49;00m.fixture[90m[39;49;00m
     ^^^^^^^^^^^^^^[90m[39;49;00m
[1m[31m.venv/lib/python3.13/site-packages/_pytest/fixtures.py[0m:1528: in fixture
    [0m[94mreturn[39;49;00m fixture_marker(fixture_function)[90m[39;49;00m
           ^^^^^^^^^^^^^^^^^^^^^^^^^^^^^^^^[90m[39;49;00m
[1m[31m.venv/lib/python3.13/site-packages/_pytest/fixtures.py[0m:1357: in __call__
    [0m[94mraise[39;49;00m [96mValueError[39;49;00m([33m"[39;49;00m[33mclass fixtures not supported (maybe in the future)[39;49;00m[33m"[39;49;00m)[90m[39;49;00m
[1m[31mE   ValueError: class fixtures not supported (maybe in the future)[0m
[31m[1m________ ERROR collecting tests/test_degraded_state_server_behavior.py _________[0m
[31m.venv/lib/python3.13/site-packages/_pytest/python.py:508: in importtestmodule
    mod = import_path(
.venv/lib/python3.13/site-packages/_pytest/pathlib.py:596: in import_path
    importlib.import_module(module_name)
/usr/lib/python3.13/importlib/__init__.py:88: in import_module
    return _bootstrap._gcd_import(name[level:], package, level)
           ^^^^^^^^^^^^^^^^^^^^^^^^^^^^^^^^^^^^^^^^^^^^^^^^^^^^
<frozen importlib._bootstrap>:1387: in _gcd_import
    ???
<frozen importlib._bootstrap>:1360: in _find_and_load
    ???
<frozen importlib._bootstrap>:1331: in _find_and_load_unlocked
    ???
<frozen importlib._bootstrap>:935: in _load_unlocked
    ???
.venv/lib/python3.13/site-packages/_pytest/assertion/rewrite.py:179: in exec_module
    source_stat, co = _rewrite_test(fn, self.config)
                      ^^^^^^^^^^^^^^^^^^^^^^^^^^^^^^
.venv/lib/python3.13/site-packages/_pytest/assertion/rewrite.py:348: in _rewrite_test
    tree = ast.parse(source, filename=strfn)
           ^^^^^^^^^^^^^^^^^^^^^^^^^^^^^^^^^
/usr/lib/python3.13/ast.py:50: in parse
    return compile(source, filename, mode, flags,
E     File "/home/coding/aide-de-camp/tests/test_degraded_state_server_behavior.py", line 53
E       return FetchResult(
E   IndentationError: unexpected indent[0m
[31m[1m___________ ERROR collecting tests/test_dispatch_instrumentation.py ____________[0m
[31m.venv/lib/python3.13/site-packages/_pytest/python.py:508: in importtestmodule
    mod = import_path(
.venv/lib/python3.13/site-packages/_pytest/pathlib.py:596: in import_path
    importlib.import_module(module_name)
/usr/lib/python3.13/importlib/__init__.py:88: in import_module
    return _bootstrap._gcd_import(name[level:], package, level)
           ^^^^^^^^^^^^^^^^^^^^^^^^^^^^^^^^^^^^^^^^^^^^^^^^^^^^
<frozen importlib._bootstrap>:1387: in _gcd_import
    ???
<frozen importlib._bootstrap>:1360: in _find_and_load
    ???
<frozen importlib._bootstrap>:1331: in _find_and_load_unlocked
    ???
<frozen importlib._bootstrap>:935: in _load_unlocked
    ???
.venv/lib/python3.13/site-packages/_pytest/assertion/rewrite.py:179: in exec_module
    source_stat, co = _rewrite_test(fn, self.config)
                      ^^^^^^^^^^^^^^^^^^^^^^^^^^^^^^
.venv/lib/python3.13/site-packages/_pytest/assertion/rewrite.py:348: in _rewrite_test
    tree = ast.parse(source, filename=strfn)
           ^^^^^^^^^^^^^^^^^^^^^^^^^^^^^^^^^
/usr/lib/python3.13/ast.py:50: in parse
    return compile(source, filename, mode, flags,
E     File "/home/coding/aide-de-camp/tests/test_dispatch_instrumentation.py", line 52
E       Returns a callable that advances 100ms (0.1s) per call.
E   IndentationError: unexpected indent[0m
[31m[1m_______________ ERROR collecting tests/test_dispatch_timings.py ________________[0m
[1m[31mtests/test_dispatch_timings.py[0m:39: in <module>
    [0m[37m@pytest[39;49;00m.fixture[90m[39;49;00m
     ^^^^^^^^^^^^^^[90m[39;49;00m
[1m[31m.venv/lib/python3.13/site-packages/_pytest/fixtures.py[0m:1528: in fixture
    [0m[94mreturn[39;49;00m fixture_marker(fixture_function)[90m[39;49;00m
           ^^^^^^^^^^^^^^^^^^^^^^^^^^^^^^^^[90m[39;49;00m
[1m[31m.venv/lib/python3.13/site-packages/_pytest/fixtures.py[0m:1357: in __call__
    [0m[94mraise[39;49;00m [96mValueError[39;49;00m([33m"[39;49;00m[33mclass fixtures not supported (maybe in the future)[39;49;00m[33m"[39;49;00m)[90m[39;49;00m
[1m[31mE   ValueError: class fixtures not supported (maybe in the future)[0m
[31m[1m_____________ ERROR collecting tests/test_dispatch_timings_e2e.py ______________[0m
[1m[31mtests/test_dispatch_timings_e2e.py[0m:28: in <module>
    [0m[37m@pytest[39;49;00m.fixture[90m[39;49;00m
     ^^^^^^^^^^^^^^[90m[39;49;00m
[1m[31m.venv/lib/python3.13/site-packages/_pytest/fixtures.py[0m:1528: in fixture
    [0m[94mreturn[39;49;00m fixture_marker(fixture_function)[90m[39;49;00m
           ^^^^^^^^^^^^^^^^^^^^^^^^^^^^^^^^[90m[39;49;00m
[1m[31m.venv/lib/python3.13/site-packages/_pytest/fixtures.py[0m:1357: in __call__
    [0m[94mraise[39;49;00m [96mValueError[39;49;00m([33m"[39;49;00m[33mclass fixtures not supported (maybe in the future)[39;49;00m[33m"[39;49;00m)[90m[39;49;00m
[1m[31mE   ValueError: class fixtures not supported (maybe in the future)[0m
[31m[1m_______ ERROR collecting tests/test_e2e_dispatch_timing_verification.py ________[0m
[1m[31mtests/test_e2e_dispatch_timing_verification.py[0m:41: in <module>
    [0m[37m@pytest[39;49;00m.fixture[90m[39;49;00m
     ^^^^^^^^^^^^^^[90m[39;49;00m
[1m[31m.venv/lib/python3.13/site-packages/_pytest/fixtures.py[0m:1528: in fixture
    [0m[94mreturn[39;49;00m fixture_marker(fixture_function)[90m[39;49;00m
           ^^^^^^^^^^^^^^^^^^^^^^^^^^^^^^^^[90m[39;49;00m
[1m[31m.venv/lib/python3.13/site-packages/_pytest/fixtures.py[0m:1357: in __call__
    [0m[94mraise[39;49;00m [96mValueError[39;49;00m([33m"[39;49;00m[33mclass fixtures not supported (maybe in the future)[39;49;00m[33m"[39;49;00m)[90m[39;49;00m
[1m[31mE   ValueError: class fixtures not supported (maybe in the future)[0m
[31m[1m_______ ERROR collecting tests/test_escalate_handler_stuck_scenarios.py ________[0m
[1m[31mtests/test_escalate_handler_stuck_scenarios.py[0m:40: in <module>
    [0m[37m@pytest[39;49;00m.fixture[90m[39;49;00m
     ^^^^^^^^^^^^^^[90m[39;49;00m
[1m[31m.venv/lib/python3.13/site-packages/_pytest/fixtures.py[0m:1528: in fixture
    [0m[94mreturn[39;49;00m fixture_marker(fixture_function)[90m[39;49;00m
           ^^^^^^^^^^^^^^^^^^^^^^^^^^^^^^^^[90m[39;49;00m
[1m[31m.venv/lib/python3.13/site-packages/_pytest/fixtures.py[0m:1357: in __call__
    [0m[94mraise[39;49;00m [96mValueError[39;49;00m([33m"[39;49;00m[33mclass fixtures not supported (maybe in the future)[39;49;00m[33m"[39;49;00m)[90m[39;49;00m
[1m[31mE   ValueError: class fixtures not supported (maybe in the future)[0m
[31m[1m_____________ ERROR collecting tests/test_escalate_stuck_intent.py _____________[0m
[1m[31mtests/test_escalate_stuck_intent.py[0m:45: in <module>
    [0m[37m@pytest[39;49;00m.fixture[90m[39;49;00m
     ^^^^^^^^^^^^^^[90m[39;49;00m
[1m[31m.venv/lib/python3.13/site-packages/_pytest/fixtures.py[0m:1528: in fixture
    [0m[94mreturn[39;49;00m fixture_marker(fixture_function)[90m[39;49;00m
           ^^^^^^^^^^^^^^^^^^^^^^^^^^^^^^^^[90m[39;49;00m
[1m[31m.venv/lib/python3.13/site-packages/_pytest/fixtures.py[0m:1357: in __call__
    [0m[94mraise[39;49;00m [96mValueError[39;49;00m([33m"[39;49;00m[33mclass fixtures not supported (maybe in the future)[39;49;00m[33m"[39;49;00m)[90m[39;49;00m
[1m[31mE   ValueError: class fixtures not supported (maybe in the future)[0m
[31m[1m____________ ERROR collecting tests/test_failed_card_integration.py ____________[0m
[1m[31mtests/test_failed_card_integration.py[0m:32: in <module>
    [0m[37m@pytest[39;49;00m.fixture[90m[39;49;00m
     ^^^^^^^^^^^^^^[90m[39;49;00m
[1m[31m.venv/lib/python3.13/site-packages/_pytest/fixtures.py[0m:1528: in fixture
    [0m[94mreturn[39;49;00m fixture_marker(fixture_function)[90m[39;49;00m
           ^^^^^^^^^^^^^^^^^^^^^^^^^^^^^^^^[90m[39;49;00m
[1m[31m.venv/lib/python3.13/site-packages/_pytest/fixtures.py[0m:1365: in __call__
    [0mfail([90m[39;49;00m
[1m[31mE   Failed: Marks cannot be applied to fixtures.[0m
[1m[31mE   See docs: https://docs.pytest.org/en/stable/deprecations.html#applying-a-mark-to-a-fixture-function[0m
[31m[1m_________ ERROR collecting tests/test_monitoring_result_persistence.py _________[0m
[31m.venv/lib/python3.13/site-packages/_pytest/python.py:508: in importtestmodule
    mod = import_path(
.venv/lib/python3.13/site-packages/_pytest/pathlib.py:596: in import_path
    importlib.import_module(module_name)
/usr/lib/python3.13/importlib/__init__.py:88: in import_module
    return _bootstrap._gcd_import(name[level:], package, level)
           ^^^^^^^^^^^^^^^^^^^^^^^^^^^^^^^^^^^^^^^^^^^^^^^^^^^^
<frozen importlib._bootstrap>:1387: in _gcd_import
    ???
<frozen importlib._bootstrap>:1360: in _find_and_load
    ???
<frozen importlib._bootstrap>:1331: in _find_and_load_unlocked
    ???
<frozen importlib._bootstrap>:935: in _load_unlocked
    ???
.venv/lib/python3.13/site-packages/_pytest/assertion/rewrite.py:179: in exec_module
    source_stat, co = _rewrite_test(fn, self.config)
                      ^^^^^^^^^^^^^^^^^^^^^^^^^^^^^^
.venv/lib/python3.13/site-packages/_pytest/assertion/rewrite.py:348: in _rewrite_test
    tree = ast.parse(source, filename=strfn)
           ^^^^^^^^^^^^^^^^^^^^^^^^^^^^^^^^^
/usr/lib/python3.13/ast.py:50: in parse
    return compile(source, filename, mode, flags,
E     File "/home/coding/aide-de-camp/tests/test_monitoring_result_persistence.py", line 33
E       s = SessionStore(db_path)
E   IndentationError: unexpected indent[0m
[31m[1m________ ERROR collecting tests/test_permission_and_registry_errors.py _________[0m
[31mImportError while importing test module '/home/coding/aide-de-camp/tests/test_permission_and_registry_errors.py'.
Hint: make sure your test modules/packages have valid Python names.
Traceback:
/usr/lib/python3.13/importlib/__init__.py:88: in import_module
    return _bootstrap._gcd_import(name[level:], package, level)
           ^^^^^^^^^^^^^^^^^^^^^^^^^^^^^^^^^^^^^^^^^^^^^^^^^^^^
tests/test_permission_and_registry_errors.py:32: in <module>
    from components.hot_reload import (
src/components/__init__.py:2: in <module>
    from .hot_reload import HotReloadManager, get_reload_manager
src/components/hot_reload.py:25: in <module>
    from ..utils.atomic_write import atomic_write
E   ImportError: attempted relative import beyond top-level package[0m
[31m[1m______________ ERROR collecting tests/test_registry_hot_reload.py ______________[0m
[31mImportError while importing test module '/home/coding/aide-de-camp/tests/test_registry_hot_reload.py'.
Hint: make sure your test modules/packages have valid Python names.
Traceback:
/usr/lib/python3.13/importlib/__init__.py:88: in import_module
    return _bootstrap._gcd_import(name[level:], package, level)
           ^^^^^^^^^^^^^^^^^^^^^^^^^^^^^^^^^^^^^^^^^^^^^^^^^^^^
tests/test_registry_hot_reload.py:24: in <module>
    from registry import get_registry, REGISTRY_PATH, CACHE_TTL, get_project
src/registry.py:25: in <module>
    from .utils.atomic_write import atomic_write
E   ImportError: attempted relative import with no known parent package[0m
[31m[1m____ ERROR collecting tests/test_registry_hot_reload_new_infrastructure.py _____[0m
[31mImportError while importing test module '/home/coding/aide-de-camp/tests/test_registry_hot_reload_new_infrastructure.py'.
Hint: make sure your test modules/packages have valid Python names.
Traceback:
/usr/lib/python3.13/importlib/__init__.py:88: in import_module
    return _bootstrap._gcd_import(name[level:], package, level)
           ^^^^^^^^^^^^^^^^^^^^^^^^^^^^^^^^^^^^^^^^^^^^^^^^^^^^
tests/test_registry_hot_reload_new_infrastructure.py:18: in <module>
    from registry import get_registry, REGISTRY_PATH
src/registry.py:25: in <module>
    from .utils.atomic_write import atomic_write
E   ImportError: attempted relative import with no known parent package[0m
[31m[1m_________ ERROR collecting tests/test_session_storage_verification.py __________[0m
[31m.venv/lib/python3.13/site-packages/_pytest/python.py:508: in importtestmodule
    mod = import_path(
.venv/lib/python3.13/site-packages/_pytest/pathlib.py:596: in import_path
    importlib.import_module(module_name)
/usr/lib/python3.13/importlib/__init__.py:88: in import_module
    return _bootstrap._gcd_import(name[level:], package, level)
           ^^^^^^^^^^^^^^^^^^^^^^^^^^^^^^^^^^^^^^^^^^^^^^^^^^^^
<frozen importlib._bootstrap>:1387: in _gcd_import
    ???
<frozen importlib._bootstrap>:1360: in _find_and_load
    ???
<frozen importlib._bootstrap>:1331: in _find_and_load_unlocked
    ???
<frozen importlib._bootstrap>:935: in _load_unlocked
    ???
.venv/lib/python3.13/site-packages/_pytest/assertion/rewrite.py:179: in exec_module
    source_stat, co = _rewrite_test(fn, self.config)
                      ^^^^^^^^^^^^^^^^^^^^^^^^^^^^^^
.venv/lib/python3.13/site-packages/_pytest/assertion/rewrite.py:348: in _rewrite_test
    tree = ast.parse(source, filename=strfn)
           ^^^^^^^^^^^^^^^^^^^^^^^^^^^^^^^^^
/usr/lib/python3.13/ast.py:50: in parse
    return compile(source, filename, mode, flags,
E     File "/home/coding/aide-de-camp/tests/test_session_storage_verification.py", line 317
E       from src.session.store import SessionStore
E   IndentationError: unexpected indent[0m
[31m[1m____________ ERROR collecting tests/test_sse_broadcast_endpoint.py _____________[0m
[31m.venv/lib/python3.13/site-packages/_pytest/python.py:508: in importtestmodule
    mod = import_path(
.venv/lib/python3.13/site-packages/_pytest/pathlib.py:596: in import_path
    importlib.import_module(module_name)
/usr/lib/python3.13/importlib/__init__.py:88: in import_module
    return _bootstrap._gcd_import(name[level:], package, level)
           ^^^^^^^^^^^^^^^^^^^^^^^^^^^^^^^^^^^^^^^^^^^^^^^^^^^^
<frozen importlib._bootstrap>:1387: in _gcd_import
    ???
<frozen importlib._bootstrap>:1360: in _find_and_load
    ???
<frozen importlib._bootstrap>:1331: in _find_and_load_unlocked
    ???
<frozen importlib._bootstrap>:935: in _load_unlocked
    ???
.venv/lib/python3.13/site-packages/_pytest/assertion/rewrite.py:179: in exec_module
    source_stat, co = _rewrite_test(fn, self.config)
                      ^^^^^^^^^^^^^^^^^^^^^^^^^^^^^^
.venv/lib/python3.13/site-packages/_pytest/assertion/rewrite.py:348: in _rewrite_test
    tree = ast.parse(source, filename=strfn)
           ^^^^^^^^^^^^^^^^^^^^^^^^^^^^^^^^^
/usr/lib/python3.13/ast.py:50: in parse
    return compile(source, filename, mode, flags,
E     File "/home/coding/aide-de-camp/tests/test_sse_broadcast_endpoint.py", line 23
E       import src.session.store as store_mod
E   IndentationError: unexpected indent[0m
[31m[1m_______ ERROR collecting tests/test_sse_broadcast_from_test_endpoint.py ________[0m
[1m[31mtests/test_sse_broadcast_from_test_endpoint.py[0m:24: in <module>
    [0m[37m@pytest[39;49;00m.fixture[90m[39;49;00m
     ^^^^^^^^^^^^^^[90m[39;49;00m
[1m[31m.venv/lib/python3.13/site-packages/_pytest/fixtures.py[0m:1528: in fixture
    [0m[94mreturn[39;49;00m fixture_marker(fixture_function)[90m[39;49;00m
           ^^^^^^^^^^^^^^^^^^^^^^^^^^^^^^^^[90m[39;49;00m
[1m[31m.venv/lib/python3.13/site-packages/_pytest/fixtures.py[0m:1357: in __call__
    [0m[94mraise[39;49;00m [96mValueError[39;49;00m([33m"[39;49;00m[33mclass fixtures not supported (maybe in the future)[39;49;00m[33m"[39;49;00m)[90m[39;49;00m
[1m[31mE   ValueError: class fixtures not supported (maybe in the future)[0m
[31m[1m__________ ERROR collecting tests/test_sse_broadcast_test_endpoint.py __________[0m
[31m.venv/lib/python3.13/site-packages/_pytest/python.py:508: in importtestmodule
    mod = import_path(
.venv/lib/python3.13/site-packages/_pytest/pathlib.py:596: in import_path
    importlib.import_module(module_name)
/usr/lib/python3.13/importlib/__init__.py:88: in import_module
    return _bootstrap._gcd_import(name[level:], package, level)
           ^^^^^^^^^^^^^^^^^^^^^^^^^^^^^^^^^^^^^^^^^^^^^^^^^^^^
<frozen importlib._bootstrap>:1387: in _gcd_import
    ???
<frozen importlib._bootstrap>:1360: in _find_and_load
    ???
<frozen importlib._bootstrap>:1331: in _find_and_load_unlocked
    ???
<frozen importlib._bootstrap>:935: in _load_unlocked
    ???
.venv/lib/python3.13/site-packages/_pytest/assertion/rewrite.py:179: in exec_module
    source_stat, co = _rewrite_test(fn, self.config)
                      ^^^^^^^^^^^^^^^^^^^^^^^^^^^^^^
.venv/lib/python3.13/site-packages/_pytest/assertion/rewrite.py:348: in _rewrite_test
    tree = ast.parse(source, filename=strfn)
           ^^^^^^^^^^^^^^^^^^^^^^^^^^^^^^^^^
/usr/lib/python3.13/ast.py:50: in parse
    return compile(source, filename, mode, flags,
E     File "/home/coding/aide-de-camp/tests/test_sse_broadcast_test_endpoint.py", line 25
E       import src.session.store as store_mod
E   IndentationError: unexpected indent[0m
[31m[1m__________ ERROR collecting tests/test_sse_stuck_failed_broadcasts.py __________[0m
[1m[31mtests/test_sse_stuck_failed_broadcasts.py[0m:45: in <module>
    [0m[37m@pytest[39;49;00m.fixture[90m[39;49;00m
     ^^^^^^^^^^^^^^[90m[39;49;00m
[1m[31m.venv/lib/python3.13/site-packages/_pytest/fixtures.py[0m:1528: in fixture
    [0m[94mreturn[39;49;00m fixture_marker(fixture_function)[90m[39;49;00m
           ^^^^^^^^^^^^^^^^^^^^^^^^^^^^^^^^[90m[39;49;00m
[1m[31m.venv/lib/python3.13/site-packages/_pytest/fixtures.py[0m:1357: in __call__
    [0m[94mraise[39;49;00m [96mValueError[39;49;00m([33m"[39;49;00m[33mclass fixtures not supported (maybe in the future)[39;49;00m[33m"[39;49;00m)[90m[39;49;00m
[1m[31mE   ValueError: class fixtures not supported (maybe in the future)[0m
[31m[1m____________ ERROR collecting tests/test_stuck_card_integration.py _____________[0m
[1m[31mtests/test_stuck_card_integration.py[0m:33: in <module>
    [0m[37m@pytest[39;49;00m.fixture[90m[39;49;00m
     ^^^^^^^^^^^^^^[90m[39;49;00m
[1m[31m.venv/lib/python3.13/site-packages/_pytest/fixtures.py[0m:1528: in fixture
    [0m[94mreturn[39;49;00m fixture_marker(fixture_function)[90m[39;49;00m
           ^^^^^^^^^^^^^^^^^^^^^^^^^^^^^^^^[90m[39;49;00m
[1m[31m.venv/lib/python3.13/site-packages/_pytest/fixtures.py[0m:1365: in __call__
    [0mfail([90m[39;49;00m
[1m[31mE   Failed: Marks cannot be applied to fixtures.[0m
[1m[31mE   See docs: https://docs.pytest.org/en/stable/deprecations.html#applying-a-mark-to-a-fixture-function[0m
[31m[1m______________ ERROR collecting tests/test_stuck_failed_cards.py _______________[0m
[1m[31mtests/test_stuck_failed_cards.py[0m:32: in <module>
    [0m[37m@pytest[39;49;00m.fixture[90m[39;49;00m
     ^^^^^^^^^^^^^^[90m[39;49;00m
[1m[31m.venv/lib/python3.13/site-packages/_pytest/fixtures.py[0m:1528: in fixture
    [0m[94mreturn[39;49;00m fixture_marker(fixture_function)[90m[39;49;00m
           ^^^^^^^^^^^^^^^^^^^^^^^^^^^^^^^^[90m[39;49;00m
[1m[31m.venv/lib/python3.13/site-packages/_pytest/fixtures.py[0m:1357: in __call__
    [0m[94mraise[39;49;00m [96mValueError[39;49;00m([33m"[39;49;00m[33mclass fixtures not supported (maybe in the future)[39;49;00m[33m"[39;49;00m)[90m[39;49;00m
[1m[31mE   ValueError: class fixtures not supported (maybe in the future)[0m
[31m[1m__________ ERROR collecting tests/test_synthetic_dispatch_storage.py ___________[0m
[31m.venv/lib/python3.13/site-packages/_pytest/python.py:508: in importtestmodule
    mod = import_path(
.venv/lib/python3.13/site-packages/_pytest/pathlib.py:596: in import_path
    importlib.import_module(module_name)
/usr/lib/python3.13/importlib/__init__.py:88: in import_module
    return _bootstrap._gcd_import(name[level:], package, level)
           ^^^^^^^^^^^^^^^^^^^^^^^^^^^^^^^^^^^^^^^^^^^^^^^^^^^^
<frozen importlib._bootstrap>:1387: in _gcd_import
    ???
<frozen importlib._bootstrap>:1360: in _find_and_load
    ???
<frozen importlib._bootstrap>:1331: in _find_and_load_unlocked
    ???
<frozen importlib._bootstrap>:935: in _load_unlocked
    ???
.venv/lib/python3.13/site-packages/_pytest/assertion/rewrite.py:179: in exec_module
    source_stat, co = _rewrite_test(fn, self.config)
                      ^^^^^^^^^^^^^^^^^^^^^^^^^^^^^^
.venv/lib/python3.13/site-packages/_pytest/assertion/rewrite.py:348: in _rewrite_test
    tree = ast.parse(source, filename=strfn)
           ^^^^^^^^^^^^^^^^^^^^^^^^^^^^^^^^^
/usr/lib/python3.13/ast.py:50: in parse
    return compile(source, filename, mode, flags,
E     File "/home/coding/aide-de-camp/tests/test_synthetic_dispatch_storage.py", line 37
E       TEST_SYNTHETIC_PAYLOAD = {
E       ^^^^^^^^^^^^^^^^^^^^^^
E   SyntaxError: invalid syntax[0m
[31m[1m________ ERROR collecting tests/test_utterance_linkage_verification.py _________[0m
[31m.venv/lib/python3.13/site-packages/_pytest/python.py:508: in importtestmodule
    mod = import_path(
.venv/lib/python3.13/site-packages/_pytest/pathlib.py:596: in import_path
    importlib.import_module(module_name)
/usr/lib/python3.13/importlib/__init__.py:88: in import_module
    return _bootstrap._gcd_import(name[level:], package, level)
           ^^^^^^^^^^^^^^^^^^^^^^^^^^^^^^^^^^^^^^^^^^^^^^^^^^^^
<frozen importlib._bootstrap>:1387: in _gcd_import
    ???
<frozen importlib._bootstrap>:1360: in _find_and_load
    ???
<frozen importlib._bootstrap>:1331: in _find_and_load_unlocked
    ???
<frozen importlib._bootstrap>:935: in _load_unlocked
    ???
.venv/lib/python3.13/site-packages/_pytest/assertion/rewrite.py:179: in exec_module
    source_stat, co = _rewrite_test(fn, self.config)
                      ^^^^^^^^^^^^^^^^^^^^^^^^^^^^^^
.venv/lib/python3.13/site-packages/_pytest/assertion/rewrite.py:348: in _rewrite_test
    tree = ast.parse(source, filename=strfn)
           ^^^^^^^^^^^^^^^^^^^^^^^^^^^^^^^^^
/usr/lib/python3.13/ast.py:50: in parse
    return compile(source, filename, mode, flags,
E     File "/home/coding/aide-de-camp/tests/test_utterance_linkage_verification.py", line 29
E       VERIFICATION_TEST_PAYLOAD = {
E       ^^^^^^^^^^^^^^^^^^^^^^^^^
E   SyntaxError: invalid syntax[0m
[33m=============================== warnings summary ===============================[0m
tests/helpers/test_data_utils.py:28
  /home/coding/aide-de-camp/tests/helpers/test_data_utils.py:28: PytestCollectionWarning: cannot collect test class 'TestDataInjectionError' because it has a __init__ constructor (from: tests/helpers/test_data_utils.py)
    class TestDataInjectionError(Exception):

tests/helpers/test_data_utils.py:33
  /home/coding/aide-de-camp/tests/helpers/test_data_utils.py:33: PytestCollectionWarning: cannot collect test class 'TestSessionCreationError' because it has a __init__ constructor (from: tests/helpers/test_data_utils.py)
    class TestSessionCreationError(TestDataInjectionError):

tests/helpers/test_data_utils.py:38
  /home/coding/aide-de-camp/tests/helpers/test_data_utils.py:38: PytestCollectionWarning: cannot collect test class 'TestTopicCreationError' because it has a __init__ constructor (from: tests/helpers/test_data_utils.py)
    class TestTopicCreationError(TestDataInjectionError):

tests/helpers/test_data_utils.py:43
  /home/coding/aide-de-camp/tests/helpers/test_data_utils.py:43: PytestCollectionWarning: cannot collect test class 'TestCleanupError' because it has a __init__ constructor (from: tests/helpers/test_data_utils.py)
    class TestCleanupError(TestDataInjectionError):

tests/helpers/test_data_utils.py:48
  /home/coding/aide-de-camp/tests/helpers/test_data_utils.py:48: PytestCollectionWarning: cannot collect test class 'TestDatabaseConfig' because it has a __init__ constructor (from: tests/helpers/test_data_utils.py)
    class TestDatabaseConfig:

tests/helpers/test_data_utils.py:104
  /home/coding/aide-de-camp/tests/helpers/test_data_utils.py:104: PytestCollectionWarning: cannot collect test class 'TestAPIClient' because it has a __init__ constructor (from: tests/helpers/test_data_utils.py)
    class TestAPIClient:

tests/helpers/test_data_utils.py:192
  /home/coding/aide-de-camp/tests/helpers/test_data_utils.py:192: PytestCollectionWarning: cannot collect test class 'TestSessionManager' because it has a __init__ constructor (from: tests/helpers/test_data_utils.py)
    class TestSessionManager:

tests/helpers/test_data_utils.py:332
  /home/coding/aide-de-camp/tests/helpers/test_data_utils.py:332: PytestCollectionWarning: cannot collect test class 'TestTopicManager' because it has a __init__ constructor (from: tests/helpers/test_data_utils.py)
    class TestTopicManager:

tests/helpers/test_data_utils.py:439
  /home/coding/aide-de-camp/tests/helpers/test_data_utils.py:439: PytestCollectionWarning: cannot collect test class 'TestDataCleanup' because it has a __init__ constructor (from: tests/helpers/test_data_utils.py)
    class TestDataCleanup:

src/test/utilities.py:19
  /home/coding/aide-de-camp/src/test/utilities.py:19: PytestCollectionWarning: cannot collect test class 'TestSessionClient' because it has a __init__ constructor (from: tests/test_canvas_data_injection.py)
    class TestSessionClient:

src/test/utilities.py:387
  /home/coding/aide-de-camp/src/test/utilities.py:387: PytestCollectionWarning: cannot collect test class 'TestFixture' because it has a __init__ constructor (from: tests/test_canvas_data_injection.py)
    class TestFixture:

src/test/dispatch.py:24
  /home/coding/aide-de-camp/src/test/dispatch.py:24: PytestCollectionWarning: cannot collect test class 'TestDispatchRequest' because it has a __init__ constructor (from: tests/test_dispatch_comparison.py)
    class TestDispatchRequest(BaseModel):

src/test/dispatch.py:24
  /home/coding/aide-de-camp/src/test/dispatch.py:24: PytestCollectionWarning: cannot collect test class 'TestDispatchRequest' because it has a __init__ constructor (from: tests/test_dispatch_storage_and_sse.py)
    class TestDispatchRequest(BaseModel):

tests/helpers/endpoint_comparison.py:39
  /home/coding/aide-de-camp/tests/helpers/endpoint_comparison.py:39: PytestCollectionWarning: cannot collect test class 'TestEndpointError' because it has a __init__ constructor (from: tests/test_endpoint_comparison_utils.py)
    class TestEndpointError(EndpointComparisonError):

scripts/run_tests_repeatedly.py:86
  /home/coding/aide-de-camp/scripts/run_tests_repeatedly.py:86: PytestCollectionWarning: cannot collect test class 'TestRepeatRunner' because it has a __init__ constructor (from: tests/test_table_state_verification_integration.py)
    class TestRepeatRunner:

scripts/run_tests_repeatedly.py:36
  /home/coding/aide-de-camp/scripts/run_tests_repeatedly.py:36: PytestCollectionWarning: cannot collect test class 'TestResult' because it has a __init__ constructor (from: tests/test_table_state_verification_integration.py)
    @dataclass

-- Docs: https://docs.pytest.org/en/stable/how-to/capture-warnings.html
[36m[1m=========================== short test summary info ============================[0m
[31mERROR[0m tests/e2e/test_canvas_navigation.py
[31mERROR[0m tests/test_ambient_fetch_and_diff.py - Failed: Marks cannot be applied to fixtures.
[31mERROR[0m tests/test_ambient_rule_engine.py
[31mERROR[0m tests/test_backend_stuck_failed_cards.py - ValueError: class fixtures not supported (maybe in the future)
[31mERROR[0m tests/test_bead_watcher_integration.py - Failed: Marks cannot be applied to fixtures.
[31mERROR[0m tests/test_canvas_component_cards.py
[31mERROR[0m tests/test_card_cache.py - ValueError: class fixtures not supported (maybe in the future)
[31mERROR[0m tests/test_card_dismissal_db_verification.py
[31mERROR[0m tests/test_card_dismissal_helpers.py
[31mERROR[0m tests/test_circuit_breaker.py
[31mERROR[0m tests/test_client_timings_api.py - ValueError: class fixtures not supported (maybe in the future)
[31mERROR[0m tests/test_comprehensive_stuck_failed_flows.py - ValueError: class fixtures not supported (maybe in the future)
[31mERROR[0m tests/test_degraded_state_server_behavior.py
[31mERROR[0m tests/test_dispatch_instrumentation.py
[31mERROR[0m tests/test_dispatch_timings.py - ValueError: class fixtures not supported (maybe in the future)
[31mERROR[0m tests/test_dispatch_timings_e2e.py - ValueError: class fixtures not supported (maybe in the future)
[31mERROR[0m tests/test_e2e_dispatch_timing_verification.py - ValueError: class fixtures not supported (maybe in the future)
[31mERROR[0m tests/test_escalate_handler_stuck_scenarios.py - ValueError: class fixtures not supported (maybe in the future)
[31mERROR[0m tests/test_escalate_stuck_intent.py - ValueError: class fixtures not supported (maybe in the future)
[31mERROR[0m tests/test_failed_card_integration.py - Failed: Marks cannot be applied to fixtures.
[31mERROR[0m tests/test_monitoring_result_persistence.py
[31mERROR[0m tests/test_permission_and_registry_errors.py
[31mERROR[0m tests/test_registry_hot_reload.py
[31mERROR[0m tests/test_registry_hot_reload_new_infrastructure.py
[31mERROR[0m tests/test_session_storage_verification.py
[31mERROR[0m tests/test_sse_broadcast_endpoint.py
[31mERROR[0m tests/test_sse_broadcast_from_test_endpoint.py - ValueError: class fixtures not supported (maybe in the future)
[31mERROR[0m tests/test_sse_broadcast_test_endpoint.py
[31mERROR[0m tests/test_sse_stuck_failed_broadcasts.py - ValueError: class fixtures not supported (maybe in the future)
[31mERROR[0m tests/test_stuck_card_integration.py - Failed: Marks cannot be applied to fixtures.
[31mERROR[0m tests/test_stuck_failed_cards.py - ValueError: class fixtures not supported (maybe in the future)
[31mERROR[0m tests/test_synthetic_dispatch_storage.py
[31mERROR[0m tests/test_utterance_linkage_verification.py
!!!!!!!!!!!!!!!!!!! Interrupted: 33 errors during collection !!!!!!!!!!!!!!!!!!!
[31m[33m1 skipped[0m, [33m16 warnings[0m, [31m[1m33 errors[0m[31m in 1.53s[0m[0m
✅ Results: 0/0 passed (0.0%)
   Duration: 1.70s

🔄 Run 5/5

==================================== ERRORS ====================================
[31m[1m_____________ ERROR collecting tests/e2e/test_canvas_navigation.py _____________[0m
[31mImportError while importing test module '/home/coding/aide-de-camp/tests/e2e/test_canvas_navigation.py'.
Hint: make sure your test modules/packages have valid Python names.
Traceback:
/usr/lib/python3.13/importlib/__init__.py:88: in import_module
    return _bootstrap._gcd_import(name[level:], package, level)
           ^^^^^^^^^^^^^^^^^^^^^^^^^^^^^^^^^^^^^^^^^^^^^^^^^^^^
tests/e2e/test_canvas_navigation.py:9: in <module>
    from playwright.async_api import Page, TimeoutError
E   ModuleNotFoundError: No module named 'playwright'[0m
[31m[1m____________ ERROR collecting tests/test_ambient_fetch_and_diff.py _____________[0m
[1m[31mtests/test_ambient_fetch_and_diff.py[0m:44: in <module>
    [0m[37m@pytest[39;49;00m.fixture[90m[39;49;00m
     ^^^^^^^^^^^^^^[90m[39;49;00m
[1m[31m.venv/lib/python3.13/site-packages/_pytest/fixtures.py[0m:1528: in fixture
    [0m[94mreturn[39;49;00m fixture_marker(fixture_function)[90m[39;49;00m
           ^^^^^^^^^^^^^^^^^^^^^^^^^^^^^^^^[90m[39;49;00m
[1m[31m.venv/lib/python3.13/site-packages/_pytest/fixtures.py[0m:1365: in __call__
    [0mfail([90m[39;49;00m
[1m[31mE   Failed: Marks cannot be applied to fixtures.[0m
[1m[31mE   See docs: https://docs.pytest.org/en/stable/deprecations.html#applying-a-mark-to-a-fixture-function[0m
[31m[1m______________ ERROR collecting tests/test_ambient_rule_engine.py ______________[0m
[31m.venv/lib/python3.13/site-packages/_pytest/python.py:508: in importtestmodule
    mod = import_path(
.venv/lib/python3.13/site-packages/_pytest/pathlib.py:596: in import_path
    importlib.import_module(module_name)
/usr/lib/python3.13/importlib/__init__.py:88: in import_module
    return _bootstrap._gcd_import(name[level:], package, level)
           ^^^^^^^^^^^^^^^^^^^^^^^^^^^^^^^^^^^^^^^^^^^^^^^^^^^^
<frozen importlib._bootstrap>:1387: in _gcd_import
    ???
<frozen importlib._bootstrap>:1360: in _find_and_load
    ???
<frozen importlib._bootstrap>:1331: in _find_and_load_unlocked
    ???
<frozen importlib._bootstrap>:935: in _load_unlocked
    ???
.venv/lib/python3.13/site-packages/_pytest/assertion/rewrite.py:179: in exec_module
    source_stat, co = _rewrite_test(fn, self.config)
                      ^^^^^^^^^^^^^^^^^^^^^^^^^^^^^^
.venv/lib/python3.13/site-packages/_pytest/assertion/rewrite.py:348: in _rewrite_test
    tree = ast.parse(source, filename=strfn)
           ^^^^^^^^^^^^^^^^^^^^^^^^^^^^^^^^^
/usr/lib/python3.13/ast.py:50: in parse
    return compile(source, filename, mode, flags,
E     File "/home/coding/aide-de-camp/tests/test_ambient_rule_engine.py", line 28
E       s = SessionStore(db_path)
E   IndentationError: unexpected indent[0m
[31m[1m__________ ERROR collecting tests/test_backend_stuck_failed_cards.py ___________[0m
[1m[31mtests/test_backend_stuck_failed_cards.py[0m:44: in <module>
    [0m[37m@pytest[39;49;00m.fixture[90m[39;49;00m
     ^^^^^^^^^^^^^^[90m[39;49;00m
[1m[31m.venv/lib/python3.13/site-packages/_pytest/fixtures.py[0m:1528: in fixture
    [0m[94mreturn[39;49;00m fixture_marker(fixture_function)[90m[39;49;00m
           ^^^^^^^^^^^^^^^^^^^^^^^^^^^^^^^^[90m[39;49;00m
[1m[31m.venv/lib/python3.13/site-packages/_pytest/fixtures.py[0m:1357: in __call__
    [0m[94mraise[39;49;00m [96mValueError[39;49;00m([33m"[39;49;00m[33mclass fixtures not supported (maybe in the future)[39;49;00m[33m"[39;49;00m)[90m[39;49;00m
[1m[31mE   ValueError: class fixtures not supported (maybe in the future)[0m
[31m[1m___________ ERROR collecting tests/test_bead_watcher_integration.py ____________[0m
[1m[31mtests/test_bead_watcher_integration.py[0m:33: in <module>
    [0m[37m@pytest[39;49;00m.fixture[90m[39;49;00m
     ^^^^^^^^^^^^^^[90m[39;49;00m
[1m[31m.venv/lib/python3.13/site-packages/_pytest/fixtures.py[0m:1528: in fixture
    [0m[94mreturn[39;49;00m fixture_marker(fixture_function)[90m[39;49;00m
           ^^^^^^^^^^^^^^^^^^^^^^^^^^^^^^^^[90m[39;49;00m
[1m[31m.venv/lib/python3.13/site-packages/_pytest/fixtures.py[0m:1365: in __call__
    [0mfail([90m[39;49;00m
[1m[31mE   Failed: Marks cannot be applied to fixtures.[0m
[1m[31mE   See docs: https://docs.pytest.org/en/stable/deprecations.html#applying-a-mark-to-a-fixture-function[0m
[31m[1m____________ ERROR collecting tests/test_canvas_component_cards.py _____________[0m
[31mImportError while importing test module '/home/coding/aide-de-camp/tests/test_canvas_component_cards.py'.
Hint: make sure your test modules/packages have valid Python names.
Traceback:
/usr/lib/python3.13/importlib/__init__.py:88: in import_module
    return _bootstrap._gcd_import(name[level:], package, level)
           ^^^^^^^^^^^^^^^^^^^^^^^^^^^^^^^^^^^^^^^^^^^^^^^^^^^^
tests/test_canvas_component_cards.py:24: in <module>
    from tests.e2e.canvas_render import node_available, render_component_card, render_component_cards
E   ImportError: cannot import name 'render_component_card' from 'tests.e2e.canvas_render' (/home/coding/aide-de-camp/tests/e2e/canvas_render.py)[0m
[31m[1m__________________ ERROR collecting tests/test_card_cache.py ___________________[0m
[1m[31mtests/test_card_cache.py[0m:22: in <module>
    [0m[37m@pytest[39;49;00m.fixture(scope=[33m"[39;49;00m[33mfunction[39;49;00m[33m"[39;49;00m)[90m[39;49;00m
     ^^^^^^^^^^^^^^^^^^^^^^^^^^^^^^^^[90m[39;49;00m
[1m[31m.venv/lib/python3.13/site-packages/_pytest/fixtures.py[0m:1357: in __call__
    [0m[94mraise[39;49;00m [96mValueError[39;49;00m([33m"[39;49;00m[33mclass fixtures not supported (maybe in the future)[39;49;00m[33m"[39;49;00m)[90m[39;49;00m
[1m[31mE   ValueError: class fixtures not supported (maybe in the future)[0m
[31m[1m________ ERROR collecting tests/test_card_dismissal_db_verification.py _________[0m
[31m.venv/lib/python3.13/site-packages/_pytest/python.py:508: in importtestmodule
    mod = import_path(
.venv/lib/python3.13/site-packages/_pytest/pathlib.py:596: in import_path
    importlib.import_module(module_name)
/usr/lib/python3.13/importlib/__init__.py:88: in import_module
    return _bootstrap._gcd_import(name[level:], package, level)
           ^^^^^^^^^^^^^^^^^^^^^^^^^^^^^^^^^^^^^^^^^^^^^^^^^^^^
<frozen importlib._bootstrap>:1387: in _gcd_import
    ???
<frozen importlib._bootstrap>:1360: in _find_and_load
    ???
<frozen importlib._bootstrap>:1331: in _find_and_load_unlocked
    ???
<frozen importlib._bootstrap>:935: in _load_unlocked
    ???
.venv/lib/python3.13/site-packages/_pytest/assertion/rewrite.py:188: in exec_module
    exec(co, module.__dict__)
tests/test_card_dismissal_db_verification.py:21: in <module>
    from tests.card_dismissal_helpers import (
E     File "/home/coding/aide-de-camp/tests/card_dismissal_helpers.py", line 39
E       async def create_test_session(test_db_store | None = None, tmp_path: Path | None = None) -> tuple[SessionStore, str]:
E                                                   ^
E   SyntaxError: invalid syntax[0m
[31m[1m____________ ERROR collecting tests/test_card_dismissal_helpers.py _____________[0m
[31m.venv/lib/python3.13/site-packages/_pytest/python.py:508: in importtestmodule
    mod = import_path(
.venv/lib/python3.13/site-packages/_pytest/pathlib.py:596: in import_path
    importlib.import_module(module_name)
/usr/lib/python3.13/importlib/__init__.py:88: in import_module
    return _bootstrap._gcd_import(name[level:], package, level)
           ^^^^^^^^^^^^^^^^^^^^^^^^^^^^^^^^^^^^^^^^^^^^^^^^^^^^
<frozen importlib._bootstrap>:1387: in _gcd_import
    ???
<frozen importlib._bootstrap>:1360: in _find_and_load
    ???
<frozen importlib._bootstrap>:1331: in _find_and_load_unlocked
    ???
<frozen importlib._bootstrap>:935: in _load_unlocked
    ???
.venv/lib/python3.13/site-packages/_pytest/assertion/rewrite.py:188: in exec_module
    exec(co, module.__dict__)
tests/test_card_dismissal_helpers.py:9: in <module>
    from tests.card_dismissal_helpers import (
E     File "/home/coding/aide-de-camp/tests/card_dismissal_helpers.py", line 39
E       async def create_test_session(test_db_store | None = None, tmp_path: Path | None = None) -> tuple[SessionStore, str]:
E                                                   ^
E   SyntaxError: invalid syntax[0m
[31m[1m________________ ERROR collecting tests/test_circuit_breaker.py ________________[0m
[31m.venv/lib/python3.13/site-packages/_pytest/python.py:508: in importtestmodule
    mod = import_path(
.venv/lib/python3.13/site-packages/_pytest/pathlib.py:596: in import_path
    importlib.import_module(module_name)
/usr/lib/python3.13/importlib/__init__.py:88: in import_module
    return _bootstrap._gcd_import(name[level:], package, level)
           ^^^^^^^^^^^^^^^^^^^^^^^^^^^^^^^^^^^^^^^^^^^^^^^^^^^^
<frozen importlib._bootstrap>:1387: in _gcd_import
    ???
<frozen importlib._bootstrap>:1360: in _find_and_load
    ???
<frozen importlib._bootstrap>:1331: in _find_and_load_unlocked
    ???
<frozen importlib._bootstrap>:935: in _load_unlocked
    ???
.venv/lib/python3.13/site-packages/_pytest/assertion/rewrite.py:179: in exec_module
    source_stat, co = _rewrite_test(fn, self.config)
                      ^^^^^^^^^^^^^^^^^^^^^^^^^^^^^^
.venv/lib/python3.13/site-packages/_pytest/assertion/rewrite.py:348: in _rewrite_test
    tree = ast.parse(source, filename=strfn)
           ^^^^^^^^^^^^^^^^^^^^^^^^^^^^^^^^^
/usr/lib/python3.13/ast.py:50: in parse
    return compile(source, filename, mode, flags,
E     File "/home/coding/aide-de-camp/tests/test_circuit_breaker.py", line 42
E       with tempfile.NamedTemporaryFile(suffix=".db", delete=False) as f:
E   IndentationError: unexpected indent[0m
[31m[1m______________ ERROR collecting tests/test_client_timings_api.py _______________[0m
[1m[31mtests/test_client_timings_api.py[0m:30: in <module>
    [0m[37m@pytest[39;49;00m.fixture[90m[39;49;00m
     ^^^^^^^^^^^^^^[90m[39;49;00m
[1m[31m.venv/lib/python3.13/site-packages/_pytest/fixtures.py[0m:1528: in fixture
    [0m[94mreturn[39;49;00m fixture_marker(fixture_function)[90m[39;49;00m
           ^^^^^^^^^^^^^^^^^^^^^^^^^^^^^^^^[90m[39;49;00m
[1m[31m.venv/lib/python3.13/site-packages/_pytest/fixtures.py[0m:1357: in __call__
    [0m[94mraise[39;49;00m [96mValueError[39;49;00m([33m"[39;49;00m[33mclass fixtures not supported (maybe in the future)[39;49;00m[33m"[39;49;00m)[90m[39;49;00m
[1m[31mE   ValueError: class fixtures not supported (maybe in the future)[0m
[31m[1m_______ ERROR collecting tests/test_comprehensive_stuck_failed_flows.py ________[0m
[1m[31mtests/test_comprehensive_stuck_failed_flows.py[0m:46: in <module>
    [0m[37m@pytest[39;49;00m.fixture[90m[39;49;00m
     ^^^^^^^^^^^^^^[90m[39;49;00m
[1m[31m.venv/lib/python3.13/site-packages/_pytest/fixtures.py[0m:1528: in fixture
    [0m[94mreturn[39;49;00m fixture_marker(fixture_function)[90m[39;49;00m
           ^^^^^^^^^^^^^^^^^^^^^^^^^^^^^^^^[90m[39;49;00m
[1m[31m.venv/lib/python3.13/site-packages/_pytest/fixtures.py[0m:1357: in __call__
    [0m[94mraise[39;49;00m [96mValueError[39;49;00m([33m"[39;49;00m[33mclass fixtures not supported (maybe in the future)[39;49;00m[33m"[39;49;00m)[90m[39;49;00m
[1m[31mE   ValueError: class fixtures not supported (maybe in the future)[0m
[31m[1m________ ERROR collecting tests/test_degraded_state_server_behavior.py _________[0m
[31m.venv/lib/python3.13/site-packages/_pytest/python.py:508: in importtestmodule
    mod = import_path(
.venv/lib/python3.13/site-packages/_pytest/pathlib.py:596: in import_path
    importlib.import_module(module_name)
/usr/lib/python3.13/importlib/__init__.py:88: in import_module
    return _bootstrap._gcd_import(name[level:], package, level)
           ^^^^^^^^^^^^^^^^^^^^^^^^^^^^^^^^^^^^^^^^^^^^^^^^^^^^
<frozen importlib._bootstrap>:1387: in _gcd_import
    ???
<frozen importlib._bootstrap>:1360: in _find_and_load
    ???
<frozen importlib._bootstrap>:1331: in _find_and_load_unlocked
    ???
<frozen importlib._bootstrap>:935: in _load_unlocked
    ???
.venv/lib/python3.13/site-packages/_pytest/assertion/rewrite.py:179: in exec_module
    source_stat, co = _rewrite_test(fn, self.config)
                      ^^^^^^^^^^^^^^^^^^^^^^^^^^^^^^
.venv/lib/python3.13/site-packages/_pytest/assertion/rewrite.py:348: in _rewrite_test
    tree = ast.parse(source, filename=strfn)
           ^^^^^^^^^^^^^^^^^^^^^^^^^^^^^^^^^
/usr/lib/python3.13/ast.py:50: in parse
    return compile(source, filename, mode, flags,
E     File "/home/coding/aide-de-camp/tests/test_degraded_state_server_behavior.py", line 53
E       return FetchResult(
E   IndentationError: unexpected indent[0m
[31m[1m___________ ERROR collecting tests/test_dispatch_instrumentation.py ____________[0m
[31m.venv/lib/python3.13/site-packages/_pytest/python.py:508: in importtestmodule
    mod = import_path(
.venv/lib/python3.13/site-packages/_pytest/pathlib.py:596: in import_path
    importlib.import_module(module_name)
/usr/lib/python3.13/importlib/__init__.py:88: in import_module
    return _bootstrap._gcd_import(name[level:], package, level)
           ^^^^^^^^^^^^^^^^^^^^^^^^^^^^^^^^^^^^^^^^^^^^^^^^^^^^
<frozen importlib._bootstrap>:1387: in _gcd_import
    ???
<frozen importlib._bootstrap>:1360: in _find_and_load
    ???
<frozen importlib._bootstrap>:1331: in _find_and_load_unlocked
    ???
<frozen importlib._bootstrap>:935: in _load_unlocked
    ???
.venv/lib/python3.13/site-packages/_pytest/assertion/rewrite.py:179: in exec_module
    source_stat, co = _rewrite_test(fn, self.config)
                      ^^^^^^^^^^^^^^^^^^^^^^^^^^^^^^
.venv/lib/python3.13/site-packages/_pytest/assertion/rewrite.py:348: in _rewrite_test
    tree = ast.parse(source, filename=strfn)
           ^^^^^^^^^^^^^^^^^^^^^^^^^^^^^^^^^
/usr/lib/python3.13/ast.py:50: in parse
    return compile(source, filename, mode, flags,
E     File "/home/coding/aide-de-camp/tests/test_dispatch_instrumentation.py", line 52
E       Returns a callable that advances 100ms (0.1s) per call.
E   IndentationError: unexpected indent[0m
[31m[1m_______________ ERROR collecting tests/test_dispatch_timings.py ________________[0m
[1m[31mtests/test_dispatch_timings.py[0m:39: in <module>
    [0m[37m@pytest[39;49;00m.fixture[90m[39;49;00m
     ^^^^^^^^^^^^^^[90m[39;49;00m
[1m[31m.venv/lib/python3.13/site-packages/_pytest/fixtures.py[0m:1528: in fixture
    [0m[94mreturn[39;49;00m fixture_marker(fixture_function)[90m[39;49;00m
           ^^^^^^^^^^^^^^^^^^^^^^^^^^^^^^^^[90m[39;49;00m
[1m[31m.venv/lib/python3.13/site-packages/_pytest/fixtures.py[0m:1357: in __call__
    [0m[94mraise[39;49;00m [96mValueError[39;49;00m([33m"[39;49;00m[33mclass fixtures not supported (maybe in the future)[39;49;00m[33m"[39;49;00m)[90m[39;49;00m
[1m[31mE   ValueError: class fixtures not supported (maybe in the future)[0m
[31m[1m_____________ ERROR collecting tests/test_dispatch_timings_e2e.py ______________[0m
[1m[31mtests/test_dispatch_timings_e2e.py[0m:28: in <module>
    [0m[37m@pytest[39;49;00m.fixture[90m[39;49;00m
     ^^^^^^^^^^^^^^[90m[39;49;00m
[1m[31m.venv/lib/python3.13/site-packages/_pytest/fixtures.py[0m:1528: in fixture
    [0m[94mreturn[39;49;00m fixture_marker(fixture_function)[90m[39;49;00m
           ^^^^^^^^^^^^^^^^^^^^^^^^^^^^^^^^[90m[39;49;00m
[1m[31m.venv/lib/python3.13/site-packages/_pytest/fixtures.py[0m:1357: in __call__
    [0m[94mraise[39;49;00m [96mValueError[39;49;00m([33m"[39;49;00m[33mclass fixtures not supported (maybe in the future)[39;49;00m[33m"[39;49;00m)[90m[39;49;00m
[1m[31mE   ValueError: class fixtures not supported (maybe in the future)[0m
[31m[1m_______ ERROR collecting tests/test_e2e_dispatch_timing_verification.py ________[0m
[1m[31mtests/test_e2e_dispatch_timing_verification.py[0m:41: in <module>
    [0m[37m@pytest[39;49;00m.fixture[90m[39;49;00m
     ^^^^^^^^^^^^^^[90m[39;49;00m
[1m[31m.venv/lib/python3.13/site-packages/_pytest/fixtures.py[0m:1528: in fixture
    [0m[94mreturn[39;49;00m fixture_marker(fixture_function)[90m[39;49;00m
           ^^^^^^^^^^^^^^^^^^^^^^^^^^^^^^^^[90m[39;49;00m
[1m[31m.venv/lib/python3.13/site-packages/_pytest/fixtures.py[0m:1357: in __call__
    [0m[94mraise[39;49;00m [96mValueError[39;49;00m([33m"[39;49;00m[33mclass fixtures not supported (maybe in the future)[39;49;00m[33m"[39;49;00m)[90m[39;49;00m
[1m[31mE   ValueError: class fixtures not supported (maybe in the future)[0m
[31m[1m_______ ERROR collecting tests/test_escalate_handler_stuck_scenarios.py ________[0m
[1m[31mtests/test_escalate_handler_stuck_scenarios.py[0m:40: in <module>
    [0m[37m@pytest[39;49;00m.fixture[90m[39;49;00m
     ^^^^^^^^^^^^^^[90m[39;49;00m
[1m[31m.venv/lib/python3.13/site-packages/_pytest/fixtures.py[0m:1528: in fixture
    [0m[94mreturn[39;49;00m fixture_marker(fixture_function)[90m[39;49;00m
           ^^^^^^^^^^^^^^^^^^^^^^^^^^^^^^^^[90m[39;49;00m
[1m[31m.venv/lib/python3.13/site-packages/_pytest/fixtures.py[0m:1357: in __call__
    [0m[94mraise[39;49;00m [96mValueError[39;49;00m([33m"[39;49;00m[33mclass fixtures not supported (maybe in the future)[39;49;00m[33m"[39;49;00m)[90m[39;49;00m
[1m[31mE   ValueError: class fixtures not supported (maybe in the future)[0m
[31m[1m_____________ ERROR collecting tests/test_escalate_stuck_intent.py _____________[0m
[1m[31mtests/test_escalate_stuck_intent.py[0m:45: in <module>
    [0m[37m@pytest[39;49;00m.fixture[90m[39;49;00m
     ^^^^^^^^^^^^^^[90m[39;49;00m
[1m[31m.venv/lib/python3.13/site-packages/_pytest/fixtures.py[0m:1528: in fixture
    [0m[94mreturn[39;49;00m fixture_marker(fixture_function)[90m[39;49;00m
           ^^^^^^^^^^^^^^^^^^^^^^^^^^^^^^^^[90m[39;49;00m
[1m[31m.venv/lib/python3.13/site-packages/_pytest/fixtures.py[0m:1357: in __call__
    [0m[94mraise[39;49;00m [96mValueError[39;49;00m([33m"[39;49;00m[33mclass fixtures not supported (maybe in the future)[39;49;00m[33m"[39;49;00m)[90m[39;49;00m
[1m[31mE   ValueError: class fixtures not supported (maybe in the future)[0m
[31m[1m____________ ERROR collecting tests/test_failed_card_integration.py ____________[0m
[1m[31mtests/test_failed_card_integration.py[0m:32: in <module>
    [0m[37m@pytest[39;49;00m.fixture[90m[39;49;00m
     ^^^^^^^^^^^^^^[90m[39;49;00m
[1m[31m.venv/lib/python3.13/site-packages/_pytest/fixtures.py[0m:1528: in fixture
    [0m[94mreturn[39;49;00m fixture_marker(fixture_function)[90m[39;49;00m
           ^^^^^^^^^^^^^^^^^^^^^^^^^^^^^^^^[90m[39;49;00m
[1m[31m.venv/lib/python3.13/site-packages/_pytest/fixtures.py[0m:1365: in __call__
    [0mfail([90m[39;49;00m
[1m[31mE   Failed: Marks cannot be applied to fixtures.[0m
[1m[31mE   See docs: https://docs.pytest.org/en/stable/deprecations.html#applying-a-mark-to-a-fixture-function[0m
[31m[1m_________ ERROR collecting tests/test_monitoring_result_persistence.py _________[0m
[31m.venv/lib/python3.13/site-packages/_pytest/python.py:508: in importtestmodule
    mod = import_path(
.venv/lib/python3.13/site-packages/_pytest/pathlib.py:596: in import_path
    importlib.import_module(module_name)
/usr/lib/python3.13/importlib/__init__.py:88: in import_module
    return _bootstrap._gcd_import(name[level:], package, level)
           ^^^^^^^^^^^^^^^^^^^^^^^^^^^^^^^^^^^^^^^^^^^^^^^^^^^^
<frozen importlib._bootstrap>:1387: in _gcd_import
    ???
<frozen importlib._bootstrap>:1360: in _find_and_load
    ???
<frozen importlib._bootstrap>:1331: in _find_and_load_unlocked
    ???
<frozen importlib._bootstrap>:935: in _load_unlocked
    ???
.venv/lib/python3.13/site-packages/_pytest/assertion/rewrite.py:179: in exec_module
    source_stat, co = _rewrite_test(fn, self.config)
                      ^^^^^^^^^^^^^^^^^^^^^^^^^^^^^^
.venv/lib/python3.13/site-packages/_pytest/assertion/rewrite.py:348: in _rewrite_test
    tree = ast.parse(source, filename=strfn)
           ^^^^^^^^^^^^^^^^^^^^^^^^^^^^^^^^^
/usr/lib/python3.13/ast.py:50: in parse
    return compile(source, filename, mode, flags,
E     File "/home/coding/aide-de-camp/tests/test_monitoring_result_persistence.py", line 33
E       s = SessionStore(db_path)
E   IndentationError: unexpected indent[0m
[31m[1m________ ERROR collecting tests/test_permission_and_registry_errors.py _________[0m
[31mImportError while importing test module '/home/coding/aide-de-camp/tests/test_permission_and_registry_errors.py'.
Hint: make sure your test modules/packages have valid Python names.
Traceback:
/usr/lib/python3.13/importlib/__init__.py:88: in import_module
    return _bootstrap._gcd_import(name[level:], package, level)
           ^^^^^^^^^^^^^^^^^^^^^^^^^^^^^^^^^^^^^^^^^^^^^^^^^^^^
tests/test_permission_and_registry_errors.py:32: in <module>
    from components.hot_reload import (
src/components/__init__.py:2: in <module>
    from .hot_reload import HotReloadManager, get_reload_manager
src/components/hot_reload.py:25: in <module>
    from ..utils.atomic_write import atomic_write
E   ImportError: attempted relative import beyond top-level package[0m
[31m[1m______________ ERROR collecting tests/test_registry_hot_reload.py ______________[0m
[31mImportError while importing test module '/home/coding/aide-de-camp/tests/test_registry_hot_reload.py'.
Hint: make sure your test modules/packages have valid Python names.
Traceback:
/usr/lib/python3.13/importlib/__init__.py:88: in import_module
    return _bootstrap._gcd_import(name[level:], package, level)
           ^^^^^^^^^^^^^^^^^^^^^^^^^^^^^^^^^^^^^^^^^^^^^^^^^^^^
tests/test_registry_hot_reload.py:24: in <module>
    from registry import get_registry, REGISTRY_PATH, CACHE_TTL, get_project
src/registry.py:25: in <module>
    from .utils.atomic_write import atomic_write
E   ImportError: attempted relative import with no known parent package[0m
[31m[1m____ ERROR collecting tests/test_registry_hot_reload_new_infrastructure.py _____[0m
[31mImportError while importing test module '/home/coding/aide-de-camp/tests/test_registry_hot_reload_new_infrastructure.py'.
Hint: make sure your test modules/packages have valid Python names.
Traceback:
/usr/lib/python3.13/importlib/__init__.py:88: in import_module
    return _bootstrap._gcd_import(name[level:], package, level)
           ^^^^^^^^^^^^^^^^^^^^^^^^^^^^^^^^^^^^^^^^^^^^^^^^^^^^
tests/test_registry_hot_reload_new_infrastructure.py:18: in <module>
    from registry import get_registry, REGISTRY_PATH
src/registry.py:25: in <module>
    from .utils.atomic_write import atomic_write
E   ImportError: attempted relative import with no known parent package[0m
[31m[1m_________ ERROR collecting tests/test_session_storage_verification.py __________[0m
[31m.venv/lib/python3.13/site-packages/_pytest/python.py:508: in importtestmodule
    mod = import_path(
.venv/lib/python3.13/site-packages/_pytest/pathlib.py:596: in import_path
    importlib.import_module(module_name)
/usr/lib/python3.13/importlib/__init__.py:88: in import_module
    return _bootstrap._gcd_import(name[level:], package, level)
           ^^^^^^^^^^^^^^^^^^^^^^^^^^^^^^^^^^^^^^^^^^^^^^^^^^^^
<frozen importlib._bootstrap>:1387: in _gcd_import
    ???
<frozen importlib._bootstrap>:1360: in _find_and_load
    ???
<frozen importlib._bootstrap>:1331: in _find_and_load_unlocked
    ???
<frozen importlib._bootstrap>:935: in _load_unlocked
    ???
.venv/lib/python3.13/site-packages/_pytest/assertion/rewrite.py:179: in exec_module
    source_stat, co = _rewrite_test(fn, self.config)
                      ^^^^^^^^^^^^^^^^^^^^^^^^^^^^^^
.venv/lib/python3.13/site-packages/_pytest/assertion/rewrite.py:348: in _rewrite_test
    tree = ast.parse(source, filename=strfn)
           ^^^^^^^^^^^^^^^^^^^^^^^^^^^^^^^^^
/usr/lib/python3.13/ast.py:50: in parse
    return compile(source, filename, mode, flags,
E     File "/home/coding/aide-de-camp/tests/test_session_storage_verification.py", line 317
E       from src.session.store import SessionStore
E   IndentationError: unexpected indent[0m
[31m[1m____________ ERROR collecting tests/test_sse_broadcast_endpoint.py _____________[0m
[31m.venv/lib/python3.13/site-packages/_pytest/python.py:508: in importtestmodule
    mod = import_path(
.venv/lib/python3.13/site-packages/_pytest/pathlib.py:596: in import_path
    importlib.import_module(module_name)
/usr/lib/python3.13/importlib/__init__.py:88: in import_module
    return _bootstrap._gcd_import(name[level:], package, level)
           ^^^^^^^^^^^^^^^^^^^^^^^^^^^^^^^^^^^^^^^^^^^^^^^^^^^^
<frozen importlib._bootstrap>:1387: in _gcd_import
    ???
<frozen importlib._bootstrap>:1360: in _find_and_load
    ???
<frozen importlib._bootstrap>:1331: in _find_and_load_unlocked
    ???
<frozen importlib._bootstrap>:935: in _load_unlocked
    ???
.venv/lib/python3.13/site-packages/_pytest/assertion/rewrite.py:179: in exec_module
    source_stat, co = _rewrite_test(fn, self.config)
                      ^^^^^^^^^^^^^^^^^^^^^^^^^^^^^^
.venv/lib/python3.13/site-packages/_pytest/assertion/rewrite.py:348: in _rewrite_test
    tree = ast.parse(source, filename=strfn)
           ^^^^^^^^^^^^^^^^^^^^^^^^^^^^^^^^^
/usr/lib/python3.13/ast.py:50: in parse
    return compile(source, filename, mode, flags,
E     File "/home/coding/aide-de-camp/tests/test_sse_broadcast_endpoint.py", line 23
E       import src.session.store as store_mod
E   IndentationError: unexpected indent[0m
[31m[1m_______ ERROR collecting tests/test_sse_broadcast_from_test_endpoint.py ________[0m
[1m[31mtests/test_sse_broadcast_from_test_endpoint.py[0m:24: in <module>
    [0m[37m@pytest[39;49;00m.fixture[90m[39;49;00m
     ^^^^^^^^^^^^^^[90m[39;49;00m
[1m[31m.venv/lib/python3.13/site-packages/_pytest/fixtures.py[0m:1528: in fixture
    [0m[94mreturn[39;49;00m fixture_marker(fixture_function)[90m[39;49;00m
           ^^^^^^^^^^^^^^^^^^^^^^^^^^^^^^^^[90m[39;49;00m
[1m[31m.venv/lib/python3.13/site-packages/_pytest/fixtures.py[0m:1357: in __call__
    [0m[94mraise[39;49;00m [96mValueError[39;49;00m([33m"[39;49;00m[33mclass fixtures not supported (maybe in the future)[39;49;00m[33m"[39;49;00m)[90m[39;49;00m
[1m[31mE   ValueError: class fixtures not supported (maybe in the future)[0m
[31m[1m__________ ERROR collecting tests/test_sse_broadcast_test_endpoint.py __________[0m
[31m.venv/lib/python3.13/site-packages/_pytest/python.py:508: in importtestmodule
    mod = import_path(
.venv/lib/python3.13/site-packages/_pytest/pathlib.py:596: in import_path
    importlib.import_module(module_name)
/usr/lib/python3.13/importlib/__init__.py:88: in import_module
    return _bootstrap._gcd_import(name[level:], package, level)
           ^^^^^^^^^^^^^^^^^^^^^^^^^^^^^^^^^^^^^^^^^^^^^^^^^^^^
<frozen importlib._bootstrap>:1387: in _gcd_import
    ???
<frozen importlib._bootstrap>:1360: in _find_and_load
    ???
<frozen importlib._bootstrap>:1331: in _find_and_load_unlocked
    ???
<frozen importlib._bootstrap>:935: in _load_unlocked
    ???
.venv/lib/python3.13/site-packages/_pytest/assertion/rewrite.py:179: in exec_module
    source_stat, co = _rewrite_test(fn, self.config)
                      ^^^^^^^^^^^^^^^^^^^^^^^^^^^^^^
.venv/lib/python3.13/site-packages/_pytest/assertion/rewrite.py:348: in _rewrite_test
    tree = ast.parse(source, filename=strfn)
           ^^^^^^^^^^^^^^^^^^^^^^^^^^^^^^^^^
/usr/lib/python3.13/ast.py:50: in parse
    return compile(source, filename, mode, flags,
E     File "/home/coding/aide-de-camp/tests/test_sse_broadcast_test_endpoint.py", line 25
E       import src.session.store as store_mod
E   IndentationError: unexpected indent[0m
[31m[1m__________ ERROR collecting tests/test_sse_stuck_failed_broadcasts.py __________[0m
[1m[31mtests/test_sse_stuck_failed_broadcasts.py[0m:45: in <module>
    [0m[37m@pytest[39;49;00m.fixture[90m[39;49;00m
     ^^^^^^^^^^^^^^[90m[39;49;00m
[1m[31m.venv/lib/python3.13/site-packages/_pytest/fixtures.py[0m:1528: in fixture
    [0m[94mreturn[39;49;00m fixture_marker(fixture_function)[90m[39;49;00m
           ^^^^^^^^^^^^^^^^^^^^^^^^^^^^^^^^[90m[39;49;00m
[1m[31m.venv/lib/python3.13/site-packages/_pytest/fixtures.py[0m:1357: in __call__
    [0m[94mraise[39;49;00m [96mValueError[39;49;00m([33m"[39;49;00m[33mclass fixtures not supported (maybe in the future)[39;49;00m[33m"[39;49;00m)[90m[39;49;00m
[1m[31mE   ValueError: class fixtures not supported (maybe in the future)[0m
[31m[1m____________ ERROR collecting tests/test_stuck_card_integration.py _____________[0m
[1m[31mtests/test_stuck_card_integration.py[0m:33: in <module>
    [0m[37m@pytest[39;49;00m.fixture[90m[39;49;00m
     ^^^^^^^^^^^^^^[90m[39;49;00m
[1m[31m.venv/lib/python3.13/site-packages/_pytest/fixtures.py[0m:1528: in fixture
    [0m[94mreturn[39;49;00m fixture_marker(fixture_function)[90m[39;49;00m
           ^^^^^^^^^^^^^^^^^^^^^^^^^^^^^^^^[90m[39;49;00m
[1m[31m.venv/lib/python3.13/site-packages/_pytest/fixtures.py[0m:1365: in __call__
    [0mfail([90m[39;49;00m
[1m[31mE   Failed: Marks cannot be applied to fixtures.[0m
[1m[31mE   See docs: https://docs.pytest.org/en/stable/deprecations.html#applying-a-mark-to-a-fixture-function[0m
[31m[1m______________ ERROR collecting tests/test_stuck_failed_cards.py _______________[0m
[1m[31mtests/test_stuck_failed_cards.py[0m:32: in <module>
    [0m[37m@pytest[39;49;00m.fixture[90m[39;49;00m
     ^^^^^^^^^^^^^^[90m[39;49;00m
[1m[31m.venv/lib/python3.13/site-packages/_pytest/fixtures.py[0m:1528: in fixture
    [0m[94mreturn[39;49;00m fixture_marker(fixture_function)[90m[39;49;00m
           ^^^^^^^^^^^^^^^^^^^^^^^^^^^^^^^^[90m[39;49;00m
[1m[31m.venv/lib/python3.13/site-packages/_pytest/fixtures.py[0m:1357: in __call__
    [0m[94mraise[39;49;00m [96mValueError[39;49;00m([33m"[39;49;00m[33mclass fixtures not supported (maybe in the future)[39;49;00m[33m"[39;49;00m)[90m[39;49;00m
[1m[31mE   ValueError: class fixtures not supported (maybe in the future)[0m
[31m[1m__________ ERROR collecting tests/test_synthetic_dispatch_storage.py ___________[0m
[31m.venv/lib/python3.13/site-packages/_pytest/python.py:508: in importtestmodule
    mod = import_path(
.venv/lib/python3.13/site-packages/_pytest/pathlib.py:596: in import_path
    importlib.import_module(module_name)
/usr/lib/python3.13/importlib/__init__.py:88: in import_module
    return _bootstrap._gcd_import(name[level:], package, level)
           ^^^^^^^^^^^^^^^^^^^^^^^^^^^^^^^^^^^^^^^^^^^^^^^^^^^^
<frozen importlib._bootstrap>:1387: in _gcd_import
    ???
<frozen importlib._bootstrap>:1360: in _find_and_load
    ???
<frozen importlib._bootstrap>:1331: in _find_and_load_unlocked
    ???
<frozen importlib._bootstrap>:935: in _load_unlocked
    ???
.venv/lib/python3.13/site-packages/_pytest/assertion/rewrite.py:179: in exec_module
    source_stat, co = _rewrite_test(fn, self.config)
                      ^^^^^^^^^^^^^^^^^^^^^^^^^^^^^^
.venv/lib/python3.13/site-packages/_pytest/assertion/rewrite.py:348: in _rewrite_test
    tree = ast.parse(source, filename=strfn)
           ^^^^^^^^^^^^^^^^^^^^^^^^^^^^^^^^^
/usr/lib/python3.13/ast.py:50: in parse
    return compile(source, filename, mode, flags,
E     File "/home/coding/aide-de-camp/tests/test_synthetic_dispatch_storage.py", line 37
E       TEST_SYNTHETIC_PAYLOAD = {
E       ^^^^^^^^^^^^^^^^^^^^^^
E   SyntaxError: invalid syntax[0m
[31m[1m________ ERROR collecting tests/test_utterance_linkage_verification.py _________[0m
[31m.venv/lib/python3.13/site-packages/_pytest/python.py:508: in importtestmodule
    mod = import_path(
.venv/lib/python3.13/site-packages/_pytest/pathlib.py:596: in import_path
    importlib.import_module(module_name)
/usr/lib/python3.13/importlib/__init__.py:88: in import_module
    return _bootstrap._gcd_import(name[level:], package, level)
           ^^^^^^^^^^^^^^^^^^^^^^^^^^^^^^^^^^^^^^^^^^^^^^^^^^^^
<frozen importlib._bootstrap>:1387: in _gcd_import
    ???
<frozen importlib._bootstrap>:1360: in _find_and_load
    ???
<frozen importlib._bootstrap>:1331: in _find_and_load_unlocked
    ???
<frozen importlib._bootstrap>:935: in _load_unlocked
    ???
.venv/lib/python3.13/site-packages/_pytest/assertion/rewrite.py:179: in exec_module
    source_stat, co = _rewrite_test(fn, self.config)
                      ^^^^^^^^^^^^^^^^^^^^^^^^^^^^^^
.venv/lib/python3.13/site-packages/_pytest/assertion/rewrite.py:348: in _rewrite_test
    tree = ast.parse(source, filename=strfn)
           ^^^^^^^^^^^^^^^^^^^^^^^^^^^^^^^^^
/usr/lib/python3.13/ast.py:50: in parse
    return compile(source, filename, mode, flags,
E     File "/home/coding/aide-de-camp/tests/test_utterance_linkage_verification.py", line 29
E       VERIFICATION_TEST_PAYLOAD = {
E       ^^^^^^^^^^^^^^^^^^^^^^^^^
E   SyntaxError: invalid syntax[0m
[33m=============================== warnings summary ===============================[0m
tests/helpers/test_data_utils.py:28
  /home/coding/aide-de-camp/tests/helpers/test_data_utils.py:28: PytestCollectionWarning: cannot collect test class 'TestDataInjectionError' because it has a __init__ constructor (from: tests/helpers/test_data_utils.py)
    class TestDataInjectionError(Exception):

tests/helpers/test_data_utils.py:33
  /home/coding/aide-de-camp/tests/helpers/test_data_utils.py:33: PytestCollectionWarning: cannot collect test class 'TestSessionCreationError' because it has a __init__ constructor (from: tests/helpers/test_data_utils.py)
    class TestSessionCreationError(TestDataInjectionError):

tests/helpers/test_data_utils.py:38
  /home/coding/aide-de-camp/tests/helpers/test_data_utils.py:38: PytestCollectionWarning: cannot collect test class 'TestTopicCreationError' because it has a __init__ constructor (from: tests/helpers/test_data_utils.py)
    class TestTopicCreationError(TestDataInjectionError):

tests/helpers/test_data_utils.py:43
  /home/coding/aide-de-camp/tests/helpers/test_data_utils.py:43: PytestCollectionWarning: cannot collect test class 'TestCleanupError' because it has a __init__ constructor (from: tests/helpers/test_data_utils.py)
    class TestCleanupError(TestDataInjectionError):

tests/helpers/test_data_utils.py:48
  /home/coding/aide-de-camp/tests/helpers/test_data_utils.py:48: PytestCollectionWarning: cannot collect test class 'TestDatabaseConfig' because it has a __init__ constructor (from: tests/helpers/test_data_utils.py)
    class TestDatabaseConfig:

tests/helpers/test_data_utils.py:104
  /home/coding/aide-de-camp/tests/helpers/test_data_utils.py:104: PytestCollectionWarning: cannot collect test class 'TestAPIClient' because it has a __init__ constructor (from: tests/helpers/test_data_utils.py)
    class TestAPIClient:

tests/helpers/test_data_utils.py:192
  /home/coding/aide-de-camp/tests/helpers/test_data_utils.py:192: PytestCollectionWarning: cannot collect test class 'TestSessionManager' because it has a __init__ constructor (from: tests/helpers/test_data_utils.py)
    class TestSessionManager:

tests/helpers/test_data_utils.py:332
  /home/coding/aide-de-camp/tests/helpers/test_data_utils.py:332: PytestCollectionWarning: cannot collect test class 'TestTopicManager' because it has a __init__ constructor (from: tests/helpers/test_data_utils.py)
    class TestTopicManager:

tests/helpers/test_data_utils.py:439
  /home/coding/aide-de-camp/tests/helpers/test_data_utils.py:439: PytestCollectionWarning: cannot collect test class 'TestDataCleanup' because it has a __init__ constructor (from: tests/helpers/test_data_utils.py)
    class TestDataCleanup:

src/test/utilities.py:19
  /home/coding/aide-de-camp/src/test/utilities.py:19: PytestCollectionWarning: cannot collect test class 'TestSessionClient' because it has a __init__ constructor (from: tests/test_canvas_data_injection.py)
    class TestSessionClient:

src/test/utilities.py:387
  /home/coding/aide-de-camp/src/test/utilities.py:387: PytestCollectionWarning: cannot collect test class 'TestFixture' because it has a __init__ constructor (from: tests/test_canvas_data_injection.py)
    class TestFixture:

src/test/dispatch.py:24
  /home/coding/aide-de-camp/src/test/dispatch.py:24: PytestCollectionWarning: cannot collect test class 'TestDispatchRequest' because it has a __init__ constructor (from: tests/test_dispatch_comparison.py)
    class TestDispatchRequest(BaseModel):

src/test/dispatch.py:24
  /home/coding/aide-de-camp/src/test/dispatch.py:24: PytestCollectionWarning: cannot collect test class 'TestDispatchRequest' because it has a __init__ constructor (from: tests/test_dispatch_storage_and_sse.py)
    class TestDispatchRequest(BaseModel):

tests/helpers/endpoint_comparison.py:39
  /home/coding/aide-de-camp/tests/helpers/endpoint_comparison.py:39: PytestCollectionWarning: cannot collect test class 'TestEndpointError' because it has a __init__ constructor (from: tests/test_endpoint_comparison_utils.py)
    class TestEndpointError(EndpointComparisonError):

scripts/run_tests_repeatedly.py:86
  /home/coding/aide-de-camp/scripts/run_tests_repeatedly.py:86: PytestCollectionWarning: cannot collect test class 'TestRepeatRunner' because it has a __init__ constructor (from: tests/test_table_state_verification_integration.py)
    class TestRepeatRunner:

scripts/run_tests_repeatedly.py:36
  /home/coding/aide-de-camp/scripts/run_tests_repeatedly.py:36: PytestCollectionWarning: cannot collect test class 'TestResult' because it has a __init__ constructor (from: tests/test_table_state_verification_integration.py)
    @dataclass

-- Docs: https://docs.pytest.org/en/stable/how-to/capture-warnings.html
[36m[1m=========================== short test summary info ============================[0m
[31mERROR[0m tests/e2e/test_canvas_navigation.py
[31mERROR[0m tests/test_ambient_fetch_and_diff.py - Failed: Marks cannot be applied to fixtures.
[31mERROR[0m tests/test_ambient_rule_engine.py
[31mERROR[0m tests/test_backend_stuck_failed_cards.py - ValueError: class fixtures not supported (maybe in the future)
[31mERROR[0m tests/test_bead_watcher_integration.py - Failed: Marks cannot be applied to fixtures.
[31mERROR[0m tests/test_canvas_component_cards.py
[31mERROR[0m tests/test_card_cache.py - ValueError: class fixtures not supported (maybe in the future)
[31mERROR[0m tests/test_card_dismissal_db_verification.py
[31mERROR[0m tests/test_card_dismissal_helpers.py
[31mERROR[0m tests/test_circuit_breaker.py
[31mERROR[0m tests/test_client_timings_api.py - ValueError: class fixtures not supported (maybe in the future)
[31mERROR[0m tests/test_comprehensive_stuck_failed_flows.py - ValueError: class fixtures not supported (maybe in the future)
[31mERROR[0m tests/test_degraded_state_server_behavior.py
[31mERROR[0m tests/test_dispatch_instrumentation.py
[31mERROR[0m tests/test_dispatch_timings.py - ValueError: class fixtures not supported (maybe in the future)
[31mERROR[0m tests/test_dispatch_timings_e2e.py - ValueError: class fixtures not supported (maybe in the future)
[31mERROR[0m tests/test_e2e_dispatch_timing_verification.py - ValueError: class fixtures not supported (maybe in the future)
[31mERROR[0m tests/test_escalate_handler_stuck_scenarios.py - ValueError: class fixtures not supported (maybe in the future)
[31mERROR[0m tests/test_escalate_stuck_intent.py - ValueError: class fixtures not supported (maybe in the future)
[31mERROR[0m tests/test_failed_card_integration.py - Failed: Marks cannot be applied to fixtures.
[31mERROR[0m tests/test_monitoring_result_persistence.py
[31mERROR[0m tests/test_permission_and_registry_errors.py
[31mERROR[0m tests/test_registry_hot_reload.py
[31mERROR[0m tests/test_registry_hot_reload_new_infrastructure.py
[31mERROR[0m tests/test_session_storage_verification.py
[31mERROR[0m tests/test_sse_broadcast_endpoint.py
[31mERROR[0m tests/test_sse_broadcast_from_test_endpoint.py - ValueError: class fixtures not supported (maybe in the future)
[31mERROR[0m tests/test_sse_broadcast_test_endpoint.py
[31mERROR[0m tests/test_sse_stuck_failed_broadcasts.py - ValueError: class fixtures not supported (maybe in the future)
[31mERROR[0m tests/test_stuck_card_integration.py - Failed: Marks cannot be applied to fixtures.
[31mERROR[0m tests/test_stuck_failed_cards.py - ValueError: class fixtures not supported (maybe in the future)
[31mERROR[0m tests/test_synthetic_dispatch_storage.py
[31mERROR[0m tests/test_utterance_linkage_verification.py
!!!!!!!!!!!!!!!!!!! Interrupted: 33 errors during collection !!!!!!!!!!!!!!!!!!!
[31m[33m1 skipped[0m, [33m16 warnings[0m, [31m[1m33 errors[0m[31m in 1.57s[0m[0m
✅ Results: 0/0 passed (0.0%)
   Duration: 1.74s

============================================================
🏁 Completed 5 run(s) at: 2026-08-07 09:11:19

============================================================
📊 FINAL REPORT
============================================================

📈 Overall Statistics:
   Total runs: 5
   Total test executions: 0
   Passed: 0 (0.0%)
   Failed: 0
   Errors: 0

⏱️  Duration Statistics:
   Total: 9.24s
   Average: 1.85s
   Min: 1.62s
   Max: 2.49s

🔍 Test Stability Analysis:
   Unique tests executed: 0
   Flaky tests (pass & fail): 0
   Always failing: 0

✅ STABLE TESTS: 0 tests passed consistently

📋 Failures by Run:
   Run 1: ✅ 0 failed, 0 errors (0.0% success)
   Run 2: ✅ 0 failed, 0 errors (0.0% success)
   Run 3: ✅ 0 failed, 0 errors (0.0% success)
   Run 4: ✅ 0 failed, 0 errors (0.0% success)
   Run 5: ✅ 0 failed, 0 errors (0.0% success)

💾 Detailed report saved to: test_repeat_report.json

✅ All test runs passed successfully!
