2026-07-28T13:26:14.980407690-04:00 
2026-07-28T13:26:14.980432837-04:00 Running Pagefind v1.1.0
2026-07-28T13:26:14.980434961-04:00 Running from: "/app"
2026-07-28T13:26:14.980436228-04:00 Source:       "/var/www/calls"
2026-07-28T13:26:14.980437466-04:00 Output:       "/var/www/calls/pagefind"
2026-07-28T13:26:14.980438417-04:00 
2026-07-28T13:26:14.980439441-04:00 [Walking source directory]
2026-07-28T13:26:14.982420889-04:00 Found 176 files matching **/*.{html}
2026-07-28T13:26:14.982433683-04:00 
2026-07-28T13:26:14.982435298-04:00 [Parsing files]
2026-07-28T13:26:16.283959975-04:00 Found a data-pagefind-body element on the site.
2026-07-28T13:26:16.283972993-04:00 ↳ Ignoring pages without this tag.
2026-07-28T13:26:16.283975072-04:00 
2026-07-28T13:26:16.283976930-04:00 [Reading languages]
2026-07-28T13:26:16.291532005-04:00 Discovered 1 language: en
2026-07-28T13:26:16.291545751-04:00 
2026-07-28T13:26:16.291548382-04:00 [Building search indexes]
2026-07-28T13:26:16.403738689-04:00 Total: 
2026-07-28T13:26:16.403752058-04:00   Indexed 1 language
2026-07-28T13:26:16.403753364-04:00   Indexed 175 pages
2026-07-28T13:26:16.403754481-04:00   Indexed 6964 words
2026-07-28T13:26:16.403755566-04:00   Indexed 1 filter
2026-07-28T13:26:16.403756835-04:00   Indexed 0 sorts
2026-07-28T13:26:16.763804799-04:00 
2026-07-28T13:26:16.763835628-04:00 Finished in 1.783 seconds
2026-07-28T13:31:46.367530281-04:00 
2026-07-28T13:31:46.367552199-04:00 Running Pagefind v1.1.0
2026-07-28T13:31:46.367555290-04:00 Running from: "/app"
2026-07-28T13:31:46.367557600-04:00 Source:       "/var/www/calls"
2026-07-28T13:31:46.367559683-04:00 Output:       "/var/www/calls/pagefind"
2026-07-28T13:31:46.367561471-04:00 
2026-07-28T13:31:46.367563400-04:00 [Walking source directory]
2026-07-28T13:31:46.369731320-04:00 Found 177 files matching **/*.{html}
2026-07-28T13:31:46.369744685-04:00 
2026-07-28T13:31:46.369747838-04:00 [Parsing files]
2026-07-28T13:31:47.870138681-04:00 Found a data-pagefind-body element on the site.
2026-07-28T13:31:47.870182428-04:00 ↳ Ignoring pages without this tag.
2026-07-28T13:31:47.870184773-04:00 
2026-07-28T13:31:47.870186907-04:00 [Reading languages]
2026-07-28T13:31:47.879260118-04:00 Discovered 1 language: en
2026-07-28T13:31:47.879286432-04:00 
2026-07-28T13:31:47.879289653-04:00 [Building search indexes]
2026-07-28T13:31:48.001094706-04:00 Total: 
2026-07-28T13:31:48.001126074-04:00   Indexed 1 language
2026-07-28T13:31:48.001129390-04:00   Indexed 175 pages
2026-07-28T13:31:48.001131772-04:00   Indexed 6964 words
2026-07-28T13:31:48.001134110-04:00   Indexed 1 filter
2026-07-28T13:31:48.001136467-04:00   Indexed 0 sorts
2026-07-28T13:31:48.004587392-04:00 
2026-07-28T13:31:48.004600276-04:00 Finished in 1.637 seconds
2026-07-28T13:32:08.388883621-04:00 
2026-07-28T13:32:08.388928965-04:00 Running Pagefind v1.1.0
2026-07-28T13:32:08.388931484-04:00 Running from: "/app"
2026-07-28T13:32:08.388933831-04:00 Source:       "/var/www/calls"
2026-07-28T13:32:08.388936887-04:00 Output:       "/var/www/calls/pagefind"
2026-07-28T13:32:08.388938961-04:00 
2026-07-28T13:32:08.388941031-04:00 [Walking source directory]
2026-07-28T13:32:08.391599101-04:00 Found 177 files matching **/*.{html}
2026-07-28T13:32:08.391620078-04:00 
2026-07-28T13:32:08.391622687-04:00 [Parsing files]
2026-07-28T13:32:09.986478389-04:00 Found a data-pagefind-body element on the site.
2026-07-28T13:32:09.986523010-04:00 ↳ Ignoring pages without this tag.
2026-07-28T13:32:09.986526050-04:00 
2026-07-28T13:32:09.986582085-04:00 [Reading languages]
2026-07-28T13:32:09.997444516-04:00 Discovered 1 language: en
2026-07-28T13:32:09.997482386-04:00 
2026-07-28T13:32:09.997485299-04:00 [Building search indexes]
2026-07-28T13:32:10.175314514-04:00 Total: 
2026-07-28T13:32:10.175340391-04:00   Indexed 1 language
2026-07-28T13:32:10.175342983-04:00   Indexed 175 pages
2026-07-28T13:32:10.175345019-04:00   Indexed 6964 words
2026-07-28T13:32:10.175346999-04:00   Indexed 1 filter
2026-07-28T13:32:10.175348973-04:00   Indexed 0 sorts
2026-07-28T13:32:10.179410308-04:00 
2026-07-28T13:32:10.179423784-04:00 Finished in 1.790 seconds
2026-07-28T13:32:17.228068161-04:00 [pbx-web] bucket changed (sig dca5f31b -> f97841e3), rebuilding
2026-07-28T13:32:18.629082509-04:00 
2026-07-28T13:32:18.629111766-04:00 Running Pagefind v1.1.0
2026-07-28T13:32:18.629113956-04:00 Running from: "/app"
2026-07-28T13:32:18.629116875-04:00 Source:       "/var/www/calls"
2026-07-28T13:32:18.629119269-04:00 Output:       "/var/www/calls/pagefind"
2026-07-28T13:32:18.629122372-04:00 
2026-07-28T13:32:18.629124399-04:00 [Walking source directory]
2026-07-28T13:32:18.632111322-04:00 Found 177 files matching **/*.{html}
2026-07-28T13:32:18.632138601-04:00 
2026-07-28T13:32:18.632142413-04:00 [Parsing files]
2026-07-28T13:32:20.193513841-04:00 Found a data-pagefind-body element on the site.
2026-07-28T13:32:20.193554940-04:00 ↳ Ignoring pages without this tag.
2026-07-28T13:32:20.193556494-04:00 
2026-07-28T13:32:20.193559349-04:00 [Reading languages]
2026-07-28T13:32:20.203576418-04:00 Discovered 1 language: en
2026-07-28T13:32:20.203597681-04:00 
2026-07-28T13:32:20.203599348-04:00 [Building search indexes]
2026-07-28T13:32:20.380598782-04:00 Total: 
2026-07-28T13:32:20.380624564-04:00   Indexed 1 language
2026-07-28T13:32:20.380628285-04:00   Indexed 175 pages
2026-07-28T13:32:20.380630463-04:00   Indexed 6964 words
2026-07-28T13:32:20.380632519-04:00   Indexed 1 filter
2026-07-28T13:32:20.380634656-04:00   Indexed 0 sorts
2026-07-28T13:32:20.384471460-04:00 
2026-07-28T13:32:20.384481463-04:00 Finished in 1.755 seconds
2026-07-28T13:33:20.459689826-04:00 [pbx-web] bucket changed (sig f97841e3 -> ab2c2189), rebuilding
2026-07-28T13:33:21.873464824-04:00 
2026-07-28T13:33:21.873518327-04:00 Running Pagefind v1.1.0
2026-07-28T13:33:21.873522147-04:00 Running from: "/app"
2026-07-28T13:33:21.873526178-04:00 Source:       "/var/www/calls"
2026-07-28T13:33:21.873530437-04:00 Output:       "/var/www/calls/pagefind"
2026-07-28T13:33:21.873533615-04:00 
2026-07-28T13:33:21.873537709-04:00 [Walking source directory]
2026-07-28T13:33:21.876564010-04:00 Found 177 files matching **/*.{html}
2026-07-28T13:33:21.876590357-04:00 
2026-07-28T13:33:21.876595176-04:00 [Parsing files]
2026-07-28T13:33:23.473544324-04:00 Found a data-pagefind-body element on the site.
2026-07-28T13:33:23.473580706-04:00 ↳ Ignoring pages without this tag.
2026-07-28T13:33:23.473583548-04:00 
2026-07-28T13:33:23.473586697-04:00 [Reading languages]
2026-07-28T13:33:23.483834129-04:00 Discovered 1 language: en
2026-07-28T13:33:23.483868412-04:00 
2026-07-28T13:33:23.483870484-04:00 [Building search indexes]
2026-07-28T13:33:23.667374308-04:00 Total: 
2026-07-28T13:33:23.667418576-04:00   Indexed 1 language
2026-07-28T13:33:23.667426490-04:00   Indexed 175 pages
2026-07-28T13:33:23.667428984-04:00   Indexed 6964 words
2026-07-28T13:33:23.667431231-04:00   Indexed 1 filter
2026-07-28T13:33:23.667433330-04:00   Indexed 0 sorts
2026-07-28T13:33:23.672561897-04:00 
2026-07-28T13:33:23.672586822-04:00 Finished in 1.799 seconds
2026-07-28T13:35:23.884788033-04:00 [pbx-web] bucket changed (sig ab2c2189 -> 4c3551eb), rebuilding
2026-07-28T13:35:24.763161000-04:00 
2026-07-28T13:35:24.763195742-04:00 Running Pagefind v1.1.0
2026-07-28T13:35:24.763197252-04:00 Running from: "/app"
2026-07-28T13:35:24.763199191-04:00 Source:       "/var/www/calls"
2026-07-28T13:35:24.763201432-04:00 Output:       "/var/www/calls/pagefind"
2026-07-28T13:35:24.763202652-04:00 
2026-07-28T13:35:24.763203969-04:00 [Walking source directory]
2026-07-28T13:35:24.767192574-04:00 Found 177 files matching **/*.{html}
2026-07-28T13:35:24.767203242-04:00 
2026-07-28T13:35:24.767205371-04:00 [Parsing files]
2026-07-28T13:35:26.372675217-04:00 Found a data-pagefind-body element on the site.
2026-07-28T13:35:26.372737336-04:00 ↳ Ignoring pages without this tag.
2026-07-28T13:35:26.372740906-04:00 
2026-07-28T13:35:26.372743785-04:00 [Reading languages]
2026-07-28T13:35:26.382542232-04:00 Discovered 1 language: en
2026-07-28T13:35:26.382574061-04:00 
2026-07-28T13:35:26.382577233-04:00 [Building search indexes]
2026-07-28T13:35:26.508618146-04:00 Total: 
2026-07-28T13:35:26.508652125-04:00   Indexed 1 language
2026-07-28T13:35:26.508654713-04:00   Indexed 176 pages
2026-07-28T13:35:26.508656978-04:00   Indexed 6966 words
2026-07-28T13:35:26.508658963-04:00   Indexed 1 filter
2026-07-28T13:35:26.508661019-04:00   Indexed 0 sorts
2026-07-28T13:35:26.690609264-04:00 
2026-07-28T13:35:26.690628385-04:00 Finished in 1.927 seconds
2026-07-28T13:35:37.474457261-04:00 
2026-07-28T13:35:37.474481594-04:00 Running Pagefind v1.1.0
2026-07-28T13:35:37.474485019-04:00 Running from: "/app"
2026-07-28T13:35:37.474490352-04:00 Source:       "/var/www/calls"
2026-07-28T13:35:37.474493716-04:00 Output:       "/var/www/calls/pagefind"
2026-07-28T13:35:37.474495758-04:00 
2026-07-28T13:35:37.474497792-04:00 [Walking source directory]
2026-07-28T13:35:37.477141647-04:00 Found 177 files matching **/*.{html}
2026-07-28T13:35:37.477163186-04:00 
2026-07-28T13:35:37.477166973-04:00 [Parsing files]
2026-07-28T13:35:39.166435018-04:00 Found a data-pagefind-body element on the site.
2026-07-28T13:35:39.166465562-04:00 ↳ Ignoring pages without this tag.
2026-07-28T13:35:39.166468252-04:00 
2026-07-28T13:35:39.166472009-04:00 [Reading languages]
2026-07-28T13:35:39.177273979-04:00 Discovered 1 language: en
2026-07-28T13:35:39.177288339-04:00 
2026-07-28T13:35:39.177291275-04:00 [Building search indexes]
2026-07-28T13:35:39.307414045-04:00 Total: 
2026-07-28T13:35:39.307437967-04:00   Indexed 1 language
2026-07-28T13:35:39.307441052-04:00   Indexed 176 pages
2026-07-28T13:35:39.307443552-04:00   Indexed 6966 words
2026-07-28T13:35:39.307445644-04:00   Indexed 1 filter
2026-07-28T13:35:39.307447712-04:00   Indexed 0 sorts
2026-07-28T13:35:39.363692225-04:00 
2026-07-28T13:35:39.363716901-04:00 Finished in 1.889 seconds
2026-07-28T13:36:23.983983437-04:00 [pbx-web] bucket changed (sig 4c3551eb -> 9fe07bb0), rebuilding
2026-07-28T13:36:25.365571321-04:00 
2026-07-28T13:36:25.365591768-04:00 Running Pagefind v1.1.0
2026-07-28T13:36:25.365595690-04:00 Running from: "/app"
2026-07-28T13:36:25.365598468-04:00 Source:       "/var/www/calls"
2026-07-28T13:36:25.365601034-04:00 Output:       "/var/www/calls/pagefind"
2026-07-28T13:36:25.365603184-04:00 
2026-07-28T13:36:25.365605523-04:00 [Walking source directory]
2026-07-28T13:36:25.368010029-04:00 Found 177 files matching **/*.{html}
2026-07-28T13:36:25.368022951-04:00 
2026-07-28T13:36:25.368036601-04:00 [Parsing files]
2026-07-28T13:36:26.980053439-04:00 Found a data-pagefind-body element on the site.
2026-07-28T13:36:26.980087633-04:00 ↳ Ignoring pages without this tag.
2026-07-28T13:36:26.980090731-04:00 
2026-07-28T13:36:26.980093286-04:00 [Reading languages]
2026-07-28T13:36:26.991361097-04:00 Discovered 1 language: en
2026-07-28T13:36:26.991391407-04:00 
2026-07-28T13:36:26.991395823-04:00 [Building search indexes]
2026-07-28T13:36:27.174779544-04:00 Total: 
2026-07-28T13:36:27.174810224-04:00   Indexed 1 language
2026-07-28T13:36:27.174812639-04:00   Indexed 176 pages
2026-07-28T13:36:27.174814856-04:00   Indexed 6966 words
2026-07-28T13:36:27.174817166-04:00   Indexed 1 filter
2026-07-28T13:36:27.174819033-04:00   Indexed 0 sorts
2026-07-28T13:36:27.179099977-04:00 
2026-07-28T13:36:27.179121962-04:00 Finished in 1.813 seconds
2026-07-28T13:36:40.094972029-04:00 
2026-07-28T13:36:40.094993196-04:00 Running Pagefind v1.1.0
2026-07-28T13:36:40.094996269-04:00 Running from: "/app"
2026-07-28T13:36:40.094999174-04:00 Source:       "/var/www/calls"
2026-07-28T13:36:40.095001455-04:00 Output:       "/var/www/calls/pagefind"
2026-07-28T13:36:40.095003346-04:00 
2026-07-28T13:36:40.095005482-04:00 [Walking source directory]
2026-07-28T13:36:40.097219633-04:00 Found 178 files matching **/*.{html}
2026-07-28T13:36:40.097232971-04:00 
2026-07-28T13:36:40.097236338-04:00 [Parsing files]
2026-07-28T13:36:41.575177460-04:00 Found a data-pagefind-body element on the site.
2026-07-28T13:36:41.575199374-04:00 ↳ Ignoring pages without this tag.
2026-07-28T13:36:41.575201509-04:00 
2026-07-28T13:36:41.575204044-04:00 [Reading languages]
2026-07-28T13:36:41.582275810-04:00 Discovered 1 language: en
2026-07-28T13:36:41.582289664-04:00 
2026-07-28T13:36:41.582292043-04:00 [Building search indexes]
2026-07-28T13:36:41.691730319-04:00 Total: 
2026-07-28T13:36:41.691749357-04:00   Indexed 1 language
2026-07-28T13:36:41.691751595-04:00   Indexed 176 pages
2026-07-28T13:36:41.691753309-04:00   Indexed 6966 words
2026-07-28T13:36:41.691754953-04:00   Indexed 1 filter
2026-07-28T13:36:41.691756676-04:00   Indexed 0 sorts
2026-07-28T13:36:41.694828191-04:00 
2026-07-28T13:36:41.694837844-04:00 Finished in 1.600 seconds
2026-07-28T13:36:44.048836774-04:00 
2026-07-28T13:36:44.048851689-04:00 Running Pagefind v1.1.0
2026-07-28T13:36:44.048852989-04:00 Running from: "/app"
2026-07-28T13:36:44.048854446-04:00 Source:       "/var/www/calls"
2026-07-28T13:36:44.048855855-04:00 Output:       "/var/www/calls/pagefind"
2026-07-28T13:36:44.048856838-04:00 
2026-07-28T13:36:44.048857876-04:00 [Walking source directory]
2026-07-28T13:36:44.050906932-04:00 Found 178 files matching **/*.{html}
2026-07-28T13:36:44.050908634-04:00 
2026-07-28T13:36:44.050909873-04:00 [Parsing files]
2026-07-28T13:36:45.497001664-04:00 Found a data-pagefind-body element on the site.
2026-07-28T13:36:45.497036429-04:00 ↳ Ignoring pages without this tag.
2026-07-28T13:36:45.497039421-04:00 
2026-07-28T13:36:45.497041796-04:00 [Reading languages]
2026-07-28T13:36:45.505796652-04:00 Discovered 1 language: en
2026-07-28T13:36:45.505828630-04:00 
2026-07-28T13:36:45.505830449-04:00 [Building search indexes]
2026-07-28T13:36:45.681024444-04:00 Total: 
2026-07-28T13:36:45.681054424-04:00   Indexed 1 language
2026-07-28T13:36:45.681057627-04:00   Indexed 177 pages
2026-07-28T13:36:45.681059700-04:00   Indexed 6967 words
2026-07-28T13:36:45.681061726-04:00   Indexed 1 filter
2026-07-28T13:36:45.681081873-04:00   Indexed 0 sorts
2026-07-28T13:36:45.798844376-04:00 
2026-07-28T13:36:45.798861615-04:00 Finished in 1.750 seconds
2026-07-28T13:37:27.251744795-04:00 [pbx-web] bucket changed (sig 9fe07bb0 -> 2f817bca), rebuilding
2026-07-28T13:37:28.244113859-04:00 
2026-07-28T13:37:28.244154918-04:00 Running Pagefind v1.1.0
2026-07-28T13:37:28.244156164-04:00 Running from: "/app"
2026-07-28T13:37:28.244157420-04:00 Source:       "/var/www/calls"
2026-07-28T13:37:28.244158761-04:00 Output:       "/var/www/calls/pagefind"
2026-07-28T13:37:28.244159755-04:00 
2026-07-28T13:37:28.244160789-04:00 [Walking source directory]
2026-07-28T13:37:28.246128405-04:00 Found 178 files matching **/*.{html}
2026-07-28T13:37:28.246133841-04:00 
2026-07-28T13:37:28.246135104-04:00 [Parsing files]
2026-07-28T13:37:29.506798676-04:00 Found a data-pagefind-body element on the site.
2026-07-28T13:37:29.506818959-04:00 ↳ Ignoring pages without this tag.
2026-07-28T13:37:29.506821261-04:00 
2026-07-28T13:37:29.506823054-04:00 [Reading languages]
2026-07-28T13:37:29.514091089-04:00 Discovered 1 language: en
2026-07-28T13:37:29.514102761-04:00 
2026-07-28T13:37:29.514105025-04:00 [Building search indexes]
2026-07-28T13:37:29.682343325-04:00 Total: 
2026-07-28T13:37:29.682363314-04:00   Indexed 1 language
2026-07-28T13:37:29.682365454-04:00   Indexed 177 pages
2026-07-28T13:37:29.682367167-04:00   Indexed 6967 words
2026-07-28T13:37:29.682368722-04:00   Indexed 1 filter
2026-07-28T13:37:29.682370275-04:00   Indexed 0 sorts
2026-07-28T13:37:29.685155542-04:00 
2026-07-28T13:37:29.685162307-04:00 Finished in 1.441 seconds
2026-07-28T13:38:47.064867209-04:00 
2026-07-28T13:38:47.064884611-04:00 Running Pagefind v1.1.0
2026-07-28T13:38:47.064886017-04:00 Running from: "/app"
2026-07-28T13:38:47.064887140-04:00 Source:       "/var/www/calls"
2026-07-28T13:38:47.064888690-04:00 Output:       "/var/www/calls/pagefind"
2026-07-28T13:38:47.064889776-04:00 
2026-07-28T13:38:47.064890902-04:00 [Walking source directory]
2026-07-28T13:38:47.067068787-04:00 Found 179 files matching **/*.{html}
2026-07-28T13:38:47.067081619-04:00 
2026-07-28T13:38:47.067084835-04:00 [Parsing files]
2026-07-28T13:38:48.309391321-04:00 Found a data-pagefind-body element on the site.
2026-07-28T13:38:48.309424104-04:00 ↳ Ignoring pages without this tag.
2026-07-28T13:38:48.309425721-04:00 
2026-07-28T13:38:48.309426861-04:00 [Reading languages]
2026-07-28T13:38:48.368280651-04:00 Discovered 1 language: en
2026-07-28T13:38:48.368293817-04:00 
2026-07-28T13:38:48.368295923-04:00 [Building search indexes]
2026-07-28T13:38:48.475436151-04:00 Total: 
2026-07-28T13:38:48.475447913-04:00   Indexed 1 language
2026-07-28T13:38:48.475449231-04:00   Indexed 177 pages
2026-07-28T13:38:48.475450285-04:00   Indexed 6967 words
2026-07-28T13:38:48.475451387-04:00   Indexed 1 filter
2026-07-28T13:38:48.475452427-04:00   Indexed 0 sorts
2026-07-28T13:38:48.478746659-04:00 
2026-07-28T13:38:48.478754617-04:00 Finished in 1.414 seconds
2026-07-28T13:38:51.622430166-04:00 
2026-07-28T13:38:51.622453551-04:00 Running Pagefind v1.1.0
2026-07-28T13:38:51.622457538-04:00 Running from: "/app"
2026-07-28T13:38:51.622460466-04:00 Source:       "/var/www/calls"
2026-07-28T13:38:51.622463376-04:00 Output:       "/var/www/calls/pagefind"
2026-07-28T13:38:51.622465702-04:00 
2026-07-28T13:38:51.622468468-04:00 [Walking source directory]
2026-07-28T13:38:51.625058103-04:00 Found 179 files matching **/*.{html}
2026-07-28T13:38:51.625069719-04:00 
2026-07-28T13:38:51.625079635-04:00 [Parsing files]
2026-07-28T13:38:52.909398219-04:00 Found a data-pagefind-body element on the site.
2026-07-28T13:38:52.909417181-04:00 ↳ Ignoring pages without this tag.
2026-07-28T13:38:52.909419690-04:00 
2026-07-28T13:38:52.909421877-04:00 [Reading languages]
2026-07-28T13:38:52.969340732-04:00 Discovered 1 language: en
2026-07-28T13:38:52.969371611-04:00 
2026-07-28T13:38:52.969378405-04:00 [Building search indexes]
2026-07-28T13:38:53.083596686-04:00 Total: 
2026-07-28T13:38:53.083622625-04:00   Indexed 1 language
2026-07-28T13:38:53.083623940-04:00   Indexed 178 pages
2026-07-28T13:38:53.083624903-04:00   Indexed 6967 words
2026-07-28T13:38:53.083625859-04:00   Indexed 1 filter
2026-07-28T13:38:53.083626836-04:00   Indexed 0 sorts
2026-07-28T13:38:53.196720281-04:00 
2026-07-28T13:38:53.196730944-04:00 Finished in 1.574 seconds
2026-07-28T13:38:55.036200080-04:00 
2026-07-28T13:38:55.036238946-04:00 Running Pagefind v1.1.0
2026-07-28T13:38:55.036245273-04:00 Running from: "/app"
2026-07-28T13:38:55.036250236-04:00 Source:       "/var/www/calls"
2026-07-28T13:38:55.036254884-04:00 Output:       "/var/www/calls/pagefind"
2026-07-28T13:38:55.036258975-04:00 
2026-07-28T13:38:55.036263466-04:00 [Walking source directory]
2026-07-28T13:38:55.040963959-04:00 Found 180 files matching **/*.{html}
2026-07-28T13:38:55.041700403-04:00 
2026-07-28T13:38:55.041709146-04:00 [Parsing files]
2026-07-28T13:38:56.306458264-04:00 Found a data-pagefind-body element on the site.
2026-07-28T13:38:56.306472125-04:00 ↳ Ignoring pages without this tag.
2026-07-28T13:38:56.306473189-04:00 
2026-07-28T13:38:56.306474518-04:00 [Reading languages]
2026-07-28T13:38:56.313555574-04:00 Discovered 1 language: en
2026-07-28T13:38:56.313564603-04:00 
2026-07-28T13:38:56.313565863-04:00 [Building search indexes]
2026-07-28T13:38:56.478509811-04:00 Total: 
2026-07-28T13:38:56.478537299-04:00   Indexed 1 language
2026-07-28T13:38:56.478540458-04:00   Indexed 178 pages
2026-07-28T13:38:56.478542248-04:00   Indexed 6967 words
2026-07-28T13:38:56.478698081-04:00   Indexed 1 filter
2026-07-28T13:38:56.478699838-04:00   Indexed 0 sorts
2026-07-28T13:38:56.482019672-04:00 
2026-07-28T13:38:56.482027128-04:00 Finished in 1.446 seconds
2026-07-28T13:38:59.033889699-04:00 
2026-07-28T13:38:59.033904593-04:00 Running Pagefind v1.1.0
2026-07-28T13:38:59.033906863-04:00 Running from: "/app"
2026-07-28T13:38:59.033910266-04:00 Source:       "/var/www/calls"
2026-07-28T13:38:59.033913367-04:00 Output:       "/var/www/calls/pagefind"
2026-07-28T13:38:59.033915068-04:00 
2026-07-28T13:38:59.033916672-04:00 [Walking source directory]
2026-07-28T13:38:59.036006856-04:00 Found 180 files matching **/*.{html}
2026-07-28T13:38:59.036022091-04:00 
2026-07-28T13:38:59.036024372-04:00 [Parsing files]
2026-07-28T13:39:00.291675322-04:00 Found a data-pagefind-body element on the site.
2026-07-28T13:39:00.291697662-04:00 ↳ Ignoring pages without this tag.
2026-07-28T13:39:00.291698888-04:00 
2026-07-28T13:39:00.291700227-04:00 [Reading languages]
2026-07-28T13:39:00.298484766-04:00 Discovered 1 language: en
2026-07-28T13:39:00.298498090-04:00 
2026-07-28T13:39:00.298499439-04:00 [Building search indexes]
2026-07-28T13:39:00.404378100-04:00 Total: 
2026-07-28T13:39:00.404392400-04:00   Indexed 1 language
2026-07-28T13:39:00.404393505-04:00   Indexed 179 pages
2026-07-28T13:39:00.404394584-04:00   Indexed 6968 words
2026-07-28T13:39:00.404395555-04:00   Indexed 1 filter
2026-07-28T13:39:00.404404987-04:00   Indexed 0 sorts
2026-07-28T13:39:00.569125366-04:00 
2026-07-28T13:39:00.569141437-04:00 Finished in 1.535 seconds
2026-07-28T13:39:29.847410925-04:00 [pbx-web] bucket changed (sig 2f817bca -> 5502e193), rebuilding
2026-07-28T13:39:30.727124291-04:00 
2026-07-28T13:39:30.727140336-04:00 Running Pagefind v1.1.0
2026-07-28T13:39:30.727142776-04:00 Running from: "/app"
2026-07-28T13:39:30.727144480-04:00 Source:       "/var/www/calls"
2026-07-28T13:39:30.727146415-04:00 Output:       "/var/www/calls/pagefind"
2026-07-28T13:39:30.727147903-04:00 
2026-07-28T13:39:30.727149422-04:00 [Walking source directory]
2026-07-28T13:39:30.729314010-04:00 Found 180 files matching **/*.{html}
2026-07-28T13:39:30.729324634-04:00 
2026-07-28T13:39:30.729327176-04:00 [Parsing files]
2026-07-28T13:39:32.077423012-04:00 Found a data-pagefind-body element on the site.
2026-07-28T13:39:32.077445942-04:00 ↳ Ignoring pages without this tag.
2026-07-28T13:39:32.077447345-04:00 
2026-07-28T13:39:32.077448804-04:00 [Reading languages]
2026-07-28T13:39:32.085109628-04:00 Discovered 1 language: en
2026-07-28T13:39:32.085115878-04:00 
2026-07-28T13:39:32.085117166-04:00 [Building search indexes]
2026-07-28T13:39:32.194368192-04:00 Total: 
2026-07-28T13:39:32.194384136-04:00   Indexed 1 language
2026-07-28T13:39:32.194385336-04:00   Indexed 179 pages
2026-07-28T13:39:32.194386345-04:00   Indexed 6968 words
2026-07-28T13:39:32.194387492-04:00   Indexed 1 filter
2026-07-28T13:39:32.194388571-04:00   Indexed 0 sorts
2026-07-28T13:39:32.197404082-04:00 
2026-07-28T13:39:32.197413147-04:00 Finished in 1.470 seconds
2026-07-28T18:38:25.752691166-04:00 
2026-07-28T18:38:25.752725316-04:00 Running Pagefind v1.1.0
2026-07-28T18:38:25.752732372-04:00 Running from: "/app"
2026-07-28T18:38:25.752737271-04:00 Source:       "/var/www/calls"
2026-07-28T18:38:25.752741661-04:00 Output:       "/var/www/calls/pagefind"
2026-07-28T18:38:25.752745420-04:00 
2026-07-28T18:38:25.752749577-04:00 [Walking source directory]
2026-07-28T18:38:25.757299536-04:00 Found 181 files matching **/*.{html}
2026-07-28T18:38:25.757307154-04:00 
2026-07-28T18:38:25.757309490-04:00 [Parsing files]
2026-07-28T18:38:27.066909368-04:00 Found a data-pagefind-body element on the site.
2026-07-28T18:38:27.066932051-04:00 ↳ Ignoring pages without this tag.
2026-07-28T18:38:27.066933206-04:00 
2026-07-28T18:38:27.066934509-04:00 [Reading languages]
2026-07-28T18:38:27.074421457-04:00 Discovered 1 language: en
2026-07-28T18:38:27.074435821-04:00 
2026-07-28T18:38:27.074437088-04:00 [Building search indexes]
2026-07-28T18:38:27.184719428-04:00 Total: 
2026-07-28T18:38:27.184738397-04:00   Indexed 1 language
2026-07-28T18:38:27.184740775-04:00   Indexed 179 pages
2026-07-28T18:38:27.184742567-04:00   Indexed 6968 words
2026-07-28T18:38:27.184744316-04:00   Indexed 1 filter
2026-07-28T18:38:27.184746174-04:00   Indexed 0 sorts
2026-07-28T18:38:27.187873122-04:00 
2026-07-28T18:38:27.187887062-04:00 Finished in 1.435 seconds
2026-07-28T18:38:51.414827530-04:00 [pbx-web] bucket changed (sig 5502e193 -> e86487b5), rebuilding
2026-07-28T18:38:52.346187262-04:00 
2026-07-28T18:38:52.346205705-04:00 Running Pagefind v1.1.0
2026-07-28T18:38:52.346208124-04:00 Running from: "/app"
2026-07-28T18:38:52.346210200-04:00 Source:       "/var/www/calls"
2026-07-28T18:38:52.346212186-04:00 Output:       "/var/www/calls/pagefind"
2026-07-28T18:38:52.346213704-04:00 
2026-07-28T18:38:52.346215269-04:00 [Walking source directory]
2026-07-28T18:38:52.348385739-04:00 Found 181 files matching **/*.{html}
2026-07-28T18:38:52.348402546-04:00 
2026-07-28T18:38:52.348405146-04:00 [Parsing files]
2026-07-28T18:38:53.606241721-04:00 Found a data-pagefind-body element on the site.
2026-07-28T18:38:53.606267120-04:00 ↳ Ignoring pages without this tag.
2026-07-28T18:38:53.606269987-04:00 
2026-07-28T18:38:53.606272475-04:00 [Reading languages]
2026-07-28T18:38:53.614297324-04:00 Discovered 1 language: en
2026-07-28T18:38:53.614323666-04:00 
2026-07-28T18:38:53.614327467-04:00 [Building search indexes]
2026-07-28T18:38:53.774558927-04:00 Total: 
2026-07-28T18:38:53.774597192-04:00   Indexed 1 language
2026-07-28T18:38:53.774608520-04:00   Indexed 180 pages
2026-07-28T18:38:53.774609980-04:00   Indexed 6981 words
2026-07-28T18:38:53.774611012-04:00   Indexed 1 filter
2026-07-28T18:38:53.774612091-04:00   Indexed 0 sorts
2026-07-28T18:38:53.887643343-04:00 
2026-07-28T18:38:53.887653856-04:00 Finished in 1.541 seconds
2026-07-28T20:23:24.870819612-04:00 [pbx-web] recording fetch error for 1785277704.476/20260728-222824_442046157786_1785277704.476.wav: [Errno 104] Connection reset by peer
2026-07-28T20:23:24.870945754-04:00 ----------------------------------------
2026-07-28T20:23:24.870969893-04:00 Exception occurred during processing of request from ('127.0.0.1', 57008)
2026-07-28T20:23:24.872275402-04:00 Traceback (most recent call last):
2026-07-28T20:23:24.872415811-04:00   File "/app/server.py", line 139, in _serve_recording
2026-07-28T20:23:24.872422744-04:00     self.wfile.write(chunk)
2026-07-28T20:23:24.872427320-04:00   File "/usr/local/lib/python3.11/socketserver.py", line 834, in write
2026-07-28T20:23:24.872432213-04:00     self._sock.sendall(b)
2026-07-28T20:23:24.872445550-04:00 ConnectionResetError: [Errno 104] Connection reset by peer
2026-07-28T20:23:24.872483106-04:00 
2026-07-28T20:23:24.872489065-04:00 During handling of the above exception, another exception occurred:
2026-07-28T20:23:24.872491657-04:00 
2026-07-28T20:23:24.872494600-04:00 Traceback (most recent call last):
2026-07-28T20:23:24.872858506-04:00   File "/usr/local/lib/python3.11/socketserver.py", line 691, in process_request_thread
2026-07-28T20:23:24.872874406-04:00     self.finish_request(request, client_address)
2026-07-28T20:23:24.872878158-04:00   File "/usr/local/lib/python3.11/socketserver.py", line 361, in finish_request
2026-07-28T20:23:24.872881116-04:00     self.RequestHandlerClass(request, client_address, self)
2026-07-28T20:23:24.872883777-04:00   File "/usr/local/lib/python3.11/socketserver.py", line 755, in __init__
2026-07-28T20:23:24.872886720-04:00     self.handle()
2026-07-28T20:23:24.872894987-04:00   File "/usr/local/lib/python3.11/http/server.py", line 440, in handle
2026-07-28T20:23:24.872897892-04:00     self.handle_one_request()
2026-07-28T20:23:24.872900502-04:00   File "/usr/local/lib/python3.11/http/server.py", line 428, in handle_one_request
2026-07-28T20:23:24.872903335-04:00     method()
2026-07-28T20:23:24.872906028-04:00   File "/app/server.py", line 59, in do_GET
2026-07-28T20:23:24.872908657-04:00     self._serve_recording()
2026-07-28T20:23:24.872911290-04:00   File "/app/server.py", line 146, in _serve_recording
2026-07-28T20:23:24.872913888-04:00     self.send_error(500)
2026-07-28T20:23:24.872916956-04:00   File "/usr/local/lib/python3.11/http/server.py", line 492, in send_error
2026-07-28T20:23:24.872919676-04:00     self.end_headers()
2026-07-28T20:23:24.872922486-04:00   File "/usr/local/lib/python3.11/http/server.py", line 542, in end_headers
2026-07-28T20:23:24.872925102-04:00     self.flush_headers()
2026-07-28T20:23:24.872928469-04:00   File "/usr/local/lib/python3.11/http/server.py", line 546, in flush_headers
2026-07-28T20:23:24.872943602-04:00     self.wfile.write(b"".join(self._headers_buffer))
2026-07-28T20:23:24.872946386-04:00   File "/usr/local/lib/python3.11/socketserver.py", line 834, in write
2026-07-28T20:23:24.872948952-04:00     self._sock.sendall(b)
2026-07-28T20:23:24.872959658-04:00 BrokenPipeError: [Errno 32] Broken pipe
2026-07-28T20:23:24.872962683-04:00 ----------------------------------------
2026-07-28T21:29:33.653353832-04:00 
2026-07-28T21:29:33.653396143-04:00 Running Pagefind v1.1.0
2026-07-28T21:29:33.653399326-04:00 Running from: "/app"
2026-07-28T21:29:33.653401898-04:00 Source:       "/var/www/calls"
2026-07-28T21:29:33.653405609-04:00 Output:       "/var/www/calls/pagefind"
2026-07-28T21:29:33.653408503-04:00 
2026-07-28T21:29:33.653411130-04:00 [Walking source directory]
2026-07-28T21:29:33.656545270-04:00 Found 182 files matching **/*.{html}
2026-07-28T21:29:33.656565976-04:00 
2026-07-28T21:29:33.656569536-04:00 [Parsing files]
2026-07-28T21:29:35.273620337-04:00 Found a data-pagefind-body element on the site.
2026-07-28T21:29:35.273643460-04:00 ↳ Ignoring pages without this tag.
2026-07-28T21:29:35.273644839-04:00 
2026-07-28T21:29:35.273647366-04:00 [Reading languages]
2026-07-28T21:29:35.282346098-04:00 Discovered 1 language: en
2026-07-28T21:29:35.282362132-04:00 
2026-07-28T21:29:35.282363600-04:00 [Building search indexes]
2026-07-28T21:29:35.409139715-04:00 Total: 
2026-07-28T21:29:35.409168260-04:00   Indexed 1 language
2026-07-28T21:29:35.409171376-04:00   Indexed 180 pages
2026-07-28T21:29:35.409173605-04:00   Indexed 6981 words
2026-07-28T21:29:35.409175837-04:00   Indexed 1 filter
2026-07-28T21:29:35.409178080-04:00   Indexed 0 sorts
2026-07-28T21:29:35.466891343-04:00 
2026-07-28T21:29:35.466909322-04:00 Finished in 1.813 seconds
2026-07-28T21:29:42.886558485-04:00 
2026-07-28T21:29:42.886603367-04:00 Running Pagefind v1.1.0
2026-07-28T21:29:42.886606112-04:00 Running from: "/app"
2026-07-28T21:29:42.886608105-04:00 Source:       "/var/www/calls"
2026-07-28T21:29:42.886609662-04:00 Output:       "/var/www/calls/pagefind"
2026-07-28T21:29:42.886611428-04:00 
2026-07-28T21:29:42.886612831-04:00 [Walking source directory]
2026-07-28T21:29:42.889503040-04:00 Found 182 files matching **/*.{html}
2026-07-28T21:29:42.889520426-04:00 
2026-07-28T21:29:42.889523596-04:00 [Parsing files]
2026-07-28T21:29:44.491230617-04:00 Found a data-pagefind-body element on the site.
2026-07-28T21:29:44.491270674-04:00 ↳ Ignoring pages without this tag.
2026-07-28T21:29:44.491274101-04:00 
2026-07-28T21:29:44.491276568-04:00 [Reading languages]
2026-07-28T21:29:44.501469250-04:00 Discovered 1 language: en
2026-07-28T21:29:44.501503080-04:00 
2026-07-28T21:29:44.501506609-04:00 [Building search indexes]
2026-07-28T21:29:44.680295039-04:00 Total: 
2026-07-28T21:29:44.680320569-04:00   Indexed 1 language
2026-07-28T21:29:44.680323730-04:00   Indexed 180 pages
2026-07-28T21:29:44.680325956-04:00   Indexed 6981 words
2026-07-28T21:29:44.680328000-04:00   Indexed 1 filter
2026-07-28T21:29:44.680330320-04:00   Indexed 0 sorts
2026-07-28T21:29:44.683968505-04:00 
2026-07-28T21:29:44.683985671-04:00 Finished in 1.797 seconds
2026-07-28T21:30:04.825045978-04:00 [pbx-web] bucket changed (sig e86487b5 -> 196c52e2), rebuilding
2026-07-28T21:30:06.306813847-04:00 
2026-07-28T21:30:06.306841139-04:00 Running Pagefind v1.1.0
2026-07-28T21:30:06.306844922-04:00 Running from: "/app"
2026-07-28T21:30:06.306848008-04:00 Source:       "/var/www/calls"
2026-07-28T21:30:06.306862644-04:00 Output:       "/var/www/calls/pagefind"
2026-07-28T21:30:06.306864969-04:00 
2026-07-28T21:30:06.306867675-04:00 [Walking source directory]
2026-07-28T21:30:06.309633615-04:00 Found 182 files matching **/*.{html}
2026-07-28T21:30:06.309641019-04:00 
2026-07-28T21:30:06.309643740-04:00 [Parsing files]
2026-07-28T21:30:07.981513242-04:00 Found a data-pagefind-body element on the site.
2026-07-28T21:30:07.981555540-04:00 ↳ Ignoring pages without this tag.
2026-07-28T21:30:07.981558974-04:00 
2026-07-28T21:30:07.981561588-04:00 [Reading languages]
2026-07-28T21:30:07.991516683-04:00 Discovered 1 language: en
2026-07-28T21:30:07.991552381-04:00 
2026-07-28T21:30:07.991555036-04:00 [Building search indexes]
2026-07-28T21:30:08.114614503-04:00 Total: 
2026-07-28T21:30:08.114645296-04:00   Indexed 1 language
2026-07-28T21:30:08.114647128-04:00   Indexed 180 pages
2026-07-28T21:30:08.114648337-04:00   Indexed 6981 words
2026-07-28T21:30:08.114649442-04:00   Indexed 1 filter
2026-07-28T21:30:08.114650641-04:00   Indexed 0 sorts
2026-07-28T21:30:08.219046381-04:00 
2026-07-28T21:30:08.219070441-04:00 Finished in 1.912 seconds
2026-07-28T22:28:54.712295017-04:00 
2026-07-28T22:28:54.712329926-04:00 Running Pagefind v1.1.0
2026-07-28T22:28:54.712333865-04:00 Running from: "/app"
2026-07-28T22:28:54.712337286-04:00 Source:       "/var/www/calls"
2026-07-28T22:28:54.712340878-04:00 Output:       "/var/www/calls/pagefind"
2026-07-28T22:28:54.712343027-04:00 
2026-07-28T22:28:54.712345227-04:00 [Walking source directory]
2026-07-28T22:28:54.715529640-04:00 Found 182 files matching **/*.{html}
2026-07-28T22:28:54.715558752-04:00 
2026-07-28T22:28:54.715562088-04:00 [Parsing files]
2026-07-28T22:28:56.386631992-04:00 Found a data-pagefind-body element on the site.
2026-07-28T22:28:56.386652294-04:00 ↳ Ignoring pages without this tag.
2026-07-28T22:28:56.386654288-04:00 
2026-07-28T22:28:56.386656581-04:00 [Reading languages]
2026-07-28T22:28:56.396668373-04:00 Discovered 1 language: en
2026-07-28T22:28:56.396684581-04:00 
2026-07-28T22:28:56.396686761-04:00 [Building search indexes]
2026-07-28T22:28:56.579266601-04:00 Total: 
2026-07-28T22:28:56.579325308-04:00   Indexed 1 language
2026-07-28T22:28:56.579332993-04:00   Indexed 181 pages
2026-07-28T22:28:56.579338579-04:00   Indexed 7334 words
2026-07-28T22:28:56.579342259-04:00   Indexed 1 filter
2026-07-28T22:28:56.579345783-04:00   Indexed 0 sorts
2026-07-28T22:28:56.766647256-04:00 
2026-07-28T22:28:56.766673780-04:00 Finished in 2.054 seconds
2026-07-28T22:29:12.371474867-04:00 [pbx-web] bucket changed (sig 196c52e2 -> 9114bb09), rebuilding
2026-07-28T22:29:13.829414676-04:00 
2026-07-28T22:29:13.829444260-04:00 Running Pagefind v1.1.0
2026-07-28T22:29:13.829449020-04:00 Running from: "/app"
2026-07-28T22:29:13.829452017-04:00 Source:       "/var/www/calls"
2026-07-28T22:29:13.829454955-04:00 Output:       "/var/www/calls/pagefind"
2026-07-28T22:29:13.829457685-04:00 
2026-07-28T22:29:13.829460487-04:00 [Walking source directory]
2026-07-28T22:29:13.833938730-04:00 Found 182 files matching **/*.{html}
2026-07-28T22:29:13.833968785-04:00 
2026-07-28T22:29:13.833972109-04:00 [Parsing files]
2026-07-28T22:29:15.575317989-04:00 Found a data-pagefind-body element on the site.
2026-07-28T22:29:15.575338786-04:00 ↳ Ignoring pages without this tag.
2026-07-28T22:29:15.575341384-04:00 
2026-07-28T22:29:15.575344444-04:00 [Reading languages]
2026-07-28T22:29:15.585907733-04:00 Discovered 1 language: en
2026-07-28T22:29:15.585994457-04:00 
2026-07-28T22:29:15.585997783-04:00 [Building search indexes]
2026-07-28T22:29:15.774729349-04:00 Total: 
2026-07-28T22:29:15.774755418-04:00   Indexed 1 language
2026-07-28T22:29:15.774757056-04:00   Indexed 181 pages
2026-07-28T22:29:15.774758540-04:00   Indexed 7334 words
2026-07-28T22:29:15.774759854-04:00   Indexed 1 filter
2026-07-28T22:29:15.774761137-04:00   Indexed 0 sorts
2026-07-28T22:29:15.779510749-04:00 
2026-07-28T22:29:15.779535034-04:00 Finished in 1.950 seconds
2026-07-28T22:30:52.445862304-04:00 
2026-07-28T22:30:52.445885775-04:00 Running Pagefind v1.1.0
2026-07-28T22:30:52.445889466-04:00 Running from: "/app"
2026-07-28T22:30:52.445892279-04:00 Source:       "/var/www/calls"
2026-07-28T22:30:52.445894841-04:00 Output:       "/var/www/calls/pagefind"
2026-07-28T22:30:52.445896793-04:00 
2026-07-28T22:30:52.445898861-04:00 [Walking source directory]
2026-07-28T22:30:52.466554871-04:00 Found 182 files matching **/*.{html}
2026-07-28T22:30:52.466597279-04:00 
2026-07-28T22:30:52.466641663-04:00 [Parsing files]
2026-07-28T22:30:54.184036531-04:00 Found a data-pagefind-body element on the site.
2026-07-28T22:30:54.184071483-04:00 ↳ Ignoring pages without this tag.
2026-07-28T22:30:54.184074823-04:00 
2026-07-28T22:30:54.184081054-04:00 [Reading languages]
2026-07-28T22:30:54.193899008-04:00 Discovered 1 language: en
2026-07-28T22:30:54.193920119-04:00 
2026-07-28T22:30:54.193923038-04:00 [Building search indexes]
2026-07-28T22:30:54.376425876-04:00 Total: 
2026-07-28T22:30:54.376450545-04:00   Indexed 1 language
2026-07-28T22:30:54.376453711-04:00   Indexed 181 pages
2026-07-28T22:30:54.376455984-04:00   Indexed 7315 words
2026-07-28T22:30:54.376458213-04:00   Indexed 1 filter
2026-07-28T22:30:54.376460319-04:00   Indexed 0 sorts
2026-07-28T22:30:54.564167166-04:00 
2026-07-28T22:30:54.564203984-04:00 Finished in 2.118 seconds
2026-07-28T22:31:15.929224871-04:00 [pbx-web] bucket changed (sig 9114bb09 -> 2dc24970), rebuilding
2026-07-28T22:31:17.117390497-04:00 
2026-07-28T22:31:17.117406281-04:00 Running Pagefind v1.1.0
2026-07-28T22:31:17.117407521-04:00 Running from: "/app"
2026-07-28T22:31:17.117409108-04:00 Source:       "/var/www/calls"
2026-07-28T22:31:17.117410412-04:00 Output:       "/var/www/calls/pagefind"
2026-07-28T22:31:17.117411411-04:00 
2026-07-28T22:31:17.117412419-04:00 [Walking source directory]
2026-07-28T22:31:17.119679976-04:00 Found 182 files matching **/*.{html}
2026-07-28T22:31:17.119685770-04:00 
2026-07-28T22:31:17.119687152-04:00 [Parsing files]
2026-07-28T22:31:18.966520771-04:00 Found a data-pagefind-body element on the site.
2026-07-28T22:31:18.966571471-04:00 ↳ Ignoring pages without this tag.
2026-07-28T22:31:18.966575173-04:00 
2026-07-28T22:31:18.966577841-04:00 [Reading languages]
2026-07-28T22:31:18.977016918-04:00 Discovered 1 language: en
2026-07-28T22:31:18.977044024-04:00 
2026-07-28T22:31:18.977047881-04:00 [Building search indexes]
2026-07-28T22:31:19.167680978-04:00 Total: 
2026-07-28T22:31:19.167723908-04:00   Indexed 1 language
2026-07-28T22:31:19.167727416-04:00   Indexed 181 pages
2026-07-28T22:31:19.167729813-04:00   Indexed 7315 words
2026-07-28T22:31:19.167732133-04:00   Indexed 1 filter
2026-07-28T22:31:19.167735174-04:00   Indexed 0 sorts
2026-07-28T22:31:19.172167813-04:00 
2026-07-28T22:31:19.172187180-04:00 Finished in 2.055 seconds
2026-07-28T22:58:58.425954166-04:00 [pbx-web] recording fetch error for 1785285870.480/20260729-004430_19148734884_1785285870.480.wav: [Errno 104] Connection reset by peer
2026-07-28T22:58:58.426428467-04:00 ----------------------------------------
2026-07-28T22:58:58.426476891-04:00 Exception occurred during processing of request from ('127.0.0.1', 38764)
2026-07-28T22:58:58.427658399-04:00 Traceback (most recent call last):
2026-07-28T22:58:58.427768520-04:00   File "/app/server.py", line 139, in _serve_recording
2026-07-28T22:58:58.427780220-04:00     self.wfile.write(chunk)
2026-07-28T22:58:58.427785503-04:00   File "/usr/local/lib/python3.11/socketserver.py", line 834, in write
2026-07-28T22:58:58.427790493-04:00     self._sock.sendall(b)
2026-07-28T22:58:58.427820643-04:00 ConnectionResetError: [Errno 104] Connection reset by peer
2026-07-28T22:58:58.427852103-04:00 
2026-07-28T22:58:58.427861644-04:00 During handling of the above exception, another exception occurred:
2026-07-28T22:58:58.427868493-04:00 
2026-07-28T22:58:58.427876312-04:00 Traceback (most recent call last):
2026-07-28T22:58:58.428449152-04:00   File "/usr/local/lib/python3.11/socketserver.py", line 691, in process_request_thread
2026-07-28T22:58:58.428476589-04:00     self.finish_request(request, client_address)
2026-07-28T22:58:58.428481688-04:00   File "/usr/local/lib/python3.11/socketserver.py", line 361, in finish_request
2026-07-28T22:58:58.428486875-04:00     self.RequestHandlerClass(request, client_address, self)
2026-07-28T22:58:58.428491529-04:00   File "/usr/local/lib/python3.11/socketserver.py", line 755, in __init__
2026-07-28T22:58:58.428496457-04:00     self.handle()
2026-07-28T22:58:58.428500909-04:00   File "/usr/local/lib/python3.11/http/server.py", line 440, in handle
2026-07-28T22:58:58.428508125-04:00     self.handle_one_request()
2026-07-28T22:58:58.428514872-04:00   File "/usr/local/lib/python3.11/http/server.py", line 428, in handle_one_request
2026-07-28T22:58:58.428521721-04:00     method()
2026-07-28T22:58:58.428528589-04:00   File "/app/server.py", line 59, in do_GET
2026-07-28T22:58:58.428536249-04:00     self._serve_recording()
2026-07-28T22:58:58.428543288-04:00   File "/app/server.py", line 146, in _serve_recording
2026-07-28T22:58:58.428549538-04:00     self.send_error(500)
2026-07-28T22:58:58.428568136-04:00   File "/usr/local/lib/python3.11/http/server.py", line 492, in send_error
2026-07-28T22:58:58.428574064-04:00     self.end_headers()
2026-07-28T22:58:58.428580936-04:00   File "/usr/local/lib/python3.11/http/server.py", line 542, in end_headers
2026-07-28T22:58:58.428587354-04:00     self.flush_headers()
2026-07-28T22:58:58.428593675-04:00   File "/usr/local/lib/python3.11/http/server.py", line 546, in flush_headers
2026-07-28T22:58:58.428599907-04:00     self.wfile.write(b"".join(self._headers_buffer))
2026-07-28T22:58:58.428606603-04:00   File "/usr/local/lib/python3.11/socketserver.py", line 834, in write
2026-07-28T22:58:58.428612883-04:00     self._sock.sendall(b)
2026-07-28T22:58:58.428619967-04:00 BrokenPipeError: [Errno 32] Broken pipe
2026-07-28T22:58:58.428625838-04:00 ----------------------------------------
2026-07-28T23:27:40.800374516-04:00 
2026-07-28T23:27:40.800412712-04:00 Running Pagefind v1.1.0
2026-07-28T23:27:40.800416284-04:00 Running from: "/app"
2026-07-28T23:27:40.800418895-04:00 Source:       "/var/www/calls"
2026-07-28T23:27:40.800421610-04:00 Output:       "/var/www/calls/pagefind"
2026-07-28T23:27:40.800423544-04:00 
2026-07-28T23:27:40.800425592-04:00 [Walking source directory]
2026-07-28T23:27:40.803094151-04:00 Found 183 files matching **/*.{html}
2026-07-28T23:27:40.803109483-04:00 
2026-07-28T23:27:40.803112407-04:00 [Parsing files]
2026-07-28T23:27:42.272459575-04:00 Found a data-pagefind-body element on the site.
2026-07-28T23:27:42.272511043-04:00 ↳ Ignoring pages without this tag.
2026-07-28T23:27:42.272514533-04:00 
2026-07-28T23:27:42.272517293-04:00 [Reading languages]
2026-07-28T23:27:42.282565455-04:00 Discovered 1 language: en
2026-07-28T23:27:42.282605143-04:00 
2026-07-28T23:27:42.282608474-04:00 [Building search indexes]
2026-07-28T23:27:42.401132456-04:00 Total: 
2026-07-28T23:27:42.401165238-04:00   Indexed 1 language
2026-07-28T23:27:42.401168632-04:00   Indexed 181 pages
2026-07-28T23:27:42.401170521-04:00   Indexed 7315 words
2026-07-28T23:27:42.401172380-04:00   Indexed 1 filter
2026-07-28T23:27:42.401174311-04:00   Indexed 0 sorts
2026-07-28T23:27:42.405727465-04:00 
2026-07-28T23:27:42.405743087-04:00 Finished in 1.605 seconds
2026-07-28T23:28:01.735912831-04:00 
2026-07-28T23:28:01.735946084-04:00 Running Pagefind v1.1.0
2026-07-28T23:28:01.735947484-04:00 Running from: "/app"
2026-07-28T23:28:01.735948742-04:00 Source:       "/var/www/calls"
2026-07-28T23:28:01.735950491-04:00 Output:       "/var/www/calls/pagefind"
2026-07-28T23:28:01.735951544-04:00 
2026-07-28T23:28:01.735952643-04:00 [Walking source directory]
2026-07-28T23:28:01.738571608-04:00 Found 183 files matching **/*.{html}
2026-07-28T23:28:01.738599760-04:00 
2026-07-28T23:28:01.738603359-04:00 [Parsing files]
2026-07-28T23:28:03.370160474-04:00 Found a data-pagefind-body element on the site.
2026-07-28T23:28:03.370199758-04:00 ↳ Ignoring pages without this tag.
2026-07-28T23:28:03.370202556-04:00 
2026-07-28T23:28:03.370205002-04:00 [Reading languages]
2026-07-28T23:28:03.378697374-04:00 Discovered 1 language: en
2026-07-28T23:28:03.378719812-04:00 
2026-07-28T23:28:03.378721198-04:00 [Building search indexes]
2026-07-28T23:28:03.508311359-04:00 Total: 
2026-07-28T23:28:03.508334457-04:00   Indexed 1 language
2026-07-28T23:28:03.508335895-04:00   Indexed 181 pages
2026-07-28T23:28:03.508337051-04:00   Indexed 7315 words
2026-07-28T23:28:03.508338861-04:00   Indexed 1 filter
2026-07-28T23:28:03.508340295-04:00   Indexed 0 sorts
2026-07-28T23:28:03.564243736-04:00 
2026-07-28T23:28:03.564263913-04:00 Finished in 1.828 seconds
2026-07-28T23:28:23.056143250-04:00 [pbx-web] bucket changed (sig 2dc24970 -> 2a66e8ab), rebuilding
2026-07-28T23:28:24.430220077-04:00 
2026-07-28T23:28:24.430276228-04:00 Running Pagefind v1.1.0
2026-07-28T23:28:24.430279641-04:00 Running from: "/app"
2026-07-28T23:28:24.430283909-04:00 Source:       "/var/www/calls"
2026-07-28T23:28:24.430287019-04:00 Output:       "/var/www/calls/pagefind"
2026-07-28T23:28:24.430289152-04:00 
2026-07-28T23:28:24.430290806-04:00 [Walking source directory]
2026-07-28T23:28:24.433441349-04:00 Found 183 files matching **/*.{html}
2026-07-28T23:28:24.433458532-04:00 
2026-07-28T23:28:24.433461177-04:00 [Parsing files]
2026-07-28T23:28:26.082377812-04:00 Found a data-pagefind-body element on the site.
2026-07-28T23:28:26.082404263-04:00 ↳ Ignoring pages without this tag.
2026-07-28T23:28:26.082407530-04:00 
2026-07-28T23:28:26.082410613-04:00 [Reading languages]
2026-07-28T23:28:26.091891417-04:00 Discovered 1 language: en
2026-07-28T23:28:26.091914132-04:00 
2026-07-28T23:28:26.091917050-04:00 [Building search indexes]
2026-07-28T23:28:26.276256170-04:00 Total: 
2026-07-28T23:28:26.276300330-04:00   Indexed 1 language
2026-07-28T23:28:26.276304455-04:00   Indexed 181 pages
2026-07-28T23:28:26.276307008-04:00   Indexed 7315 words
2026-07-28T23:28:26.276309425-04:00   Indexed 1 filter
2026-07-28T23:28:26.276341078-04:00   Indexed 0 sorts
2026-07-28T23:28:26.285228134-04:00 
2026-07-28T23:28:26.285247802-04:00 Finished in 1.855 seconds
2026-07-28T23:28:51.205903138-04:00 
2026-07-28T23:28:51.205918976-04:00 Running Pagefind v1.1.0
2026-07-28T23:28:51.205920554-04:00 Running from: "/app"
2026-07-28T23:28:51.205921862-04:00 Source:       "/var/www/calls"
2026-07-28T23:28:51.205923320-04:00 Output:       "/var/www/calls/pagefind"
2026-07-28T23:28:51.205924521-04:00 
2026-07-28T23:28:51.205925911-04:00 [Walking source directory]
2026-07-28T23:28:51.208575167-04:00 Found 183 files matching **/*.{html}
2026-07-28T23:28:51.208578184-04:00 
2026-07-28T23:28:51.208579691-04:00 [Parsing files]
2026-07-28T23:28:52.596042617-04:00 Found a data-pagefind-body element on the site.
2026-07-28T23:28:52.596060013-04:00 ↳ Ignoring pages without this tag.
2026-07-28T23:28:52.596061330-04:00 
2026-07-28T23:28:52.596062578-04:00 [Reading languages]
2026-07-28T23:28:52.603801306-04:00 Discovered 1 language: en
2026-07-28T23:28:52.603816008-04:00 
2026-07-28T23:28:52.603817826-04:00 [Building search indexes]
2026-07-28T23:28:52.768106396-04:00 Total: 
2026-07-28T23:28:52.768117819-04:00   Indexed 1 language
2026-07-28T23:28:52.768119263-04:00   Indexed 182 pages
2026-07-28T23:28:52.768120486-04:00   Indexed 7319 words
2026-07-28T23:28:52.768122006-04:00   Indexed 1 filter
2026-07-28T23:28:52.768123306-04:00   Indexed 0 sorts
2026-07-28T23:28:52.885993526-04:00 
2026-07-28T23:28:52.886002032-04:00 Finished in 1.680 seconds
2026-07-28T23:29:26.358843002-04:00 [pbx-web] bucket changed (sig 2a66e8ab -> 6560cfd9), rebuilding
2026-07-28T23:29:27.354480507-04:00 
2026-07-28T23:29:27.354494526-04:00 Running Pagefind v1.1.0
2026-07-28T23:29:27.354495806-04:00 Running from: "/app"
2026-07-28T23:29:27.354497269-04:00 Source:       "/var/www/calls"
2026-07-28T23:29:27.354498598-04:00 Output:       "/var/www/calls/pagefind"
2026-07-28T23:29:27.354499642-04:00 
2026-07-28T23:29:27.354500712-04:00 [Walking source directory]
2026-07-28T23:29:27.356500063-04:00 Found 183 files matching **/*.{html}
2026-07-28T23:29:27.356514194-04:00 
2026-07-28T23:29:27.356518700-04:00 [Parsing files]
2026-07-28T23:29:28.678727515-04:00 Found a data-pagefind-body element on the site.
2026-07-28T23:29:28.678744643-04:00 ↳ Ignoring pages without this tag.
2026-07-28T23:29:28.678747056-04:00 
2026-07-28T23:29:28.678749278-04:00 [Reading languages]
2026-07-28T23:29:28.686050413-04:00 Discovered 1 language: en
2026-07-28T23:29:28.686067512-04:00 
2026-07-28T23:29:28.686069806-04:00 [Building search indexes]
2026-07-28T23:29:28.794327890-04:00 Total: 
2026-07-28T23:29:28.794349624-04:00   Indexed 1 language
2026-07-28T23:29:28.794350983-04:00   Indexed 182 pages
2026-07-28T23:29:28.794351943-04:00   Indexed 7319 words
2026-07-28T23:29:28.794352879-04:00   Indexed 1 filter
2026-07-28T23:29:28.794353841-04:00   Indexed 0 sorts
2026-07-28T23:29:28.797298151-04:00 
2026-07-28T23:29:28.797303596-04:00 Finished in 1.443 seconds
2026-07-29T10:17:29.398896763-04:00 
2026-07-29T10:17:29.398932581-04:00 Running Pagefind v1.1.0
2026-07-29T10:17:29.398934014-04:00 Running from: "/app"
2026-07-29T10:17:29.398935590-04:00 Source:       "/var/www/calls"
2026-07-29T10:17:29.398936947-04:00 Output:       "/var/www/calls/pagefind"
2026-07-29T10:17:29.398937973-04:00 
2026-07-29T10:17:29.398939051-04:00 [Walking source directory]
2026-07-29T10:17:29.401492772-04:00 Found 184 files matching **/*.{html}
2026-07-29T10:17:29.401507193-04:00 
2026-07-29T10:17:29.401525369-04:00 [Parsing files]
2026-07-29T10:17:30.796633824-04:00 Found a data-pagefind-body element on the site.
2026-07-29T10:17:30.796659890-04:00 ↳ Ignoring pages without this tag.
2026-07-29T10:17:30.796661565-04:00 
2026-07-29T10:17:30.796663161-04:00 [Reading languages]
2026-07-29T10:17:30.805635534-04:00 Discovered 1 language: en
2026-07-29T10:17:30.805666101-04:00 
2026-07-29T10:17:30.805668651-04:00 [Building search indexes]
2026-07-29T10:17:30.979863769-04:00 Total: 
2026-07-29T10:17:30.979891902-04:00   Indexed 1 language
2026-07-29T10:17:30.979893123-04:00   Indexed 182 pages
2026-07-29T10:17:30.979894422-04:00   Indexed 7319 words
2026-07-29T10:17:30.979895990-04:00   Indexed 1 filter
2026-07-29T10:17:30.979897052-04:00   Indexed 0 sorts
2026-07-29T10:17:30.983912452-04:00 
2026-07-29T10:17:30.983939960-04:00 Finished in 1.585 seconds
2026-07-29T10:17:50.636901114-04:00 
2026-07-29T10:17:50.636931995-04:00 Running Pagefind v1.1.0
2026-07-29T10:17:50.636936879-04:00 Running from: "/app"
2026-07-29T10:17:50.636939392-04:00 Source:       "/var/www/calls"
2026-07-29T10:17:50.636941636-04:00 Output:       "/var/www/calls/pagefind"
2026-07-29T10:17:50.636943412-04:00 
2026-07-29T10:17:50.636945609-04:00 [Walking source directory]
2026-07-29T10:17:50.639344063-04:00 Found 184 files matching **/*.{html}
2026-07-29T10:17:50.639354505-04:00 
2026-07-29T10:17:50.639356048-04:00 [Parsing files]
2026-07-29T10:17:51.978970459-04:00 Found a data-pagefind-body element on the site.
2026-07-29T10:17:51.979004742-04:00 ↳ Ignoring pages without this tag.
2026-07-29T10:17:51.979005943-04:00 
2026-07-29T10:17:51.979007350-04:00 [Reading languages]
2026-07-29T10:17:51.986387237-04:00 Discovered 1 language: en
2026-07-29T10:17:51.986399567-04:00 
2026-07-29T10:17:51.986400924-04:00 [Building search indexes]
2026-07-29T10:17:52.094622722-04:00 Total: 
2026-07-29T10:17:52.094640372-04:00   Indexed 1 language
2026-07-29T10:17:52.094641910-04:00   Indexed 183 pages
2026-07-29T10:17:52.094642865-04:00   Indexed 7319 words
2026-07-29T10:17:52.094643887-04:00   Indexed 1 filter
2026-07-29T10:17:52.094644850-04:00   Indexed 0 sorts
2026-07-29T10:17:52.265788629-04:00 
2026-07-29T10:17:52.265830863-04:00 Finished in 1.628 seconds
2026-07-29T10:18:10.426413522-04:00 [pbx-web] bucket changed (sig 6560cfd9 -> 7434840a), rebuilding
2026-07-29T10:18:11.332590711-04:00 
2026-07-29T10:18:11.332606271-04:00 Running Pagefind v1.1.0
2026-07-29T10:18:11.332608790-04:00 Running from: "/app"
2026-07-29T10:18:11.332610831-04:00 Source:       "/var/www/calls"
2026-07-29T10:18:11.332612856-04:00 Output:       "/var/www/calls/pagefind"
2026-07-29T10:18:11.332614445-04:00 
2026-07-29T10:18:11.332616074-04:00 [Walking source directory]
2026-07-29T10:18:11.334845842-04:00 Found 184 files matching **/*.{html}
2026-07-29T10:18:11.334852945-04:00 
2026-07-29T10:18:11.334855412-04:00 [Parsing files]
2026-07-29T10:18:12.678319466-04:00 Found a data-pagefind-body element on the site.
2026-07-29T10:18:12.678336991-04:00 ↳ Ignoring pages without this tag.
2026-07-29T10:18:12.678338182-04:00 
2026-07-29T10:18:12.678339451-04:00 [Reading languages]
2026-07-29T10:18:12.686014876-04:00 Discovered 1 language: en
2026-07-29T10:18:12.686026440-04:00 
2026-07-29T10:18:12.686027713-04:00 [Building search indexes]
2026-07-29T10:18:12.795883050-04:00 Total: 
2026-07-29T10:18:12.795902788-04:00   Indexed 1 language
2026-07-29T10:18:12.795904351-04:00   Indexed 183 pages
2026-07-29T10:18:12.795905714-04:00   Indexed 7319 words
2026-07-29T10:18:12.795915783-04:00   Indexed 1 filter
2026-07-29T10:18:12.795916872-04:00   Indexed 0 sorts
2026-07-29T10:18:12.798326996-04:00 
2026-07-29T10:18:12.798332376-04:00 Finished in 1.466 seconds
2026-07-29T10:32:44.459943651-04:00 
2026-07-29T10:32:44.459963236-04:00 Running Pagefind v1.1.0
2026-07-29T10:32:44.459966136-04:00 Running from: "/app"
2026-07-29T10:32:44.459970176-04:00 Source:       "/var/www/calls"
2026-07-29T10:32:44.459972566-04:00 Output:       "/var/www/calls/pagefind"
2026-07-29T10:32:44.459974392-04:00 
2026-07-29T10:32:44.459976210-04:00 [Walking source directory]
2026-07-29T10:32:44.462116349-04:00 Found 185 files matching **/*.{html}
2026-07-29T10:32:44.462120430-04:00 
2026-07-29T10:32:44.462122620-04:00 [Parsing files]
2026-07-29T10:32:45.889952751-04:00 Found a data-pagefind-body element on the site.
2026-07-29T10:32:45.889997461-04:00 ↳ Ignoring pages without this tag.
2026-07-29T10:32:45.890000230-04:00 
2026-07-29T10:32:45.890002448-04:00 [Reading languages]
2026-07-29T10:32:45.900729643-04:00 Discovered 1 language: en
2026-07-29T10:32:45.900756217-04:00 
2026-07-29T10:32:45.900757605-04:00 [Building search indexes]
2026-07-29T10:32:46.073334347-04:00 Total: 
2026-07-29T10:32:46.073361838-04:00   Indexed 1 language
2026-07-29T10:32:46.073365843-04:00   Indexed 183 pages
2026-07-29T10:32:46.073367543-04:00   Indexed 7319 words
2026-07-29T10:32:46.073369299-04:00   Indexed 1 filter
2026-07-29T10:32:46.073371046-04:00   Indexed 0 sorts
2026-07-29T10:32:46.076722437-04:00 
2026-07-29T10:32:46.076737240-04:00 Finished in 1.617 seconds
2026-07-29T10:32:54.125472387-04:00 
2026-07-29T10:32:54.125494726-04:00 Running Pagefind v1.1.0
2026-07-29T10:32:54.125497796-04:00 Running from: "/app"
2026-07-29T10:32:54.125499892-04:00 Source:       "/var/www/calls"
2026-07-29T10:32:54.125502386-04:00 Output:       "/var/www/calls/pagefind"
2026-07-29T10:32:54.125504342-04:00 
2026-07-29T10:32:54.125506335-04:00 [Walking source directory]
2026-07-29T10:32:54.127993250-04:00 Found 185 files matching **/*.{html}
2026-07-29T10:32:54.128000246-04:00 
2026-07-29T10:32:54.128002556-04:00 [Parsing files]
2026-07-29T10:32:55.668441315-04:00 Found a data-pagefind-body element on the site.
2026-07-29T10:32:55.668485210-04:00 ↳ Ignoring pages without this tag.
2026-07-29T10:32:55.668488915-04:00 
2026-07-29T10:32:55.668493079-04:00 [Reading languages]
2026-07-29T10:32:55.677737261-04:00 Discovered 1 language: en
2026-07-29T10:32:55.677777611-04:00 
2026-07-29T10:32:55.677780963-04:00 [Building search indexes]
2026-07-29T10:32:55.804958745-04:00 Total: 
2026-07-29T10:32:55.805005113-04:00   Indexed 1 language
2026-07-29T10:32:55.805008995-04:00   Indexed 183 pages
2026-07-29T10:32:55.805010971-04:00   Indexed 7319 words
2026-07-29T10:32:55.805012723-04:00   Indexed 1 filter
2026-07-29T10:32:55.805014474-04:00   Indexed 0 sorts
2026-07-29T10:32:55.809144083-04:00 
2026-07-29T10:32:55.809170315-04:00 Finished in 1.683 seconds
2026-07-29T10:33:13.817477549-04:00 [pbx-web] bucket changed (sig 7434840a -> d828e4b1), rebuilding
2026-07-29T10:33:15.145010631-04:00 
2026-07-29T10:33:15.145047922-04:00 Running Pagefind v1.1.0
2026-07-29T10:33:15.145050425-04:00 Running from: "/app"
2026-07-29T10:33:15.145053193-04:00 Source:       "/var/www/calls"
2026-07-29T10:33:15.145058766-04:00 Output:       "/var/www/calls/pagefind"
2026-07-29T10:33:15.145061769-04:00 
2026-07-29T10:33:15.145063705-04:00 [Walking source directory]
2026-07-29T10:33:15.163980261-04:00 Found 185 files matching **/*.{html}
2026-07-29T10:33:15.164020206-04:00 
2026-07-29T10:33:15.164023643-04:00 [Parsing files]
2026-07-29T10:33:16.696435700-04:00 Found a data-pagefind-body element on the site.
2026-07-29T10:33:16.696472879-04:00 ↳ Ignoring pages without this tag.
2026-07-29T10:33:16.696475659-04:00 
2026-07-29T10:33:16.696478528-04:00 [Reading languages]
2026-07-29T10:33:16.706616651-04:00 Discovered 1 language: en
2026-07-29T10:33:16.706645812-04:00 
2026-07-29T10:33:16.706648489-04:00 [Building search indexes]
2026-07-29T10:33:16.886202835-04:00 Total: 
2026-07-29T10:33:16.886235496-04:00   Indexed 1 language
2026-07-29T10:33:16.886239875-04:00   Indexed 183 pages
2026-07-29T10:33:16.886242259-04:00   Indexed 7319 words
2026-07-29T10:33:16.886244398-04:00   Indexed 1 filter
2026-07-29T10:33:16.886246544-04:00   Indexed 0 sorts
2026-07-29T10:33:16.889688002-04:00 
2026-07-29T10:33:16.889701927-04:00 Finished in 1.745 seconds
2026-07-29T10:33:50.722192403-04:00 
2026-07-29T10:33:50.722213488-04:00 Running Pagefind v1.1.0
2026-07-29T10:33:50.722216733-04:00 Running from: "/app"
2026-07-29T10:33:50.722218825-04:00 Source:       "/var/www/calls"
2026-07-29T10:33:50.722220648-04:00 Output:       "/var/www/calls/pagefind"
2026-07-29T10:33:50.722222300-04:00 
2026-07-29T10:33:50.722224832-04:00 [Walking source directory]
2026-07-29T10:33:50.724449513-04:00 Found 185 files matching **/*.{html}
2026-07-29T10:33:50.724454483-04:00 
2026-07-29T10:33:50.724457126-04:00 [Parsing files]
2026-07-29T10:33:52.100296319-04:00 Found a data-pagefind-body element on the site.
2026-07-29T10:33:52.100314636-04:00 ↳ Ignoring pages without this tag.
2026-07-29T10:33:52.100316198-04:00 
2026-07-29T10:33:52.100317814-04:00 [Reading languages]
2026-07-29T10:33:52.107762824-04:00 Discovered 1 language: en
2026-07-29T10:33:52.107770332-04:00 
2026-07-29T10:33:52.107772040-04:00 [Building search indexes]
2026-07-29T10:33:52.276276166-04:00 Total: 
2026-07-29T10:33:52.276292441-04:00   Indexed 1 language
2026-07-29T10:33:52.276294080-04:00   Indexed 184 pages
2026-07-29T10:33:52.276295586-04:00   Indexed 7326 words
2026-07-29T10:33:52.276297107-04:00   Indexed 1 filter
2026-07-29T10:33:52.276298645-04:00   Indexed 0 sorts
2026-07-29T10:33:52.393216885-04:00 
2026-07-29T10:33:52.393226464-04:00 Finished in 1.671 seconds
2026-07-29T10:34:16.971508696-04:00 [pbx-web] bucket changed (sig d828e4b1 -> a3a10eca), rebuilding
2026-07-29T10:34:17.848541857-04:00 
2026-07-29T10:34:17.848559942-04:00 Running Pagefind v1.1.0
2026-07-29T10:34:17.848561611-04:00 Running from: "/app"
2026-07-29T10:34:17.848562945-04:00 Source:       "/var/www/calls"
2026-07-29T10:34:17.848592099-04:00 Output:       "/var/www/calls/pagefind"
2026-07-29T10:34:17.848593138-04:00 
2026-07-29T10:34:17.848594221-04:00 [Walking source directory]
2026-07-29T10:34:17.850772354-04:00 Found 185 files matching **/*.{html}
2026-07-29T10:34:17.850775684-04:00 
2026-07-29T10:34:17.850776715-04:00 [Parsing files]
2026-07-29T10:34:19.200951855-04:00 Found a data-pagefind-body element on the site.
2026-07-29T10:34:19.200970698-04:00 ↳ Ignoring pages without this tag.
2026-07-29T10:34:19.200971861-04:00 
2026-07-29T10:34:19.200975461-04:00 [Reading languages]
2026-07-29T10:34:19.208179108-04:00 Discovered 1 language: en
2026-07-29T10:34:19.208187651-04:00 
2026-07-29T10:34:19.208189024-04:00 [Building search indexes]
2026-07-29T10:34:19.372874355-04:00 Total: 
2026-07-29T10:34:19.372892299-04:00   Indexed 1 language
2026-07-29T10:34:19.372903522-04:00   Indexed 184 pages
2026-07-29T10:34:19.372904849-04:00   Indexed 7326 words
2026-07-29T10:34:19.372906056-04:00   Indexed 1 filter
2026-07-29T10:34:19.372907720-04:00   Indexed 0 sorts
2026-07-29T10:34:19.376286837-04:00 
2026-07-29T10:34:19.376294258-04:00 Finished in 1.527 seconds
2026-07-29T10:46:06.975841789-04:00 
2026-07-29T10:46:06.975869975-04:00 Running Pagefind v1.1.0
2026-07-29T10:46:06.975872510-04:00 Running from: "/app"
2026-07-29T10:46:06.975874766-04:00 Source:       "/var/www/calls"
2026-07-29T10:46:06.975877039-04:00 Output:       "/var/www/calls/pagefind"
2026-07-29T10:46:06.975878904-04:00 
2026-07-29T10:46:06.975880723-04:00 [Walking source directory]
2026-07-29T10:46:06.978687794-04:00 Found 186 files matching **/*.{html}
2026-07-29T10:46:06.978712070-04:00 
2026-07-29T10:46:06.978713601-04:00 [Parsing files]
2026-07-29T10:46:08.471750064-04:00 Found a data-pagefind-body element on the site.
2026-07-29T10:46:08.471771933-04:00 ↳ Ignoring pages without this tag.
2026-07-29T10:46:08.471774449-04:00 
2026-07-29T10:46:08.471776601-04:00 [Reading languages]
2026-07-29T10:46:08.480190704-04:00 Discovered 1 language: en
2026-07-29T10:46:08.480211330-04:00 
2026-07-29T10:46:08.480213335-04:00 [Building search indexes]
2026-07-29T10:46:08.610285350-04:00 Total: 
2026-07-29T10:46:08.610314457-04:00   Indexed 1 language
2026-07-29T10:46:08.610317956-04:00   Indexed 184 pages
2026-07-29T10:46:08.610320500-04:00   Indexed 7326 words
2026-07-29T10:46:08.610322726-04:00   Indexed 1 filter
2026-07-29T10:46:08.610324833-04:00   Indexed 0 sorts
2026-07-29T10:46:08.665853660-04:00 
2026-07-29T10:46:08.665864327-04:00 Finished in 1.690 seconds
2026-07-29T10:46:20.183159171-04:00 [pbx-web] bucket changed (sig a3a10eca -> 1785d8e2), rebuilding
2026-07-29T10:46:21.379350101-04:00 
2026-07-29T10:46:21.379364860-04:00 Running Pagefind v1.1.0
2026-07-29T10:46:21.379367520-04:00 Running from: "/app"
2026-07-29T10:46:21.379369459-04:00 Source:       "/var/www/calls"
2026-07-29T10:46:21.379371553-04:00 Output:       "/var/www/calls/pagefind"
2026-07-29T10:46:21.379373090-04:00 
2026-07-29T10:46:21.379374691-04:00 [Walking source directory]
2026-07-29T10:46:21.381480717-04:00 Found 186 files matching **/*.{html}
2026-07-29T10:46:21.381491004-04:00 
2026-07-29T10:46:21.381493918-04:00 [Parsing files]
2026-07-29T10:46:22.964375758-04:00 Found a data-pagefind-body element on the site.
2026-07-29T10:46:22.964393002-04:00 ↳ Ignoring pages without this tag.
2026-07-29T10:46:22.964395600-04:00 
2026-07-29T10:46:22.964397992-04:00 [Reading languages]
2026-07-29T10:46:22.973316756-04:00 Discovered 1 language: en
2026-07-29T10:46:22.973328834-04:00 
2026-07-29T10:46:22.973331188-04:00 [Building search indexes]
2026-07-29T10:46:23.102449630-04:00 Total: 
2026-07-29T10:46:23.102460837-04:00   Indexed 1 language
2026-07-29T10:46:23.102463503-04:00   Indexed 184 pages
2026-07-29T10:46:23.102465674-04:00   Indexed 7326 words
2026-07-29T10:46:23.102467887-04:00   Indexed 1 filter
2026-07-29T10:46:23.102469976-04:00   Indexed 0 sorts
2026-07-29T10:46:23.106231616-04:00 
2026-07-29T10:46:23.106242578-04:00 Finished in 1.727 seconds
2026-07-29T10:46:56.706364077-04:00 
2026-07-29T10:46:56.706387290-04:00 Running Pagefind v1.1.0
2026-07-29T10:46:56.706390259-04:00 Running from: "/app"
2026-07-29T10:46:56.706392656-04:00 Source:       "/var/www/calls"
2026-07-29T10:46:56.706395122-04:00 Output:       "/var/www/calls/pagefind"
2026-07-29T10:46:56.706397162-04:00 
2026-07-29T10:46:56.706399311-04:00 [Walking source directory]
2026-07-29T10:46:56.710772334-04:00 Found 186 files matching **/*.{html}
2026-07-29T10:46:56.710777883-04:00 
2026-07-29T10:46:56.710779291-04:00 [Parsing files]
2026-07-29T10:46:58.212324608-04:00 Found a data-pagefind-body element on the site.
2026-07-29T10:46:58.212342427-04:00 ↳ Ignoring pages without this tag.
2026-07-29T10:46:58.212344035-04:00 
2026-07-29T10:46:58.212346285-04:00 [Reading languages]
2026-07-29T10:46:58.268210187-04:00 Discovered 1 language: en
2026-07-29T10:46:58.268225075-04:00 
2026-07-29T10:46:58.268226478-04:00 [Building search indexes]
2026-07-29T10:46:58.385690079-04:00 Total: 
2026-07-29T10:46:58.385712310-04:00   Indexed 1 language
2026-07-29T10:46:58.385713720-04:00   Indexed 184 pages
2026-07-29T10:46:58.385714762-04:00   Indexed 7326 words
2026-07-29T10:46:58.385715805-04:00   Indexed 1 filter
2026-07-29T10:46:58.385717102-04:00   Indexed 0 sorts
2026-07-29T10:46:58.388522377-04:00 
2026-07-29T10:46:58.388534517-04:00 Finished in 1.682 seconds
2026-07-29T10:47:04.808606788-04:00 
2026-07-29T10:47:04.808621678-04:00 Running Pagefind v1.1.0
2026-07-29T10:47:04.808622946-04:00 Running from: "/app"
2026-07-29T10:47:04.808624250-04:00 Source:       "/var/www/calls"
2026-07-29T10:47:04.808625485-04:00 Output:       "/var/www/calls/pagefind"
2026-07-29T10:47:04.808630246-04:00 
2026-07-29T10:47:04.808631376-04:00 [Walking source directory]
2026-07-29T10:47:04.811057834-04:00 Found 186 files matching **/*.{html}
2026-07-29T10:47:04.811067241-04:00 
2026-07-29T10:47:04.811068830-04:00 [Parsing files]
2026-07-29T10:47:06.279341846-04:00 Found a data-pagefind-body element on the site.
2026-07-29T10:47:06.279352081-04:00 ↳ Ignoring pages without this tag.
2026-07-29T10:47:06.279353230-04:00 
2026-07-29T10:47:06.279354573-04:00 [Reading languages]
2026-07-29T10:47:06.287386112-04:00 Discovered 1 language: en
2026-07-29T10:47:06.287395358-04:00 
2026-07-29T10:47:06.287396625-04:00 [Building search indexes]
2026-07-29T10:47:06.397601295-04:00 Total: 
2026-07-29T10:47:06.397619196-04:00   Indexed 1 language
2026-07-29T10:47:06.397621509-04:00   Indexed 185 pages
2026-07-29T10:47:06.397623145-04:00   Indexed 7327 words
2026-07-29T10:47:06.397624717-04:00   Indexed 1 filter
2026-07-29T10:47:06.397626452-04:00   Indexed 0 sorts
2026-07-29T10:47:06.565278842-04:00 
2026-07-29T10:47:06.565304817-04:00 Finished in 1.756 seconds
2026-07-29T10:47:23.244510376-04:00 [pbx-web] bucket changed (sig 1785d8e2 -> f5f22f79), rebuilding
2026-07-29T10:47:24.333807026-04:00 
2026-07-29T10:47:24.333829074-04:00 Running Pagefind v1.1.0
2026-07-29T10:47:24.333831593-04:00 Running from: "/app"
2026-07-29T10:47:24.333834103-04:00 Source:       "/var/www/calls"
2026-07-29T10:47:24.333836626-04:00 Output:       "/var/www/calls/pagefind"
2026-07-29T10:47:24.333838888-04:00 
2026-07-29T10:47:24.333840961-04:00 [Walking source directory]
2026-07-29T10:47:24.338086604-04:00 Found 186 files matching **/*.{html}
2026-07-29T10:47:24.338099475-04:00 
2026-07-29T10:47:24.338101843-04:00 [Parsing files]
2026-07-29T10:47:25.702860917-04:00 Found a data-pagefind-body element on the site.
2026-07-29T10:47:25.702874527-04:00 ↳ Ignoring pages without this tag.
2026-07-29T10:47:25.702875909-04:00 
2026-07-29T10:47:25.702877536-04:00 [Reading languages]
2026-07-29T10:47:25.710366737-04:00 Discovered 1 language: en
2026-07-29T10:47:25.710376161-04:00 
2026-07-29T10:47:25.710377544-04:00 [Building search indexes]
2026-07-29T10:47:25.880362564-04:00 Total: 
2026-07-29T10:47:25.880389492-04:00   Indexed 1 language
2026-07-29T10:47:25.880390742-04:00   Indexed 185 pages
2026-07-29T10:47:25.880391668-04:00   Indexed 7327 words
2026-07-29T10:47:25.880392590-04:00   Indexed 1 filter
2026-07-29T10:47:25.880393564-04:00   Indexed 0 sorts
2026-07-29T10:47:25.883770748-04:00 
2026-07-29T10:47:25.883778521-04:00 Finished in 1.550 seconds
2026-07-29T20:55:23.191047309-04:00 
2026-07-29T20:55:23.191072677-04:00 Running Pagefind v1.1.0
2026-07-29T20:55:23.191074854-04:00 Running from: "/app"
2026-07-29T20:55:23.191076428-04:00 Source:       "/var/www/calls"
2026-07-29T20:55:23.191078147-04:00 Output:       "/var/www/calls/pagefind"
2026-07-29T20:55:23.191079444-04:00 
2026-07-29T20:55:23.191080780-04:00 [Walking source directory]
2026-07-29T20:55:23.194168329-04:00 Found 187 files matching **/*.{html}
2026-07-29T20:55:23.194189046-04:00 
2026-07-29T20:55:23.194190852-04:00 [Parsing files]
2026-07-29T20:55:24.877540292-04:00 Found a data-pagefind-body element on the site.
2026-07-29T20:55:24.877566857-04:00 ↳ Ignoring pages without this tag.
2026-07-29T20:55:24.877568337-04:00 
2026-07-29T20:55:24.877570034-04:00 [Reading languages]
2026-07-29T20:55:24.888701709-04:00 Discovered 1 language: en
2026-07-29T20:55:24.888733987-04:00 
2026-07-29T20:55:24.888735545-04:00 [Building search indexes]
2026-07-29T20:55:25.071695194-04:00 Total: 
2026-07-29T20:55:25.071718016-04:00   Indexed 1 language
2026-07-29T20:55:25.071720138-04:00   Indexed 185 pages
2026-07-29T20:55:25.071722079-04:00   Indexed 7327 words
2026-07-29T20:55:25.071724136-04:00   Indexed 1 filter
2026-07-29T20:55:25.071726126-04:00   Indexed 0 sorts
2026-07-29T20:55:25.076205147-04:00 
2026-07-29T20:55:25.076220052-04:00 Finished in 1.885 seconds
2026-07-29T20:56:06.298067024-04:00 [pbx-web] bucket changed (sig f5f22f79 -> 9b6ee055), rebuilding
2026-07-29T20:56:07.765281442-04:00 
2026-07-29T20:56:07.765312817-04:00 Running Pagefind v1.1.0
2026-07-29T20:56:07.765315809-04:00 Running from: "/app"
2026-07-29T20:56:07.765318813-04:00 Source:       "/var/www/calls"
2026-07-29T20:56:07.765322632-04:00 Output:       "/var/www/calls/pagefind"
2026-07-29T20:56:07.765326051-04:00 
2026-07-29T20:56:07.765329040-04:00 [Walking source directory]
2026-07-29T20:56:07.768481430-04:00 Found 187 files matching **/*.{html}
2026-07-29T20:56:07.768496377-04:00 
2026-07-29T20:56:07.768498914-04:00 [Parsing files]
2026-07-29T20:56:09.469823873-04:00 Found a data-pagefind-body element on the site.
2026-07-29T20:56:09.469873583-04:00 ↳ Ignoring pages without this tag.
2026-07-29T20:56:09.469876206-04:00 
2026-07-29T20:56:09.469878898-04:00 [Reading languages]
2026-07-29T20:56:09.480054184-04:00 Discovered 1 language: en
2026-07-29T20:56:09.480094061-04:00 
2026-07-29T20:56:09.480097204-04:00 [Building search indexes]
2026-07-29T20:56:09.663785853-04:00 Total: 
2026-07-29T20:56:09.663819857-04:00   Indexed 1 language
2026-07-29T20:56:09.663823735-04:00   Indexed 185 pages
2026-07-29T20:56:09.663825759-04:00   Indexed 7327 words
2026-07-29T20:56:09.663827826-04:00   Indexed 1 filter
2026-07-29T20:56:09.663829926-04:00   Indexed 0 sorts
2026-07-29T20:56:09.668419557-04:00 
2026-07-29T20:56:09.668434904-04:00 Finished in 1.903 seconds
2026-07-29T20:56:15.063120434-04:00 
2026-07-29T20:56:15.063148658-04:00 Running Pagefind v1.1.0
2026-07-29T20:56:15.063150401-04:00 Running from: "/app"
2026-07-29T20:56:15.063152209-04:00 Source:       "/var/www/calls"
2026-07-29T20:56:15.063153963-04:00 Output:       "/var/www/calls/pagefind"
2026-07-29T20:56:15.063166589-04:00 
2026-07-29T20:56:15.063168413-04:00 [Walking source directory]
2026-07-29T20:56:15.066443822-04:00 Found 187 files matching **/*.{html}
2026-07-29T20:56:15.066449083-04:00 
2026-07-29T20:56:15.066450762-04:00 [Parsing files]
2026-07-29T20:56:16.796166717-04:00 Found a data-pagefind-body element on the site.
2026-07-29T20:56:16.796189947-04:00 ↳ Ignoring pages without this tag.
2026-07-29T20:56:16.796193451-04:00 
2026-07-29T20:56:16.796196341-04:00 [Reading languages]
2026-07-29T20:56:16.806566028-04:00 Discovered 1 language: en
2026-07-29T20:56:16.807451955-04:00 
2026-07-29T20:56:16.807471441-04:00 [Building search indexes]
2026-07-29T20:56:16.998271543-04:00 Total: 
2026-07-29T20:56:16.998316667-04:00   Indexed 1 language
2026-07-29T20:56:16.998318780-04:00   Indexed 185 pages
2026-07-29T20:56:16.998320139-04:00   Indexed 7327 words
2026-07-29T20:56:16.998321453-04:00   Indexed 1 filter
2026-07-29T20:56:16.998323379-04:00   Indexed 0 sorts
2026-07-29T20:56:17.002909935-04:00 
2026-07-29T20:56:17.002930798-04:00 Finished in 1.940 seconds
2026-07-29T21:09:39.066259036-04:00 
2026-07-29T21:09:39.066295643-04:00 Running Pagefind v1.1.0
2026-07-29T21:09:39.066298823-04:00 Running from: "/app"
2026-07-29T21:09:39.066303036-04:00 Source:       "/var/www/calls"
2026-07-29T21:09:39.066306899-04:00 Output:       "/var/www/calls/pagefind"
2026-07-29T21:09:39.066308896-04:00 
2026-07-29T21:09:39.066311027-04:00 [Walking source directory]
2026-07-29T21:09:39.069125436-04:00 Found 187 files matching **/*.{html}
2026-07-29T21:09:39.069149448-04:00 
2026-07-29T21:09:39.069152983-04:00 [Parsing files]
2026-07-29T21:09:40.871765062-04:00 Found a data-pagefind-body element on the site.
2026-07-29T21:09:40.871796971-04:00 ↳ Ignoring pages without this tag.
2026-07-29T21:09:40.871800120-04:00 
2026-07-29T21:09:40.871803293-04:00 [Reading languages]
2026-07-29T21:09:40.882805615-04:00 Discovered 1 language: en
2026-07-29T21:09:40.882833812-04:00 
2026-07-29T21:09:40.882837526-04:00 [Building search indexes]
2026-07-29T21:09:41.068902770-04:00 Total: 
2026-07-29T21:09:41.068927850-04:00   Indexed 1 language
2026-07-29T21:09:41.068931124-04:00   Indexed 186 pages
2026-07-29T21:09:41.068933289-04:00   Indexed 7361 words
2026-07-29T21:09:41.068935613-04:00   Indexed 1 filter
2026-07-29T21:09:41.068937695-04:00   Indexed 0 sorts
2026-07-29T21:09:41.198082716-04:00 
2026-07-29T21:09:41.198098939-04:00 Finished in 2.132 seconds
2026-07-29T21:10:09.427639611-04:00 
2026-07-29T21:10:09.427654536-04:00 Running Pagefind v1.1.0
2026-07-29T21:10:09.427655726-04:00 Running from: "/app"
2026-07-29T21:10:09.427656892-04:00 Source:       "/var/www/calls"
2026-07-29T21:10:09.427658063-04:00 Output:       "/var/www/calls/pagefind"
2026-07-29T21:10:09.427658963-04:00 
2026-07-29T21:10:09.427660414-04:00 [Walking source directory]
2026-07-29T21:10:09.429867147-04:00 Found 187 files matching **/*.{html}
2026-07-29T21:10:09.429900888-04:00 
2026-07-29T21:10:09.429902007-04:00 [Parsing files]
2026-07-29T21:10:10.881893456-04:00 [pbx-web] bucket changed (sig 9b6ee055 -> 71ad3919), rebuilding
2026-07-29T21:10:11.276017137-04:00 Found a data-pagefind-body element on the site.
2026-07-29T21:10:11.276034435-04:00 ↳ Ignoring pages without this tag.
2026-07-29T21:10:11.276035581-04:00 
2026-07-29T21:10:11.276036919-04:00 [Reading languages]
2026-07-29T21:10:11.284221927-04:00 Discovered 1 language: en
2026-07-29T21:10:11.284229648-04:00 
2026-07-29T21:10:11.284239747-04:00 [Building search indexes]
2026-07-29T21:10:11.402993498-04:00 Total: 
2026-07-29T21:10:11.403010136-04:00   Indexed 1 language
2026-07-29T21:10:11.403011330-04:00   Indexed 186 pages
2026-07-29T21:10:11.403012337-04:00   Indexed 7362 words
2026-07-29T21:10:11.403013511-04:00   Indexed 1 filter
2026-07-29T21:10:11.403014467-04:00   Indexed 0 sorts
2026-07-29T21:10:11.582053256-04:00 
2026-07-29T21:10:11.582063286-04:00 Finished in 2.154 seconds
2026-07-30T14:56:17.917355063-04:00 
2026-07-30T14:56:17.917385058-04:00 Running Pagefind v1.1.0
2026-07-30T14:56:17.917388401-04:00 Running from: "/app"
2026-07-30T14:56:17.917391027-04:00 Source:       "/var/www/calls"
2026-07-30T14:56:17.917393602-04:00 Output:       "/var/www/calls/pagefind"
2026-07-30T14:56:17.917395581-04:00 
2026-07-30T14:56:17.917397694-04:00 [Walking source directory]
2026-07-30T14:56:17.920209887-04:00 Found 188 files matching **/*.{html}
2026-07-30T14:56:17.920222760-04:00 
2026-07-30T14:56:17.920225842-04:00 [Parsing files]
2026-07-30T14:56:19.597057117-04:00 Found a data-pagefind-body element on the site.
2026-07-30T14:56:19.597082317-04:00 ↳ Ignoring pages without this tag.
2026-07-30T14:56:19.597084145-04:00 
2026-07-30T14:56:19.597086091-04:00 [Reading languages]
2026-07-30T14:56:19.608055043-04:00 Discovered 1 language: en
2026-07-30T14:56:19.608083741-04:00 
2026-07-30T14:56:19.608088561-04:00 [Building search indexes]
2026-07-30T14:56:19.796027553-04:00 Total: 
2026-07-30T14:56:19.796079750-04:00   Indexed 1 language
2026-07-30T14:56:19.796099894-04:00   Indexed 186 pages
2026-07-30T14:56:19.796103382-04:00   Indexed 7362 words
2026-07-30T14:56:19.796106226-04:00   Indexed 1 filter
2026-07-30T14:56:19.796108777-04:00   Indexed 0 sorts
2026-07-30T14:56:19.800738725-04:00 
2026-07-30T14:56:19.800766067-04:00 Finished in 1.883 seconds
2026-07-30T14:56:20.615527305-04:00 [pbx-web] bucket changed (sig 71ad3919 -> 04ecedd6), rebuilding
2026-07-30T14:56:22.224952583-04:00 
2026-07-30T14:56:22.224988359-04:00 Running Pagefind v1.1.0
2026-07-30T14:56:22.224990042-04:00 Running from: "/app"
2026-07-30T14:56:22.224992120-04:00 Source:       "/var/www/calls"
2026-07-30T14:56:22.224994004-04:00 Output:       "/var/www/calls/pagefind"
2026-07-30T14:56:22.224995809-04:00 
2026-07-30T14:56:22.224997170-04:00 [Walking source directory]
2026-07-30T14:56:22.228092480-04:00 Found 188 files matching **/*.{html}
2026-07-30T14:56:22.228108953-04:00 
2026-07-30T14:56:22.228110710-04:00 [Parsing files]
2026-07-30T14:56:23.970611518-04:00 Found a data-pagefind-body element on the site.
2026-07-30T14:56:23.970634069-04:00 ↳ Ignoring pages without this tag.
2026-07-30T14:56:23.970635526-04:00 
2026-07-30T14:56:23.970637126-04:00 [Reading languages]
2026-07-30T14:56:23.980621634-04:00 Discovered 1 language: en
2026-07-30T14:56:23.980655165-04:00 
2026-07-30T14:56:23.980656795-04:00 [Building search indexes]
2026-07-30T14:56:24.166322389-04:00 Total: 
2026-07-30T14:56:24.166348364-04:00   Indexed 1 language
2026-07-30T14:56:24.166350852-04:00   Indexed 186 pages
2026-07-30T14:56:24.166352837-04:00   Indexed 7362 words
2026-07-30T14:56:24.166354803-04:00   Indexed 1 filter
2026-07-30T14:56:24.166356986-04:00   Indexed 0 sorts
2026-07-30T14:56:24.170514193-04:00 
2026-07-30T14:56:24.170564340-04:00 Finished in 1.946 seconds
2026-07-30T15:24:26.166422856-04:00 [pbx-web] bucket changed (sig 04ecedd6 -> 6f602df5), rebuilding
2026-07-30T15:24:27.573543815-04:00 
2026-07-30T15:24:27.573563296-04:00 Running Pagefind v1.1.0
2026-07-30T15:24:27.573572807-04:00 Running from: "/app"
2026-07-30T15:24:27.573574527-04:00 Source:       "/var/www/calls"
2026-07-30T15:24:27.573576113-04:00 Output:       "/var/www/calls/pagefind"
2026-07-30T15:24:27.573577390-04:00 
2026-07-30T15:24:27.573578752-04:00 [Walking source directory]
2026-07-30T15:24:27.576550624-04:00 Found 188 files matching **/*.{html}
2026-07-30T15:24:27.576575556-04:00 
2026-07-30T15:24:27.576578300-04:00 [Parsing files]
2026-07-30T15:24:29.291445312-04:00 Found a data-pagefind-body element on the site.
2026-07-30T15:24:29.291474661-04:00 ↳ Ignoring pages without this tag.
2026-07-30T15:24:29.291477673-04:00 
2026-07-30T15:24:29.291480282-04:00 [Reading languages]
2026-07-30T15:24:29.302693212-04:00 Discovered 1 language: en
2026-07-30T15:24:29.302729120-04:00 
2026-07-30T15:24:29.302732880-04:00 [Building search indexes]
2026-07-30T15:24:29.484323060-04:00 Total: 
2026-07-30T15:24:29.484347582-04:00   Indexed 1 language
2026-07-30T15:24:29.484348980-04:00   Indexed 187 pages
2026-07-30T15:24:29.484350234-04:00   Indexed 7423 words
2026-07-30T15:24:29.484351353-04:00   Indexed 1 filter
2026-07-30T15:24:29.484352566-04:00   Indexed 0 sorts
2026-07-30T15:24:29.606992289-04:00 
2026-07-30T15:24:29.607025580-04:00 Finished in 2.033 seconds
2026-07-30T15:24:48.665582149-04:00 
2026-07-30T15:24:48.665598968-04:00 Running Pagefind v1.1.0
2026-07-30T15:24:48.665601604-04:00 Running from: "/app"
2026-07-30T15:24:48.665604519-04:00 Source:       "/var/www/calls"
2026-07-30T15:24:48.665607280-04:00 Output:       "/var/www/calls/pagefind"
2026-07-30T15:24:48.665609111-04:00 
2026-07-30T15:24:48.665610981-04:00 [Walking source directory]
2026-07-30T15:24:48.667988413-04:00 Found 188 files matching **/*.{html}
2026-07-30T15:24:48.667994184-04:00 
2026-07-30T15:24:48.667996131-04:00 [Parsing files]
2026-07-30T15:24:50.199158509-04:00 Found a data-pagefind-body element on the site.
2026-07-30T15:24:50.199182233-04:00 ↳ Ignoring pages without this tag.
2026-07-30T15:24:50.199184043-04:00 
2026-07-30T15:24:50.199185853-04:00 [Reading languages]
2026-07-30T15:24:50.207212570-04:00 Discovered 1 language: en
2026-07-30T15:24:50.207226432-04:00 
2026-07-30T15:24:50.207228235-04:00 [Building search indexes]
2026-07-30T15:24:50.375626846-04:00 Total: 
2026-07-30T15:24:50.375646533-04:00   Indexed 1 language
2026-07-30T15:24:50.375648303-04:00   Indexed 187 pages
2026-07-30T15:24:50.375649722-04:00   Indexed 7427 words
2026-07-30T15:24:50.375651131-04:00   Indexed 1 filter
2026-07-30T15:24:50.375652752-04:00   Indexed 0 sorts
2026-07-30T15:24:50.503341738-04:00 
2026-07-30T15:24:50.503354237-04:00 Finished in 1.837 seconds
2026-07-30T15:25:26.225040525-04:00 [pbx-web] bucket changed (sig 6f602df5 -> 14bcb158), rebuilding
2026-07-30T15:25:27.346633333-04:00 
2026-07-30T15:25:27.346643238-04:00 Running Pagefind v1.1.0
2026-07-30T15:25:27.346645493-04:00 Running from: "/app"
2026-07-30T15:25:27.346647335-04:00 Source:       "/var/www/calls"
2026-07-30T15:25:27.346649236-04:00 Output:       "/var/www/calls/pagefind"
2026-07-30T15:25:27.346650909-04:00 
2026-07-30T15:25:27.346652507-04:00 [Walking source directory]
2026-07-30T15:25:27.348928516-04:00 Found 188 files matching **/*.{html}
2026-07-30T15:25:27.348935754-04:00 
2026-07-30T15:25:27.348938067-04:00 [Parsing files]
2026-07-30T15:25:28.679220693-04:00 Found a data-pagefind-body element on the site.
2026-07-30T15:25:28.679238702-04:00 ↳ Ignoring pages without this tag.
2026-07-30T15:25:28.679241105-04:00 
2026-07-30T15:25:28.679252261-04:00 [Reading languages]
2026-07-30T15:25:28.686884964-04:00 Discovered 1 language: en
2026-07-30T15:25:28.686893397-04:00 
2026-07-30T15:25:28.686895627-04:00 [Building search indexes]
2026-07-30T15:25:28.800856967-04:00 Total: 
2026-07-30T15:25:28.800872225-04:00   Indexed 1 language
2026-07-30T15:25:28.800873370-04:00   Indexed 187 pages
2026-07-30T15:25:28.800874287-04:00   Indexed 7427 words
2026-07-30T15:25:28.800875182-04:00   Indexed 1 filter
2026-07-30T15:25:28.800876110-04:00   Indexed 0 sorts
2026-07-30T15:25:28.803433014-04:00 
2026-07-30T15:25:28.803437245-04:00 Finished in 1.457 seconds
2026-07-31T11:46:06.735128195-04:00 
2026-07-31T11:46:06.735160749-04:00 Running Pagefind v1.1.0
2026-07-31T11:46:06.735163636-04:00 Running from: "/app"
2026-07-31T11:46:06.735165710-04:00 Source:       "/var/www/calls"
2026-07-31T11:46:06.735167677-04:00 Output:       "/var/www/calls/pagefind"
2026-07-31T11:46:06.735169625-04:00 
2026-07-31T11:46:06.735171854-04:00 [Walking source directory]
2026-07-31T11:46:06.737953305-04:00 Found 189 files matching **/*.{html}
2026-07-31T11:46:06.737967161-04:00 
2026-07-31T11:46:06.737969820-04:00 [Parsing files]
2026-07-31T11:46:08.167370979-04:00 Found a data-pagefind-body element on the site.
2026-07-31T11:46:08.167404912-04:00 ↳ Ignoring pages without this tag.
2026-07-31T11:46:08.167406339-04:00 
2026-07-31T11:46:08.167407735-04:00 [Reading languages]
2026-07-31T11:46:08.180417495-04:00 Discovered 1 language: en
2026-07-31T11:46:08.180461103-04:00 
2026-07-31T11:46:08.180465680-04:00 [Building search indexes]
2026-07-31T11:46:08.310232795-04:00 Total: 
2026-07-31T11:46:08.310608902-04:00   Indexed 1 language
2026-07-31T11:46:08.310617931-04:00   Indexed 187 pages
2026-07-31T11:46:08.310619260-04:00   Indexed 7427 words
2026-07-31T11:46:08.310620304-04:00   Indexed 1 filter
2026-07-31T11:46:08.310621388-04:00   Indexed 0 sorts
2026-07-31T11:46:08.364973646-04:00 
2026-07-31T11:46:08.364986861-04:00 Finished in 1.630 seconds
2026-07-31T11:46:20.724361491-04:00 
2026-07-31T11:46:20.724397245-04:00 Running Pagefind v1.1.0
2026-07-31T11:46:20.724401477-04:00 Running from: "/app"
2026-07-31T11:46:20.724403882-04:00 Source:       "/var/www/calls"
2026-07-31T11:46:20.724405770-04:00 Output:       "/var/www/calls/pagefind"
2026-07-31T11:46:20.724407491-04:00 
2026-07-31T11:46:20.724409453-04:00 [Walking source directory]
2026-07-31T11:46:20.727130830-04:00 Found 189 files matching **/*.{html}
2026-07-31T11:46:20.727151612-04:00 
2026-07-31T11:46:20.727154270-04:00 [Parsing files]
2026-07-31T11:46:22.207259113-04:00 Found a data-pagefind-body element on the site.
2026-07-31T11:46:22.207296418-04:00 ↳ Ignoring pages without this tag.
2026-07-31T11:46:22.207299362-04:00 
2026-07-31T11:46:22.207302716-04:00 [Reading languages]
2026-07-31T11:46:22.265187993-04:00 Discovered 1 language: en
2026-07-31T11:46:22.265209725-04:00 
2026-07-31T11:46:22.265213117-04:00 [Building search indexes]
2026-07-31T11:46:22.391213922-04:00 Total: 
2026-07-31T11:46:22.391241671-04:00   Indexed 1 language
2026-07-31T11:46:22.391244801-04:00   Indexed 187 pages
2026-07-31T11:46:22.391247090-04:00   Indexed 7427 words
2026-07-31T11:46:22.391249176-04:00   Indexed 1 filter
2026-07-31T11:46:22.391251256-04:00   Indexed 0 sorts
2026-07-31T11:46:22.394458678-04:00 
2026-07-31T11:46:22.394468508-04:00 Finished in 1.670 seconds
2026-07-31T11:46:37.795748274-04:00 
2026-07-31T11:46:37.795764129-04:00 Running Pagefind v1.1.0
2026-07-31T11:46:37.795770210-04:00 Running from: "/app"
2026-07-31T11:46:37.795771370-04:00 Source:       "/var/www/calls"
2026-07-31T11:46:37.795772502-04:00 Output:       "/var/www/calls/pagefind"
2026-07-31T11:46:37.795773395-04:00 
2026-07-31T11:46:37.795774408-04:00 [Walking source directory]
2026-07-31T11:46:37.798025493-04:00 Found 189 files matching **/*.{html}
2026-07-31T11:46:37.798026703-04:00 
2026-07-31T11:46:37.798027709-04:00 [Parsing files]
2026-07-31T11:46:39.183205843-04:00 Found a data-pagefind-body element on the site.
2026-07-31T11:46:39.183222621-04:00 ↳ Ignoring pages without this tag.
2026-07-31T11:46:39.183223772-04:00 
2026-07-31T11:46:39.183224942-04:00 [Reading languages]
2026-07-31T11:46:39.190706581-04:00 Discovered 1 language: en
2026-07-31T11:46:39.190714894-04:00 
2026-07-31T11:46:39.190716190-04:00 [Building search indexes]
2026-07-31T11:46:39.307098218-04:00 Total: 
2026-07-31T11:46:39.307117087-04:00   Indexed 1 language
2026-07-31T11:46:39.307118252-04:00   Indexed 188 pages
2026-07-31T11:46:39.307119256-04:00   Indexed 7430 words
2026-07-31T11:46:39.307120184-04:00   Indexed 1 filter
2026-07-31T11:46:39.307121129-04:00   Indexed 0 sorts
2026-07-31T11:46:39.464672461-04:00 
2026-07-31T11:46:39.464681922-04:00 Finished in 1.669 seconds
2026-07-31T11:46:48.671922333-04:00 [pbx-web] bucket changed (sig 14bcb158 -> ffc9a609), rebuilding
2026-07-31T11:46:49.667884923-04:00 
2026-07-31T11:46:49.667898986-04:00 Running Pagefind v1.1.0
2026-07-31T11:46:49.667901574-04:00 Running from: "/app"
2026-07-31T11:46:49.667903871-04:00 Source:       "/var/www/calls"
2026-07-31T11:46:49.667905980-04:00 Output:       "/var/www/calls/pagefind"
2026-07-31T11:46:49.667907731-04:00 
2026-07-31T11:46:49.667909521-04:00 [Walking source directory]
2026-07-31T11:46:49.670246805-04:00 Found 189 files matching **/*.{html}
2026-07-31T11:46:49.670254594-04:00 
2026-07-31T11:46:49.670256333-04:00 [Parsing files]
2026-07-31T11:46:51.012321854-04:00 Found a data-pagefind-body element on the site.
2026-07-31T11:46:51.012339361-04:00 ↳ Ignoring pages without this tag.
2026-07-31T11:46:51.012340658-04:00 
2026-07-31T11:46:51.012342118-04:00 [Reading languages]
2026-07-31T11:46:51.074111690-04:00 Discovered 1 language: en
2026-07-31T11:46:51.074127900-04:00 
2026-07-31T11:46:51.074129147-04:00 [Building search indexes]
2026-07-31T11:46:51.193467456-04:00 Total: 
2026-07-31T11:46:51.193480875-04:00   Indexed 1 language
2026-07-31T11:46:51.193484693-04:00   Indexed 188 pages
2026-07-31T11:46:51.193485761-04:00   Indexed 7430 words
2026-07-31T11:46:51.193486854-04:00   Indexed 1 filter
2026-07-31T11:46:51.193487914-04:00   Indexed 0 sorts
2026-07-31T11:46:51.196815966-04:00 
2026-07-31T11:46:51.196820195-04:00 Finished in 1.529 seconds
2026-07-31T12:31:48.047657300-04:00 
2026-07-31T12:31:48.047708810-04:00 Running Pagefind v1.1.0
2026-07-31T12:31:48.047713386-04:00 Running from: "/app"
2026-07-31T12:31:48.047717721-04:00 Source:       "/var/www/calls"
2026-07-31T12:31:48.047720835-04:00 Output:       "/var/www/calls/pagefind"
2026-07-31T12:31:48.047724225-04:00 
2026-07-31T12:31:48.047726861-04:00 [Walking source directory]
2026-07-31T12:31:48.050395929-04:00 Found 190 files matching **/*.{html}
2026-07-31T12:31:48.050426961-04:00 
2026-07-31T12:31:48.050429519-04:00 [Parsing files]
2026-07-31T12:31:49.567941033-04:00 Found a data-pagefind-body element on the site.
2026-07-31T12:31:49.567984781-04:00 ↳ Ignoring pages without this tag.
2026-07-31T12:31:49.567987599-04:00 
2026-07-31T12:31:49.568031494-04:00 [Reading languages]
2026-07-31T12:31:49.578754694-04:00 Discovered 1 language: en
2026-07-31T12:31:49.578786033-04:00 
2026-07-31T12:31:49.578789548-04:00 [Building search indexes]
2026-07-31T12:31:49.707157489-04:00 Total: 
2026-07-31T12:31:49.707182926-04:00   Indexed 1 language
2026-07-31T12:31:49.707185327-04:00   Indexed 188 pages
2026-07-31T12:31:49.707187357-04:00   Indexed 7430 words
2026-07-31T12:31:49.707189151-04:00   Indexed 1 filter
2026-07-31T12:31:49.707191100-04:00   Indexed 0 sorts
2026-07-31T12:31:49.710534346-04:00 
2026-07-31T12:31:49.710554551-04:00 Finished in 1.663 seconds
2026-07-31T12:31:54.231373291-04:00 [pbx-web] bucket changed (sig ffc9a609 -> 97f61f6f), rebuilding
2026-07-31T12:31:55.533954707-04:00 
2026-07-31T12:31:55.533973157-04:00 Running Pagefind v1.1.0
2026-07-31T12:31:55.533974830-04:00 Running from: "/app"
2026-07-31T12:31:55.533976322-04:00 Source:       "/var/www/calls"
2026-07-31T12:31:55.533977848-04:00 Output:       "/var/www/calls/pagefind"
2026-07-31T12:31:55.533978930-04:00 
2026-07-31T12:31:55.533980138-04:00 [Walking source directory]
2026-07-31T12:31:55.536745375-04:00 Found 190 files matching **/*.{html}
2026-07-31T12:31:55.536748961-04:00 
2026-07-31T12:31:55.536750120-04:00 [Parsing files]
2026-07-31T12:31:57.006706387-04:00 Found a data-pagefind-body element on the site.
2026-07-31T12:31:57.007815210-04:00 ↳ Ignoring pages without this tag.
2026-07-31T12:31:57.007826994-04:00 
2026-07-31T12:31:57.007829394-04:00 [Reading languages]
2026-07-31T12:31:57.066996310-04:00 Discovered 1 language: en
2026-07-31T12:31:57.067012007-04:00 
2026-07-31T12:31:57.067015652-04:00 [Building search indexes]
2026-07-31T12:31:57.198636182-04:00 Total: 
2026-07-31T12:31:57.198669544-04:00   Indexed 1 language
2026-07-31T12:31:57.198672280-04:00   Indexed 188 pages
2026-07-31T12:31:57.198674279-04:00   Indexed 7430 words
2026-07-31T12:31:57.198676220-04:00   Indexed 1 filter
2026-07-31T12:31:57.198678102-04:00   Indexed 0 sorts
2026-07-31T12:31:57.202268104-04:00 
2026-07-31T12:31:57.202282693-04:00 Finished in 1.668 seconds
2026-07-31T12:32:32.450612311-04:00 
2026-07-31T12:32:32.450627802-04:00 Running Pagefind v1.1.0
2026-07-31T12:32:32.450630359-04:00 Running from: "/app"
2026-07-31T12:32:32.450632352-04:00 Source:       "/var/www/calls"
2026-07-31T12:32:32.450634370-04:00 Output:       "/var/www/calls/pagefind"
2026-07-31T12:32:32.450635979-04:00 
2026-07-31T12:32:32.450637612-04:00 [Walking source directory]
2026-07-31T12:32:32.452951605-04:00 Found 190 files matching **/*.{html}
2026-07-31T12:32:32.452954980-04:00 
2026-07-31T12:32:32.452957095-04:00 [Parsing files]
2026-07-31T12:32:33.865394951-04:00 Found a data-pagefind-body element on the site.
2026-07-31T12:32:33.865420929-04:00 ↳ Ignoring pages without this tag.
2026-07-31T12:32:33.865423455-04:00 
2026-07-31T12:32:33.865426422-04:00 [Reading languages]
2026-07-31T12:32:33.875269243-04:00 Discovered 1 language: en
2026-07-31T12:32:33.875279892-04:00 
2026-07-31T12:32:33.875281017-04:00 [Building search indexes]
2026-07-31T12:32:33.986640669-04:00 Total: 
2026-07-31T12:32:33.986656339-04:00   Indexed 1 language
2026-07-31T12:32:33.986657591-04:00   Indexed 189 pages
2026-07-31T12:32:33.986658611-04:00   Indexed 7432 words
2026-07-31T12:32:33.986659622-04:00   Indexed 1 filter
2026-07-31T12:32:33.986663146-04:00   Indexed 0 sorts
2026-07-31T12:32:34.102225455-04:00 
2026-07-31T12:32:34.102235879-04:00 Finished in 1.651 seconds
2026-07-31T12:32:57.328925099-04:00 [pbx-web] bucket changed (sig 97f61f6f -> b3b3e06c), rebuilding
2026-07-31T12:32:58.420145843-04:00 
2026-07-31T12:32:58.420160134-04:00 Running Pagefind v1.1.0
2026-07-31T12:32:58.420161277-04:00 Running from: "/app"
2026-07-31T12:32:58.420162471-04:00 Source:       "/var/www/calls"
2026-07-31T12:32:58.420163600-04:00 Output:       "/var/www/calls/pagefind"
2026-07-31T12:32:58.420164632-04:00 
2026-07-31T12:32:58.420165633-04:00 [Walking source directory]
2026-07-31T12:32:58.422321354-04:00 Found 190 files matching **/*.{html}
2026-07-31T12:32:58.422327291-04:00 
2026-07-31T12:32:58.422328713-04:00 [Parsing files]
2026-07-31T12:32:59.793218413-04:00 Found a data-pagefind-body element on the site.
2026-07-31T12:32:59.793236607-04:00 ↳ Ignoring pages without this tag.
2026-07-31T12:32:59.793237885-04:00 
2026-07-31T12:32:59.793239329-04:00 [Reading languages]
2026-07-31T12:32:59.801311276-04:00 Discovered 1 language: en
2026-07-31T12:32:59.801318585-04:00 
2026-07-31T12:32:59.801319728-04:00 [Building search indexes]
2026-07-31T12:32:59.910352537-04:00 Total: 
2026-07-31T12:32:59.910372607-04:00   Indexed 1 language
2026-07-31T12:32:59.910374671-04:00   Indexed 189 pages
2026-07-31T12:32:59.910376317-04:00   Indexed 7432 words
2026-07-31T12:32:59.910377914-04:00   Indexed 1 filter
2026-07-31T12:32:59.910379487-04:00   Indexed 0 sorts
2026-07-31T12:32:59.970855405-04:00 
2026-07-31T12:32:59.970879713-04:00 Finished in 1.551 seconds
2026-07-31T12:36:13.343592964-04:00 
2026-07-31T12:36:13.343630116-04:00 Running Pagefind v1.1.0
2026-07-31T12:36:13.343632916-04:00 Running from: "/app"
2026-07-31T12:36:13.343635072-04:00 Source:       "/var/www/calls"
2026-07-31T12:36:13.343637116-04:00 Output:       "/var/www/calls/pagefind"
2026-07-31T12:36:13.343639084-04:00 
2026-07-31T12:36:13.343641128-04:00 [Walking source directory]
2026-07-31T12:36:13.346588587-04:00 Found 191 files matching **/*.{html}
2026-07-31T12:36:13.346620468-04:00 
2026-07-31T12:36:13.346623167-04:00 [Parsing files]
2026-07-31T12:36:15.075259662-04:00 Found a data-pagefind-body element on the site.
2026-07-31T12:36:15.075555657-04:00 ↳ Ignoring pages without this tag.
2026-07-31T12:36:15.075560941-04:00 
2026-07-31T12:36:15.075564452-04:00 [Reading languages]
2026-07-31T12:36:15.084688994-04:00 Discovered 1 language: en
2026-07-31T12:36:15.084724328-04:00 
2026-07-31T12:36:15.084727140-04:00 [Building search indexes]
2026-07-31T12:36:15.265648539-04:00 Total: 
2026-07-31T12:36:15.265680325-04:00   Indexed 1 language
2026-07-31T12:36:15.265683032-04:00   Indexed 189 pages
2026-07-31T12:36:15.265685158-04:00   Indexed 7432 words
2026-07-31T12:36:15.265686715-04:00   Indexed 1 filter
2026-07-31T12:36:15.265688241-04:00   Indexed 0 sorts
2026-07-31T12:36:15.269545961-04:00 
2026-07-31T12:36:15.269564061-04:00 Finished in 1.926 seconds
2026-07-31T12:36:36.631578800-04:00 
2026-07-31T12:36:36.631601682-04:00 Running Pagefind v1.1.0
2026-07-31T12:36:36.631604245-04:00 Running from: "/app"
2026-07-31T12:36:36.631606042-04:00 Source:       "/var/www/calls"
2026-07-31T12:36:36.631608331-04:00 Output:       "/var/www/calls/pagefind"
2026-07-31T12:36:36.631610040-04:00 
2026-07-31T12:36:36.631612211-04:00 [Walking source directory]
2026-07-31T12:36:36.635045148-04:00 Found 191 files matching **/*.{html}
2026-07-31T12:36:36.635072538-04:00 
2026-07-31T12:36:36.635075151-04:00 [Parsing files]
2026-07-31T12:36:38.382072540-04:00 Found a data-pagefind-body element on the site.
2026-07-31T12:36:38.382101907-04:00 ↳ Ignoring pages without this tag.
2026-07-31T12:36:38.382124847-04:00 
2026-07-31T12:36:38.382128054-04:00 [Reading languages]
2026-07-31T12:36:38.392300039-04:00 Discovered 1 language: en
2026-07-31T12:36:38.392323944-04:00 
2026-07-31T12:36:38.392326918-04:00 [Building search indexes]
2026-07-31T12:36:38.575461873-04:00 Total: 
2026-07-31T12:36:38.575503841-04:00   Indexed 1 language
2026-07-31T12:36:38.575507010-04:00   Indexed 189 pages
2026-07-31T12:36:38.575509196-04:00   Indexed 7432 words
2026-07-31T12:36:38.575511510-04:00   Indexed 1 filter
2026-07-31T12:36:38.575513665-04:00   Indexed 0 sorts
2026-07-31T12:36:38.579936682-04:00 
2026-07-31T12:36:38.579961661-04:00 Finished in 1.948 seconds
2026-07-31T12:36:49.663221017-04:00 
2026-07-31T12:36:49.663240589-04:00 Running Pagefind v1.1.0
2026-07-31T12:36:49.663242840-04:00 Running from: "/app"
2026-07-31T12:36:49.663244839-04:00 Source:       "/var/www/calls"
2026-07-31T12:36:49.663246760-04:00 Output:       "/var/www/calls/pagefind"
2026-07-31T12:36:49.663248457-04:00 
2026-07-31T12:36:49.663250421-04:00 [Walking source directory]
2026-07-31T12:36:49.666453512-04:00 Found 191 files matching **/*.{html}
2026-07-31T12:36:49.666460441-04:00 
2026-07-31T12:36:49.666461822-04:00 [Parsing files]
2026-07-31T12:36:51.095105531-04:00 Found a data-pagefind-body element on the site.
2026-07-31T12:36:51.095119512-04:00 ↳ Ignoring pages without this tag.
2026-07-31T12:36:51.095120748-04:00 
2026-07-31T12:36:51.095122123-04:00 [Reading languages]
2026-07-31T12:36:51.102869928-04:00 Discovered 1 language: en
2026-07-31T12:36:51.102894319-04:00 
2026-07-31T12:36:51.102906520-04:00 [Building search indexes]
2026-07-31T12:36:51.272364723-04:00 Total: 
2026-07-31T12:36:51.272380446-04:00   Indexed 1 language
2026-07-31T12:36:51.272382159-04:00   Indexed 190 pages
2026-07-31T12:36:51.272383530-04:00   Indexed 7435 words
2026-07-31T12:36:51.272384797-04:00   Indexed 1 filter
2026-07-31T12:36:51.272386066-04:00   Indexed 0 sorts
2026-07-31T12:36:51.392196490-04:00 
2026-07-31T12:36:51.392205469-04:00 Finished in 1.729 seconds
2026-07-31T12:37:00.246458406-04:00 [pbx-web] bucket changed (sig b3b3e06c -> ce15ec21), rebuilding
2026-07-31T12:37:01.109117770-04:00 
2026-07-31T12:37:01.109135136-04:00 Running Pagefind v1.1.0
2026-07-31T12:37:01.109137776-04:00 Running from: "/app"
2026-07-31T12:37:01.109139781-04:00 Source:       "/var/www/calls"
2026-07-31T12:37:01.109141716-04:00 Output:       "/var/www/calls/pagefind"
2026-07-31T12:37:01.109143205-04:00 
2026-07-31T12:37:01.109144780-04:00 [Walking source directory]
2026-07-31T12:37:01.111428535-04:00 Found 191 files matching **/*.{html}
2026-07-31T12:37:01.111435245-04:00 
2026-07-31T12:37:01.111437152-04:00 [Parsing files]
2026-07-31T12:37:02.581992123-04:00 Found a data-pagefind-body element on the site.
2026-07-31T12:37:02.582010239-04:00 ↳ Ignoring pages without this tag.
2026-07-31T12:37:02.582011263-04:00 
2026-07-31T12:37:02.582012545-04:00 [Reading languages]
2026-07-31T12:37:02.589430421-04:00 Discovered 1 language: en
2026-07-31T12:37:02.589443051-04:00 
2026-07-31T12:37:02.589445432-04:00 [Building search indexes]
2026-07-31T12:37:02.707021695-04:00 Total: 
2026-07-31T12:37:02.707033749-04:00   Indexed 1 language
2026-07-31T12:37:02.707034910-04:00   Indexed 190 pages
2026-07-31T12:37:02.707035923-04:00   Indexed 7435 words
2026-07-31T12:37:02.707037121-04:00   Indexed 1 filter
2026-07-31T12:37:02.707038187-04:00   Indexed 0 sorts
2026-07-31T12:37:02.710075614-04:00 
2026-07-31T12:37:02.710088792-04:00 Finished in 1.601 seconds
2026-08-04T08:33:22.192398845-04:00 
2026-08-04T08:33:22.192419737-04:00 Running Pagefind v1.1.0
2026-08-04T08:33:22.192422104-04:00 Running from: "/app"
2026-08-04T08:33:22.192424002-04:00 Source:       "/var/www/calls"
2026-08-04T08:33:22.192425993-04:00 Output:       "/var/www/calls/pagefind"
2026-08-04T08:33:22.192427664-04:00 
2026-08-04T08:33:22.192429185-04:00 [Walking source directory]
2026-08-04T08:33:22.194988512-04:00 Found 192 files matching **/*.{html}
2026-08-04T08:33:22.195001460-04:00 
2026-08-04T08:33:22.195005520-04:00 [Parsing files]
2026-08-04T08:33:23.602282948-04:00 Found a data-pagefind-body element on the site.
2026-08-04T08:33:23.602314722-04:00 ↳ Ignoring pages without this tag.
2026-08-04T08:33:23.602316601-04:00 
2026-08-04T08:33:23.602318274-04:00 [Reading languages]
2026-08-04T08:33:23.612767688-04:00 Discovered 1 language: en
2026-08-04T08:33:23.612778264-04:00 
2026-08-04T08:33:23.612780054-04:00 [Building search indexes]
2026-08-04T08:33:23.797688536-04:00 Total: 
2026-08-04T08:33:23.797747623-04:00   Indexed 1 language
2026-08-04T08:33:23.797750422-04:00   Indexed 190 pages
2026-08-04T08:33:23.797752976-04:00   Indexed 7435 words
2026-08-04T08:33:23.797755526-04:00   Indexed 1 filter
2026-08-04T08:33:23.797758060-04:00   Indexed 0 sorts
2026-08-04T08:33:23.801347137-04:00 
2026-08-04T08:33:23.801362444-04:00 Finished in 1.609 seconds
2026-08-04T08:33:34.421806566-04:00 
2026-08-04T08:33:34.421848095-04:00 Running Pagefind v1.1.0
2026-08-04T08:33:34.421851235-04:00 Running from: "/app"
2026-08-04T08:33:34.421853552-04:00 Source:       "/var/www/calls"
2026-08-04T08:33:34.421855937-04:00 Output:       "/var/www/calls/pagefind"
2026-08-04T08:33:34.421857622-04:00 
2026-08-04T08:33:34.421859345-04:00 [Walking source directory]
2026-08-04T08:33:34.425044853-04:00 Found 192 files matching **/*.{html}
2026-08-04T08:33:34.425074620-04:00 
2026-08-04T08:33:34.425077157-04:00 [Parsing files]
2026-08-04T08:33:35.906071005-04:00 Found a data-pagefind-body element on the site.
2026-08-04T08:33:35.906963445-04:00 ↳ Ignoring pages without this tag.
2026-08-04T08:33:35.906982224-04:00 
2026-08-04T08:33:35.906984541-04:00 [Reading languages]
2026-08-04T08:33:35.963810403-04:00 Discovered 1 language: en
2026-08-04T08:33:35.963834776-04:00 
2026-08-04T08:33:35.963837525-04:00 [Building search indexes]
2026-08-04T08:33:36.091111055-04:00 Total: 
2026-08-04T08:33:36.091135770-04:00   Indexed 1 language
2026-08-04T08:33:36.091137015-04:00   Indexed 190 pages
2026-08-04T08:33:36.091138077-04:00   Indexed 7435 words
2026-08-04T08:33:36.091139103-04:00   Indexed 1 filter
2026-08-04T08:33:36.091140139-04:00   Indexed 0 sorts
2026-08-04T08:33:36.095298554-04:00 
2026-08-04T08:33:36.095311492-04:00 Finished in 1.673 seconds
2026-08-04T08:33:50.587573113-04:00 
2026-08-04T08:33:50.587587797-04:00 Running Pagefind v1.1.0
2026-08-04T08:33:50.587588998-04:00 Running from: "/app"
2026-08-04T08:33:50.587590239-04:00 Source:       "/var/www/calls"
2026-08-04T08:33:50.587591623-04:00 Output:       "/var/www/calls/pagefind"
2026-08-04T08:33:50.587592608-04:00 
2026-08-04T08:33:50.587593707-04:00 [Walking source directory]
2026-08-04T08:33:50.590168796-04:00 Found 192 files matching **/*.{html}
2026-08-04T08:33:50.590177054-04:00 
2026-08-04T08:33:50.590178624-04:00 [Parsing files]
2026-08-04T08:33:52.006010011-04:00 Found a data-pagefind-body element on the site.
2026-08-04T08:33:52.006023343-04:00 ↳ Ignoring pages without this tag.
2026-08-04T08:33:52.006031055-04:00 
2026-08-04T08:33:52.006032463-04:00 [Reading languages]
2026-08-04T08:33:52.071946053-04:00 Discovered 1 language: en
2026-08-04T08:33:52.071959589-04:00 
2026-08-04T08:33:52.071961931-04:00 [Building search indexes]
2026-08-04T08:33:52.192662133-04:00 Total: 
2026-08-04T08:33:52.192672139-04:00   Indexed 1 language
2026-08-04T08:33:52.192673339-04:00   Indexed 191 pages
2026-08-04T08:33:52.192674355-04:00   Indexed 7438 words
2026-08-04T08:33:52.192675365-04:00   Indexed 1 filter
2026-08-04T08:33:52.192676408-04:00   Indexed 0 sorts
2026-08-04T08:33:52.364160656-04:00 
2026-08-04T08:33:52.364228062-04:00 Finished in 1.776 seconds
2026-08-04T08:34:06.999204970-04:00 [pbx-web] bucket changed (sig ce15ec21 -> 095b463a), rebuilding
2026-08-04T08:34:07.974313842-04:00 
2026-08-04T08:34:07.974323708-04:00 Running Pagefind v1.1.0
2026-08-04T08:34:07.974324925-04:00 Running from: "/app"
2026-08-04T08:34:07.974326470-04:00 Source:       "/var/www/calls"
2026-08-04T08:34:07.974327813-04:00 Output:       "/var/www/calls/pagefind"
2026-08-04T08:34:07.974328887-04:00 
2026-08-04T08:34:07.974330001-04:00 [Walking source directory]
2026-08-04T08:34:07.976609347-04:00 Found 192 files matching **/*.{html}
2026-08-04T08:34:07.976615402-04:00 
2026-08-04T08:34:07.976616621-04:00 [Parsing files]
2026-08-04T08:34:09.386016458-04:00 Found a data-pagefind-body element on the site.
2026-08-04T08:34:09.386039446-04:00 ↳ Ignoring pages without this tag.
2026-08-04T08:34:09.386041812-04:00 
2026-08-04T08:34:09.386043754-04:00 [Reading languages]
2026-08-04T08:34:09.393522080-04:00 Discovered 1 language: en
2026-08-04T08:34:09.393540176-04:00 
2026-08-04T08:34:09.393542461-04:00 [Building search indexes]
2026-08-04T08:34:09.508755585-04:00 Total: 
2026-08-04T08:34:09.508787614-04:00   Indexed 1 language
2026-08-04T08:34:09.508789766-04:00   Indexed 191 pages
2026-08-04T08:34:09.508791380-04:00   Indexed 7438 words
2026-08-04T08:34:09.508792967-04:00   Indexed 1 filter
2026-08-04T08:34:09.508794600-04:00   Indexed 0 sorts
2026-08-04T08:34:09.563648391-04:00 
2026-08-04T08:34:09.563695103-04:00 Finished in 1.589 seconds
2026-08-04T13:51:23.069825591-04:00 
2026-08-04T13:51:23.069853994-04:00 Running Pagefind v1.1.0
2026-08-04T13:51:23.069857974-04:00 Running from: "/app"
2026-08-04T13:51:23.069869437-04:00 Source:       "/var/www/calls"
2026-08-04T13:51:23.069875573-04:00 Output:       "/var/www/calls/pagefind"
2026-08-04T13:51:23.069878076-04:00 
2026-08-04T13:51:23.069880546-04:00 [Walking source directory]
2026-08-04T13:51:23.072948075-04:00 Found 193 files matching **/*.{html}
2026-08-04T13:51:23.072956876-04:00 
2026-08-04T13:51:23.072959677-04:00 [Parsing files]
2026-08-04T13:51:24.693541636-04:00 Found a data-pagefind-body element on the site.
2026-08-04T13:51:24.693560558-04:00 ↳ Ignoring pages without this tag.
2026-08-04T13:51:24.693562090-04:00 
2026-08-04T13:51:24.693563786-04:00 [Reading languages]
2026-08-04T13:51:24.702445966-04:00 Discovered 1 language: en
2026-08-04T13:51:24.702450634-04:00 
2026-08-04T13:51:24.702452357-04:00 [Building search indexes]
2026-08-04T13:51:24.877821475-04:00 Total: 
2026-08-04T13:51:24.877842561-04:00   Indexed 1 language
2026-08-04T13:51:24.877844785-04:00   Indexed 191 pages
2026-08-04T13:51:24.877846366-04:00   Indexed 7438 words
2026-08-04T13:51:24.877847961-04:00   Indexed 1 filter
2026-08-04T13:51:24.877849544-04:00   Indexed 0 sorts
2026-08-04T13:51:24.880573358-04:00 
2026-08-04T13:51:24.880590131-04:00 Finished in 1.811 seconds
2026-08-04T13:51:31.041753786-04:00 [pbx-web] bucket changed (sig 095b463a -> df9e1221), rebuilding
2026-08-04T13:51:32.349826006-04:00 
2026-08-04T13:51:32.349841026-04:00 Running Pagefind v1.1.0
2026-08-04T13:51:32.349842502-04:00 Running from: "/app"
2026-08-04T13:51:32.349843805-04:00 Source:       "/var/www/calls"
2026-08-04T13:51:32.349845132-04:00 Output:       "/var/www/calls/pagefind"
2026-08-04T13:51:32.349846220-04:00 
2026-08-04T13:51:32.349847641-04:00 [Walking source directory]
2026-08-04T13:51:32.365068964-04:00 Found 193 files matching **/*.{html}
2026-08-04T13:51:32.365085469-04:00 
2026-08-04T13:51:32.365086862-04:00 [Parsing files]
2026-08-04T13:51:33.906741193-04:00 Found a data-pagefind-body element on the site.
2026-08-04T13:51:33.906775707-04:00 ↳ Ignoring pages without this tag.
2026-08-04T13:51:33.906777600-04:00 
2026-08-04T13:51:33.906779983-04:00 [Reading languages]
2026-08-04T13:51:33.969103864-04:00 Discovered 1 language: en
2026-08-04T13:51:33.969172948-04:00 
2026-08-04T13:51:33.969180869-04:00 [Building search indexes]
2026-08-04T13:51:34.100612679-04:00 Total: 
2026-08-04T13:51:34.100641489-04:00   Indexed 1 language
2026-08-04T13:51:34.100645291-04:00   Indexed 191 pages
2026-08-04T13:51:34.100647316-04:00   Indexed 7438 words
2026-08-04T13:51:34.100649189-04:00   Indexed 1 filter
2026-08-04T13:51:34.100651121-04:00   Indexed 0 sorts
2026-08-04T13:51:34.104543724-04:00 
2026-08-04T13:51:34.104557019-04:00 Finished in 1.755 seconds
2026-08-04T13:51:42.226759250-04:00 
2026-08-04T13:51:42.226778698-04:00 Running Pagefind v1.1.0
2026-08-04T13:51:42.226781355-04:00 Running from: "/app"
2026-08-04T13:51:42.226783523-04:00 Source:       "/var/www/calls"
2026-08-04T13:51:42.226785932-04:00 Output:       "/var/www/calls/pagefind"
2026-08-04T13:51:42.226787831-04:00 
2026-08-04T13:51:42.226790063-04:00 [Walking source directory]
2026-08-04T13:51:42.230087987-04:00 Found 193 files matching **/*.{html}
2026-08-04T13:51:42.230139565-04:00 
2026-08-04T13:51:42.230144803-04:00 [Parsing files]
2026-08-04T13:51:43.999162489-04:00 Found a data-pagefind-body element on the site.
2026-08-04T13:51:43.999192423-04:00 ↳ Ignoring pages without this tag.
2026-08-04T13:51:43.999194459-04:00 
2026-08-04T13:51:43.999198008-04:00 [Reading languages]
2026-08-04T13:51:44.010514181-04:00 Discovered 1 language: en
2026-08-04T13:51:44.010565559-04:00 
2026-08-04T13:51:44.010569316-04:00 [Building search indexes]
2026-08-04T13:51:44.196279694-04:00 Total: 
2026-08-04T13:51:44.196342210-04:00   Indexed 1 language
2026-08-04T13:51:44.196345716-04:00   Indexed 191 pages
2026-08-04T13:51:44.196348806-04:00   Indexed 7438 words
2026-08-04T13:51:44.196351084-04:00   Indexed 1 filter
2026-08-04T13:51:44.196353380-04:00   Indexed 0 sorts
2026-08-04T13:51:44.201411316-04:00 
2026-08-04T13:51:44.201428087-04:00 Finished in 1.974 seconds
2026-08-04T13:52:34.250029915-04:00 [pbx-web] bucket changed (sig df9e1221 -> 6047e83e), rebuilding
2026-08-04T13:52:35.748292538-04:00 
2026-08-04T13:52:35.748312182-04:00 Running Pagefind v1.1.0
2026-08-04T13:52:35.748313695-04:00 Running from: "/app"
2026-08-04T13:52:35.748315130-04:00 Source:       "/var/www/calls"
2026-08-04T13:52:35.748316798-04:00 Output:       "/var/www/calls/pagefind"
2026-08-04T13:52:35.748318099-04:00 
2026-08-04T13:52:35.748319474-04:00 [Walking source directory]
2026-08-04T13:52:35.751301051-04:00 Found 193 files matching **/*.{html}
2026-08-04T13:52:35.751319406-04:00 
2026-08-04T13:52:35.751338087-04:00 [Parsing files]
2026-08-04T13:52:37.491751008-04:00 Found a data-pagefind-body element on the site.
2026-08-04T13:52:37.491773520-04:00 ↳ Ignoring pages without this tag.
2026-08-04T13:52:37.491775575-04:00 
2026-08-04T13:52:37.491777697-04:00 [Reading languages]
2026-08-04T13:52:37.501636273-04:00 Discovered 1 language: en
2026-08-04T13:52:37.501652638-04:00 
2026-08-04T13:52:37.501655089-04:00 [Building search indexes]
2026-08-04T13:52:37.688718158-04:00 Total: 
2026-08-04T13:52:37.688740150-04:00   Indexed 1 language
2026-08-04T13:52:37.688743071-04:00   Indexed 191 pages
2026-08-04T13:52:37.688745664-04:00   Indexed 7438 words
2026-08-04T13:52:37.688750934-04:00   Indexed 1 filter
2026-08-04T13:52:37.688753345-04:00   Indexed 0 sorts
2026-08-04T13:52:37.692558610-04:00 
2026-08-04T13:52:37.692576874-04:00 Finished in 1.944 seconds
2026-08-04T14:07:10.079301950-04:00 
2026-08-04T14:07:10.079320065-04:00 Running Pagefind v1.1.0
2026-08-04T14:07:10.079322580-04:00 Running from: "/app"
2026-08-04T14:07:10.079324466-04:00 Source:       "/var/www/calls"
2026-08-04T14:07:10.079326419-04:00 Output:       "/var/www/calls/pagefind"
2026-08-04T14:07:10.079327920-04:00 
2026-08-04T14:07:10.079329785-04:00 [Walking source directory]
2026-08-04T14:07:10.081751868-04:00 Found 193 files matching **/*.{html}
2026-08-04T14:07:10.081765887-04:00 
2026-08-04T14:07:10.081769498-04:00 [Parsing files]
2026-08-04T14:07:11.594473627-04:00 Found a data-pagefind-body element on the site.
2026-08-04T14:07:11.594492854-04:00 ↳ Ignoring pages without this tag.
2026-08-04T14:07:11.594494138-04:00 
2026-08-04T14:07:11.594495753-04:00 [Reading languages]
2026-08-04T14:07:11.602825264-04:00 Discovered 1 language: en
2026-08-04T14:07:11.602838943-04:00 
2026-08-04T14:07:11.602840293-04:00 [Building search indexes]
2026-08-04T14:07:11.775792859-04:00 Total: 
2026-08-04T14:07:11.775833922-04:00   Indexed 1 language
2026-08-04T14:07:11.775835098-04:00   Indexed 192 pages
2026-08-04T14:07:11.775836101-04:00   Indexed 7489 words
2026-08-04T14:07:11.775837278-04:00   Indexed 1 filter
2026-08-04T14:07:11.775838340-04:00   Indexed 0 sorts
2026-08-04T14:07:11.902648001-04:00 
2026-08-04T14:07:11.902661779-04:00 Finished in 1.823 seconds
2026-08-04T14:07:14.224883435-04:00 
2026-08-04T14:07:14.224923723-04:00 Running Pagefind v1.1.0
2026-08-04T14:07:14.224925327-04:00 Running from: "/app"
2026-08-04T14:07:14.224926685-04:00 Source:       "/var/www/calls"
2026-08-04T14:07:14.224928099-04:00 Output:       "/var/www/calls/pagefind"
2026-08-04T14:07:14.224929138-04:00 
2026-08-04T14:07:14.224930311-04:00 [Walking source directory]
2026-08-04T14:07:14.227343887-04:00 Found 193 files matching **/*.{html}
2026-08-04T14:07:14.227349843-04:00 
2026-08-04T14:07:14.227353296-04:00 [Parsing files]
2026-08-04T14:07:15.700210735-04:00 Found a data-pagefind-body element on the site.
2026-08-04T14:07:15.700222241-04:00 ↳ Ignoring pages without this tag.
2026-08-04T14:07:15.700223671-04:00 
2026-08-04T14:07:15.700225475-04:00 [Reading languages]
2026-08-04T14:07:15.708670184-04:00 Discovered 1 language: en
2026-08-04T14:07:15.708676905-04:00 
2026-08-04T14:07:15.708678504-04:00 [Building search indexes]
2026-08-04T14:07:15.874334287-04:00 Total: 
2026-08-04T14:07:15.874376996-04:00   Indexed 1 language
2026-08-04T14:07:15.874378180-04:00   Indexed 192 pages
2026-08-04T14:07:15.874379209-04:00   Indexed 7490 words
2026-08-04T14:07:15.874380216-04:00   Indexed 1 filter
2026-08-04T14:07:15.874381365-04:00   Indexed 0 sorts
2026-08-04T14:07:15.991651418-04:00 
2026-08-04T14:07:15.991664863-04:00 Finished in 1.767 seconds
2026-08-04T14:07:38.721654009-04:00 [pbx-web] bucket changed (sig 6047e83e -> 206b992f), rebuilding
2026-08-04T14:07:39.576085241-04:00 
2026-08-04T14:07:39.576107346-04:00 Running Pagefind v1.1.0
2026-08-04T14:07:39.576108691-04:00 Running from: "/app"
2026-08-04T14:07:39.576110777-04:00 Source:       "/var/www/calls"
2026-08-04T14:07:39.576112080-04:00 Output:       "/var/www/calls/pagefind"
2026-08-04T14:07:39.576113106-04:00 
2026-08-04T14:07:39.576114191-04:00 [Walking source directory]
2026-08-04T14:07:39.578468813-04:00 Found 193 files matching **/*.{html}
2026-08-04T14:07:39.578474689-04:00 
2026-08-04T14:07:39.578476078-04:00 [Parsing files]
2026-08-04T14:07:41.012355496-04:00 Found a data-pagefind-body element on the site.
2026-08-04T14:07:41.012369262-04:00 ↳ Ignoring pages without this tag.
2026-08-04T14:07:41.012370483-04:00 
2026-08-04T14:07:41.012371838-04:00 [Reading languages]
2026-08-04T14:07:41.074672929-04:00 Discovered 1 language: en
2026-08-04T14:07:41.074688518-04:00 
2026-08-04T14:07:41.074689924-04:00 [Building search indexes]
2026-08-04T14:07:41.193494420-04:00 Total: 
2026-08-04T14:07:41.193507701-04:00   Indexed 1 language
2026-08-04T14:07:41.193508909-04:00   Indexed 192 pages
2026-08-04T14:07:41.193509927-04:00   Indexed 7490 words
2026-08-04T14:07:41.193511207-04:00   Indexed 1 filter
2026-08-04T14:07:41.193512289-04:00   Indexed 0 sorts
2026-08-04T14:07:41.196113354-04:00 
2026-08-04T14:07:41.196121699-04:00 Finished in 1.620 seconds
2026-08-04T14:35:02.254776922-04:00 [pbx-web] recording fetch error for 1785864705.535/20260804-173145_19142698463_1785864705.535.wav: [Errno 104] Connection reset by peer
2026-08-04T14:35:02.255087428-04:00 ----------------------------------------
2026-08-04T14:35:02.255097516-04:00 Exception occurred during processing of request from ('127.0.0.1', 49378)
2026-08-04T14:35:02.256210048-04:00 Traceback (most recent call last):
2026-08-04T14:35:02.256511677-04:00   File "/app/server.py", line 139, in _serve_recording
2026-08-04T14:35:02.256521532-04:00     self.wfile.write(chunk)
2026-08-04T14:35:02.256527411-04:00   File "/usr/local/lib/python3.11/socketserver.py", line 834, in write
2026-08-04T14:35:02.256532969-04:00     self._sock.sendall(b)
2026-08-04T14:35:02.256538194-04:00 ConnectionResetError: [Errno 104] Connection reset by peer
2026-08-04T14:35:02.256543326-04:00 
2026-08-04T14:35:02.256548877-04:00 During handling of the above exception, another exception occurred:
2026-08-04T14:35:02.256553875-04:00 
2026-08-04T14:35:02.256559102-04:00 Traceback (most recent call last):
2026-08-04T14:35:02.257075678-04:00   File "/usr/local/lib/python3.11/socketserver.py", line 691, in process_request_thread
2026-08-04T14:35:02.257082614-04:00     self.finish_request(request, client_address)
2026-08-04T14:35:02.257088143-04:00   File "/usr/local/lib/python3.11/socketserver.py", line 361, in finish_request
2026-08-04T14:35:02.257093127-04:00     self.RequestHandlerClass(request, client_address, self)
2026-08-04T14:35:02.257097808-04:00   File "/usr/local/lib/python3.11/socketserver.py", line 755, in __init__
2026-08-04T14:35:02.257102833-04:00     self.handle()
2026-08-04T14:35:02.257107399-04:00   File "/usr/local/lib/python3.11/http/server.py", line 440, in handle
2026-08-04T14:35:02.257112300-04:00     self.handle_one_request()
2026-08-04T14:35:02.257117624-04:00   File "/usr/local/lib/python3.11/http/server.py", line 428, in handle_one_request
2026-08-04T14:35:02.257122509-04:00     method()
2026-08-04T14:35:02.257152602-04:00   File "/app/server.py", line 59, in do_GET
2026-08-04T14:35:02.257157805-04:00     self._serve_recording()
2026-08-04T14:35:02.257162637-04:00   File "/app/server.py", line 146, in _serve_recording
2026-08-04T14:35:02.257167265-04:00     self.send_error(500)
2026-08-04T14:35:02.257171772-04:00   File "/usr/local/lib/python3.11/http/server.py", line 492, in send_error
2026-08-04T14:35:02.257176808-04:00     self.end_headers()
2026-08-04T14:35:02.257181919-04:00   File "/usr/local/lib/python3.11/http/server.py", line 542, in end_headers
2026-08-04T14:35:02.257186487-04:00     self.flush_headers()
2026-08-04T14:35:02.257191390-04:00   File "/usr/local/lib/python3.11/http/server.py", line 546, in flush_headers
2026-08-04T14:35:02.257196011-04:00     self.wfile.write(b"".join(self._headers_buffer))
2026-08-04T14:35:02.257200948-04:00   File "/usr/local/lib/python3.11/socketserver.py", line 834, in write
2026-08-04T14:35:02.257206640-04:00     self._sock.sendall(b)
2026-08-04T14:35:02.257225307-04:00 BrokenPipeError: [Errno 32] Broken pipe
2026-08-04T14:35:02.257230084-04:00 ----------------------------------------
2026-08-04T14:52:22.844808532-04:00 [pbx-web] recording fetch error for 1785864705.535/20260804-173145_19142698463_1785864705.535.wav: [Errno 104] Connection reset by peer
2026-08-04T14:52:22.844929661-04:00 ----------------------------------------
2026-08-04T14:52:22.844992355-04:00 Exception occurred during processing of request from ('127.0.0.1', 37668)
2026-08-04T14:52:22.845790633-04:00 Traceback (most recent call last):
2026-08-04T14:52:22.845965892-04:00   File "/app/server.py", line 139, in _serve_recording
2026-08-04T14:52:22.845976044-04:00     self.wfile.write(chunk)
2026-08-04T14:52:22.845983414-04:00   File "/usr/local/lib/python3.11/socketserver.py", line 834, in write
2026-08-04T14:52:22.845990107-04:00     self._sock.sendall(b)
2026-08-04T14:52:22.846005531-04:00 ConnectionResetError: [Errno 104] Connection reset by peer
2026-08-04T14:52:22.846011558-04:00 
2026-08-04T14:52:22.846018556-04:00 During handling of the above exception, another exception occurred:
2026-08-04T14:52:22.846024263-04:00 
2026-08-04T14:52:22.846030936-04:00 Traceback (most recent call last):
2026-08-04T14:52:22.846474155-04:00   File "/usr/local/lib/python3.11/socketserver.py", line 691, in process_request_thread
2026-08-04T14:52:22.846484609-04:00     self.finish_request(request, client_address)
2026-08-04T14:52:22.846491965-04:00   File "/usr/local/lib/python3.11/socketserver.py", line 361, in finish_request
2026-08-04T14:52:22.846498845-04:00     self.RequestHandlerClass(request, client_address, self)
2026-08-04T14:52:22.846505776-04:00   File "/usr/local/lib/python3.11/socketserver.py", line 755, in __init__
2026-08-04T14:52:22.846512016-04:00     self.handle()
2026-08-04T14:52:22.846583107-04:00   File "/usr/local/lib/python3.11/http/server.py", line 440, in handle
2026-08-04T14:52:22.846615456-04:00     self.handle_one_request()
2026-08-04T14:52:22.846620720-04:00   File "/usr/local/lib/python3.11/http/server.py", line 428, in handle_one_request
2026-08-04T14:52:22.846625217-04:00     method()
2026-08-04T14:52:22.846629750-04:00   File "/app/server.py", line 59, in do_GET
2026-08-04T14:52:22.846634428-04:00     self._serve_recording()
2026-08-04T14:52:22.846638995-04:00   File "/app/server.py", line 146, in _serve_recording
2026-08-04T14:52:22.846643861-04:00     self.send_error(500)
2026-08-04T14:52:22.846648118-04:00   File "/usr/local/lib/python3.11/http/server.py", line 492, in send_error
2026-08-04T14:52:22.846652210-04:00     self.end_headers()
2026-08-04T14:52:22.846656536-04:00   File "/usr/local/lib/python3.11/http/server.py", line 542, in end_headers
2026-08-04T14:52:22.846686429-04:00     self.flush_headers()
2026-08-04T14:52:22.846691134-04:00   File "/usr/local/lib/python3.11/http/server.py", line 546, in flush_headers
2026-08-04T14:52:22.846695365-04:00     self.wfile.write(b"".join(self._headers_buffer))
2026-08-04T14:52:22.846699612-04:00   File "/usr/local/lib/python3.11/socketserver.py", line 834, in write
2026-08-04T14:52:22.846703941-04:00     self._sock.sendall(b)
2026-08-04T14:52:22.846721840-04:00 BrokenPipeError: [Errno 32] Broken pipe
2026-08-04T14:52:22.846726172-04:00 ----------------------------------------
2026-08-05T10:10:09.899729930-04:00 
2026-08-05T10:10:09.899769914-04:00 Running Pagefind v1.1.0
2026-08-05T10:10:09.899771597-04:00 Running from: "/app"
2026-08-05T10:10:09.899773145-04:00 Source:       "/var/www/calls"
2026-08-05T10:10:09.899775517-04:00 Output:       "/var/www/calls/pagefind"
2026-08-05T10:10:09.899776629-04:00 
2026-08-05T10:10:09.899782989-04:00 [Walking source directory]
2026-08-05T10:10:09.902654730-04:00 Found 194 files matching **/*.{html}
2026-08-05T10:10:09.902673218-04:00 
2026-08-05T10:10:09.902674622-04:00 [Parsing files]
2026-08-05T10:10:11.367424690-04:00 Found a data-pagefind-body element on the site.
2026-08-05T10:10:11.367448366-04:00 ↳ Ignoring pages without this tag.
2026-08-05T10:10:11.367450822-04:00 
2026-08-05T10:10:11.367453147-04:00 [Reading languages]
2026-08-05T10:10:11.376684258-04:00 Discovered 1 language: en
2026-08-05T10:10:11.376711548-04:00 
2026-08-05T10:10:11.376714860-04:00 [Building search indexes]
2026-08-05T10:10:11.505091157-04:00 Total: 
2026-08-05T10:10:11.505116165-04:00   Indexed 1 language
2026-08-05T10:10:11.505118658-04:00   Indexed 192 pages
2026-08-05T10:10:11.505120840-04:00   Indexed 7490 words
2026-08-05T10:10:11.505122776-04:00   Indexed 1 filter
2026-08-05T10:10:11.505124716-04:00   Indexed 0 sorts
2026-08-05T10:10:11.508565428-04:00 
2026-08-05T10:10:11.508576411-04:00 Finished in 1.609 seconds
2026-08-05T10:10:19.702348531-04:00 
2026-08-05T10:10:19.702383991-04:00 Running Pagefind v1.1.0
2026-08-05T10:10:19.702388132-04:00 Running from: "/app"
2026-08-05T10:10:19.702390281-04:00 Source:       "/var/www/calls"
2026-08-05T10:10:19.702392371-04:00 Output:       "/var/www/calls/pagefind"
2026-08-05T10:10:19.702394625-04:00 
2026-08-05T10:10:19.702396503-04:00 [Walking source directory]
2026-08-05T10:10:19.705134249-04:00 Found 194 files matching **/*.{html}
2026-08-05T10:10:19.705147852-04:00 
2026-08-05T10:10:19.705150456-04:00 [Parsing files]
2026-08-05T10:10:21.196236278-04:00 Found a data-pagefind-body element on the site.
2026-08-05T10:10:21.196271844-04:00 ↳ Ignoring pages without this tag.
2026-08-05T10:10:21.196273807-04:00 
2026-08-05T10:10:21.196276059-04:00 [Reading languages]
2026-08-05T10:10:21.206805143-04:00 Discovered 1 language: en
2026-08-05T10:10:21.206829518-04:00 
2026-08-05T10:10:21.206832031-04:00 [Building search indexes]
2026-08-05T10:10:21.381467244-04:00 Total: 
2026-08-05T10:10:21.381513868-04:00   Indexed 1 language
2026-08-05T10:10:21.381516925-04:00   Indexed 192 pages
2026-08-05T10:10:21.381518873-04:00   Indexed 7490 words
2026-08-05T10:10:21.381520391-04:00   Indexed 1 filter
2026-08-05T10:10:21.381522497-04:00   Indexed 0 sorts
2026-08-05T10:10:21.384927874-04:00 
2026-08-05T10:10:21.384940904-04:00 Finished in 1.682 seconds
2026-08-05T10:10:41.049340840-04:00 
2026-08-05T10:10:41.049356399-04:00 Running Pagefind v1.1.0
2026-08-05T10:10:41.049357918-04:00 Running from: "/app"
2026-08-05T10:10:41.049364054-04:00 Source:       "/var/www/calls"
2026-08-05T10:10:41.049365827-04:00 Output:       "/var/www/calls/pagefind"
2026-08-05T10:10:41.049366835-04:00 
2026-08-05T10:10:41.049368128-04:00 [Walking source directory]
2026-08-05T10:10:41.051760376-04:00 Found 194 files matching **/*.{html}
2026-08-05T10:10:41.051761897-04:00 
2026-08-05T10:10:41.051762894-04:00 [Parsing files]
2026-08-05T10:10:42.509745980-04:00 Found a data-pagefind-body element on the site.
2026-08-05T10:10:42.509761647-04:00 ↳ Ignoring pages without this tag.
2026-08-05T10:10:42.509763126-04:00 
2026-08-05T10:10:42.509764498-04:00 [Reading languages]
2026-08-05T10:10:42.570289672-04:00 Discovered 1 language: en
2026-08-05T10:10:42.570317358-04:00 
2026-08-05T10:10:42.570321941-04:00 [Building search indexes]
2026-08-05T10:10:42.688368027-04:00 Total: 
2026-08-05T10:10:42.688385905-04:00   Indexed 1 language
2026-08-05T10:10:42.688388092-04:00   Indexed 193 pages
2026-08-05T10:10:42.688389876-04:00   Indexed 7491 words
2026-08-05T10:10:42.688391469-04:00   Indexed 1 filter
2026-08-05T10:10:42.688393017-04:00   Indexed 0 sorts
2026-08-05T10:10:42.863478653-04:00 
2026-08-05T10:10:42.863510985-04:00 Finished in 1.814 seconds
2026-08-05T10:11:00.841181432-04:00 [pbx-web] bucket changed (sig 206b992f -> 6feddabc), rebuilding
2026-08-05T10:11:01.722008561-04:00 
2026-08-05T10:11:01.722025629-04:00 Running Pagefind v1.1.0
2026-08-05T10:11:01.722028115-04:00 Running from: "/app"
2026-08-05T10:11:01.722030144-04:00 Source:       "/var/www/calls"
2026-08-05T10:11:01.722032064-04:00 Output:       "/var/www/calls/pagefind"
2026-08-05T10:11:01.722033566-04:00 
2026-08-05T10:11:01.722035274-04:00 [Walking source directory]
2026-08-05T10:11:01.724643458-04:00 Found 194 files matching **/*.{html}
2026-08-05T10:11:01.724653231-04:00 
2026-08-05T10:11:01.724655377-04:00 [Parsing files]
2026-08-05T10:11:03.106653816-04:00 Found a data-pagefind-body element on the site.
2026-08-05T10:11:03.106663471-04:00 ↳ Ignoring pages without this tag.
2026-08-05T10:11:03.106664713-04:00 
2026-08-05T10:11:03.106666376-04:00 [Reading languages]
2026-08-05T10:11:03.172355689-04:00 Discovered 1 language: en
2026-08-05T10:11:03.172370278-04:00 
2026-08-05T10:11:03.172371780-04:00 [Building search indexes]
2026-08-05T10:11:03.286682184-04:00 Total: 
2026-08-05T10:11:03.286694535-04:00   Indexed 1 language
2026-08-05T10:11:03.286695925-04:00   Indexed 193 pages
2026-08-05T10:11:03.286696969-04:00   Indexed 7491 words
2026-08-05T10:11:03.286697978-04:00   Indexed 1 filter
2026-08-05T10:11:03.286699007-04:00   Indexed 0 sorts
2026-08-05T10:11:03.289596609-04:00 
2026-08-05T10:11:03.289817073-04:00 Finished in 1.567 seconds
2026-08-05T10:27:56.301369491-04:00 
2026-08-05T10:27:56.301400791-04:00 Running Pagefind v1.1.0
2026-08-05T10:27:56.301402886-04:00 Running from: "/app"
2026-08-05T10:27:56.301404385-04:00 Source:       "/var/www/calls"
2026-08-05T10:27:56.301406689-04:00 Output:       "/var/www/calls/pagefind"
2026-08-05T10:27:56.301407959-04:00 
2026-08-05T10:27:56.301409331-04:00 [Walking source directory]
2026-08-05T10:27:56.304942900-04:00 Found 195 files matching **/*.{html}
2026-08-05T10:27:56.304969016-04:00 
2026-08-05T10:27:56.304971469-04:00 [Parsing files]
2026-08-05T10:27:58.066483184-04:00 Found a data-pagefind-body element on the site.
2026-08-05T10:27:58.066518429-04:00 ↳ Ignoring pages without this tag.
2026-08-05T10:27:58.066520937-04:00 
2026-08-05T10:27:58.066523157-04:00 [Reading languages]
2026-08-05T10:27:58.076890593-04:00 Discovered 1 language: en
2026-08-05T10:27:58.076920990-04:00 
2026-08-05T10:27:58.076923934-04:00 [Building search indexes]
2026-08-05T10:27:58.204829633-04:00 Total: 
2026-08-05T10:27:58.204853880-04:00   Indexed 1 language
2026-08-05T10:27:58.204855609-04:00   Indexed 193 pages
2026-08-05T10:27:58.204856979-04:00   Indexed 7491 words
2026-08-05T10:27:58.204858193-04:00   Indexed 1 filter
2026-08-05T10:27:58.204859433-04:00   Indexed 0 sorts
2026-08-05T10:27:58.209184272-04:00 
2026-08-05T10:27:58.209198494-04:00 Finished in 1.908 seconds
2026-08-05T10:28:04.441395515-04:00 [pbx-web] bucket changed (sig 6feddabc -> b33f4ed4), rebuilding
2026-08-05T10:28:05.970287246-04:00 
2026-08-05T10:28:05.970310659-04:00 Running Pagefind v1.1.0
2026-08-05T10:28:05.970313942-04:00 Running from: "/app"
2026-08-05T10:28:05.970316294-04:00 Source:       "/var/www/calls"
2026-08-05T10:28:05.970318580-04:00 Output:       "/var/www/calls/pagefind"
2026-08-05T10:28:05.970320554-04:00 
2026-08-05T10:28:05.970322674-04:00 [Walking source directory]
2026-08-05T10:28:05.973761692-04:00 Found 195 files matching **/*.{html}
2026-08-05T10:28:05.973775494-04:00 
2026-08-05T10:28:05.973778259-04:00 [Parsing files]
2026-08-05T10:28:07.701486173-04:00 Found a data-pagefind-body element on the site.
2026-08-05T10:28:07.701516257-04:00 ↳ Ignoring pages without this tag.
2026-08-05T10:28:07.701519189-04:00 
2026-08-05T10:28:07.701521980-04:00 [Reading languages]
2026-08-05T10:28:07.764050531-04:00 Discovered 1 language: en
2026-08-05T10:28:07.764075794-04:00 
2026-08-05T10:28:07.764080930-04:00 [Building search indexes]
2026-08-05T10:28:07.905464895-04:00 Total: 
2026-08-05T10:28:07.905495275-04:00   Indexed 1 language
2026-08-05T10:28:07.905497968-04:00   Indexed 193 pages
2026-08-05T10:28:07.905500019-04:00   Indexed 7491 words
2026-08-05T10:28:07.905502330-04:00   Indexed 1 filter
2026-08-05T10:28:07.905504822-04:00   Indexed 0 sorts
2026-08-05T10:28:07.910023709-04:00 
2026-08-05T10:28:07.910053081-04:00 Finished in 1.939 seconds
2026-08-05T10:28:48.111786526-04:00 
2026-08-05T10:28:48.111809020-04:00 Running Pagefind v1.1.0
2026-08-05T10:28:48.111812794-04:00 Running from: "/app"
2026-08-05T10:28:48.111815536-04:00 Source:       "/var/www/calls"
2026-08-05T10:28:48.111818033-04:00 Output:       "/var/www/calls/pagefind"
2026-08-05T10:28:48.111820124-04:00 
2026-08-05T10:28:48.111822330-04:00 [Walking source directory]
2026-08-05T10:28:48.114617404-04:00 Found 195 files matching **/*.{html}
2026-08-05T10:28:48.114630629-04:00 
2026-08-05T10:28:48.114632416-04:00 [Parsing files]
2026-08-05T10:28:49.888865582-04:00 Found a data-pagefind-body element on the site.
2026-08-05T10:28:49.888901772-04:00 ↳ Ignoring pages without this tag.
2026-08-05T10:28:49.888904617-04:00 
2026-08-05T10:28:49.888907500-04:00 [Reading languages]
2026-08-05T10:28:49.899766728-04:00 Discovered 1 language: en
2026-08-05T10:28:49.899795088-04:00 
2026-08-05T10:28:49.899801748-04:00 [Building search indexes]
2026-08-05T10:28:50.081953136-04:00 Total: 
2026-08-05T10:28:50.081970142-04:00   Indexed 1 language
2026-08-05T10:28:50.081973284-04:00   Indexed 193 pages
2026-08-05T10:28:50.081975633-04:00   Indexed 7491 words
2026-08-05T10:28:50.081977981-04:00   Indexed 1 filter
2026-08-05T10:28:50.081980630-04:00   Indexed 0 sorts
2026-08-05T10:28:50.086336685-04:00 
2026-08-05T10:28:50.086352082-04:00 Finished in 1.974 seconds
2026-08-05T10:29:32.472834081-04:00 
2026-08-05T10:29:32.472866127-04:00 Running Pagefind v1.1.0
2026-08-05T10:29:32.472868685-04:00 Running from: "/app"
2026-08-05T10:29:32.472871065-04:00 Source:       "/var/www/calls"
2026-08-05T10:29:32.472873072-04:00 Output:       "/var/www/calls/pagefind"
2026-08-05T10:29:32.472874697-04:00 
2026-08-05T10:29:32.472876557-04:00 [Walking source directory]
2026-08-05T10:29:32.475946640-04:00 Found 195 files matching **/*.{html}
2026-08-05T10:29:32.475964194-04:00 
2026-08-05T10:29:32.475968663-04:00 [Parsing files]
2026-08-05T10:29:34.270749250-04:00 Found a data-pagefind-body element on the site.
2026-08-05T10:29:34.270779571-04:00 ↳ Ignoring pages without this tag.
2026-08-05T10:29:34.270782242-04:00 
2026-08-05T10:29:34.270785012-04:00 [Reading languages]
2026-08-05T10:29:34.281977492-04:00 Discovered 1 language: en
2026-08-05T10:29:34.282001061-04:00 
2026-08-05T10:29:34.282004517-04:00 [Building search indexes]
2026-08-05T10:29:34.465572328-04:00 Total: 
2026-08-05T10:29:34.465598773-04:00   Indexed 1 language
2026-08-05T10:29:34.465602036-04:00   Indexed 194 pages
2026-08-05T10:29:34.465604094-04:00   Indexed 7494 words
2026-08-05T10:29:34.465606093-04:00   Indexed 1 filter
2026-08-05T10:29:34.465607995-04:00   Indexed 0 sorts
2026-08-05T10:29:34.602719679-04:00 
2026-08-05T10:29:34.602749210-04:00 Finished in 2.130 seconds
2026-08-05T10:29:52.044876637-04:00 [pbx-web] recording fetch error for 1785939947.542/20260805-142547_19142698463_1785939947.542.wav: [Errno 104] Connection reset by peer
2026-08-05T10:29:52.044962610-04:00 ----------------------------------------
2026-08-05T10:29:52.044977948-04:00 Exception occurred during processing of request from ('127.0.0.1', 35462)
2026-08-05T10:29:52.045407401-04:00 Traceback (most recent call last):
2026-08-05T10:29:52.045513256-04:00   File "/app/server.py", line 139, in _serve_recording
2026-08-05T10:29:52.045517395-04:00     self.wfile.write(chunk)
2026-08-05T10:29:52.045523321-04:00   File "/usr/local/lib/python3.11/socketserver.py", line 834, in write
2026-08-05T10:29:52.045529265-04:00     self._sock.sendall(b)
2026-08-05T10:29:52.045536322-04:00 ConnectionResetError: [Errno 104] Connection reset by peer
2026-08-05T10:29:52.045543061-04:00 
2026-08-05T10:29:52.045548966-04:00 During handling of the above exception, another exception occurred:
2026-08-05T10:29:52.045551542-04:00 
2026-08-05T10:29:52.045553956-04:00 Traceback (most recent call last):
2026-08-05T10:29:52.045828245-04:00   File "/usr/local/lib/python3.11/socketserver.py", line 691, in process_request_thread
2026-08-05T10:29:52.045833162-04:00     self.finish_request(request, client_address)
2026-08-05T10:29:52.045836428-04:00   File "/usr/local/lib/python3.11/socketserver.py", line 361, in finish_request
2026-08-05T10:29:52.045839037-04:00     self.RequestHandlerClass(request, client_address, self)
2026-08-05T10:29:52.045845135-04:00   File "/usr/local/lib/python3.11/socketserver.py", line 755, in __init__
2026-08-05T10:29:52.045848576-04:00     self.handle()
2026-08-05T10:29:52.045850962-04:00   File "/usr/local/lib/python3.11/http/server.py", line 440, in handle
2026-08-05T10:29:52.045853483-04:00     self.handle_one_request()
2026-08-05T10:29:52.045855778-04:00   File "/usr/local/lib/python3.11/http/server.py", line 428, in handle_one_request
2026-08-05T10:29:52.045858097-04:00     method()
2026-08-05T10:29:52.045860443-04:00   File "/app/server.py", line 59, in do_GET
2026-08-05T10:29:52.045862695-04:00     self._serve_recording()
2026-08-05T10:29:52.045864954-04:00   File "/app/server.py", line 146, in _serve_recording
2026-08-05T10:29:52.045867203-04:00     self.send_error(500)
2026-08-05T10:29:52.045884126-04:00   File "/usr/local/lib/python3.11/http/server.py", line 492, in send_error
2026-08-05T10:29:52.045886911-04:00     self.end_headers()
2026-08-05T10:29:52.045892944-04:00   File "/usr/local/lib/python3.11/http/server.py", line 542, in end_headers
2026-08-05T10:29:52.045895767-04:00     self.flush_headers()
2026-08-05T10:29:52.045898135-04:00   File "/usr/local/lib/python3.11/http/server.py", line 546, in flush_headers
2026-08-05T10:29:52.045900448-04:00     self.wfile.write(b"".join(self._headers_buffer))
2026-08-05T10:29:52.045902747-04:00   File "/usr/local/lib/python3.11/socketserver.py", line 834, in write
2026-08-05T10:29:52.045905024-04:00     self._sock.sendall(b)
2026-08-05T10:29:52.045907676-04:00 BrokenPipeError: [Errno 32] Broken pipe
2026-08-05T10:29:52.045910059-04:00 ----------------------------------------
2026-08-05T10:30:08.100927285-04:00 [pbx-web] bucket changed (sig b33f4ed4 -> 81938c06), rebuilding
2026-08-05T10:30:09.511927153-04:00 
2026-08-05T10:30:09.511948488-04:00 Running Pagefind v1.1.0
2026-08-05T10:30:09.511951572-04:00 Running from: "/app"
2026-08-05T10:30:09.511954107-04:00 Source:       "/var/www/calls"
2026-08-05T10:30:09.511956920-04:00 Output:       "/var/www/calls/pagefind"
2026-08-05T10:30:09.511958903-04:00 
2026-08-05T10:30:09.511960934-04:00 [Walking source directory]
2026-08-05T10:30:09.515325153-04:00 Found 195 files matching **/*.{html}
2026-08-05T10:30:09.515357654-04:00 
2026-08-05T10:30:09.515361088-04:00 [Parsing files]
2026-08-05T10:30:11.270018010-04:00 Found a data-pagefind-body element on the site.
2026-08-05T10:30:11.270483014-04:00 ↳ Ignoring pages without this tag.
2026-08-05T10:30:11.270491183-04:00 
2026-08-05T10:30:11.270496711-04:00 [Reading languages]
2026-08-05T10:30:11.280818432-04:00 Discovered 1 language: en
2026-08-05T10:30:11.280838308-04:00 
2026-08-05T10:30:11.280841034-04:00 [Building search indexes]
2026-08-05T10:30:11.466225037-04:00 Total: 
2026-08-05T10:30:11.466261257-04:00   Indexed 1 language
2026-08-05T10:30:11.466264066-04:00   Indexed 194 pages
2026-08-05T10:30:11.466266385-04:00   Indexed 7494 words
2026-08-05T10:30:11.466268610-04:00   Indexed 1 filter
2026-08-05T10:30:11.466270968-04:00   Indexed 0 sorts
2026-08-05T10:30:11.470085414-04:00 
2026-08-05T10:30:11.470100743-04:00 Finished in 1.958 seconds
2026-08-05T10:30:24.994830716-04:00 
2026-08-05T10:30:24.994846145-04:00 Running Pagefind v1.1.0
2026-08-05T10:30:24.994847500-04:00 Running from: "/app"
2026-08-05T10:30:24.994848918-04:00 Source:       "/var/www/calls"
2026-08-05T10:30:24.994850246-04:00 Output:       "/var/www/calls/pagefind"
2026-08-05T10:30:24.994851466-04:00 
2026-08-05T10:30:24.994852586-04:00 [Walking source directory]
2026-08-05T10:30:24.997504339-04:00 Found 195 files matching **/*.{html}
2026-08-05T10:30:24.997511408-04:00 
2026-08-05T10:30:24.997513062-04:00 [Parsing files]
2026-08-05T10:30:26.481838941-04:00 Found a data-pagefind-body element on the site.
2026-08-05T10:30:26.481862439-04:00 ↳ Ignoring pages without this tag.
2026-08-05T10:30:26.481864736-04:00 
2026-08-05T10:30:26.481866803-04:00 [Reading languages]
2026-08-05T10:30:26.489910790-04:00 Discovered 1 language: en
2026-08-05T10:30:26.489930547-04:00 
2026-08-05T10:30:26.489932912-04:00 [Building search indexes]
2026-08-05T10:30:26.605559168-04:00 Total: 
2026-08-05T10:30:26.605581632-04:00   Indexed 1 language
2026-08-05T10:30:26.605584117-04:00   Indexed 194 pages
2026-08-05T10:30:26.605585989-04:00   Indexed 7494 words
2026-08-05T10:30:26.605587685-04:00   Indexed 1 filter
2026-08-05T10:30:26.605600997-04:00   Indexed 0 sorts
2026-08-05T10:30:26.772887146-04:00 
2026-08-05T10:30:26.772904298-04:00 Finished in 1.778 seconds
2026-08-05T10:31:11.549301332-04:00 [pbx-web] bucket changed (sig 81938c06 -> 795c2e70), rebuilding
2026-08-05T10:31:12.685573476-04:00 
2026-08-05T10:31:12.685588661-04:00 Running Pagefind v1.1.0
2026-08-05T10:31:12.685591174-04:00 Running from: "/app"
2026-08-05T10:31:12.685592976-04:00 Source:       "/var/www/calls"
2026-08-05T10:31:12.685594789-04:00 Output:       "/var/www/calls/pagefind"
2026-08-05T10:31:12.685596210-04:00 
2026-08-05T10:31:12.685598032-04:00 [Walking source directory]
2026-08-05T10:31:12.688334596-04:00 Found 195 files matching **/*.{html}
2026-08-05T10:31:12.688347252-04:00 
2026-08-05T10:31:12.688349466-04:00 [Parsing files]
2026-08-05T10:31:14.081210316-04:00 Found a data-pagefind-body element on the site.
2026-08-05T10:31:14.081231869-04:00 ↳ Ignoring pages without this tag.
2026-08-05T10:31:14.081234230-04:00 
2026-08-05T10:31:14.081236604-04:00 [Reading languages]
2026-08-05T10:31:14.089153031-04:00 Discovered 1 language: en
2026-08-05T10:31:14.089173586-04:00 
2026-08-05T10:31:14.089175951-04:00 [Building search indexes]
2026-08-05T10:31:14.205445069-04:00 Total: 
2026-08-05T10:31:14.205464133-04:00   Indexed 1 language
2026-08-05T10:31:14.205466952-04:00   Indexed 194 pages
2026-08-05T10:31:14.205468875-04:00   Indexed 7494 words
2026-08-05T10:31:14.205470844-04:00   Indexed 1 filter
2026-08-05T10:31:14.205472638-04:00   Indexed 0 sorts
2026-08-05T10:31:14.264012391-04:00 
2026-08-05T10:31:14.264088673-04:00 Finished in 1.578 seconds
2026-08-05T16:11:00.986307385-04:00 
2026-08-05T16:11:00.986340681-04:00 Running Pagefind v1.1.0
2026-08-05T16:11:00.986344670-04:00 Running from: "/app"
2026-08-05T16:11:00.986347414-04:00 Source:       "/var/www/calls"
2026-08-05T16:11:00.986350532-04:00 Output:       "/var/www/calls/pagefind"
2026-08-05T16:11:00.986352559-04:00 
2026-08-05T16:11:00.986354783-04:00 [Walking source directory]
2026-08-05T16:11:00.989508856-04:00 Found 196 files matching **/*.{html}
2026-08-05T16:11:00.989516753-04:00 
2026-08-05T16:11:00.989519391-04:00 [Parsing files]
2026-08-05T16:11:02.688736167-04:00 Found a data-pagefind-body element on the site.
2026-08-05T16:11:02.688763675-04:00 ↳ Ignoring pages without this tag.
2026-08-05T16:11:02.688765178-04:00 
2026-08-05T16:11:02.688767182-04:00 [Reading languages]
2026-08-05T16:11:02.698965920-04:00 Discovered 1 language: en
2026-08-05T16:11:02.698989126-04:00 
2026-08-05T16:11:02.698991259-04:00 [Building search indexes]
2026-08-05T16:11:02.896528242-04:00 Total: 
2026-08-05T16:11:02.896555456-04:00   Indexed 1 language
2026-08-05T16:11:02.896558474-04:00   Indexed 194 pages
2026-08-05T16:11:02.896560783-04:00   Indexed 7494 words
2026-08-05T16:11:02.896562919-04:00   Indexed 1 filter
2026-08-05T16:11:02.896565105-04:00   Indexed 0 sorts
2026-08-05T16:11:02.900042437-04:00 
2026-08-05T16:11:02.900068403-04:00 Finished in 1.913 seconds
2026-08-05T16:11:32.566714458-04:00 
2026-08-05T16:11:32.566748379-04:00 Running Pagefind v1.1.0
2026-08-05T16:11:32.566751695-04:00 Running from: "/app"
2026-08-05T16:11:32.566754295-04:00 Source:       "/var/www/calls"
2026-08-05T16:11:32.566756932-04:00 Output:       "/var/www/calls/pagefind"
2026-08-05T16:11:32.566758939-04:00 
2026-08-05T16:11:32.566761056-04:00 [Walking source directory]
2026-08-05T16:11:32.570049154-04:00 Found 196 files matching **/*.{html}
2026-08-05T16:11:32.570116283-04:00 
2026-08-05T16:11:32.570121614-04:00 [Parsing files]
2026-08-05T16:11:34.381271979-04:00 Found a data-pagefind-body element on the site.
2026-08-05T16:11:34.381303231-04:00 ↳ Ignoring pages without this tag.
2026-08-05T16:11:34.381304698-04:00 
2026-08-05T16:11:34.381306582-04:00 [Reading languages]
2026-08-05T16:11:34.391549572-04:00 Discovered 1 language: en
2026-08-05T16:11:34.391568416-04:00 
2026-08-05T16:11:34.391570100-04:00 [Building search indexes]
2026-08-05T16:11:34.578854555-04:00 Total: 
2026-08-05T16:11:34.578884334-04:00   Indexed 1 language
2026-08-05T16:11:34.578885856-04:00   Indexed 194 pages
2026-08-05T16:11:34.578887454-04:00   Indexed 7494 words
2026-08-05T16:11:34.578888712-04:00   Indexed 1 filter
2026-08-05T16:11:34.578890009-04:00   Indexed 0 sorts
2026-08-05T16:11:34.583512326-04:00 
2026-08-05T16:11:34.583530739-04:00 Finished in 2.017 seconds
2026-08-05T16:11:37.433823978-04:00 [pbx-web] bucket changed (sig 795c2e70 -> 5785ec72), rebuilding
2026-08-05T16:11:38.887403937-04:00 
2026-08-05T16:11:38.887780421-04:00 Running Pagefind v1.1.0
2026-08-05T16:11:38.887787108-04:00 Running from: "/app"
2026-08-05T16:11:38.887789775-04:00 Source:       "/var/www/calls"
2026-08-05T16:11:38.887792391-04:00 Output:       "/var/www/calls/pagefind"
2026-08-05T16:11:38.887794566-04:00 
2026-08-05T16:11:38.887796893-04:00 [Walking source directory]
2026-08-05T16:11:38.890802580-04:00 Found 196 files matching **/*.{html}
2026-08-05T16:11:38.890826028-04:00 
2026-08-05T16:11:38.890829414-04:00 [Parsing files]
2026-08-05T16:11:40.663070869-04:00 Found a data-pagefind-body element on the site.
2026-08-05T16:11:40.663098602-04:00 ↳ Ignoring pages without this tag.
2026-08-05T16:11:40.663100779-04:00 
2026-08-05T16:11:40.663103554-04:00 [Reading languages]
2026-08-05T16:11:40.674742591-04:00 Discovered 1 language: en
2026-08-05T16:11:40.674763688-04:00 
2026-08-05T16:11:40.674766894-04:00 [Building search indexes]
2026-08-05T16:11:40.864383207-04:00 Total: 
2026-08-05T16:11:40.864429082-04:00   Indexed 1 language
2026-08-05T16:11:40.864432743-04:00   Indexed 194 pages
2026-08-05T16:11:40.864435251-04:00   Indexed 7494 words
2026-08-05T16:11:40.864437825-04:00   Indexed 1 filter
2026-08-05T16:11:40.864440275-04:00   Indexed 0 sorts
2026-08-05T16:11:40.868602174-04:00 
2026-08-05T16:11:40.868618214-04:00 Finished in 1.981 seconds
2026-08-05T16:12:09.413924930-04:00 
2026-08-05T16:12:09.413945910-04:00 Running Pagefind v1.1.0
2026-08-05T16:12:09.413948400-04:00 Running from: "/app"
2026-08-05T16:12:09.413952026-04:00 Source:       "/var/www/calls"
2026-08-05T16:12:09.413954372-04:00 Output:       "/var/www/calls/pagefind"
2026-08-05T16:12:09.413955870-04:00 
2026-08-05T16:12:09.413957444-04:00 [Walking source directory]
2026-08-05T16:12:09.418001470-04:00 Found 196 files matching **/*.{html}
2026-08-05T16:12:09.418012393-04:00 
2026-08-05T16:12:09.418014844-04:00 [Parsing files]
2026-08-05T16:12:10.804449531-04:00 Found a data-pagefind-body element on the site.
2026-08-05T16:12:10.804470047-04:00 ↳ Ignoring pages without this tag.
2026-08-05T16:12:10.804472286-04:00 
2026-08-05T16:12:10.804476057-04:00 [Reading languages]
2026-08-05T16:12:10.812167204-04:00 Discovered 1 language: en
2026-08-05T16:12:10.812178470-04:00 
2026-08-05T16:12:10.812180865-04:00 [Building search indexes]
2026-08-05T16:12:10.983184330-04:00 Total: 
2026-08-05T16:12:10.983201968-04:00   Indexed 1 language
2026-08-05T16:12:10.983204460-04:00   Indexed 195 pages
2026-08-05T16:12:10.983216422-04:00   Indexed 7500 words
2026-08-05T16:12:10.983218535-04:00   Indexed 1 filter
2026-08-05T16:12:10.983220321-04:00   Indexed 0 sorts
2026-08-05T16:12:11.100365863-04:00 
2026-08-05T16:12:11.100376933-04:00 Finished in 1.686 seconds
2026-08-05T16:12:40.945932977-04:00 [pbx-web] bucket changed (sig 5785ec72 -> 0fa4505d), rebuilding
2026-08-05T16:12:41.961032863-04:00 
2026-08-05T16:12:41.961046472-04:00 Running Pagefind v1.1.0
2026-08-05T16:12:41.961047710-04:00 Running from: "/app"
2026-08-05T16:12:41.961049051-04:00 Source:       "/var/www/calls"
2026-08-05T16:12:41.961050469-04:00 Output:       "/var/www/calls/pagefind"
2026-08-05T16:12:41.961051683-04:00 
2026-08-05T16:12:41.961052726-04:00 [Walking source directory]
2026-08-05T16:12:41.963651292-04:00 Found 196 files matching **/*.{html}
2026-08-05T16:12:41.963653831-04:00 
2026-08-05T16:12:41.963681555-04:00 [Parsing files]
2026-08-05T16:12:43.386175429-04:00 Found a data-pagefind-body element on the site.
2026-08-05T16:12:43.386193070-04:00 ↳ Ignoring pages without this tag.
2026-08-05T16:12:43.386194169-04:00 
2026-08-05T16:12:43.386195442-04:00 [Reading languages]
2026-08-05T16:12:43.393769524-04:00 Discovered 1 language: en
2026-08-05T16:12:43.393775380-04:00 
2026-08-05T16:12:43.393776426-04:00 [Building search indexes]
2026-08-05T16:12:43.507602078-04:00 Total: 
2026-08-05T16:12:43.507619660-04:00   Indexed 1 language
2026-08-05T16:12:43.507620806-04:00   Indexed 195 pages
2026-08-05T16:12:43.507621789-04:00   Indexed 7500 words
2026-08-05T16:12:43.507622731-04:00   Indexed 1 filter
2026-08-05T16:12:43.507623713-04:00   Indexed 0 sorts
2026-08-05T16:12:43.510391571-04:00 
2026-08-05T16:12:43.510396713-04:00 Finished in 1.549 seconds
2026-08-05T16:14:35.536899977-04:00 [pbx-web] recording fetch error for 1785960497.546/20260805-200817_19142698463_1785960497.546.wav: [Errno 104] Connection reset by peer
2026-08-05T16:14:35.537031037-04:00 ----------------------------------------
2026-08-05T16:14:35.537034500-04:00 Exception occurred during processing of request from ('127.0.0.1', 42728)
2026-08-05T16:14:35.537694784-04:00 Traceback (most recent call last):
2026-08-05T16:14:35.537849503-04:00   File "/app/server.py", line 139, in _serve_recording
2026-08-05T16:14:35.537852818-04:00     self.wfile.write(chunk)
2026-08-05T16:14:35.537855598-04:00   File "/usr/local/lib/python3.11/socketserver.py", line 834, in write
2026-08-05T16:14:35.537858212-04:00     self._sock.sendall(b)
2026-08-05T16:14:35.537860820-04:00 ConnectionResetError: [Errno 104] Connection reset by peer
2026-08-05T16:14:35.537863373-04:00 
2026-08-05T16:14:35.537866472-04:00 During handling of the above exception, another exception occurred:
2026-08-05T16:14:35.537868950-04:00 
2026-08-05T16:14:35.537871748-04:00 Traceback (most recent call last):
2026-08-05T16:14:35.538192188-04:00   File "/usr/local/lib/python3.11/socketserver.py", line 691, in process_request_thread
2026-08-05T16:14:35.538195155-04:00     self.finish_request(request, client_address)
2026-08-05T16:14:35.538198092-04:00   File "/usr/local/lib/python3.11/socketserver.py", line 361, in finish_request
2026-08-05T16:14:35.538201228-04:00     self.RequestHandlerClass(request, client_address, self)
2026-08-05T16:14:35.538204032-04:00   File "/usr/local/lib/python3.11/socketserver.py", line 755, in __init__
2026-08-05T16:14:35.538206931-04:00     self.handle()
2026-08-05T16:14:35.538209518-04:00   File "/usr/local/lib/python3.11/http/server.py", line 440, in handle
2026-08-05T16:14:35.538212183-04:00     self.handle_one_request()
2026-08-05T16:14:35.538229993-04:00   File "/usr/local/lib/python3.11/http/server.py", line 428, in handle_one_request
2026-08-05T16:14:35.538232834-04:00     method()
2026-08-05T16:14:35.538235377-04:00   File "/app/server.py", line 59, in do_GET
2026-08-05T16:14:35.538238023-04:00     self._serve_recording()
2026-08-05T16:14:35.538240764-04:00   File "/app/server.py", line 146, in _serve_recording
2026-08-05T16:14:35.538243248-04:00     self.send_error(500)
2026-08-05T16:14:35.538246178-04:00   File "/usr/local/lib/python3.11/http/server.py", line 492, in send_error
2026-08-05T16:14:35.538248766-04:00     self.end_headers()
2026-08-05T16:14:35.538251244-04:00   File "/usr/local/lib/python3.11/http/server.py", line 542, in end_headers
2026-08-05T16:14:35.538253928-04:00     self.flush_headers()
2026-08-05T16:14:35.538262952-04:00   File "/usr/local/lib/python3.11/http/server.py", line 546, in flush_headers
2026-08-05T16:14:35.538265640-04:00     self.wfile.write(b"".join(self._headers_buffer))
2026-08-05T16:14:35.538268284-04:00   File "/usr/local/lib/python3.11/socketserver.py", line 834, in write
2026-08-05T16:14:35.538271319-04:00     self._sock.sendall(b)
2026-08-05T16:14:35.538274071-04:00 BrokenPipeError: [Errno 32] Broken pipe
2026-08-05T16:14:35.538298153-04:00 ----------------------------------------
2026-08-05T17:24:54.872957000-04:00 
2026-08-05T17:24:54.872992608-04:00 Running Pagefind v1.1.0
2026-08-05T17:24:54.872995228-04:00 Running from: "/app"
2026-08-05T17:24:54.872997581-04:00 Source:       "/var/www/calls"
2026-08-05T17:24:54.873000302-04:00 Output:       "/var/www/calls/pagefind"
2026-08-05T17:24:54.873001955-04:00 
2026-08-05T17:24:54.873003713-04:00 [Walking source directory]
2026-08-05T17:24:54.876112769-04:00 Found 197 files matching **/*.{html}
2026-08-05T17:24:54.876125185-04:00 
2026-08-05T17:24:54.876127712-04:00 [Parsing files]
2026-08-05T17:24:56.404729753-04:00 Found a data-pagefind-body element on the site.
2026-08-05T17:24:56.404806249-04:00 ↳ Ignoring pages without this tag.
2026-08-05T17:24:56.404808881-04:00 
2026-08-05T17:24:56.404811494-04:00 [Reading languages]
2026-08-05T17:24:56.466260904-04:00 Discovered 1 language: en
2026-08-05T17:24:56.466277572-04:00 
2026-08-05T17:24:56.466278926-04:00 [Building search indexes]
2026-08-05T17:24:56.581000423-04:00 Total: 
2026-08-05T17:24:56.581008287-04:00   Indexed 1 language
2026-08-05T17:24:56.581009889-04:00   Indexed 195 pages
2026-08-05T17:24:56.581011417-04:00   Indexed 7500 words
2026-08-05T17:24:56.581012918-04:00   Indexed 1 filter
2026-08-05T17:24:56.581014419-04:00   Indexed 0 sorts
2026-08-05T17:24:56.591130062-04:00 
2026-08-05T17:24:56.591137949-04:00 Finished in 1.718 seconds
2026-08-05T17:25:20.592339538-04:00 
2026-08-05T17:25:20.592354028-04:00 Running Pagefind v1.1.0
2026-08-05T17:25:20.592355558-04:00 Running from: "/app"
2026-08-05T17:25:20.592358764-04:00 Source:       "/var/www/calls"
2026-08-05T17:25:20.592359956-04:00 Output:       "/var/www/calls/pagefind"
2026-08-05T17:25:20.592361228-04:00 
2026-08-05T17:25:20.592362331-04:00 [Walking source directory]
2026-08-05T17:25:20.595026515-04:00 Found 197 files matching **/*.{html}
2026-08-05T17:25:20.595038702-04:00 
2026-08-05T17:25:20.595041765-04:00 [Parsing files]
2026-08-05T17:25:22.077663702-04:00 Found a data-pagefind-body element on the site.
2026-08-05T17:25:22.077681156-04:00 ↳ Ignoring pages without this tag.
2026-08-05T17:25:22.077682272-04:00 
2026-08-05T17:25:22.077683607-04:00 [Reading languages]
2026-08-05T17:25:22.085840587-04:00 Discovered 1 language: en
2026-08-05T17:25:22.085854169-04:00 
2026-08-05T17:25:22.085855343-04:00 [Building search indexes]
2026-08-05T17:25:22.205519567-04:00 Total: 
2026-08-05T17:25:22.205537449-04:00   Indexed 1 language
2026-08-05T17:25:22.205538593-04:00   Indexed 196 pages
2026-08-05T17:25:22.205539592-04:00   Indexed 7503 words
2026-08-05T17:25:22.205541187-04:00   Indexed 1 filter
2026-08-05T17:25:22.205542206-04:00   Indexed 0 sorts
2026-08-05T17:25:22.377551435-04:00 
2026-08-05T17:25:22.377562872-04:00 Finished in 1.785 seconds
2026-08-05T17:25:48.530617442-04:00 [pbx-web] bucket changed (sig 0fa4505d -> 3e4eb214), rebuilding
2026-08-05T17:25:49.556775783-04:00 
2026-08-05T17:25:49.556790903-04:00 Running Pagefind v1.1.0
2026-08-05T17:25:49.556793031-04:00 Running from: "/app"
2026-08-05T17:25:49.556794671-04:00 Source:       "/var/www/calls"
2026-08-05T17:25:49.556796459-04:00 Output:       "/var/www/calls/pagefind"
2026-08-05T17:25:49.556797794-04:00 
2026-08-05T17:25:49.556799529-04:00 [Walking source directory]
2026-08-05T17:25:49.560857657-04:00 Found 197 files matching **/*.{html}
2026-08-05T17:25:49.560863257-04:00 
2026-08-05T17:25:49.560865280-04:00 [Parsing files]
2026-08-05T17:25:50.997396541-04:00 Found a data-pagefind-body element on the site.
2026-08-05T17:25:50.997408276-04:00 ↳ Ignoring pages without this tag.
2026-08-05T17:25:50.997409474-04:00 
2026-08-05T17:25:50.997410790-04:00 [Reading languages]
2026-08-05T17:25:51.005306526-04:00 Discovered 1 language: en
2026-08-05T17:25:51.005315772-04:00 
2026-08-05T17:25:51.005316871-04:00 [Building search indexes]
2026-08-05T17:25:51.179155707-04:00 Total: 
2026-08-05T17:25:51.179171280-04:00   Indexed 1 language
2026-08-05T17:25:51.179172827-04:00   Indexed 196 pages
2026-08-05T17:25:51.179173858-04:00   Indexed 7503 words
2026-08-05T17:25:51.179174899-04:00   Indexed 1 filter
2026-08-05T17:25:51.179175954-04:00   Indexed 0 sorts
2026-08-05T17:25:51.182601366-04:00 
2026-08-05T17:25:51.182607193-04:00 Finished in 1.626 seconds
2026-08-05T21:23:26.102422359-04:00 
2026-08-05T21:23:26.102457381-04:00 Running Pagefind v1.1.0
2026-08-05T21:23:26.102460183-04:00 Running from: "/app"
2026-08-05T21:23:26.102462743-04:00 Source:       "/var/www/calls"
2026-08-05T21:23:26.102465927-04:00 Output:       "/var/www/calls/pagefind"
2026-08-05T21:23:26.102467778-04:00 
2026-08-05T21:23:26.102469786-04:00 [Walking source directory]
2026-08-05T21:23:26.106192450-04:00 Found 198 files matching **/*.{html}
2026-08-05T21:23:26.106213857-04:00 
2026-08-05T21:23:26.106217950-04:00 [Parsing files]
2026-08-05T21:23:27.898946542-04:00 Found a data-pagefind-body element on the site.
2026-08-05T21:23:27.898987925-04:00 ↳ Ignoring pages without this tag.
2026-08-05T21:23:27.898990608-04:00 
2026-08-05T21:23:27.898993655-04:00 [Reading languages]
2026-08-05T21:23:27.910468541-04:00 Discovered 1 language: en
2026-08-05T21:23:27.910508636-04:00 
2026-08-05T21:23:27.910512990-04:00 [Building search indexes]
2026-08-05T21:23:28.097849525-04:00 Total: 
2026-08-05T21:23:28.097977798-04:00   Indexed 1 language
2026-08-05T21:23:28.097982328-04:00   Indexed 196 pages
2026-08-05T21:23:28.097984141-04:00   Indexed 7503 words
2026-08-05T21:23:28.097985862-04:00   Indexed 1 filter
2026-08-05T21:23:28.097987659-04:00   Indexed 0 sorts
2026-08-05T21:23:28.103880057-04:00 
2026-08-05T21:23:28.103906130-04:00 Finished in 2.001 seconds
2026-08-05T21:24:06.217804348-04:00 
2026-08-05T21:24:06.217832779-04:00 Running Pagefind v1.1.0
2026-08-05T21:24:06.217836180-04:00 Running from: "/app"
2026-08-05T21:24:06.217851553-04:00 Source:       "/var/www/calls"
2026-08-05T21:24:06.217854537-04:00 Output:       "/var/www/calls/pagefind"
2026-08-05T21:24:06.217856828-04:00 
2026-08-05T21:24:06.217859237-04:00 [Walking source directory]
2026-08-05T21:24:06.221357990-04:00 Found 198 files matching **/*.{html}
2026-08-05T21:24:06.221378572-04:00 
2026-08-05T21:24:06.221382090-04:00 [Parsing files]
2026-08-05T21:24:07.469696278-04:00 [pbx-web] bucket changed (sig 3e4eb214 -> 6371d683), rebuilding
2026-08-05T21:24:08.166495657-04:00 Found a data-pagefind-body element on the site.
2026-08-05T21:24:08.166565923-04:00 ↳ Ignoring pages without this tag.
2026-08-05T21:24:08.166568769-04:00 
2026-08-05T21:24:08.166571885-04:00 [Reading languages]
2026-08-05T21:24:08.178132252-04:00 Discovered 1 language: en
2026-08-05T21:24:08.178159899-04:00 
2026-08-05T21:24:08.178162089-04:00 [Building search indexes]
2026-08-05T21:24:08.372313669-04:00 Total: 
2026-08-05T21:24:08.372334628-04:00   Indexed 1 language
2026-08-05T21:24:08.372337563-04:00   Indexed 196 pages
2026-08-05T21:24:08.372340260-04:00   Indexed 7503 words
2026-08-05T21:24:08.372342747-04:00   Indexed 1 filter
2026-08-05T21:24:08.372345061-04:00   Indexed 0 sorts
2026-08-05T21:24:08.376859126-04:00 
2026-08-05T21:24:08.376876604-04:00 Finished in 2.159 seconds
2026-08-05T21:45:46.070481533-04:00 
2026-08-05T21:45:46.070499192-04:00 Running Pagefind v1.1.0
2026-08-05T21:45:46.070501101-04:00 Running from: "/app"
2026-08-05T21:45:46.070502663-04:00 Source:       "/var/www/calls"
2026-08-05T21:45:46.070504600-04:00 Output:       "/var/www/calls/pagefind"
2026-08-05T21:45:46.070505784-04:00 
2026-08-05T21:45:46.070507174-04:00 [Walking source directory]
2026-08-05T21:45:46.073567849-04:00 Found 198 files matching **/*.{html}
2026-08-05T21:45:46.073582728-04:00 
2026-08-05T21:45:46.073584873-04:00 [Parsing files]
2026-08-05T21:45:47.907573045-04:00 Found a data-pagefind-body element on the site.
2026-08-05T21:45:47.907592662-04:00 ↳ Ignoring pages without this tag.
2026-08-05T21:45:47.907594096-04:00 
2026-08-05T21:45:47.907595780-04:00 [Reading languages]
2026-08-05T21:45:47.970822984-04:00 Discovered 1 language: en
2026-08-05T21:45:47.970847081-04:00 
2026-08-05T21:45:47.970849683-04:00 [Building search indexes]
2026-08-05T21:45:48.099949729-04:00 Total: 
2026-08-05T21:45:48.099967635-04:00   Indexed 1 language
2026-08-05T21:45:48.099968734-04:00   Indexed 197 pages
2026-08-05T21:45:48.099969706-04:00   Indexed 7597 words
2026-08-05T21:45:48.099970784-04:00   Indexed 1 filter
2026-08-05T21:45:48.099971816-04:00   Indexed 0 sorts
2026-08-05T21:45:48.285142142-04:00 
2026-08-05T21:45:48.285158428-04:00 Finished in 2.215 seconds
2026-08-05T21:45:50.305554073-04:00 
2026-08-05T21:45:50.305568726-04:00 Running Pagefind v1.1.0
2026-08-05T21:45:50.305570470-04:00 Running from: "/app"
2026-08-05T21:45:50.305571740-04:00 Source:       "/var/www/calls"
2026-08-05T21:45:50.305573057-04:00 Output:       "/var/www/calls/pagefind"
2026-08-05T21:45:50.305574129-04:00 
2026-08-05T21:45:50.305575298-04:00 [Walking source directory]
2026-08-05T21:45:50.308861963-04:00 Found 198 files matching **/*.{html}
2026-08-05T21:45:50.308870914-04:00 
2026-08-05T21:45:50.308872978-04:00 [Parsing files]
2026-08-05T21:45:52.014471845-04:00 Found a data-pagefind-body element on the site.
2026-08-05T21:45:52.014487135-04:00 ↳ Ignoring pages without this tag.
2026-08-05T21:45:52.014488631-04:00 
2026-08-05T21:45:52.014490253-04:00 [Reading languages]
2026-08-05T21:45:52.077476891-04:00 Discovered 1 language: en
2026-08-05T21:45:52.077499431-04:00 
2026-08-05T21:45:52.077501736-04:00 [Building search indexes]
2026-08-05T21:45:52.196945694-04:00 Total: 
2026-08-05T21:45:52.196964697-04:00   Indexed 1 language
2026-08-05T21:45:52.196966916-04:00   Indexed 197 pages
2026-08-05T21:45:52.196968599-04:00   Indexed 7592 words
2026-08-05T21:45:52.196970147-04:00   Indexed 1 filter
2026-08-05T21:45:52.196972040-04:00   Indexed 0 sorts
2026-08-05T21:45:52.383570938-04:00 
2026-08-05T21:45:52.383582526-04:00 Finished in 2.078 seconds
2026-08-05T21:46:09.001072343-04:00 [pbx-web] bucket changed (sig 6371d683 -> c5a03a93), rebuilding
2026-08-05T21:46:10.112520277-04:00 
2026-08-05T21:46:10.112574158-04:00 Running Pagefind v1.1.0
2026-08-05T21:46:10.112575436-04:00 Running from: "/app"
2026-08-05T21:46:10.112576856-04:00 Source:       "/var/www/calls"
2026-08-05T21:46:10.112578362-04:00 Output:       "/var/www/calls/pagefind"
2026-08-05T21:46:10.112579363-04:00 
2026-08-05T21:46:10.112580469-04:00 [Walking source directory]
2026-08-05T21:46:10.115181712-04:00 Found 198 files matching **/*.{html}
2026-08-05T21:46:10.115188150-04:00 
2026-08-05T21:46:10.115189730-04:00 [Parsing files]
2026-08-05T21:46:11.680019125-04:00 Found a data-pagefind-body element on the site.
2026-08-05T21:46:11.680035505-04:00 ↳ Ignoring pages without this tag.
2026-08-05T21:46:11.680037657-04:00 
2026-08-05T21:46:11.680039549-04:00 [Reading languages]
2026-08-05T21:46:11.688282851-04:00 Discovered 1 language: en
2026-08-05T21:46:11.688302878-04:00 
2026-08-05T21:46:11.688304135-04:00 [Building search indexes]
2026-08-05T21:46:11.809951977-04:00 Total: 
2026-08-05T21:46:11.809970341-04:00   Indexed 1 language
2026-08-05T21:46:11.809971645-04:00   Indexed 197 pages
2026-08-05T21:46:11.809972669-04:00   Indexed 7592 words
2026-08-05T21:46:11.809973685-04:00   Indexed 1 filter
2026-08-05T21:46:11.809974743-04:00   Indexed 0 sorts
2026-08-05T21:46:11.870553156-04:00 
2026-08-05T21:46:11.870571312-04:00 Finished in 1.758 seconds
